record_id,date,time,menu_item,category,quantity,price_per_item,revenue,payment_method,order_type,server_id,server_name,hour,weekday,month_number,month_name,day_of_week,is_weekend,high_revenue,date_hour,service_period,weekend_label,high_revenue_label
1,2024-11-23,12:00:00,Truffle Fries,Side,5.0,8,40.0,Cash,Dine-In,102,Jake,12,Saturday,11,November,5,True,False,2024-11-23 12:00:00,Lunch,Weekend,Other record
2,2024-02-22,21:00:00,Chocolate Lava Cake,Dessert,8.0,9,72.0,Cash,Dine-In,101,Sarah,21,Thursday,2,February,3,False,True,2024-02-22 21:00:00,Dinner,Weekday,High-value record
3,2024-04-21,14:00:00,Cabernet Sauvignon,Beverage,2.0,16,32.0,Mobile Payment,Delivery,105,Nina,14,Sunday,4,April,6,True,False,2024-04-21 14:00:00,Lunch,Weekend,Other record
4,2024-08-02,14:45:00,Chocolate Lava Cake,Dessert,5.0,9,45.0,Cash,Dine-In,104,Carlos,14,Friday,8,August,4,False,False,2024-08-02 14:00:00,Lunch,Weekday,Other record
5,2024-06-23,15:15:00,Caesar Salad,Appetizer,3.0,10,30.0,Cash,Dine-In,104,Carlos,15,Sunday,6,June,6,True,False,2024-06-23 15:00:00,Lunch,Weekend,Other record
6,2024-02-19,16:30:00,Chocolate Lava Cake,Dessert,3.0,9,27.0,Cash,Delivery,104,Carlos,16,Monday,2,February,0,False,False,2024-02-19 16:00:00,Lunch,Weekday,Other record
7,2024-10-01,12:45:00,Filet Mignon,Entree,5.0,42,210.0,Credit Card,Delivery,105,Nina,12,Tuesday,10,October,1,False,True,2024-10-01 12:00:00,Lunch,Weekday,High-value record
8,2024-07-04,20:15:00,Truffle Fries,Side,2.0,8,16.0,Cash,Delivery,102,Jake,20,Thursday,7,July,3,False,False,2024-07-04 20:00:00,Dinner,Weekday,Other record
9,2024-05-28,12:15:00,Filet Mignon,Entree,3.0,42,126.0,Credit Card,Takeaway,103,Emily,12,Tuesday,5,May,1,False,True,2024-05-28 12:00:00,Lunch,Weekday,High-value record
10,2024-03-24,16:30:00,Caesar Salad,Appetizer,3.0,10,30.0,Mobile Payment,Delivery,101,Sarah,16,Sunday,3,March,6,True,False,2024-03-24 16:00:00,Lunch,Weekend,Other record
11,2024-11-07,21:15:00,Cabernet Sauvignon,Beverage,3.0,16,48.0,Cash,Takeaway,104,Carlos,21,Thursday,11,November,3,False,False,2024-11-07 21:00:00,Dinner,Weekday,Other record
12,2024-05-18,21:15:00,Bourbon BBQ Burger,Entree,7.0,22,154.0,Cash,Dine-In,101,Sarah,21,Saturday,5,May,5,True,True,2024-05-18 21:00:00,Dinner,Weekend,High-value record
13,2024-06-10,17:30:00,Filet Mignon,Entree,3.0,42,126.0,Mobile Payment,Delivery,103,Emily,17,Monday,6,June,0,False,True,2024-06-10 17:00:00,Dinner,Weekday,High-value record
14,2024-04-18,21:45:00,Grilled Asparagus,Side,8.0,8,64.0,Cash,Takeaway,102,Jake,21,Thursday,4,April,3,False,True,2024-04-18 21:00:00,Dinner,Weekday,High-value record
15,2024-05-06,22:30:00,Truffle Fries,Side,9.0,8,72.0,Credit Card,Delivery,104,Carlos,22,Monday,5,May,0,False,True,2024-05-06 22:00:00,Dinner,Weekday,High-value record
16,2024-07-04,14:15:00,Cabernet Sauvignon,Beverage,4.0,16,64.0,Cash,Dine-In,101,Sarah,14,Thursday,7,July,3,False,True,2024-07-04 14:00:00,Lunch,Weekday,High-value record
17,2024-03-19,21:15:00,Bourbon BBQ Burger,Entree,8.0,22,176.0,Mobile Payment,Dine-In,104,Carlos,21,Tuesday,3,March,1,False,True,2024-03-19 21:00:00,Dinner,Weekday,High-value record
18,2024-07-14,20:45:00,Cabernet Sauvignon,Beverage,6.0,16,96.0,Mobile Payment,Dine-In,101,Sarah,20,Sunday,7,July,6,True,True,2024-07-14 20:00:00,Dinner,Weekend,High-value record
19,2024-12-15,19:30:00,Bourbon BBQ Burger,Entree,5.0,22,110.0,Cash,Takeaway,104,Carlos,19,Sunday,12,December,6,True,True,2024-12-15 19:00:00,Dinner,Weekend,High-value record
20,2024-03-21,18:00:00,Truffle Fries,Side,6.0,8,48.0,Mobile Payment,Dine-In,105,Nina,18,Thursday,3,March,3,False,False,2024-03-21 18:00:00,Dinner,Weekday,Other record
21,2024-02-24,21:30:00,Bourbon BBQ Burger,Entree,12.0,22,264.0,Mobile Payment,Dine-In,102,Jake,21,Saturday,2,February,5,True,True,2024-02-24 21:00:00,Dinner,Weekend,High-value record
22,2024-07-10,13:00:00,Chocolate Lava Cake,Dessert,3.0,9,27.0,Credit Card,Dine-In,101,Sarah,13,Wednesday,7,July,2,False,False,2024-07-10 13:00:00,Lunch,Weekday,Other record
23,2024-07-04,15:15:00,Ribeye Steak,Entree,2.0,35,70.0,Mobile Payment,Dine-In,101,Sarah,15,Thursday,7,July,3,False,True,2024-07-04 15:00:00,Lunch,Weekday,High-value record
24,2024-09-05,12:15:00,New York Strip,Entree,4.0,38,152.0,Mobile Payment,Dine-In,103,Emily,12,Thursday,9,September,3,False,True,2024-09-05 12:00:00,Lunch,Weekday,High-value record
25,2024-09-27,20:45:00,Caesar Salad,Appetizer,12.0,10,120.0,Mobile Payment,Delivery,102,Jake,20,Friday,9,September,4,False,True,2024-09-27 20:00:00,Dinner,Weekday,High-value record
26,2024-12-31,15:45:00,Bourbon BBQ Burger,Entree,5.2,22,114.4,Credit Card,Delivery,104,Carlos,15,Tuesday,12,December,1,False,True,2024-12-31 15:00:00,Lunch,Weekday,High-value record
27,2024-03-02,14:15:00,Filet Mignon,Entree,6.0,42,252.0,Cash,Delivery,105,Nina,14,Saturday,3,March,5,True,True,2024-03-02 14:00:00,Lunch,Weekend,High-value record
28,2024-04-27,20:15:00,Ribeye Steak,Entree,2.0,35,70.0,Mobile Payment,Delivery,101,Sarah,20,Saturday,4,April,5,True,True,2024-04-27 20:00:00,Dinner,Weekend,High-value record
29,2024-04-27,12:00:00,Mashed Potatoes,Side,2.0,7,14.0,Mobile Payment,Dine-In,103,Emily,12,Saturday,4,April,5,True,False,2024-04-27 12:00:00,Lunch,Weekend,Other record
30,2024-12-08,18:15:00,Cabernet Sauvignon,Beverage,4.0,16,64.0,Mobile Payment,Delivery,105,Nina,18,Sunday,12,December,6,True,True,2024-12-08 18:00:00,Dinner,Weekend,High-value record
31,2024-08-30,14:45:00,Grilled Asparagus,Side,3.0,8,24.0,Cash,Dine-In,104,Carlos,14,Friday,8,August,4,False,False,2024-08-30 14:00:00,Lunch,Weekday,Other record
32,2024-06-30,17:45:00,Old Fashioned,Beverage,2.0,12,24.0,Mobile Payment,Delivery,101,Sarah,17,Sunday,6,June,6,True,False,2024-06-30 17:00:00,Dinner,Weekend,Other record
33,2024-02-01,17:30:00,Filet Mignon,Entree,3.0,42,126.0,Cash,Dine-In,105,Nina,17,Thursday,2,February,3,False,True,2024-02-01 17:00:00,Dinner,Weekday,High-value record
34,2024-08-17,13:45:00,New York Strip,Entree,6.0,38,228.0,Credit Card,Dine-In,101,Sarah,13,Saturday,8,August,5,True,True,2024-08-17 13:00:00,Lunch,Weekend,High-value record
35,2024-08-14,19:00:00,Ribeye Steak,Entree,11.0,35,385.0,Cash,Dine-In,102,Jake,19,Wednesday,8,August,2,False,True,2024-08-14 19:00:00,Dinner,Weekday,High-value record
36,2024-03-26,17:45:00,Old Fashioned,Beverage,4.0,12,48.0,Credit Card,Dine-In,102,Jake,17,Tuesday,3,March,1,False,False,2024-03-26 17:00:00,Dinner,Weekday,Other record
37,2024-07-13,11:45:00,Shrimp Cocktail,Appetizer,8.0,14,112.0,Credit Card,Takeaway,105,Nina,11,Saturday,7,July,5,True,True,2024-07-13 11:00:00,Lunch,Weekend,High-value record
38,2024-12-04,22:45:00,New York Strip,Entree,4.0,38,152.0,Credit Card,Dine-In,101,Sarah,22,Wednesday,12,December,2,False,True,2024-12-04 22:00:00,Dinner,Weekday,High-value record
39,2024-10-23,22:00:00,Truffle Fries,Side,5.0,8,40.0,Cash,Dine-In,105,Nina,22,Wednesday,10,October,2,False,False,2024-10-23 22:00:00,Dinner,Weekday,Other record
40,2024-09-01,19:15:00,Ribeye Steak,Entree,11.0,35,385.0,Cash,Dine-In,101,Sarah,19,Sunday,9,September,6,True,True,2024-09-01 19:00:00,Dinner,Weekend,High-value record
41,2024-10-31,12:15:00,Grilled Asparagus,Side,1.0,8,8.0,Mobile Payment,Dine-In,105,Nina,12,Thursday,10,October,3,False,False,2024-10-31 12:00:00,Lunch,Weekday,Other record
42,2024-10-31,11:00:00,Grilled Asparagus,Side,6.0,8,48.0,Mobile Payment,Delivery,103,Emily,11,Thursday,10,October,3,False,False,2024-10-31 11:00:00,Lunch,Weekday,Other record
43,2024-05-13,14:30:00,Caesar Salad,Appetizer,2.0,10,20.0,Credit Card,Dine-In,103,Emily,14,Monday,5,May,0,False,False,2024-05-13 14:00:00,Lunch,Weekday,Other record
44,2024-08-22,16:00:00,Ribeye Steak,Entree,3.0,35,105.0,Mobile Payment,Delivery,101,Sarah,16,Thursday,8,August,3,False,True,2024-08-22 16:00:00,Lunch,Weekday,High-value record
45,2024-02-07,19:15:00,Cabernet Sauvignon,Beverage,5.0,16,80.0,Cash,Takeaway,101,Sarah,19,Wednesday,2,February,2,False,True,2024-02-07 19:00:00,Dinner,Weekday,High-value record
46,2024-05-05,16:30:00,New York Strip,Entree,5.0,38,190.0,Mobile Payment,Delivery,103,Emily,16,Sunday,5,May,6,True,True,2024-05-05 16:00:00,Lunch,Weekend,High-value record
47,2024-11-09,21:00:00,Bourbon BBQ Burger,Entree,11.0,22,242.0,Credit Card,Delivery,101,Sarah,21,Saturday,11,November,5,True,True,2024-11-09 21:00:00,Dinner,Weekend,High-value record
48,2024-03-09,15:00:00,Filet Mignon,Entree,8.0,42,336.0,Cash,Takeaway,103,Emily,15,Saturday,3,March,5,True,True,2024-03-09 15:00:00,Lunch,Weekend,High-value record
49,2024-11-05,14:30:00,Caesar Salad,Appetizer,3.0,10,30.0,Mobile Payment,Takeaway,103,Emily,14,Tuesday,11,November,1,False,False,2024-11-05 14:00:00,Lunch,Weekday,Other record
50,2024-01-27,12:45:00,Shrimp Cocktail,Appetizer,2.0,14,28.0,Cash,Takeaway,102,Jake,12,Saturday,1,January,5,True,False,2024-01-27 12:00:00,Lunch,Weekend,Other record
51,2024-11-22,15:15:00,Truffle Fries,Side,6.0,8,48.0,Mobile Payment,Delivery,104,Carlos,15,Friday,11,November,4,False,False,2024-11-22 15:00:00,Lunch,Weekday,Other record
52,2024-10-14,11:00:00,Filet Mignon,Entree,2.0,42,84.0,Mobile Payment,Dine-In,103,Emily,11,Monday,10,October,0,False,True,2024-10-14 11:00:00,Lunch,Weekday,High-value record
53,2024-10-25,19:15:00,Grilled Asparagus,Side,4.0,8,32.0,Cash,Takeaway,103,Emily,19,Friday,10,October,4,False,False,2024-10-25 19:00:00,Dinner,Weekday,Other record
54,2024-01-21,16:15:00,Bourbon BBQ Burger,Entree,2.0,22,44.0,Mobile Payment,Dine-In,103,Emily,16,Sunday,1,January,6,True,False,2024-01-21 16:00:00,Lunch,Weekend,Other record
55,2024-10-13,17:15:00,Caesar Salad,Appetizer,4.0,10,40.0,Cash,Takeaway,101,Sarah,17,Sunday,10,October,6,True,False,2024-10-13 17:00:00,Dinner,Weekend,Other record
56,2024-04-01,22:30:00,Grilled Asparagus,Side,4.0,8,32.0,Credit Card,Dine-In,101,Sarah,22,Monday,4,April,0,False,False,2024-04-01 22:00:00,Dinner,Weekday,Other record
57,2024-07-14,11:45:00,Caesar Salad,Appetizer,2.0,10,20.0,Credit Card,Takeaway,103,Emily,11,Sunday,7,July,6,True,False,2024-07-14 11:00:00,Lunch,Weekend,Other record
58,2024-04-26,14:00:00,Bourbon BBQ Burger,Entree,3.0,22,66.0,Credit Card,Takeaway,103,Emily,14,Friday,4,April,4,False,True,2024-04-26 14:00:00,Lunch,Weekday,High-value record
59,2024-02-05,15:30:00,Bourbon BBQ Burger,Entree,5.0,22,110.0,Credit Card,Delivery,105,Nina,15,Monday,2,February,0,False,True,2024-02-05 15:00:00,Lunch,Weekday,High-value record
60,2024-06-18,11:00:00,Shrimp Cocktail,Appetizer,2.0,14,28.0,Mobile Payment,Takeaway,101,Sarah,11,Tuesday,6,June,1,False,False,2024-06-18 11:00:00,Lunch,Weekday,Other record
61,2024-02-25,20:45:00,Mashed Potatoes,Side,5.0,7,35.0,Credit Card,Delivery,105,Nina,20,Sunday,2,February,6,True,False,2024-02-25 20:00:00,Dinner,Weekend,Other record
62,2024-02-29,17:15:00,Shrimp Cocktail,Appetizer,2.0,14,28.0,Mobile Payment,Takeaway,101,Sarah,17,Thursday,2,February,3,False,False,2024-02-29 17:00:00,Dinner,Weekday,Other record
63,2024-09-23,19:15:00,Mashed Potatoes,Side,10.0,7,70.0,Cash,Delivery,103,Emily,19,Monday,9,September,0,False,True,2024-09-23 19:00:00,Dinner,Weekday,High-value record
64,2024-11-15,16:00:00,Truffle Fries,Side,5.0,8,40.0,Mobile Payment,Takeaway,104,Carlos,16,Friday,11,November,4,False,False,2024-11-15 16:00:00,Lunch,Weekday,Other record
65,2024-06-16,17:30:00,Cabernet Sauvignon,Beverage,5.0,16,80.0,Cash,Takeaway,104,Carlos,17,Sunday,6,June,6,True,True,2024-06-16 17:00:00,Dinner,Weekend,High-value record
66,2024-12-12,22:15:00,Chocolate Lava Cake,Dessert,9.0,9,81.0,Credit Card,Takeaway,105,Nina,22,Thursday,12,December,3,False,True,2024-12-12 22:00:00,Dinner,Weekday,High-value record
67,2024-01-01,15:30:00,Caesar Salad,Appetizer,4.8,10,48.0,Mobile Payment,Delivery,103,Emily,15,Monday,1,January,0,False,False,2024-01-01 15:00:00,Lunch,Weekday,Other record
68,2024-08-26,18:45:00,Bourbon BBQ Burger,Entree,4.0,22,88.0,Mobile Payment,Takeaway,102,Jake,18,Monday,8,August,0,False,True,2024-08-26 18:00:00,Dinner,Weekday,High-value record
69,2024-12-03,12:30:00,Cabernet Sauvignon,Beverage,6.0,16,96.0,Credit Card,Dine-In,102,Jake,12,Tuesday,12,December,1,False,True,2024-12-03 12:00:00,Lunch,Weekday,High-value record
70,2024-12-10,15:15:00,Caesar Salad,Appetizer,2.0,10,20.0,Cash,Dine-In,102,Jake,15,Tuesday,12,December,1,False,False,2024-12-10 15:00:00,Lunch,Weekday,Other record
71,2024-08-31,20:00:00,Old Fashioned,Beverage,9.0,12,108.0,Mobile Payment,Delivery,102,Jake,20,Saturday,8,August,5,True,True,2024-08-31 20:00:00,Dinner,Weekend,High-value record
72,2024-12-22,17:45:00,Grilled Asparagus,Side,3.0,8,24.0,Cash,Delivery,101,Sarah,17,Sunday,12,December,6,True,False,2024-12-22 17:00:00,Dinner,Weekend,Other record
73,2024-02-24,17:15:00,New York Strip,Entree,10.0,38,380.0,Credit Card,Dine-In,105,Nina,17,Saturday,2,February,5,True,True,2024-02-24 17:00:00,Dinner,Weekend,High-value record
74,2024-05-07,12:45:00,New York Strip,Entree,4.0,38,152.0,Mobile Payment,Delivery,105,Nina,12,Tuesday,5,May,1,False,True,2024-05-07 12:00:00,Lunch,Weekday,High-value record
75,2024-10-31,16:45:00,Chocolate Lava Cake,Dessert,5.0,9,45.0,Credit Card,Delivery,104,Carlos,16,Thursday,10,October,3,False,False,2024-10-31 16:00:00,Lunch,Weekday,Other record
76,2024-03-22,22:45:00,Old Fashioned,Beverage,7.0,12,84.0,Cash,Delivery,103,Emily,22,Friday,3,March,4,False,True,2024-03-22 22:00:00,Dinner,Weekday,High-value record
77,2024-09-23,18:15:00,Shrimp Cocktail,Appetizer,7.0,14,98.0,Cash,Delivery,103,Emily,18,Monday,9,September,0,False,True,2024-09-23 18:00:00,Dinner,Weekday,High-value record
78,2024-04-30,15:30:00,Mashed Potatoes,Side,5.0,7,35.0,Cash,Dine-In,102,Jake,15,Tuesday,4,April,1,False,False,2024-04-30 15:00:00,Lunch,Weekday,Other record
79,2024-04-28,17:15:00,Truffle Fries,Side,4.0,8,32.0,Cash,Takeaway,104,Carlos,17,Sunday,4,April,6,True,False,2024-04-28 17:00:00,Dinner,Weekend,Other record
80,2024-06-18,19:45:00,Grilled Asparagus,Side,2.0,8,16.0,Cash,Takeaway,104,Carlos,19,Tuesday,6,June,1,False,False,2024-06-18 19:00:00,Dinner,Weekday,Other record
81,2024-10-26,22:00:00,Chocolate Lava Cake,Dessert,7.0,9,63.0,Credit Card,Dine-In,103,Emily,22,Saturday,10,October,5,True,True,2024-10-26 22:00:00,Dinner,Weekend,High-value record
82,2024-06-01,17:45:00,Cabernet Sauvignon,Beverage,8.0,16,128.0,Mobile Payment,Dine-In,104,Carlos,17,Saturday,6,June,5,True,True,2024-06-01 17:00:00,Dinner,Weekend,High-value record
83,2024-04-22,15:45:00,Old Fashioned,Beverage,1.0,12,12.0,Credit Card,Takeaway,104,Carlos,15,Monday,4,April,0,False,False,2024-04-22 15:00:00,Lunch,Weekday,Other record
84,2024-03-25,18:15:00,Chocolate Lava Cake,Dessert,9.0,9,81.0,Cash,Takeaway,105,Nina,18,Monday,3,March,0,False,True,2024-03-25 18:00:00,Dinner,Weekday,High-value record
85,2024-10-15,21:00:00,Filet Mignon,Entree,7.0,42,294.0,Cash,Takeaway,102,Jake,21,Tuesday,10,October,1,False,True,2024-10-15 21:00:00,Dinner,Weekday,High-value record
86,2024-01-26,15:45:00,Mashed Potatoes,Side,3.0,7,21.0,Credit Card,Takeaway,103,Emily,15,Friday,1,January,4,False,False,2024-01-26 15:00:00,Lunch,Weekday,Other record
87,2024-07-13,15:45:00,Shrimp Cocktail,Appetizer,2.0,14,28.0,Credit Card,Dine-In,105,Nina,15,Saturday,7,July,5,True,False,2024-07-13 15:00:00,Lunch,Weekend,Other record
88,2024-01-27,16:15:00,Bourbon BBQ Burger,Entree,2.0,22,44.0,Mobile Payment,Dine-In,101,Sarah,16,Saturday,1,January,5,True,False,2024-01-27 16:00:00,Lunch,Weekend,Other record
89,2024-05-06,14:00:00,Chocolate Lava Cake,Dessert,2.0,9,18.0,Cash,Dine-In,104,Carlos,14,Monday,5,May,0,False,False,2024-05-06 14:00:00,Lunch,Weekday,Other record
90,2024-12-08,12:15:00,Old Fashioned,Beverage,3.0,12,36.0,Credit Card,Dine-In,105,Nina,12,Sunday,12,December,6,True,False,2024-12-08 12:00:00,Lunch,Weekend,Other record
91,2024-11-06,22:00:00,New York Strip,Entree,7.0,38,266.0,Cash,Delivery,101,Sarah,22,Wednesday,11,November,2,False,True,2024-11-06 22:00:00,Dinner,Weekday,High-value record
92,2024-06-08,20:45:00,Grilled Asparagus,Side,4.0,8,32.0,Cash,Delivery,102,Jake,20,Saturday,6,June,5,True,False,2024-06-08 20:00:00,Dinner,Weekend,Other record
93,2024-02-22,22:30:00,Bourbon BBQ Burger,Entree,11.0,22,242.0,Cash,Delivery,101,Sarah,22,Thursday,2,February,3,False,True,2024-02-22 22:00:00,Dinner,Weekday,High-value record
94,2024-06-26,19:45:00,Bourbon BBQ Burger,Entree,6.0,22,132.0,Cash,Delivery,103,Emily,19,Wednesday,6,June,2,False,True,2024-06-26 19:00:00,Dinner,Weekday,High-value record
95,2024-01-07,17:45:00,Filet Mignon,Entree,9.0,42,378.0,Credit Card,Delivery,104,Carlos,17,Sunday,1,January,6,True,True,2024-01-07 17:00:00,Dinner,Weekend,High-value record
96,2024-12-28,13:45:00,New York Strip,Entree,10.0,38,380.0,Mobile Payment,Takeaway,105,Nina,13,Saturday,12,December,5,True,True,2024-12-28 13:00:00,Lunch,Weekend,High-value record
97,2024-10-02,18:45:00,Grilled Asparagus,Side,8.0,8,64.0,Credit Card,Takeaway,102,Jake,18,Wednesday,10,October,2,False,True,2024-10-02 18:00:00,Dinner,Weekday,High-value record
98,2024-02-14,15:45:00,Caesar Salad,Appetizer,6.0,10,60.0,Mobile Payment,Delivery,104,Carlos,15,Wednesday,2,February,2,False,False,2024-02-14 15:00:00,Lunch,Weekday,Other record
99,2024-06-21,11:45:00,Mashed Potatoes,Side,4.0,7,28.0,Credit Card,Dine-In,103,Emily,11,Friday,6,June,4,False,False,2024-06-21 11:00:00,Lunch,Weekday,Other record
100,2024-05-12,16:30:00,Chocolate Lava Cake,Dessert,4.5,9,40.5,Mobile Payment,Dine-In,105,Nina,16,Sunday,5,May,6,True,False,2024-05-12 16:00:00,Lunch,Weekend,Other record
101,2024-04-07,12:15:00,Truffle Fries,Side,4.0,8,32.0,Credit Card,Delivery,102,Jake,12,Sunday,4,April,6,True,False,2024-04-07 12:00:00,Lunch,Weekend,Other record
102,2024-12-19,18:45:00,Old Fashioned,Beverage,2.0,12,24.0,Cash,Takeaway,102,Jake,18,Thursday,12,December,3,False,False,2024-12-19 18:00:00,Dinner,Weekday,Other record
103,2024-07-26,22:15:00,Shrimp Cocktail,Appetizer,8.0,14,112.0,Credit Card,Takeaway,105,Nina,22,Friday,7,July,4,False,True,2024-07-26 22:00:00,Dinner,Weekday,High-value record
104,2024-09-28,16:45:00,Truffle Fries,Side,8.0,8,64.0,Credit Card,Takeaway,104,Carlos,16,Saturday,9,September,5,True,True,2024-09-28 16:00:00,Lunch,Weekend,High-value record
105,2024-05-18,15:30:00,Caesar Salad,Appetizer,2.0,10,20.0,Mobile Payment,Dine-In,103,Emily,15,Saturday,5,May,5,True,False,2024-05-18 15:00:00,Lunch,Weekend,Other record
106,2024-03-02,22:15:00,Caesar Salad,Appetizer,4.0,10,40.0,Mobile Payment,Takeaway,103,Emily,22,Saturday,3,March,5,True,False,2024-03-02 22:00:00,Dinner,Weekend,Other record
107,2024-10-28,19:30:00,Filet Mignon,Entree,4.0,42,168.0,Credit Card,Dine-In,103,Emily,19,Monday,10,October,0,False,True,2024-10-28 19:00:00,Dinner,Weekday,High-value record
108,2024-04-01,15:00:00,Truffle Fries,Side,5.0,8,40.0,Cash,Takeaway,101,Sarah,15,Monday,4,April,0,False,False,2024-04-01 15:00:00,Lunch,Weekday,Other record
109,2024-01-28,19:30:00,Truffle Fries,Side,4.0,8,32.0,Mobile Payment,Takeaway,101,Sarah,19,Sunday,1,January,6,True,False,2024-01-28 19:00:00,Dinner,Weekend,Other record
110,2024-01-07,20:30:00,Old Fashioned,Beverage,9.0,12,108.0,Credit Card,Takeaway,102,Jake,20,Sunday,1,January,6,True,True,2024-01-07 20:00:00,Dinner,Weekend,High-value record
111,2024-01-27,15:45:00,Filet Mignon,Entree,2.0,42,84.0,Credit Card,Takeaway,101,Sarah,15,Saturday,1,January,5,True,True,2024-01-27 15:00:00,Lunch,Weekend,High-value record
112,2024-10-22,21:00:00,New York Strip,Entree,3.0,38,114.0,Mobile Payment,Takeaway,101,Sarah,21,Tuesday,10,October,1,False,True,2024-10-22 21:00:00,Dinner,Weekday,High-value record
113,2024-05-07,12:45:00,Chocolate Lava Cake,Dessert,5.0,9,45.0,Mobile Payment,Dine-In,105,Nina,12,Tuesday,5,May,1,False,False,2024-05-07 12:00:00,Lunch,Weekday,Other record
114,2024-07-13,18:45:00,Shrimp Cocktail,Appetizer,10.0,14,140.0,Credit Card,Takeaway,105,Nina,18,Saturday,7,July,5,True,True,2024-07-13 18:00:00,Dinner,Weekend,High-value record
115,2024-11-13,11:00:00,Caesar Salad,Appetizer,2.0,10,20.0,Credit Card,Delivery,101,Sarah,11,Wednesday,11,November,2,False,False,2024-11-13 11:00:00,Lunch,Weekday,Other record
116,2024-03-21,14:15:00,Cabernet Sauvignon,Beverage,1.0,16,16.0,Cash,Dine-In,104,Carlos,14,Thursday,3,March,3,False,False,2024-03-21 14:00:00,Lunch,Weekday,Other record
117,2024-08-18,22:45:00,Shrimp Cocktail,Appetizer,2.0,14,28.0,Cash,Takeaway,103,Emily,22,Sunday,8,August,6,True,False,2024-08-18 22:00:00,Dinner,Weekend,Other record
118,2024-12-25,18:00:00,Bourbon BBQ Burger,Entree,4.0,22,88.0,Credit Card,Delivery,105,Nina,18,Wednesday,12,December,2,False,True,2024-12-25 18:00:00,Dinner,Weekday,High-value record
119,2024-12-04,14:45:00,Filet Mignon,Entree,5.0,42,210.0,Cash,Delivery,102,Jake,14,Wednesday,12,December,2,False,True,2024-12-04 14:00:00,Lunch,Weekday,High-value record
120,2024-05-16,13:00:00,Ribeye Steak,Entree,2.0,35,70.0,Credit Card,Delivery,105,Nina,13,Thursday,5,May,3,False,True,2024-05-16 13:00:00,Lunch,Weekday,High-value record
121,2024-05-27,18:00:00,Old Fashioned,Beverage,5.0,12,60.0,Mobile Payment,Takeaway,103,Emily,18,Monday,5,May,0,False,False,2024-05-27 18:00:00,Dinner,Weekday,Other record
122,2024-09-13,19:45:00,Old Fashioned,Beverage,2.0,12,24.0,Mobile Payment,Dine-In,104,Carlos,19,Friday,9,September,4,False,False,2024-09-13 19:00:00,Dinner,Weekday,Other record
123,2024-06-14,20:30:00,Ribeye Steak,Entree,2.0,35,70.0,Cash,Delivery,105,Nina,20,Friday,6,June,4,False,True,2024-06-14 20:00:00,Dinner,Weekday,High-value record
124,2024-10-27,11:30:00,Chocolate Lava Cake,Dessert,1.0,9,9.0,Cash,Takeaway,105,Nina,11,Sunday,10,October,6,True,False,2024-10-27 11:00:00,Lunch,Weekend,Other record
125,2024-11-29,18:30:00,New York Strip,Entree,10.0,38,380.0,Credit Card,Delivery,104,Carlos,18,Friday,11,November,4,False,True,2024-11-29 18:00:00,Dinner,Weekday,High-value record
126,2024-02-16,18:30:00,Grilled Asparagus,Side,5.0,8,40.0,Credit Card,Delivery,101,Sarah,18,Friday,2,February,4,False,False,2024-02-16 18:00:00,Dinner,Weekday,Other record
127,2024-03-23,16:45:00,Truffle Fries,Side,8.0,8,64.0,Credit Card,Delivery,104,Carlos,16,Saturday,3,March,5,True,True,2024-03-23 16:00:00,Lunch,Weekend,High-value record
128,2024-10-08,11:45:00,Filet Mignon,Entree,3.0,42,126.0,Credit Card,Takeaway,101,Sarah,11,Tuesday,10,October,1,False,True,2024-10-08 11:00:00,Lunch,Weekday,High-value record
129,2024-07-25,19:00:00,Bourbon BBQ Burger,Entree,11.0,22,242.0,Credit Card,Takeaway,101,Sarah,19,Thursday,7,July,3,False,True,2024-07-25 19:00:00,Dinner,Weekday,High-value record
130,2024-04-06,19:30:00,Chocolate Lava Cake,Dessert,8.0,9,72.0,Mobile Payment,Takeaway,101,Sarah,19,Saturday,4,April,5,True,True,2024-04-06 19:00:00,Dinner,Weekend,High-value record
131,2024-04-14,15:15:00,Shrimp Cocktail,Appetizer,4.0,14,56.0,Mobile Payment,Takeaway,101,Sarah,15,Sunday,4,April,6,True,False,2024-04-14 15:00:00,Lunch,Weekend,Other record
132,2024-01-15,21:15:00,Truffle Fries,Side,4.0,8,32.0,Credit Card,Delivery,101,Sarah,21,Monday,1,January,0,False,False,2024-01-15 21:00:00,Dinner,Weekday,Other record
133,2024-10-09,17:00:00,Caesar Salad,Appetizer,2.0,10,20.0,Credit Card,Dine-In,102,Jake,17,Wednesday,10,October,2,False,False,2024-10-09 17:00:00,Dinner,Weekday,Other record
134,2024-09-12,22:30:00,Cabernet Sauvignon,Beverage,6.0,16,96.0,Credit Card,Takeaway,104,Carlos,22,Thursday,9,September,3,False,True,2024-09-12 22:00:00,Dinner,Weekday,High-value record
135,2024-05-04,18:15:00,Grilled Asparagus,Side,4.0,8,32.0,Mobile Payment,Delivery,102,Jake,18,Saturday,5,May,5,True,False,2024-05-04 18:00:00,Dinner,Weekend,Other record
136,2024-02-05,15:45:00,Mashed Potatoes,Side,5.0,7,35.0,Credit Card,Dine-In,103,Emily,15,Monday,2,February,0,False,False,2024-02-05 15:00:00,Lunch,Weekday,Other record
137,2024-06-01,20:45:00,New York Strip,Entree,8.0,38,304.0,Mobile Payment,Takeaway,103,Emily,20,Saturday,6,June,5,True,True,2024-06-01 20:00:00,Dinner,Weekend,High-value record
138,2024-06-19,19:45:00,Old Fashioned,Beverage,5.0,12,60.0,Cash,Delivery,102,Jake,19,Wednesday,6,June,2,False,False,2024-06-19 19:00:00,Dinner,Weekday,Other record
139,2024-10-19,17:15:00,Grilled Asparagus,Side,2.0,8,16.0,Credit Card,Delivery,104,Carlos,17,Saturday,10,October,5,True,False,2024-10-19 17:00:00,Dinner,Weekend,Other record
140,2024-12-27,17:45:00,Bourbon BBQ Burger,Entree,4.0,22,88.0,Credit Card,Dine-In,102,Jake,17,Friday,12,December,4,False,True,2024-12-27 17:00:00,Dinner,Weekday,High-value record
141,2024-09-14,20:30:00,Filet Mignon,Entree,7.0,42,294.0,Cash,Delivery,104,Carlos,20,Saturday,9,September,5,True,True,2024-09-14 20:00:00,Dinner,Weekend,High-value record
142,2024-01-08,22:15:00,Grilled Asparagus,Side,5.0,8,40.0,Cash,Takeaway,103,Emily,22,Monday,1,January,0,False,False,2024-01-08 22:00:00,Dinner,Weekday,Other record
143,2024-06-22,20:45:00,Bourbon BBQ Burger,Entree,2.0,22,44.0,Credit Card,Delivery,105,Nina,20,Saturday,6,June,5,True,False,2024-06-22 20:00:00,Dinner,Weekend,Other record
144,2024-07-13,16:45:00,Cabernet Sauvignon,Beverage,2.0,16,32.0,Mobile Payment,Dine-In,102,Jake,16,Saturday,7,July,5,True,False,2024-07-13 16:00:00,Lunch,Weekend,Other record
145,2024-11-19,21:30:00,Caesar Salad,Appetizer,2.0,10,20.0,Credit Card,Dine-In,101,Sarah,21,Tuesday,11,November,1,False,False,2024-11-19 21:00:00,Dinner,Weekday,Other record
146,2024-08-15,13:30:00,Ribeye Steak,Entree,1.0,35,35.0,Credit Card,Dine-In,103,Emily,13,Thursday,8,August,3,False,False,2024-08-15 13:00:00,Lunch,Weekday,Other record
147,2024-07-02,16:45:00,New York Strip,Entree,2.0,38,76.0,Mobile Payment,Takeaway,105,Nina,16,Tuesday,7,July,1,False,True,2024-07-02 16:00:00,Lunch,Weekday,High-value record
148,2024-12-15,13:15:00,New York Strip,Entree,1.0,38,38.0,Mobile Payment,Takeaway,105,Nina,13,Sunday,12,December,6,True,False,2024-12-15 13:00:00,Lunch,Weekend,Other record
149,2024-12-15,14:45:00,Chocolate Lava Cake,Dessert,2.0,9,18.0,Cash,Takeaway,103,Emily,14,Sunday,12,December,6,True,False,2024-12-15 14:00:00,Lunch,Weekend,Other record
150,2024-08-23,15:00:00,Old Fashioned,Beverage,4.0,12,48.0,Mobile Payment,Delivery,102,Jake,15,Friday,8,August,4,False,False,2024-08-23 15:00:00,Lunch,Weekday,Other record
151,2024-02-07,18:30:00,Chocolate Lava Cake,Dessert,7.0,9,63.0,Mobile Payment,Takeaway,103,Emily,18,Wednesday,2,February,2,False,True,2024-02-07 18:00:00,Dinner,Weekday,High-value record
152,2024-08-21,15:15:00,Grilled Asparagus,Side,4.0,8,32.0,Cash,Dine-In,104,Carlos,15,Wednesday,8,August,2,False,False,2024-08-21 15:00:00,Lunch,Weekday,Other record
153,2024-10-19,16:30:00,Truffle Fries,Side,6.0,8,48.0,Cash,Delivery,104,Carlos,16,Saturday,10,October,5,True,False,2024-10-19 16:00:00,Lunch,Weekend,Other record
154,2024-05-20,11:00:00,Chocolate Lava Cake,Dessert,3.0,9,27.0,Credit Card,Dine-In,105,Nina,11,Monday,5,May,0,False,False,2024-05-20 11:00:00,Lunch,Weekday,Other record
155,2024-06-29,14:15:00,Chocolate Lava Cake,Dessert,6.0,9,54.0,Mobile Payment,Delivery,102,Jake,14,Saturday,6,June,5,True,False,2024-06-29 14:00:00,Lunch,Weekend,Other record
156,2024-11-17,12:00:00,Shrimp Cocktail,Appetizer,5.0,14,70.0,Cash,Delivery,103,Emily,12,Sunday,11,November,6,True,True,2024-11-17 12:00:00,Lunch,Weekend,High-value record
157,2024-03-08,12:30:00,Mashed Potatoes,Side,7.0,7,49.0,Cash,Dine-In,102,Jake,12,Friday,3,March,4,False,False,2024-03-08 12:00:00,Lunch,Weekday,Other record
158,2024-10-03,16:30:00,New York Strip,Entree,3.0,38,114.0,Credit Card,Takeaway,103,Emily,16,Thursday,10,October,3,False,True,2024-10-03 16:00:00,Lunch,Weekday,High-value record
159,2024-02-28,18:00:00,New York Strip,Entree,3.0,38,114.0,Mobile Payment,Delivery,104,Carlos,18,Wednesday,2,February,2,False,True,2024-02-28 18:00:00,Dinner,Weekday,High-value record
160,2024-10-12,16:00:00,Grilled Asparagus,Side,2.0,8,16.0,Credit Card,Delivery,101,Sarah,16,Saturday,10,October,5,True,False,2024-10-12 16:00:00,Lunch,Weekend,Other record
161,2024-08-20,16:30:00,Chocolate Lava Cake,Dessert,5.0,9,45.0,Mobile Payment,Takeaway,101,Sarah,16,Tuesday,8,August,1,False,False,2024-08-20 16:00:00,Lunch,Weekday,Other record
162,2024-12-11,14:45:00,Ribeye Steak,Entree,5.0,35,175.0,Mobile Payment,Takeaway,105,Nina,14,Wednesday,12,December,2,False,True,2024-12-11 14:00:00,Lunch,Weekday,High-value record
163,2024-04-23,21:00:00,Bourbon BBQ Burger,Entree,7.0,22,154.0,Mobile Payment,Takeaway,104,Carlos,21,Tuesday,4,April,1,False,True,2024-04-23 21:00:00,Dinner,Weekday,High-value record
164,2024-02-29,13:00:00,Ribeye Steak,Entree,3.0,35,105.0,Credit Card,Dine-In,101,Sarah,13,Thursday,2,February,3,False,True,2024-02-29 13:00:00,Lunch,Weekday,High-value record
165,2024-04-30,19:15:00,Grilled Asparagus,Side,8.0,8,64.0,Credit Card,Delivery,105,Nina,19,Tuesday,4,April,1,False,True,2024-04-30 19:00:00,Dinner,Weekday,High-value record
166,2024-08-02,20:15:00,Grilled Asparagus,Side,2.0,8,16.0,Credit Card,Delivery,104,Carlos,20,Friday,8,August,4,False,False,2024-08-02 20:00:00,Dinner,Weekday,Other record
167,2024-05-23,11:30:00,Caesar Salad,Appetizer,4.0,10,40.0,Credit Card,Dine-In,103,Emily,11,Thursday,5,May,3,False,False,2024-05-23 11:00:00,Lunch,Weekday,Other record
168,2024-02-20,21:30:00,Cabernet Sauvignon,Beverage,7.0,16,112.0,Cash,Takeaway,103,Emily,21,Tuesday,2,February,1,False,True,2024-02-20 21:00:00,Dinner,Weekday,High-value record
169,2024-04-07,12:45:00,Filet Mignon,Entree,2.0,42,84.0,Mobile Payment,Delivery,105,Nina,12,Sunday,4,April,6,True,True,2024-04-07 12:00:00,Lunch,Weekend,High-value record
170,2024-01-11,11:30:00,Caesar Salad,Appetizer,2.0,10,20.0,Mobile Payment,Dine-In,101,Sarah,11,Thursday,1,January,3,False,False,2024-01-11 11:00:00,Lunch,Weekday,Other record
171,2024-10-10,14:15:00,Caesar Salad,Appetizer,3.0,10,30.0,Cash,Delivery,101,Sarah,14,Thursday,10,October,3,False,False,2024-10-10 14:00:00,Lunch,Weekday,Other record
172,2024-05-21,13:15:00,Cabernet Sauvignon,Beverage,3.0,16,48.0,Cash,Dine-In,101,Sarah,13,Tuesday,5,May,1,False,False,2024-05-21 13:00:00,Lunch,Weekday,Other record
173,2024-03-08,11:30:00,Caesar Salad,Appetizer,6.0,10,60.0,Credit Card,Dine-In,102,Jake,11,Friday,3,March,4,False,False,2024-03-08 11:00:00,Lunch,Weekday,Other record
174,2024-05-15,11:15:00,Truffle Fries,Side,4.0,8,32.0,Mobile Payment,Dine-In,101,Sarah,11,Wednesday,5,May,2,False,False,2024-05-15 11:00:00,Lunch,Weekday,Other record
175,2024-08-31,18:30:00,Cabernet Sauvignon,Beverage,9.0,16,144.0,Cash,Takeaway,105,Nina,18,Saturday,8,August,5,True,True,2024-08-31 18:00:00,Dinner,Weekend,High-value record
176,2024-04-23,20:00:00,Truffle Fries,Side,11.0,8,88.0,Credit Card,Takeaway,101,Sarah,20,Tuesday,4,April,1,False,True,2024-04-23 20:00:00,Dinner,Weekday,High-value record
177,2024-02-01,18:45:00,Grilled Asparagus,Side,2.0,8,16.0,Credit Card,Delivery,104,Carlos,18,Thursday,2,February,3,False,False,2024-02-01 18:00:00,Dinner,Weekday,Other record
178,2024-02-07,12:30:00,Chocolate Lava Cake,Dessert,2.0,9,18.0,Cash,Dine-In,103,Emily,12,Wednesday,2,February,2,False,False,2024-02-07 12:00:00,Lunch,Weekday,Other record
179,2024-11-15,21:30:00,Grilled Asparagus,Side,12.0,8,96.0,Mobile Payment,Takeaway,104,Carlos,21,Friday,11,November,4,False,True,2024-11-15 21:00:00,Dinner,Weekday,High-value record
180,2024-09-15,20:45:00,Filet Mignon,Entree,2.0,42,84.0,Mobile Payment,Delivery,105,Nina,20,Sunday,9,September,6,True,True,2024-09-15 20:00:00,Dinner,Weekend,High-value record
181,2024-04-20,17:45:00,Caesar Salad,Appetizer,7.0,10,70.0,Credit Card,Takeaway,104,Carlos,17,Saturday,4,April,5,True,True,2024-04-20 17:00:00,Dinner,Weekend,High-value record
182,2024-07-31,22:00:00,Mashed Potatoes,Side,9.0,7,63.0,Credit Card,Delivery,103,Emily,22,Wednesday,7,July,2,False,True,2024-07-31 22:00:00,Dinner,Weekday,High-value record
183,2024-07-10,13:45:00,Filet Mignon,Entree,1.0,42,42.0,Cash,Dine-In,104,Carlos,13,Wednesday,7,July,2,False,False,2024-07-10 13:00:00,Lunch,Weekday,Other record
184,2024-02-19,22:30:00,New York Strip,Entree,10.0,38,380.0,Cash,Delivery,105,Nina,22,Monday,2,February,0,False,True,2024-02-19 22:00:00,Dinner,Weekday,High-value record
185,2024-10-14,16:00:00,Grilled Asparagus,Side,3.0,8,24.0,Mobile Payment,Takeaway,101,Sarah,16,Monday,10,October,0,False,False,2024-10-14 16:00:00,Lunch,Weekday,Other record
186,2024-05-27,20:30:00,Mashed Potatoes,Side,2.0,7,14.0,Mobile Payment,Delivery,102,Jake,20,Monday,5,May,0,False,False,2024-05-27 20:00:00,Dinner,Weekday,Other record
187,2024-03-20,21:45:00,Caesar Salad,Appetizer,2.0,10,20.0,Credit Card,Delivery,103,Emily,21,Wednesday,3,March,2,False,False,2024-03-20 21:00:00,Dinner,Weekday,Other record
188,2024-02-28,15:15:00,Grilled Asparagus,Side,6.0,8,48.0,Mobile Payment,Delivery,105,Nina,15,Wednesday,2,February,2,False,False,2024-02-28 15:00:00,Lunch,Weekday,Other record
189,2024-01-14,20:30:00,Ribeye Steak,Entree,4.0,35,140.0,Credit Card,Delivery,103,Emily,20,Sunday,1,January,6,True,True,2024-01-14 20:00:00,Dinner,Weekend,High-value record
190,2024-06-22,16:00:00,New York Strip,Entree,3.0,38,114.0,Mobile Payment,Delivery,104,Carlos,16,Saturday,6,June,5,True,True,2024-06-22 16:00:00,Lunch,Weekend,High-value record
191,2024-02-05,13:00:00,Filet Mignon,Entree,5.0,42,210.0,Cash,Takeaway,104,Carlos,13,Monday,2,February,0,False,True,2024-02-05 13:00:00,Lunch,Weekday,High-value record
192,2024-08-20,16:15:00,Mashed Potatoes,Side,3.0,7,21.0,Mobile Payment,Takeaway,105,Nina,16,Tuesday,8,August,1,False,False,2024-08-20 16:00:00,Lunch,Weekday,Other record
193,2024-11-01,12:00:00,New York Strip,Entree,4.0,38,152.0,Mobile Payment,Dine-In,101,Sarah,12,Friday,11,November,4,False,True,2024-11-01 12:00:00,Lunch,Weekday,High-value record
194,2024-05-19,18:45:00,Old Fashioned,Beverage,11.0,12,132.0,Credit Card,Takeaway,103,Emily,18,Sunday,5,May,6,True,True,2024-05-19 18:00:00,Dinner,Weekend,High-value record
195,2024-04-20,19:00:00,Mashed Potatoes,Side,7.0,7,49.0,Cash,Takeaway,105,Nina,19,Saturday,4,April,5,True,False,2024-04-20 19:00:00,Dinner,Weekend,Other record
196,2024-09-06,19:30:00,Ribeye Steak,Entree,4.0,35,140.0,Credit Card,Delivery,101,Sarah,19,Friday,9,September,4,False,True,2024-09-06 19:00:00,Dinner,Weekday,High-value record
197,2024-01-04,14:30:00,Caesar Salad,Appetizer,2.0,10,20.0,Credit Card,Takeaway,103,Emily,14,Thursday,1,January,3,False,False,2024-01-04 14:00:00,Lunch,Weekday,Other record
198,2024-03-02,11:45:00,Truffle Fries,Side,6.0,8,48.0,Cash,Dine-In,104,Carlos,11,Saturday,3,March,5,True,False,2024-03-02 11:00:00,Lunch,Weekend,Other record
199,2024-09-29,22:15:00,Cabernet Sauvignon,Beverage,8.0,16,128.0,Mobile Payment,Takeaway,101,Sarah,22,Sunday,9,September,6,True,True,2024-09-29 22:00:00,Dinner,Weekend,High-value record
200,2024-07-22,22:00:00,Grilled Asparagus,Side,2.0,8,16.0,Credit Card,Dine-In,103,Emily,22,Monday,7,July,0,False,False,2024-07-22 22:00:00,Dinner,Weekday,Other record
201,2024-10-21,17:45:00,Truffle Fries,Side,7.0,8,56.0,Credit Card,Dine-In,104,Carlos,17,Monday,10,October,0,False,False,2024-10-21 17:00:00,Dinner,Weekday,Other record
202,2024-01-11,16:15:00,Chocolate Lava Cake,Dessert,4.0,9,36.0,Mobile Payment,Takeaway,101,Sarah,16,Thursday,1,January,3,False,False,2024-01-11 16:00:00,Lunch,Weekday,Other record
203,2024-08-11,12:15:00,Grilled Asparagus,Side,5.0,8,40.0,Credit Card,Delivery,101,Sarah,12,Sunday,8,August,6,True,False,2024-08-11 12:00:00,Lunch,Weekend,Other record
204,2024-07-21,15:30:00,Caesar Salad,Appetizer,3.0,10,30.0,Cash,Dine-In,105,Nina,15,Sunday,7,July,6,True,False,2024-07-21 15:00:00,Lunch,Weekend,Other record
205,2024-11-20,12:15:00,Mashed Potatoes,Side,3.0,7,21.0,Mobile Payment,Delivery,102,Jake,12,Wednesday,11,November,2,False,False,2024-11-20 12:00:00,Lunch,Weekday,Other record
206,2024-04-30,12:15:00,Shrimp Cocktail,Appetizer,2.0,14,28.0,Cash,Delivery,102,Jake,12,Tuesday,4,April,1,False,False,2024-04-30 12:00:00,Lunch,Weekday,Other record
207,2024-12-01,12:15:00,Bourbon BBQ Burger,Entree,4.0,22,88.0,Credit Card,Delivery,105,Nina,12,Sunday,12,December,6,True,True,2024-12-01 12:00:00,Lunch,Weekend,High-value record
208,2024-08-17,21:30:00,Bourbon BBQ Burger,Entree,6.0,22,132.0,Cash,Takeaway,101,Sarah,21,Saturday,8,August,5,True,True,2024-08-17 21:00:00,Dinner,Weekend,High-value record
209,2024-08-28,18:30:00,Shrimp Cocktail,Appetizer,10.0,14,140.0,Cash,Takeaway,105,Nina,18,Wednesday,8,August,2,False,True,2024-08-28 18:00:00,Dinner,Weekday,High-value record
210,2024-02-07,15:45:00,Old Fashioned,Beverage,1.0,12,12.0,Cash,Takeaway,103,Emily,15,Wednesday,2,February,2,False,False,2024-02-07 15:00:00,Lunch,Weekday,Other record
211,2024-02-09,21:00:00,Chocolate Lava Cake,Dessert,10.0,9,90.0,Mobile Payment,Takeaway,104,Carlos,21,Friday,2,February,4,False,True,2024-02-09 21:00:00,Dinner,Weekday,High-value record
212,2024-10-24,19:00:00,Old Fashioned,Beverage,9.0,12,108.0,Mobile Payment,Dine-In,103,Emily,19,Thursday,10,October,3,False,True,2024-10-24 19:00:00,Dinner,Weekday,High-value record
213,2024-11-05,18:15:00,Ribeye Steak,Entree,8.0,35,280.0,Cash,Takeaway,101,Sarah,18,Tuesday,11,November,1,False,True,2024-11-05 18:00:00,Dinner,Weekday,High-value record
214,2024-09-15,21:15:00,Ribeye Steak,Entree,3.0,35,105.0,Mobile Payment,Takeaway,104,Carlos,21,Sunday,9,September,6,True,True,2024-09-15 21:00:00,Dinner,Weekend,High-value record
215,2024-09-25,19:15:00,Mashed Potatoes,Side,5.0,7,35.0,Credit Card,Takeaway,104,Carlos,19,Wednesday,9,September,2,False,False,2024-09-25 19:00:00,Dinner,Weekday,Other record
216,2024-06-22,21:00:00,Bourbon BBQ Burger,Entree,7.0,22,154.0,Cash,Takeaway,101,Sarah,21,Saturday,6,June,5,True,True,2024-06-22 21:00:00,Dinner,Weekend,High-value record
217,2024-10-12,21:45:00,Shrimp Cocktail,Appetizer,5.0,14,70.0,Mobile Payment,Delivery,105,Nina,21,Saturday,10,October,5,True,True,2024-10-12 21:00:00,Dinner,Weekend,High-value record
218,2024-03-17,16:00:00,Chocolate Lava Cake,Dessert,2.0,9,18.0,Credit Card,Takeaway,104,Carlos,16,Sunday,3,March,6,True,False,2024-03-17 16:00:00,Lunch,Weekend,Other record
219,2024-03-07,20:00:00,Shrimp Cocktail,Appetizer,8.0,14,112.0,Credit Card,Delivery,103,Emily,20,Thursday,3,March,3,False,True,2024-03-07 20:00:00,Dinner,Weekday,High-value record
220,2024-03-06,21:00:00,Bourbon BBQ Burger,Entree,7.0,22,154.0,Mobile Payment,Takeaway,101,Sarah,21,Wednesday,3,March,2,False,True,2024-03-06 21:00:00,Dinner,Weekday,High-value record
221,2024-07-04,15:15:00,Caesar Salad,Appetizer,3.0,10,30.0,Credit Card,Dine-In,102,Jake,15,Thursday,7,July,3,False,False,2024-07-04 15:00:00,Lunch,Weekday,Other record
222,2024-03-11,13:00:00,Shrimp Cocktail,Appetizer,1.0,14,14.0,Mobile Payment,Delivery,105,Nina,13,Monday,3,March,0,False,False,2024-03-11 13:00:00,Lunch,Weekday,Other record
223,2024-01-20,21:30:00,Chocolate Lava Cake,Dessert,4.0,9,36.0,Mobile Payment,Takeaway,102,Jake,21,Saturday,1,January,5,True,False,2024-01-20 21:00:00,Dinner,Weekend,Other record
224,2024-03-24,13:15:00,Truffle Fries,Side,4.0,8,32.0,Cash,Takeaway,103,Emily,13,Sunday,3,March,6,True,False,2024-03-24 13:00:00,Lunch,Weekend,Other record
225,2024-12-12,22:15:00,Old Fashioned,Beverage,9.0,12,108.0,Credit Card,Delivery,104,Carlos,22,Thursday,12,December,3,False,True,2024-12-12 22:00:00,Dinner,Weekday,High-value record
226,2024-04-29,19:15:00,Shrimp Cocktail,Appetizer,8.0,14,112.0,Cash,Takeaway,105,Nina,19,Monday,4,April,0,False,True,2024-04-29 19:00:00,Dinner,Weekday,High-value record
227,2024-08-13,18:30:00,Grilled Asparagus,Side,8.0,8,64.0,Mobile Payment,Takeaway,102,Jake,18,Tuesday,8,August,1,False,True,2024-08-13 18:00:00,Dinner,Weekday,High-value record
228,2024-04-12,20:15:00,Shrimp Cocktail,Appetizer,2.0,14,28.0,Mobile Payment,Takeaway,103,Emily,20,Friday,4,April,4,False,False,2024-04-12 20:00:00,Dinner,Weekday,Other record
229,2024-10-10,12:00:00,Shrimp Cocktail,Appetizer,1.0,14,14.0,Cash,Takeaway,104,Carlos,12,Thursday,10,October,3,False,False,2024-10-10 12:00:00,Lunch,Weekday,Other record
230,2024-09-19,13:45:00,Filet Mignon,Entree,2.0,42,84.0,Credit Card,Takeaway,101,Sarah,13,Thursday,9,September,3,False,True,2024-09-19 13:00:00,Lunch,Weekday,High-value record
231,2024-07-31,11:45:00,Cabernet Sauvignon,Beverage,3.0,16,48.0,Cash,Takeaway,101,Sarah,11,Wednesday,7,July,2,False,False,2024-07-31 11:00:00,Lunch,Weekday,Other record
232,2024-07-10,14:00:00,Mashed Potatoes,Side,1.0,7,7.0,Mobile Payment,Delivery,103,Emily,14,Wednesday,7,July,2,False,False,2024-07-10 14:00:00,Lunch,Weekday,Other record
233,2024-03-15,13:00:00,Shrimp Cocktail,Appetizer,7.0,14,98.0,Mobile Payment,Dine-In,104,Carlos,13,Friday,3,March,4,False,True,2024-03-15 13:00:00,Lunch,Weekday,High-value record
234,2024-08-17,20:00:00,Filet Mignon,Entree,2.0,42,84.0,Credit Card,Dine-In,102,Jake,20,Saturday,8,August,5,True,True,2024-08-17 20:00:00,Dinner,Weekend,High-value record
235,2024-10-07,22:45:00,Filet Mignon,Entree,6.0,42,252.0,Cash,Takeaway,101,Sarah,22,Monday,10,October,0,False,True,2024-10-07 22:00:00,Dinner,Weekday,High-value record
236,2024-01-25,14:45:00,Bourbon BBQ Burger,Entree,5.0,22,110.0,Credit Card,Dine-In,101,Sarah,14,Thursday,1,January,3,False,True,2024-01-25 14:00:00,Lunch,Weekday,High-value record
237,2024-09-12,20:00:00,Bourbon BBQ Burger,Entree,10.0,22,220.0,Mobile Payment,Dine-In,102,Jake,20,Thursday,9,September,3,False,True,2024-09-12 20:00:00,Dinner,Weekday,High-value record
238,2024-05-29,17:00:00,Chocolate Lava Cake,Dessert,6.0,9,54.0,Cash,Delivery,104,Carlos,17,Wednesday,5,May,2,False,False,2024-05-29 17:00:00,Dinner,Weekday,Other record
239,2024-04-05,21:00:00,Cabernet Sauvignon,Beverage,6.0,16,96.0,Cash,Delivery,105,Nina,21,Friday,4,April,4,False,True,2024-04-05 21:00:00,Dinner,Weekday,High-value record
240,2024-09-16,19:00:00,Grilled Asparagus,Side,9.0,8,72.0,Cash,Delivery,104,Carlos,19,Monday,9,September,0,False,True,2024-09-16 19:00:00,Dinner,Weekday,High-value record
241,2024-07-10,15:00:00,Mashed Potatoes,Side,1.0,7,7.0,Credit Card,Dine-In,101,Sarah,15,Wednesday,7,July,2,False,False,2024-07-10 15:00:00,Lunch,Weekday,Other record
242,2024-10-24,22:30:00,New York Strip,Entree,2.0,38,76.0,Credit Card,Delivery,103,Emily,22,Thursday,10,October,3,False,True,2024-10-24 22:00:00,Dinner,Weekday,High-value record
243,2024-11-25,13:45:00,Truffle Fries,Side,4.0,8,32.0,Mobile Payment,Dine-In,102,Jake,13,Monday,11,November,0,False,False,2024-11-25 13:00:00,Lunch,Weekday,Other record
244,2024-02-02,22:45:00,Ribeye Steak,Entree,7.0,35,245.0,Cash,Dine-In,102,Jake,22,Friday,2,February,4,False,True,2024-02-02 22:00:00,Dinner,Weekday,High-value record
245,2024-01-22,16:30:00,Cabernet Sauvignon,Beverage,4.0,16,64.0,Mobile Payment,Takeaway,103,Emily,16,Monday,1,January,0,False,True,2024-01-22 16:00:00,Lunch,Weekday,High-value record
246,2024-01-19,21:15:00,Shrimp Cocktail,Appetizer,6.0,14,84.0,Cash,Delivery,103,Emily,21,Friday,1,January,4,False,True,2024-01-19 21:00:00,Dinner,Weekday,High-value record
247,2024-05-19,12:30:00,Grilled Asparagus,Side,5.0,8,40.0,Mobile Payment,Takeaway,104,Carlos,12,Sunday,5,May,6,True,False,2024-05-19 12:00:00,Lunch,Weekend,Other record
248,2024-06-22,13:45:00,Truffle Fries,Side,8.0,8,64.0,Credit Card,Delivery,103,Emily,13,Saturday,6,June,5,True,True,2024-06-22 13:00:00,Lunch,Weekend,High-value record
249,2024-02-12,22:45:00,Filet Mignon,Entree,7.0,42,294.0,Mobile Payment,Dine-In,105,Nina,22,Monday,2,February,0,False,True,2024-02-12 22:00:00,Dinner,Weekday,High-value record
250,2024-05-30,16:00:00,Filet Mignon,Entree,3.0,42,126.0,Mobile Payment,Takeaway,103,Emily,16,Thursday,5,May,3,False,True,2024-05-30 16:00:00,Lunch,Weekday,High-value record
251,2024-08-16,20:45:00,New York Strip,Entree,8.0,38,304.0,Credit Card,Takeaway,101,Sarah,20,Friday,8,August,4,False,True,2024-08-16 20:00:00,Dinner,Weekday,High-value record
252,2024-06-29,20:45:00,Shrimp Cocktail,Appetizer,2.0,14,28.0,Cash,Delivery,104,Carlos,20,Saturday,6,June,5,True,False,2024-06-29 20:00:00,Dinner,Weekend,Other record
253,2024-07-05,19:15:00,Ribeye Steak,Entree,4.0,35,140.0,Mobile Payment,Delivery,104,Carlos,19,Friday,7,July,4,False,True,2024-07-05 19:00:00,Dinner,Weekday,High-value record
254,2024-01-18,13:00:00,Caesar Salad,Appetizer,3.0,10,30.0,Credit Card,Takeaway,105,Nina,13,Thursday,1,January,3,False,False,2024-01-18 13:00:00,Lunch,Weekday,Other record
255,2024-01-17,20:15:00,Bourbon BBQ Burger,Entree,8.0,22,176.0,Credit Card,Takeaway,104,Carlos,20,Wednesday,1,January,2,False,True,2024-01-17 20:00:00,Dinner,Weekday,High-value record
256,2024-02-09,20:15:00,Cabernet Sauvignon,Beverage,5.0,16,80.0,Credit Card,Takeaway,103,Emily,20,Friday,2,February,4,False,True,2024-02-09 20:00:00,Dinner,Weekday,High-value record
257,2024-05-07,12:00:00,Truffle Fries,Side,2.0,8,16.0,Credit Card,Delivery,104,Carlos,12,Tuesday,5,May,1,False,False,2024-05-07 12:00:00,Lunch,Weekday,Other record
258,2024-10-14,12:30:00,Shrimp Cocktail,Appetizer,4.0,14,56.0,Cash,Delivery,103,Emily,12,Monday,10,October,0,False,False,2024-10-14 12:00:00,Lunch,Weekday,Other record
259,2024-12-21,18:15:00,Filet Mignon,Entree,4.0,42,168.0,Cash,Takeaway,102,Jake,18,Saturday,12,December,5,True,True,2024-12-21 18:00:00,Dinner,Weekend,High-value record
260,2024-12-31,18:00:00,Bourbon BBQ Burger,Entree,7.8,22,171.6,Mobile Payment,Takeaway,101,Sarah,18,Tuesday,12,December,1,False,True,2024-12-31 18:00:00,Dinner,Weekday,High-value record
261,2024-10-08,19:30:00,Shrimp Cocktail,Appetizer,4.0,14,56.0,Mobile Payment,Delivery,102,Jake,19,Tuesday,10,October,1,False,False,2024-10-08 19:00:00,Dinner,Weekday,Other record
262,2024-07-04,19:15:00,Filet Mignon,Entree,3.0,42,126.0,Cash,Dine-In,104,Carlos,19,Thursday,7,July,3,False,True,2024-07-04 19:00:00,Dinner,Weekday,High-value record
263,2024-01-14,16:30:00,Old Fashioned,Beverage,5.0,12,60.0,Cash,Delivery,101,Sarah,16,Sunday,1,January,6,True,False,2024-01-14 16:00:00,Lunch,Weekend,Other record
264,2024-02-03,15:45:00,Truffle Fries,Side,6.0,8,48.0,Mobile Payment,Takeaway,104,Carlos,15,Saturday,2,February,5,True,False,2024-02-03 15:00:00,Lunch,Weekend,Other record
265,2024-10-21,12:15:00,Mashed Potatoes,Side,1.0,7,7.0,Credit Card,Takeaway,105,Nina,12,Monday,10,October,0,False,False,2024-10-21 12:00:00,Lunch,Weekday,Other record
266,2024-06-25,13:15:00,New York Strip,Entree,5.0,38,190.0,Mobile Payment,Dine-In,101,Sarah,13,Tuesday,6,June,1,False,True,2024-06-25 13:00:00,Lunch,Weekday,High-value record
267,2024-09-22,13:30:00,New York Strip,Entree,2.0,38,76.0,Credit Card,Delivery,102,Jake,13,Sunday,9,September,6,True,True,2024-09-22 13:00:00,Lunch,Weekend,High-value record
268,2024-06-26,19:30:00,Filet Mignon,Entree,7.0,42,294.0,Cash,Delivery,105,Nina,19,Wednesday,6,June,2,False,True,2024-06-26 19:00:00,Dinner,Weekday,High-value record
269,2024-05-20,13:30:00,Chocolate Lava Cake,Dessert,4.0,9,36.0,Cash,Delivery,102,Jake,13,Monday,5,May,0,False,False,2024-05-20 13:00:00,Lunch,Weekday,Other record
270,2024-10-30,20:15:00,New York Strip,Entree,8.0,38,304.0,Mobile Payment,Delivery,103,Emily,20,Wednesday,10,October,2,False,True,2024-10-30 20:00:00,Dinner,Weekday,High-value record
271,2024-10-15,11:00:00,Filet Mignon,Entree,1.0,42,42.0,Mobile Payment,Delivery,103,Emily,11,Tuesday,10,October,1,False,False,2024-10-15 11:00:00,Lunch,Weekday,Other record
272,2024-11-29,14:45:00,Chocolate Lava Cake,Dessert,2.0,9,18.0,Credit Card,Delivery,105,Nina,14,Friday,11,November,4,False,False,2024-11-29 14:00:00,Lunch,Weekday,Other record
273,2024-05-28,21:30:00,Old Fashioned,Beverage,3.0,12,36.0,Mobile Payment,Takeaway,103,Emily,21,Tuesday,5,May,1,False,False,2024-05-28 21:00:00,Dinner,Weekday,Other record
274,2024-08-20,12:00:00,New York Strip,Entree,4.0,38,152.0,Credit Card,Takeaway,104,Carlos,12,Tuesday,8,August,1,False,True,2024-08-20 12:00:00,Lunch,Weekday,High-value record
275,2024-04-14,16:15:00,Mashed Potatoes,Side,3.0,7,21.0,Mobile Payment,Takeaway,104,Carlos,16,Sunday,4,April,6,True,False,2024-04-14 16:00:00,Lunch,Weekend,Other record
276,2024-03-07,16:00:00,Mashed Potatoes,Side,2.0,7,14.0,Credit Card,Dine-In,103,Emily,16,Thursday,3,March,3,False,False,2024-03-07 16:00:00,Lunch,Weekday,Other record
277,2024-08-18,14:15:00,Filet Mignon,Entree,1.0,42,42.0,Credit Card,Takeaway,105,Nina,14,Sunday,8,August,6,True,False,2024-08-18 14:00:00,Lunch,Weekend,Other record
278,2024-08-02,14:15:00,Mashed Potatoes,Side,7.0,7,49.0,Mobile Payment,Takeaway,102,Jake,14,Friday,8,August,4,False,False,2024-08-02 14:00:00,Lunch,Weekday,Other record
279,2024-03-22,18:45:00,Old Fashioned,Beverage,7.0,12,84.0,Credit Card,Dine-In,101,Sarah,18,Friday,3,March,4,False,True,2024-03-22 18:00:00,Dinner,Weekday,High-value record
280,2024-07-20,19:45:00,Caesar Salad,Appetizer,4.0,10,40.0,Mobile Payment,Takeaway,101,Sarah,19,Saturday,7,July,5,True,False,2024-07-20 19:00:00,Dinner,Weekend,Other record
281,2024-01-26,15:45:00,Chocolate Lava Cake,Dessert,7.0,9,63.0,Credit Card,Delivery,101,Sarah,15,Friday,1,January,4,False,True,2024-01-26 15:00:00,Lunch,Weekday,High-value record
282,2024-02-25,17:15:00,Shrimp Cocktail,Appetizer,5.0,14,70.0,Credit Card,Takeaway,101,Sarah,17,Sunday,2,February,6,True,True,2024-02-25 17:00:00,Dinner,Weekend,High-value record
283,2024-07-24,11:15:00,Mashed Potatoes,Side,5.0,7,35.0,Credit Card,Dine-In,104,Carlos,11,Wednesday,7,July,2,False,False,2024-07-24 11:00:00,Lunch,Weekday,Other record
284,2024-09-15,18:30:00,Chocolate Lava Cake,Dessert,8.0,9,72.0,Cash,Dine-In,101,Sarah,18,Sunday,9,September,6,True,True,2024-09-15 18:00:00,Dinner,Weekend,High-value record
285,2024-07-20,16:30:00,Cabernet Sauvignon,Beverage,6.0,16,96.0,Cash,Dine-In,105,Nina,16,Saturday,7,July,5,True,True,2024-07-20 16:00:00,Lunch,Weekend,High-value record
286,2024-09-17,17:00:00,Ribeye Steak,Entree,2.0,35,70.0,Cash,Delivery,103,Emily,17,Tuesday,9,September,1,False,True,2024-09-17 17:00:00,Dinner,Weekday,High-value record
287,2024-08-30,19:45:00,New York Strip,Entree,9.0,38,342.0,Mobile Payment,Dine-In,103,Emily,19,Friday,8,August,4,False,True,2024-08-30 19:00:00,Dinner,Weekday,High-value record
288,2024-11-09,16:15:00,Grilled Asparagus,Side,8.0,8,64.0,Mobile Payment,Takeaway,105,Nina,16,Saturday,11,November,5,True,True,2024-11-09 16:00:00,Lunch,Weekend,High-value record
289,2024-06-21,19:45:00,Truffle Fries,Side,8.0,8,64.0,Credit Card,Takeaway,101,Sarah,19,Friday,6,June,4,False,True,2024-06-21 19:00:00,Dinner,Weekday,High-value record
290,2024-07-07,16:00:00,Grilled Asparagus,Side,5.0,8,40.0,Credit Card,Delivery,101,Sarah,16,Sunday,7,July,6,True,False,2024-07-07 16:00:00,Lunch,Weekend,Other record
291,2024-11-01,18:30:00,Bourbon BBQ Burger,Entree,9.0,22,198.0,Mobile Payment,Dine-In,101,Sarah,18,Friday,11,November,4,False,True,2024-11-01 18:00:00,Dinner,Weekday,High-value record
292,2024-10-25,18:15:00,Cabernet Sauvignon,Beverage,8.0,16,128.0,Credit Card,Dine-In,102,Jake,18,Friday,10,October,4,False,True,2024-10-25 18:00:00,Dinner,Weekday,High-value record
293,2024-01-17,20:00:00,Caesar Salad,Appetizer,2.0,10,20.0,Credit Card,Takeaway,104,Carlos,20,Wednesday,1,January,2,False,False,2024-01-17 20:00:00,Dinner,Weekday,Other record
294,2024-03-18,17:15:00,Grilled Asparagus,Side,11.0,8,88.0,Mobile Payment,Takeaway,101,Sarah,17,Monday,3,March,0,False,True,2024-03-18 17:00:00,Dinner,Weekday,High-value record
295,2024-12-27,13:15:00,Cabernet Sauvignon,Beverage,5.0,16,80.0,Mobile Payment,Takeaway,105,Nina,13,Friday,12,December,4,False,True,2024-12-27 13:00:00,Lunch,Weekday,High-value record
296,2024-07-11,16:15:00,Old Fashioned,Beverage,5.0,12,60.0,Credit Card,Delivery,103,Emily,16,Thursday,7,July,3,False,False,2024-07-11 16:00:00,Lunch,Weekday,Other record
297,2024-12-12,22:30:00,Chocolate Lava Cake,Dessert,7.0,9,63.0,Cash,Dine-In,103,Emily,22,Thursday,12,December,3,False,True,2024-12-12 22:00:00,Dinner,Weekday,High-value record
298,2024-10-12,15:15:00,Shrimp Cocktail,Appetizer,6.0,14,84.0,Mobile Payment,Dine-In,104,Carlos,15,Saturday,10,October,5,True,True,2024-10-12 15:00:00,Lunch,Weekend,High-value record
299,2024-06-11,18:30:00,Cabernet Sauvignon,Beverage,7.0,16,112.0,Credit Card,Dine-In,105,Nina,18,Tuesday,6,June,1,False,True,2024-06-11 18:00:00,Dinner,Weekday,High-value record
300,2024-12-12,19:45:00,Grilled Asparagus,Side,7.0,8,56.0,Cash,Takeaway,101,Sarah,19,Thursday,12,December,3,False,False,2024-12-12 19:00:00,Dinner,Weekday,Other record
301,2024-05-27,22:00:00,Mashed Potatoes,Side,6.0,7,42.0,Mobile Payment,Takeaway,104,Carlos,22,Monday,5,May,0,False,False,2024-05-27 22:00:00,Dinner,Weekday,Other record
302,2024-04-19,14:30:00,Cabernet Sauvignon,Beverage,4.0,16,64.0,Cash,Dine-In,105,Nina,14,Friday,4,April,4,False,True,2024-04-19 14:00:00,Lunch,Weekday,High-value record
303,2024-10-27,14:15:00,Ribeye Steak,Entree,5.0,35,175.0,Cash,Delivery,102,Jake,14,Sunday,10,October,6,True,True,2024-10-27 14:00:00,Lunch,Weekend,High-value record
304,2024-01-27,12:45:00,Mashed Potatoes,Side,6.0,7,42.0,Cash,Delivery,102,Jake,12,Saturday,1,January,5,True,False,2024-01-27 12:00:00,Lunch,Weekend,Other record
305,2024-01-03,19:15:00,Grilled Asparagus,Side,8.0,8,64.0,Credit Card,Delivery,102,Jake,19,Wednesday,1,January,2,False,True,2024-01-03 19:00:00,Dinner,Weekday,High-value record
306,2024-05-27,16:30:00,Bourbon BBQ Burger,Entree,1.0,22,22.0,Cash,Delivery,105,Nina,16,Monday,5,May,0,False,False,2024-05-27 16:00:00,Lunch,Weekday,Other record
307,2024-04-28,19:00:00,New York Strip,Entree,8.0,38,304.0,Cash,Dine-In,104,Carlos,19,Sunday,4,April,6,True,True,2024-04-28 19:00:00,Dinner,Weekend,High-value record
308,2024-09-10,13:30:00,Ribeye Steak,Entree,1.0,35,35.0,Credit Card,Delivery,105,Nina,13,Tuesday,9,September,1,False,False,2024-09-10 13:00:00,Lunch,Weekday,Other record
309,2024-02-24,16:30:00,Old Fashioned,Beverage,8.0,12,96.0,Mobile Payment,Takeaway,102,Jake,16,Saturday,2,February,5,True,True,2024-02-24 16:00:00,Lunch,Weekend,High-value record
310,2024-09-15,18:30:00,Caesar Salad,Appetizer,2.0,10,20.0,Credit Card,Dine-In,104,Carlos,18,Sunday,9,September,6,True,False,2024-09-15 18:00:00,Dinner,Weekend,Other record
311,2024-11-27,15:15:00,Ribeye Steak,Entree,3.0,35,105.0,Credit Card,Delivery,102,Jake,15,Wednesday,11,November,2,False,True,2024-11-27 15:00:00,Lunch,Weekday,High-value record
312,2024-03-30,20:45:00,Grilled Asparagus,Side,12.0,8,96.0,Credit Card,Dine-In,104,Carlos,20,Saturday,3,March,5,True,True,2024-03-30 20:00:00,Dinner,Weekend,High-value record
313,2024-12-08,12:15:00,New York Strip,Entree,4.0,38,152.0,Credit Card,Dine-In,101,Sarah,12,Sunday,12,December,6,True,True,2024-12-08 12:00:00,Lunch,Weekend,High-value record
314,2024-05-13,17:15:00,Old Fashioned,Beverage,7.0,12,84.0,Credit Card,Takeaway,105,Nina,17,Monday,5,May,0,False,True,2024-05-13 17:00:00,Dinner,Weekday,High-value record
315,2024-10-20,11:30:00,Bourbon BBQ Burger,Entree,3.0,22,66.0,Mobile Payment,Dine-In,101,Sarah,11,Sunday,10,October,6,True,True,2024-10-20 11:00:00,Lunch,Weekend,High-value record
316,2024-12-07,12:45:00,Shrimp Cocktail,Appetizer,3.0,14,42.0,Credit Card,Delivery,105,Nina,12,Saturday,12,December,5,True,False,2024-12-07 12:00:00,Lunch,Weekend,Other record
317,2024-12-26,15:00:00,Bourbon BBQ Burger,Entree,4.0,22,88.0,Credit Card,Delivery,102,Jake,15,Thursday,12,December,3,False,True,2024-12-26 15:00:00,Lunch,Weekday,High-value record
318,2024-04-22,13:45:00,New York Strip,Entree,4.0,38,152.0,Mobile Payment,Delivery,103,Emily,13,Monday,4,April,0,False,True,2024-04-22 13:00:00,Lunch,Weekday,High-value record
319,2024-07-31,22:45:00,Cabernet Sauvignon,Beverage,4.0,16,64.0,Cash,Delivery,105,Nina,22,Wednesday,7,July,2,False,True,2024-07-31 22:00:00,Dinner,Weekday,High-value record
320,2024-02-11,19:45:00,Cabernet Sauvignon,Beverage,7.0,16,112.0,Cash,Delivery,101,Sarah,19,Sunday,2,February,6,True,True,2024-02-11 19:00:00,Dinner,Weekend,High-value record
321,2024-02-01,19:15:00,Chocolate Lava Cake,Dessert,10.0,9,90.0,Cash,Dine-In,103,Emily,19,Thursday,2,February,3,False,True,2024-02-01 19:00:00,Dinner,Weekday,High-value record
322,2024-09-23,18:00:00,Bourbon BBQ Burger,Entree,4.0,22,88.0,Mobile Payment,Delivery,104,Carlos,18,Monday,9,September,0,False,True,2024-09-23 18:00:00,Dinner,Weekday,High-value record
323,2024-02-16,19:45:00,Ribeye Steak,Entree,8.0,35,280.0,Cash,Delivery,104,Carlos,19,Friday,2,February,4,False,True,2024-02-16 19:00:00,Dinner,Weekday,High-value record
324,2024-08-21,20:00:00,Cabernet Sauvignon,Beverage,8.0,16,128.0,Mobile Payment,Takeaway,101,Sarah,20,Wednesday,8,August,2,False,True,2024-08-21 20:00:00,Dinner,Weekday,High-value record
325,2024-07-21,15:00:00,Truffle Fries,Side,2.0,8,16.0,Mobile Payment,Dine-In,101,Sarah,15,Sunday,7,July,6,True,False,2024-07-21 15:00:00,Lunch,Weekend,Other record
326,2024-08-04,16:00:00,Cabernet Sauvignon,Beverage,1.0,16,16.0,Cash,Takeaway,101,Sarah,16,Sunday,8,August,6,True,False,2024-08-04 16:00:00,Lunch,Weekend,Other record
327,2024-05-26,17:15:00,New York Strip,Entree,8.0,38,304.0,Credit Card,Takeaway,104,Carlos,17,Sunday,5,May,6,True,True,2024-05-26 17:00:00,Dinner,Weekend,High-value record
328,2024-07-12,17:00:00,Bourbon BBQ Burger,Entree,10.0,22,220.0,Cash,Delivery,103,Emily,17,Friday,7,July,4,False,True,2024-07-12 17:00:00,Dinner,Weekday,High-value record
329,2024-03-01,13:45:00,Cabernet Sauvignon,Beverage,3.0,16,48.0,Mobile Payment,Dine-In,101,Sarah,13,Friday,3,March,4,False,False,2024-03-01 13:00:00,Lunch,Weekday,Other record
330,2024-01-12,15:45:00,Bourbon BBQ Burger,Entree,6.0,22,132.0,Credit Card,Delivery,104,Carlos,15,Friday,1,January,4,False,True,2024-01-12 15:00:00,Lunch,Weekday,High-value record
331,2024-04-27,14:45:00,Mashed Potatoes,Side,4.0,7,28.0,Credit Card,Dine-In,101,Sarah,14,Saturday,4,April,5,True,False,2024-04-27 14:00:00,Lunch,Weekend,Other record
332,2024-01-17,21:45:00,Chocolate Lava Cake,Dessert,2.0,9,18.0,Cash,Dine-In,101,Sarah,21,Wednesday,1,January,2,False,False,2024-01-17 21:00:00,Dinner,Weekday,Other record
333,2024-02-21,20:00:00,Old Fashioned,Beverage,10.0,12,120.0,Mobile Payment,Delivery,101,Sarah,20,Wednesday,2,February,2,False,True,2024-02-21 20:00:00,Dinner,Weekday,High-value record
334,2024-05-05,22:00:00,Grilled Asparagus,Side,9.0,8,72.0,Cash,Delivery,102,Jake,22,Sunday,5,May,6,True,True,2024-05-05 22:00:00,Dinner,Weekend,High-value record
335,2024-01-29,13:30:00,Caesar Salad,Appetizer,5.0,10,50.0,Credit Card,Delivery,105,Nina,13,Monday,1,January,0,False,False,2024-01-29 13:00:00,Lunch,Weekday,Other record
336,2024-12-10,16:15:00,Shrimp Cocktail,Appetizer,2.0,14,28.0,Mobile Payment,Delivery,102,Jake,16,Tuesday,12,December,1,False,False,2024-12-10 16:00:00,Lunch,Weekday,Other record
337,2024-07-30,15:30:00,Ribeye Steak,Entree,6.0,35,210.0,Mobile Payment,Delivery,102,Jake,15,Tuesday,7,July,1,False,True,2024-07-30 15:00:00,Lunch,Weekday,High-value record
338,2024-11-16,21:45:00,Cabernet Sauvignon,Beverage,9.0,16,144.0,Cash,Takeaway,104,Carlos,21,Saturday,11,November,5,True,True,2024-11-16 21:00:00,Dinner,Weekend,High-value record
339,2024-09-25,16:45:00,Grilled Asparagus,Side,2.0,8,16.0,Credit Card,Takeaway,102,Jake,16,Wednesday,9,September,2,False,False,2024-09-25 16:00:00,Lunch,Weekday,Other record
340,2024-10-02,18:15:00,Caesar Salad,Appetizer,7.0,10,70.0,Mobile Payment,Dine-In,104,Carlos,18,Wednesday,10,October,2,False,True,2024-10-02 18:00:00,Dinner,Weekday,High-value record
341,2024-01-30,19:45:00,Grilled Asparagus,Side,9.0,8,72.0,Mobile Payment,Dine-In,104,Carlos,19,Tuesday,1,January,1,False,True,2024-01-30 19:00:00,Dinner,Weekday,High-value record
342,2024-05-04,15:15:00,Mashed Potatoes,Side,1.0,7,7.0,Credit Card,Takeaway,101,Sarah,15,Saturday,5,May,5,True,False,2024-05-04 15:00:00,Lunch,Weekend,Other record
343,2024-10-01,22:15:00,Ribeye Steak,Entree,7.0,35,245.0,Credit Card,Delivery,105,Nina,22,Tuesday,10,October,1,False,True,2024-10-01 22:00:00,Dinner,Weekday,High-value record
344,2024-11-04,11:00:00,Caesar Salad,Appetizer,5.0,10,50.0,Mobile Payment,Delivery,105,Nina,11,Monday,11,November,0,False,False,2024-11-04 11:00:00,Lunch,Weekday,Other record
345,2024-04-21,18:15:00,Mashed Potatoes,Side,7.0,7,49.0,Cash,Dine-In,102,Jake,18,Sunday,4,April,6,True,False,2024-04-21 18:00:00,Dinner,Weekend,Other record
346,2024-03-01,22:45:00,Caesar Salad,Appetizer,9.0,10,90.0,Mobile Payment,Dine-In,104,Carlos,22,Friday,3,March,4,False,True,2024-03-01 22:00:00,Dinner,Weekday,High-value record
347,2024-05-02,19:30:00,Shrimp Cocktail,Appetizer,7.0,14,98.0,Credit Card,Delivery,103,Emily,19,Thursday,5,May,3,False,True,2024-05-02 19:00:00,Dinner,Weekday,High-value record
348,2024-06-06,15:30:00,Cabernet Sauvignon,Beverage,4.0,16,64.0,Credit Card,Dine-In,104,Carlos,15,Thursday,6,June,3,False,True,2024-06-06 15:00:00,Lunch,Weekday,High-value record
349,2024-06-12,14:30:00,Mashed Potatoes,Side,4.0,7,28.0,Cash,Delivery,102,Jake,14,Wednesday,6,June,2,False,False,2024-06-12 14:00:00,Lunch,Weekday,Other record
350,2024-03-15,11:30:00,Cabernet Sauvignon,Beverage,6.0,16,96.0,Mobile Payment,Delivery,104,Carlos,11,Friday,3,March,4,False,True,2024-03-15 11:00:00,Lunch,Weekday,High-value record
351,2024-05-31,13:15:00,Mashed Potatoes,Side,3.0,7,21.0,Credit Card,Delivery,102,Jake,13,Friday,5,May,4,False,False,2024-05-31 13:00:00,Lunch,Weekday,Other record
352,2024-09-12,19:30:00,Shrimp Cocktail,Appetizer,8.0,14,112.0,Mobile Payment,Delivery,104,Carlos,19,Thursday,9,September,3,False,True,2024-09-12 19:00:00,Dinner,Weekday,High-value record
353,2024-08-23,13:30:00,New York Strip,Entree,3.0,38,114.0,Mobile Payment,Delivery,104,Carlos,13,Friday,8,August,4,False,True,2024-08-23 13:00:00,Lunch,Weekday,High-value record
354,2024-04-04,19:00:00,Cabernet Sauvignon,Beverage,2.0,16,32.0,Cash,Delivery,101,Sarah,19,Thursday,4,April,3,False,False,2024-04-04 19:00:00,Dinner,Weekday,Other record
355,2024-01-04,17:15:00,Bourbon BBQ Burger,Entree,5.0,22,110.0,Cash,Delivery,102,Jake,17,Thursday,1,January,3,False,True,2024-01-04 17:00:00,Dinner,Weekday,High-value record
356,2024-01-05,14:45:00,Mashed Potatoes,Side,2.0,7,14.0,Mobile Payment,Delivery,105,Nina,14,Friday,1,January,4,False,False,2024-01-05 14:00:00,Lunch,Weekday,Other record
357,2024-09-04,21:45:00,Ribeye Steak,Entree,2.0,35,70.0,Mobile Payment,Delivery,104,Carlos,21,Wednesday,9,September,2,False,True,2024-09-04 21:00:00,Dinner,Weekday,High-value record
358,2024-01-07,11:30:00,Cabernet Sauvignon,Beverage,3.0,16,48.0,Cash,Delivery,104,Carlos,11,Sunday,1,January,6,True,False,2024-01-07 11:00:00,Lunch,Weekend,Other record
359,2024-04-01,12:00:00,Cabernet Sauvignon,Beverage,2.0,16,32.0,Cash,Dine-In,105,Nina,12,Monday,4,April,0,False,False,2024-04-01 12:00:00,Lunch,Weekday,Other record
360,2024-09-26,15:30:00,Shrimp Cocktail,Appetizer,4.0,14,56.0,Cash,Takeaway,104,Carlos,15,Thursday,9,September,3,False,False,2024-09-26 15:00:00,Lunch,Weekday,Other record
361,2024-08-23,20:15:00,Truffle Fries,Side,4.0,8,32.0,Credit Card,Delivery,101,Sarah,20,Friday,8,August,4,False,False,2024-08-23 20:00:00,Dinner,Weekday,Other record
362,2024-11-30,21:00:00,Filet Mignon,Entree,7.0,42,294.0,Credit Card,Takeaway,105,Nina,21,Saturday,11,November,5,True,True,2024-11-30 21:00:00,Dinner,Weekend,High-value record
363,2024-08-31,11:00:00,Truffle Fries,Side,3.0,8,24.0,Cash,Takeaway,104,Carlos,11,Saturday,8,August,5,True,False,2024-08-31 11:00:00,Lunch,Weekend,Other record
364,2024-11-26,16:00:00,Cabernet Sauvignon,Beverage,1.0,16,16.0,Cash,Dine-In,105,Nina,16,Tuesday,11,November,1,False,False,2024-11-26 16:00:00,Lunch,Weekday,Other record
365,2024-08-31,15:00:00,Filet Mignon,Entree,6.0,42,252.0,Mobile Payment,Delivery,101,Sarah,15,Saturday,8,August,5,True,True,2024-08-31 15:00:00,Lunch,Weekend,High-value record
366,2024-04-01,16:00:00,Caesar Salad,Appetizer,5.0,10,50.0,Cash,Delivery,104,Carlos,16,Monday,4,April,0,False,False,2024-04-01 16:00:00,Lunch,Weekday,Other record
367,2024-02-09,15:15:00,Chocolate Lava Cake,Dessert,3.0,9,27.0,Mobile Payment,Takeaway,105,Nina,15,Friday,2,February,4,False,False,2024-02-09 15:00:00,Lunch,Weekday,Other record
368,2024-06-18,17:15:00,Truffle Fries,Side,2.0,8,16.0,Mobile Payment,Delivery,103,Emily,17,Tuesday,6,June,1,False,False,2024-06-18 17:00:00,Dinner,Weekday,Other record
369,2024-01-28,12:45:00,Caesar Salad,Appetizer,1.0,10,10.0,Credit Card,Delivery,105,Nina,12,Sunday,1,January,6,True,False,2024-01-28 12:00:00,Lunch,Weekend,Other record
370,2024-10-31,17:30:00,Ribeye Steak,Entree,5.0,35,175.0,Credit Card,Takeaway,102,Jake,17,Thursday,10,October,3,False,True,2024-10-31 17:00:00,Dinner,Weekday,High-value record
371,2024-07-01,19:45:00,Grilled Asparagus,Side,4.0,8,32.0,Mobile Payment,Delivery,104,Carlos,19,Monday,7,July,0,False,False,2024-07-01 19:00:00,Dinner,Weekday,Other record
372,2024-02-13,20:30:00,Caesar Salad,Appetizer,2.0,10,20.0,Cash,Takeaway,102,Jake,20,Tuesday,2,February,1,False,False,2024-02-13 20:00:00,Dinner,Weekday,Other record
373,2024-07-13,22:15:00,Truffle Fries,Side,7.0,8,56.0,Credit Card,Takeaway,101,Sarah,22,Saturday,7,July,5,True,False,2024-07-13 22:00:00,Dinner,Weekend,Other record
374,2024-02-16,11:30:00,Old Fashioned,Beverage,4.0,12,48.0,Credit Card,Dine-In,102,Jake,11,Friday,2,February,4,False,False,2024-02-16 11:00:00,Lunch,Weekday,Other record
375,2024-02-14,13:45:00,Old Fashioned,Beverage,6.0,12,72.0,Mobile Payment,Delivery,104,Carlos,13,Wednesday,2,February,2,False,True,2024-02-14 13:00:00,Lunch,Weekday,High-value record
376,2024-02-22,11:00:00,Mashed Potatoes,Side,6.0,7,42.0,Cash,Delivery,105,Nina,11,Thursday,2,February,3,False,False,2024-02-22 11:00:00,Lunch,Weekday,Other record
377,2024-06-15,17:00:00,Shrimp Cocktail,Appetizer,7.0,14,98.0,Credit Card,Dine-In,105,Nina,17,Saturday,6,June,5,True,True,2024-06-15 17:00:00,Dinner,Weekend,High-value record
378,2024-05-04,20:15:00,Bourbon BBQ Burger,Entree,8.0,22,176.0,Cash,Dine-In,103,Emily,20,Saturday,5,May,5,True,True,2024-05-04 20:00:00,Dinner,Weekend,High-value record
379,2024-06-03,15:45:00,New York Strip,Entree,1.0,38,38.0,Cash,Takeaway,103,Emily,15,Monday,6,June,0,False,False,2024-06-03 15:00:00,Lunch,Weekday,Other record
380,2024-08-03,15:45:00,Filet Mignon,Entree,5.0,42,210.0,Credit Card,Dine-In,104,Carlos,15,Saturday,8,August,5,True,True,2024-08-03 15:00:00,Lunch,Weekend,High-value record
381,2024-10-31,20:15:00,Old Fashioned,Beverage,2.0,12,24.0,Cash,Takeaway,101,Sarah,20,Thursday,10,October,3,False,False,2024-10-31 20:00:00,Dinner,Weekday,Other record
382,2024-07-21,16:45:00,Mashed Potatoes,Side,3.0,7,21.0,Credit Card,Takeaway,105,Nina,16,Sunday,7,July,6,True,False,2024-07-21 16:00:00,Lunch,Weekend,Other record
383,2024-03-10,15:30:00,Chocolate Lava Cake,Dessert,2.0,9,18.0,Credit Card,Takeaway,102,Jake,15,Sunday,3,March,6,True,False,2024-03-10 15:00:00,Lunch,Weekend,Other record
384,2024-07-22,16:30:00,Truffle Fries,Side,4.0,8,32.0,Mobile Payment,Dine-In,103,Emily,16,Monday,7,July,0,False,False,2024-07-22 16:00:00,Lunch,Weekday,Other record
385,2024-07-11,15:45:00,Mashed Potatoes,Side,1.0,7,7.0,Mobile Payment,Dine-In,105,Nina,15,Thursday,7,July,3,False,False,2024-07-11 15:00:00,Lunch,Weekday,Other record
386,2024-10-06,13:00:00,Truffle Fries,Side,4.0,8,32.0,Mobile Payment,Dine-In,104,Carlos,13,Sunday,10,October,6,True,False,2024-10-06 13:00:00,Lunch,Weekend,Other record
387,2024-05-29,22:00:00,Grilled Asparagus,Side,8.0,8,64.0,Cash,Delivery,103,Emily,22,Wednesday,5,May,2,False,True,2024-05-29 22:00:00,Dinner,Weekday,High-value record
388,2024-05-03,15:15:00,Truffle Fries,Side,5.0,8,40.0,Credit Card,Dine-In,104,Carlos,15,Friday,5,May,4,False,False,2024-05-03 15:00:00,Lunch,Weekday,Other record
389,2024-11-02,18:45:00,Cabernet Sauvignon,Beverage,11.0,16,176.0,Mobile Payment,Takeaway,105,Nina,18,Saturday,11,November,5,True,True,2024-11-02 18:00:00,Dinner,Weekend,High-value record
390,2024-01-19,16:00:00,Filet Mignon,Entree,4.0,42,168.0,Mobile Payment,Delivery,103,Emily,16,Friday,1,January,4,False,True,2024-01-19 16:00:00,Lunch,Weekday,High-value record
391,2024-03-26,21:00:00,Chocolate Lava Cake,Dessert,8.0,9,72.0,Credit Card,Takeaway,101,Sarah,21,Tuesday,3,March,1,False,True,2024-03-26 21:00:00,Dinner,Weekday,High-value record
392,2024-01-06,12:30:00,Caesar Salad,Appetizer,10.0,10,100.0,Mobile Payment,Delivery,105,Nina,12,Saturday,1,January,5,True,True,2024-01-06 12:00:00,Lunch,Weekend,High-value record
393,2024-10-24,22:15:00,Old Fashioned,Beverage,5.0,12,60.0,Credit Card,Takeaway,105,Nina,22,Thursday,10,October,3,False,False,2024-10-24 22:00:00,Dinner,Weekday,Other record
394,2024-12-19,19:15:00,Mashed Potatoes,Side,2.0,7,14.0,Credit Card,Dine-In,103,Emily,19,Thursday,12,December,3,False,False,2024-12-19 19:00:00,Dinner,Weekday,Other record
395,2024-07-31,12:00:00,Truffle Fries,Side,2.0,8,16.0,Credit Card,Takeaway,103,Emily,12,Wednesday,7,July,2,False,False,2024-07-31 12:00:00,Lunch,Weekday,Other record
396,2024-08-21,14:45:00,Mashed Potatoes,Side,4.0,7,28.0,Cash,Takeaway,104,Carlos,14,Wednesday,8,August,2,False,False,2024-08-21 14:00:00,Lunch,Weekday,Other record
397,2024-06-12,12:30:00,Ribeye Steak,Entree,1.0,35,35.0,Cash,Takeaway,101,Sarah,12,Wednesday,6,June,2,False,False,2024-06-12 12:00:00,Lunch,Weekday,Other record
398,2024-12-12,13:15:00,Cabernet Sauvignon,Beverage,2.0,16,32.0,Mobile Payment,Dine-In,103,Emily,13,Thursday,12,December,3,False,False,2024-12-12 13:00:00,Lunch,Weekday,Other record
399,2024-10-13,17:45:00,Caesar Salad,Appetizer,7.0,10,70.0,Mobile Payment,Dine-In,102,Jake,17,Sunday,10,October,6,True,True,2024-10-13 17:00:00,Dinner,Weekend,High-value record
400,2024-11-23,21:45:00,Grilled Asparagus,Side,2.0,8,16.0,Mobile Payment,Delivery,102,Jake,21,Saturday,11,November,5,True,False,2024-11-23 21:00:00,Dinner,Weekend,Other record
401,2024-08-18,20:45:00,Grilled Asparagus,Side,2.0,8,16.0,Mobile Payment,Dine-In,102,Jake,20,Sunday,8,August,6,True,False,2024-08-18 20:00:00,Dinner,Weekend,Other record
402,2024-05-22,22:00:00,Chocolate Lava Cake,Dessert,2.0,9,18.0,Mobile Payment,Dine-In,103,Emily,22,Wednesday,5,May,2,False,False,2024-05-22 22:00:00,Dinner,Weekday,Other record
403,2024-06-15,14:45:00,Filet Mignon,Entree,5.0,42,210.0,Mobile Payment,Takeaway,105,Nina,14,Saturday,6,June,5,True,True,2024-06-15 14:00:00,Lunch,Weekend,High-value record
404,2024-11-23,16:45:00,Chocolate Lava Cake,Dessert,7.0,9,63.0,Mobile Payment,Dine-In,103,Emily,16,Saturday,11,November,5,True,True,2024-11-23 16:00:00,Lunch,Weekend,High-value record
405,2024-06-29,18:15:00,Bourbon BBQ Burger,Entree,6.0,22,132.0,Mobile Payment,Delivery,101,Sarah,18,Saturday,6,June,5,True,True,2024-06-29 18:00:00,Dinner,Weekend,High-value record
406,2024-12-10,13:30:00,Filet Mignon,Entree,2.0,42,84.0,Credit Card,Dine-In,102,Jake,13,Tuesday,12,December,1,False,True,2024-12-10 13:00:00,Lunch,Weekday,High-value record
407,2024-07-10,22:15:00,Cabernet Sauvignon,Beverage,8.0,16,128.0,Credit Card,Delivery,102,Jake,22,Wednesday,7,July,2,False,True,2024-07-10 22:00:00,Dinner,Weekday,High-value record
408,2024-10-21,17:45:00,New York Strip,Entree,8.0,38,304.0,Mobile Payment,Delivery,102,Jake,17,Monday,10,October,0,False,True,2024-10-21 17:00:00,Dinner,Weekday,High-value record
409,2024-10-11,13:45:00,Shrimp Cocktail,Appetizer,3.0,14,42.0,Cash,Takeaway,104,Carlos,13,Friday,10,October,4,False,False,2024-10-11 13:00:00,Lunch,Weekday,Other record
410,2024-11-13,11:30:00,Ribeye Steak,Entree,4.0,35,140.0,Cash,Dine-In,104,Carlos,11,Wednesday,11,November,2,False,True,2024-11-13 11:00:00,Lunch,Weekday,High-value record
411,2024-10-14,19:45:00,Grilled Asparagus,Side,10.0,8,80.0,Credit Card,Delivery,104,Carlos,19,Monday,10,October,0,False,True,2024-10-14 19:00:00,Dinner,Weekday,High-value record
412,2024-09-07,13:00:00,Chocolate Lava Cake,Dessert,2.0,9,18.0,Cash,Takeaway,101,Sarah,13,Saturday,9,September,5,True,False,2024-09-07 13:00:00,Lunch,Weekend,Other record
413,2024-05-20,14:30:00,New York Strip,Entree,4.0,38,152.0,Mobile Payment,Delivery,104,Carlos,14,Monday,5,May,0,False,True,2024-05-20 14:00:00,Lunch,Weekday,High-value record
414,2024-10-08,19:00:00,Chocolate Lava Cake,Dessert,2.0,9,18.0,Credit Card,Delivery,103,Emily,19,Tuesday,10,October,1,False,False,2024-10-08 19:00:00,Dinner,Weekday,Other record
415,2024-10-04,11:45:00,Cabernet Sauvignon,Beverage,4.0,16,64.0,Credit Card,Dine-In,102,Jake,11,Friday,10,October,4,False,True,2024-10-04 11:00:00,Lunch,Weekday,High-value record
416,2024-06-01,11:45:00,Shrimp Cocktail,Appetizer,5.0,14,70.0,Cash,Takeaway,101,Sarah,11,Saturday,6,June,5,True,True,2024-06-01 11:00:00,Lunch,Weekend,High-value record
417,2024-05-01,14:30:00,Truffle Fries,Side,6.0,8,48.0,Mobile Payment,Takeaway,102,Jake,14,Wednesday,5,May,2,False,False,2024-05-01 14:00:00,Lunch,Weekday,Other record
418,2024-11-11,13:15:00,Caesar Salad,Appetizer,1.0,10,10.0,Mobile Payment,Takeaway,105,Nina,13,Monday,11,November,0,False,False,2024-11-11 13:00:00,Lunch,Weekday,Other record
419,2024-05-23,20:15:00,Mashed Potatoes,Side,7.0,7,49.0,Credit Card,Delivery,103,Emily,20,Thursday,5,May,3,False,False,2024-05-23 20:00:00,Dinner,Weekday,Other record
420,2024-09-20,21:00:00,New York Strip,Entree,7.0,38,266.0,Cash,Takeaway,102,Jake,21,Friday,9,September,4,False,True,2024-09-20 21:00:00,Dinner,Weekday,High-value record
421,2024-12-25,13:15:00,New York Strip,Entree,3.0,38,114.0,Cash,Delivery,104,Carlos,13,Wednesday,12,December,2,False,True,2024-12-25 13:00:00,Lunch,Weekday,High-value record
422,2024-09-07,13:30:00,Bourbon BBQ Burger,Entree,6.0,22,132.0,Credit Card,Takeaway,101,Sarah,13,Saturday,9,September,5,True,True,2024-09-07 13:00:00,Lunch,Weekend,High-value record
423,2024-11-20,12:45:00,Cabernet Sauvignon,Beverage,3.0,16,48.0,Mobile Payment,Takeaway,104,Carlos,12,Wednesday,11,November,2,False,False,2024-11-20 12:00:00,Lunch,Weekday,Other record
424,2024-09-06,16:00:00,Truffle Fries,Side,1.0,8,8.0,Mobile Payment,Takeaway,103,Emily,16,Friday,9,September,4,False,False,2024-09-06 16:00:00,Lunch,Weekday,Other record
425,2024-02-02,19:45:00,Caesar Salad,Appetizer,8.0,10,80.0,Cash,Takeaway,103,Emily,19,Friday,2,February,4,False,True,2024-02-02 19:00:00,Dinner,Weekday,High-value record
426,2024-06-14,15:30:00,Cabernet Sauvignon,Beverage,8.0,16,128.0,Cash,Delivery,104,Carlos,15,Friday,6,June,4,False,True,2024-06-14 15:00:00,Lunch,Weekday,High-value record
427,2024-06-24,21:00:00,Ribeye Steak,Entree,2.0,35,70.0,Mobile Payment,Takeaway,101,Sarah,21,Monday,6,June,0,False,True,2024-06-24 21:00:00,Dinner,Weekday,High-value record
428,2024-03-04,13:45:00,Old Fashioned,Beverage,1.0,12,12.0,Credit Card,Dine-In,102,Jake,13,Monday,3,March,0,False,False,2024-03-04 13:00:00,Lunch,Weekday,Other record
429,2024-11-28,15:15:00,Shrimp Cocktail,Appetizer,1.2,14,16.8,Mobile Payment,Takeaway,103,Emily,15,Thursday,11,November,3,False,False,2024-11-28 15:00:00,Lunch,Weekday,Other record
430,2024-02-12,16:15:00,Ribeye Steak,Entree,5.0,35,175.0,Mobile Payment,Takeaway,102,Jake,16,Monday,2,February,0,False,True,2024-02-12 16:00:00,Lunch,Weekday,High-value record
431,2024-08-07,21:00:00,Truffle Fries,Side,2.0,8,16.0,Cash,Dine-In,104,Carlos,21,Wednesday,8,August,2,False,False,2024-08-07 21:00:00,Dinner,Weekday,Other record
432,2024-02-09,13:15:00,Cabernet Sauvignon,Beverage,5.0,16,80.0,Cash,Dine-In,103,Emily,13,Friday,2,February,4,False,True,2024-02-09 13:00:00,Lunch,Weekday,High-value record
433,2024-03-02,17:15:00,Old Fashioned,Beverage,2.0,12,24.0,Cash,Takeaway,101,Sarah,17,Saturday,3,March,5,True,False,2024-03-02 17:00:00,Dinner,Weekend,Other record
434,2024-02-22,12:30:00,Mashed Potatoes,Side,4.0,7,28.0,Cash,Takeaway,102,Jake,12,Thursday,2,February,3,False,False,2024-02-22 12:00:00,Lunch,Weekday,Other record
435,2024-11-24,21:15:00,Filet Mignon,Entree,10.0,42,420.0,Mobile Payment,Dine-In,105,Nina,21,Sunday,11,November,6,True,True,2024-11-24 21:00:00,Dinner,Weekend,High-value record
436,2024-11-28,13:45:00,Mashed Potatoes,Side,2.4,7,16.8,Mobile Payment,Delivery,102,Jake,13,Thursday,11,November,3,False,False,2024-11-28 13:00:00,Lunch,Weekday,Other record
437,2024-07-29,20:45:00,Caesar Salad,Appetizer,2.0,10,20.0,Cash,Dine-In,101,Sarah,20,Monday,7,July,0,False,False,2024-07-29 20:00:00,Dinner,Weekday,Other record
438,2024-10-28,22:45:00,Mashed Potatoes,Side,8.0,7,56.0,Credit Card,Dine-In,102,Jake,22,Monday,10,October,0,False,False,2024-10-28 22:00:00,Dinner,Weekday,Other record
439,2024-05-21,21:00:00,Caesar Salad,Appetizer,8.0,10,80.0,Mobile Payment,Delivery,105,Nina,21,Tuesday,5,May,1,False,True,2024-05-21 21:00:00,Dinner,Weekday,High-value record
440,2024-05-25,22:00:00,Bourbon BBQ Burger,Entree,7.0,22,154.0,Cash,Delivery,105,Nina,22,Saturday,5,May,5,True,True,2024-05-25 22:00:00,Dinner,Weekend,High-value record
441,2024-09-17,14:45:00,Shrimp Cocktail,Appetizer,1.0,14,14.0,Cash,Takeaway,104,Carlos,14,Tuesday,9,September,1,False,False,2024-09-17 14:00:00,Lunch,Weekday,Other record
442,2024-02-27,14:45:00,Bourbon BBQ Burger,Entree,5.0,22,110.0,Cash,Delivery,101,Sarah,14,Tuesday,2,February,1,False,True,2024-02-27 14:00:00,Lunch,Weekday,High-value record
443,2024-07-03,16:15:00,Grilled Asparagus,Side,5.0,8,40.0,Credit Card,Takeaway,105,Nina,16,Wednesday,7,July,2,False,False,2024-07-03 16:00:00,Lunch,Weekday,Other record
444,2024-12-15,13:45:00,Filet Mignon,Entree,1.0,42,42.0,Mobile Payment,Dine-In,101,Sarah,13,Sunday,12,December,6,True,False,2024-12-15 13:00:00,Lunch,Weekend,Other record
445,2024-05-14,14:00:00,Ribeye Steak,Entree,3.0,35,105.0,Mobile Payment,Takeaway,105,Nina,14,Tuesday,5,May,1,False,True,2024-05-14 14:00:00,Lunch,Weekday,High-value record
446,2024-07-31,17:45:00,Filet Mignon,Entree,8.0,42,336.0,Mobile Payment,Delivery,102,Jake,17,Wednesday,7,July,2,False,True,2024-07-31 17:00:00,Dinner,Weekday,High-value record
447,2024-05-22,12:30:00,Filet Mignon,Entree,6.0,42,252.0,Cash,Dine-In,105,Nina,12,Wednesday,5,May,2,False,True,2024-05-22 12:00:00,Lunch,Weekday,High-value record
448,2024-06-16,17:00:00,Shrimp Cocktail,Appetizer,7.0,14,98.0,Mobile Payment,Dine-In,101,Sarah,17,Sunday,6,June,6,True,True,2024-06-16 17:00:00,Dinner,Weekend,High-value record
449,2024-05-05,12:45:00,Filet Mignon,Entree,4.0,42,168.0,Mobile Payment,Delivery,101,Sarah,12,Sunday,5,May,6,True,True,2024-05-05 12:00:00,Lunch,Weekend,High-value record
450,2024-06-07,21:15:00,Filet Mignon,Entree,2.0,42,84.0,Mobile Payment,Dine-In,101,Sarah,21,Friday,6,June,4,False,True,2024-06-07 21:00:00,Dinner,Weekday,High-value record
451,2024-03-24,18:30:00,Cabernet Sauvignon,Beverage,9.0,16,144.0,Mobile Payment,Takeaway,102,Jake,18,Sunday,3,March,6,True,True,2024-03-24 18:00:00,Dinner,Weekend,High-value record
452,2024-07-09,13:30:00,Truffle Fries,Side,1.0,8,8.0,Cash,Takeaway,104,Carlos,13,Tuesday,7,July,1,False,False,2024-07-09 13:00:00,Lunch,Weekday,Other record
453,2024-05-19,19:00:00,Shrimp Cocktail,Appetizer,9.0,14,126.0,Mobile Payment,Dine-In,104,Carlos,19,Sunday,5,May,6,True,True,2024-05-19 19:00:00,Dinner,Weekend,High-value record
454,2024-08-21,19:30:00,Ribeye Steak,Entree,7.0,35,245.0,Mobile Payment,Dine-In,103,Emily,19,Wednesday,8,August,2,False,True,2024-08-21 19:00:00,Dinner,Weekday,High-value record
455,2024-03-21,15:00:00,Chocolate Lava Cake,Dessert,1.0,9,9.0,Cash,Delivery,105,Nina,15,Thursday,3,March,3,False,False,2024-03-21 15:00:00,Lunch,Weekday,Other record
456,2024-01-02,11:00:00,Caesar Salad,Appetizer,1.0,10,10.0,Credit Card,Takeaway,104,Carlos,11,Tuesday,1,January,1,False,False,2024-01-02 11:00:00,Lunch,Weekday,Other record
457,2024-03-17,13:00:00,Cabernet Sauvignon,Beverage,4.0,16,64.0,Cash,Takeaway,102,Jake,13,Sunday,3,March,6,True,True,2024-03-17 13:00:00,Lunch,Weekend,High-value record
458,2024-08-01,22:30:00,Shrimp Cocktail,Appetizer,2.0,14,28.0,Mobile Payment,Takeaway,101,Sarah,22,Thursday,8,August,3,False,False,2024-08-01 22:00:00,Dinner,Weekday,Other record
459,2024-09-14,21:00:00,New York Strip,Entree,4.0,38,152.0,Mobile Payment,Dine-In,104,Carlos,21,Saturday,9,September,5,True,True,2024-09-14 21:00:00,Dinner,Weekend,High-value record
460,2024-02-05,18:30:00,Shrimp Cocktail,Appetizer,6.0,14,84.0,Cash,Delivery,104,Carlos,18,Monday,2,February,0,False,True,2024-02-05 18:00:00,Dinner,Weekday,High-value record
461,2024-01-05,16:15:00,Shrimp Cocktail,Appetizer,9.0,14,126.0,Credit Card,Delivery,105,Nina,16,Friday,1,January,4,False,True,2024-01-05 16:00:00,Lunch,Weekday,High-value record
462,2024-05-04,18:30:00,Chocolate Lava Cake,Dessert,8.0,9,72.0,Cash,Delivery,105,Nina,18,Saturday,5,May,5,True,True,2024-05-04 18:00:00,Dinner,Weekend,High-value record
463,2024-05-05,13:00:00,Grilled Asparagus,Side,1.0,8,8.0,Cash,Delivery,103,Emily,13,Sunday,5,May,6,True,False,2024-05-05 13:00:00,Lunch,Weekend,Other record
464,2024-11-21,22:00:00,Mashed Potatoes,Side,2.0,7,14.0,Mobile Payment,Takeaway,103,Emily,22,Thursday,11,November,3,False,False,2024-11-21 22:00:00,Dinner,Weekday,Other record
465,2024-02-23,14:15:00,Grilled Asparagus,Side,7.0,8,56.0,Cash,Dine-In,103,Emily,14,Friday,2,February,4,False,False,2024-02-23 14:00:00,Lunch,Weekday,Other record
466,2024-02-17,11:15:00,Cabernet Sauvignon,Beverage,8.0,16,128.0,Mobile Payment,Takeaway,104,Carlos,11,Saturday,2,February,5,True,True,2024-02-17 11:00:00,Lunch,Weekend,High-value record
467,2024-02-13,20:00:00,Cabernet Sauvignon,Beverage,4.0,16,64.0,Mobile Payment,Takeaway,101,Sarah,20,Tuesday,2,February,1,False,True,2024-02-13 20:00:00,Dinner,Weekday,High-value record
468,2024-10-30,20:00:00,Grilled Asparagus,Side,4.0,8,32.0,Cash,Takeaway,103,Emily,20,Wednesday,10,October,2,False,False,2024-10-30 20:00:00,Dinner,Weekday,Other record
469,2024-06-10,17:30:00,Mashed Potatoes,Side,8.0,7,56.0,Credit Card,Dine-In,101,Sarah,17,Monday,6,June,0,False,False,2024-06-10 17:00:00,Dinner,Weekday,Other record
470,2024-04-13,13:00:00,New York Strip,Entree,1.0,38,38.0,Cash,Takeaway,104,Carlos,13,Saturday,4,April,5,True,False,2024-04-13 13:00:00,Lunch,Weekend,Other record
471,2024-06-09,17:00:00,Cabernet Sauvignon,Beverage,5.0,16,80.0,Cash,Takeaway,103,Emily,17,Sunday,6,June,6,True,True,2024-06-09 17:00:00,Dinner,Weekend,High-value record
472,2024-08-25,15:00:00,Filet Mignon,Entree,2.0,42,84.0,Mobile Payment,Takeaway,105,Nina,15,Sunday,8,August,6,True,True,2024-08-25 15:00:00,Lunch,Weekend,High-value record
473,2024-01-21,14:30:00,New York Strip,Entree,1.0,38,38.0,Mobile Payment,Dine-In,103,Emily,14,Sunday,1,January,6,True,False,2024-01-21 14:00:00,Lunch,Weekend,Other record
474,2024-07-21,19:00:00,Bourbon BBQ Burger,Entree,5.0,22,110.0,Credit Card,Dine-In,101,Sarah,19,Sunday,7,July,6,True,True,2024-07-21 19:00:00,Dinner,Weekend,High-value record
475,2024-07-26,18:15:00,Filet Mignon,Entree,7.0,42,294.0,Cash,Dine-In,101,Sarah,18,Friday,7,July,4,False,True,2024-07-26 18:00:00,Dinner,Weekday,High-value record
476,2024-01-07,11:15:00,New York Strip,Entree,2.0,38,76.0,Credit Card,Takeaway,101,Sarah,11,Sunday,1,January,6,True,True,2024-01-07 11:00:00,Lunch,Weekend,High-value record
477,2024-10-25,20:30:00,Filet Mignon,Entree,2.0,42,84.0,Cash,Dine-In,104,Carlos,20,Friday,10,October,4,False,True,2024-10-25 20:00:00,Dinner,Weekday,High-value record
478,2024-03-06,12:30:00,Filet Mignon,Entree,1.0,42,42.0,Credit Card,Dine-In,102,Jake,12,Wednesday,3,March,2,False,False,2024-03-06 12:00:00,Lunch,Weekday,Other record
479,2024-10-20,17:45:00,Old Fashioned,Beverage,2.0,12,24.0,Credit Card,Delivery,104,Carlos,17,Sunday,10,October,6,True,False,2024-10-20 17:00:00,Dinner,Weekend,Other record
480,2024-03-29,16:15:00,New York Strip,Entree,5.0,38,190.0,Credit Card,Takeaway,102,Jake,16,Friday,3,March,4,False,True,2024-03-29 16:00:00,Lunch,Weekday,High-value record
481,2024-01-18,20:15:00,Bourbon BBQ Burger,Entree,6.0,22,132.0,Credit Card,Takeaway,105,Nina,20,Thursday,1,January,3,False,True,2024-01-18 20:00:00,Dinner,Weekday,High-value record
482,2024-09-02,11:00:00,Shrimp Cocktail,Appetizer,4.0,14,56.0,Cash,Takeaway,102,Jake,11,Monday,9,September,0,False,False,2024-09-02 11:00:00,Lunch,Weekday,Other record
483,2024-11-25,19:15:00,Bourbon BBQ Burger,Entree,11.0,22,242.0,Cash,Takeaway,103,Emily,19,Monday,11,November,0,False,True,2024-11-25 19:00:00,Dinner,Weekday,High-value record
484,2024-09-02,19:45:00,Mashed Potatoes,Side,10.0,7,70.0,Mobile Payment,Takeaway,104,Carlos,19,Monday,9,September,0,False,True,2024-09-02 19:00:00,Dinner,Weekday,High-value record
485,2024-05-18,13:00:00,Mashed Potatoes,Side,8.0,7,56.0,Cash,Dine-In,103,Emily,13,Saturday,5,May,5,True,False,2024-05-18 13:00:00,Lunch,Weekend,Other record
486,2024-01-30,18:30:00,Chocolate Lava Cake,Dessert,4.0,9,36.0,Cash,Dine-In,102,Jake,18,Tuesday,1,January,1,False,False,2024-01-30 18:00:00,Dinner,Weekday,Other record
487,2024-12-02,14:30:00,Cabernet Sauvignon,Beverage,1.0,16,16.0,Cash,Delivery,104,Carlos,14,Monday,12,December,0,False,False,2024-12-02 14:00:00,Lunch,Weekday,Other record
488,2024-06-30,13:15:00,Caesar Salad,Appetizer,4.0,10,40.0,Credit Card,Delivery,103,Emily,13,Sunday,6,June,6,True,False,2024-06-30 13:00:00,Lunch,Weekend,Other record
489,2024-10-29,11:30:00,Chocolate Lava Cake,Dessert,5.0,9,45.0,Cash,Delivery,102,Jake,11,Tuesday,10,October,1,False,False,2024-10-29 11:00:00,Lunch,Weekday,Other record
490,2024-09-09,19:30:00,New York Strip,Entree,7.0,38,266.0,Cash,Dine-In,101,Sarah,19,Monday,9,September,0,False,True,2024-09-09 19:00:00,Dinner,Weekday,High-value record
491,2024-04-29,20:15:00,Ribeye Steak,Entree,12.0,35,420.0,Credit Card,Dine-In,103,Emily,20,Monday,4,April,0,False,True,2024-04-29 20:00:00,Dinner,Weekday,High-value record
492,2024-11-10,14:15:00,Mashed Potatoes,Side,2.0,7,14.0,Credit Card,Dine-In,101,Sarah,14,Sunday,11,November,6,True,False,2024-11-10 14:00:00,Lunch,Weekend,Other record
493,2024-03-16,20:15:00,Filet Mignon,Entree,10.0,42,420.0,Credit Card,Dine-In,103,Emily,20,Saturday,3,March,5,True,True,2024-03-16 20:00:00,Dinner,Weekend,High-value record
494,2024-12-26,21:45:00,Chocolate Lava Cake,Dessert,2.0,9,18.0,Credit Card,Takeaway,103,Emily,21,Thursday,12,December,3,False,False,2024-12-26 21:00:00,Dinner,Weekday,Other record
495,2024-03-10,13:45:00,Bourbon BBQ Burger,Entree,4.0,22,88.0,Mobile Payment,Takeaway,102,Jake,13,Sunday,3,March,6,True,True,2024-03-10 13:00:00,Lunch,Weekend,High-value record
496,2024-12-28,19:30:00,Caesar Salad,Appetizer,9.0,10,90.0,Cash,Takeaway,103,Emily,19,Saturday,12,December,5,True,True,2024-12-28 19:00:00,Dinner,Weekend,High-value record
497,2024-12-18,15:15:00,New York Strip,Entree,1.0,38,38.0,Mobile Payment,Delivery,104,Carlos,15,Wednesday,12,December,2,False,False,2024-12-18 15:00:00,Lunch,Weekday,Other record
498,2024-10-17,11:15:00,Chocolate Lava Cake,Dessert,3.0,9,27.0,Mobile Payment,Dine-In,105,Nina,11,Thursday,10,October,3,False,False,2024-10-17 11:00:00,Lunch,Weekday,Other record
499,2024-02-23,18:15:00,Mashed Potatoes,Side,2.0,7,14.0,Cash,Takeaway,103,Emily,18,Friday,2,February,4,False,False,2024-02-23 18:00:00,Dinner,Weekday,Other record
500,2024-03-26,21:00:00,Truffle Fries,Side,5.0,8,40.0,Credit Card,Dine-In,103,Emily,21,Tuesday,3,March,1,False,False,2024-03-26 21:00:00,Dinner,Weekday,Other record
501,2024-04-17,14:00:00,Mashed Potatoes,Side,3.0,7,21.0,Cash,Delivery,101,Sarah,14,Wednesday,4,April,2,False,False,2024-04-17 14:00:00,Lunch,Weekday,Other record
502,2024-01-25,17:45:00,Truffle Fries,Side,9.0,8,72.0,Cash,Takeaway,104,Carlos,17,Thursday,1,January,3,False,True,2024-01-25 17:00:00,Dinner,Weekday,High-value record
503,2024-07-12,16:45:00,Filet Mignon,Entree,5.0,42,210.0,Mobile Payment,Delivery,102,Jake,16,Friday,7,July,4,False,True,2024-07-12 16:00:00,Lunch,Weekday,High-value record
504,2024-03-24,18:00:00,Ribeye Steak,Entree,5.0,35,175.0,Cash,Takeaway,103,Emily,18,Sunday,3,March,6,True,True,2024-03-24 18:00:00,Dinner,Weekend,High-value record
505,2024-02-23,12:30:00,New York Strip,Entree,6.0,38,228.0,Cash,Delivery,101,Sarah,12,Friday,2,February,4,False,True,2024-02-23 12:00:00,Lunch,Weekday,High-value record
506,2024-10-07,12:30:00,Chocolate Lava Cake,Dessert,6.0,9,54.0,Credit Card,Delivery,101,Sarah,12,Monday,10,October,0,False,False,2024-10-07 12:00:00,Lunch,Weekday,Other record
507,2024-08-08,21:15:00,Chocolate Lava Cake,Dessert,7.0,9,63.0,Cash,Dine-In,101,Sarah,21,Thursday,8,August,3,False,True,2024-08-08 21:00:00,Dinner,Weekday,High-value record
508,2024-06-18,14:15:00,Grilled Asparagus,Side,5.0,8,40.0,Mobile Payment,Delivery,105,Nina,14,Tuesday,6,June,1,False,False,2024-06-18 14:00:00,Lunch,Weekday,Other record
509,2024-05-15,21:30:00,Shrimp Cocktail,Appetizer,4.0,14,56.0,Cash,Dine-In,104,Carlos,21,Wednesday,5,May,2,False,False,2024-05-15 21:00:00,Dinner,Weekday,Other record
510,2024-10-19,19:45:00,New York Strip,Entree,2.0,38,76.0,Credit Card,Dine-In,104,Carlos,19,Saturday,10,October,5,True,True,2024-10-19 19:00:00,Dinner,Weekend,High-value record
511,2024-02-14,15:45:00,Caesar Salad,Appetizer,1.2,10,12.0,Cash,Dine-In,102,Jake,15,Wednesday,2,February,2,False,False,2024-02-14 15:00:00,Lunch,Weekday,Other record
512,2024-11-22,15:00:00,Old Fashioned,Beverage,1.0,12,12.0,Credit Card,Takeaway,104,Carlos,15,Friday,11,November,4,False,False,2024-11-22 15:00:00,Lunch,Weekday,Other record
513,2024-09-07,21:30:00,Filet Mignon,Entree,11.0,42,462.0,Credit Card,Dine-In,103,Emily,21,Saturday,9,September,5,True,True,2024-09-07 21:00:00,Dinner,Weekend,High-value record
514,2024-07-14,16:15:00,Old Fashioned,Beverage,1.0,12,12.0,Credit Card,Takeaway,104,Carlos,16,Sunday,7,July,6,True,False,2024-07-14 16:00:00,Lunch,Weekend,Other record
515,2024-05-14,14:30:00,Chocolate Lava Cake,Dessert,1.0,9,9.0,Cash,Delivery,101,Sarah,14,Tuesday,5,May,1,False,False,2024-05-14 14:00:00,Lunch,Weekday,Other record
516,2024-02-13,21:30:00,Cabernet Sauvignon,Beverage,8.0,16,128.0,Mobile Payment,Dine-In,105,Nina,21,Tuesday,2,February,1,False,True,2024-02-13 21:00:00,Dinner,Weekday,High-value record
517,2024-02-01,17:45:00,Cabernet Sauvignon,Beverage,9.0,16,144.0,Mobile Payment,Dine-In,104,Carlos,17,Thursday,2,February,3,False,True,2024-02-01 17:00:00,Dinner,Weekday,High-value record
518,2024-06-02,12:45:00,Truffle Fries,Side,1.0,8,8.0,Mobile Payment,Delivery,105,Nina,12,Sunday,6,June,6,True,False,2024-06-02 12:00:00,Lunch,Weekend,Other record
519,2024-10-19,21:15:00,Filet Mignon,Entree,9.0,42,378.0,Cash,Dine-In,102,Jake,21,Saturday,10,October,5,True,True,2024-10-19 21:00:00,Dinner,Weekend,High-value record
520,2024-04-08,13:00:00,Grilled Asparagus,Side,1.0,8,8.0,Mobile Payment,Takeaway,102,Jake,13,Monday,4,April,0,False,False,2024-04-08 13:00:00,Lunch,Weekday,Other record
521,2024-11-17,13:30:00,Mashed Potatoes,Side,1.0,7,7.0,Cash,Takeaway,105,Nina,13,Sunday,11,November,6,True,False,2024-11-17 13:00:00,Lunch,Weekend,Other record
522,2024-07-22,19:30:00,Shrimp Cocktail,Appetizer,9.0,14,126.0,Credit Card,Dine-In,105,Nina,19,Monday,7,July,0,False,True,2024-07-22 19:00:00,Dinner,Weekday,High-value record
523,2024-10-27,19:45:00,Filet Mignon,Entree,7.0,42,294.0,Cash,Dine-In,105,Nina,19,Sunday,10,October,6,True,True,2024-10-27 19:00:00,Dinner,Weekend,High-value record
524,2024-10-28,20:00:00,Filet Mignon,Entree,9.0,42,378.0,Cash,Takeaway,105,Nina,20,Monday,10,October,0,False,True,2024-10-28 20:00:00,Dinner,Weekday,High-value record
525,2024-06-25,17:30:00,Grilled Asparagus,Side,8.0,8,64.0,Mobile Payment,Delivery,104,Carlos,17,Tuesday,6,June,1,False,True,2024-06-25 17:00:00,Dinner,Weekday,High-value record
526,2024-01-20,13:30:00,Grilled Asparagus,Side,3.0,8,24.0,Mobile Payment,Delivery,104,Carlos,13,Saturday,1,January,5,True,False,2024-01-20 13:00:00,Lunch,Weekend,Other record
527,2024-01-20,17:30:00,Truffle Fries,Side,4.0,8,32.0,Cash,Delivery,104,Carlos,17,Saturday,1,January,5,True,False,2024-01-20 17:00:00,Dinner,Weekend,Other record
528,2024-05-17,16:00:00,Mashed Potatoes,Side,5.0,7,35.0,Credit Card,Takeaway,104,Carlos,16,Friday,5,May,4,False,False,2024-05-17 16:00:00,Lunch,Weekday,Other record
529,2024-12-22,21:00:00,Caesar Salad,Appetizer,4.0,10,40.0,Credit Card,Delivery,104,Carlos,21,Sunday,12,December,6,True,False,2024-12-22 21:00:00,Dinner,Weekend,Other record
530,2024-06-13,15:45:00,Chocolate Lava Cake,Dessert,1.0,9,9.0,Cash,Takeaway,102,Jake,15,Thursday,6,June,3,False,False,2024-06-13 15:00:00,Lunch,Weekday,Other record
531,2024-07-27,22:45:00,Cabernet Sauvignon,Beverage,6.0,16,96.0,Cash,Delivery,102,Jake,22,Saturday,7,July,5,True,True,2024-07-27 22:00:00,Dinner,Weekend,High-value record
532,2024-02-03,15:45:00,New York Strip,Entree,9.0,38,342.0,Mobile Payment,Dine-In,102,Jake,15,Saturday,2,February,5,True,True,2024-02-03 15:00:00,Lunch,Weekend,High-value record
533,2024-04-08,14:00:00,Caesar Salad,Appetizer,1.0,10,10.0,Credit Card,Dine-In,103,Emily,14,Monday,4,April,0,False,False,2024-04-08 14:00:00,Lunch,Weekday,Other record
534,2024-12-26,14:30:00,Mashed Potatoes,Side,4.0,7,28.0,Mobile Payment,Takeaway,101,Sarah,14,Thursday,12,December,3,False,False,2024-12-26 14:00:00,Lunch,Weekday,Other record
535,2024-12-14,11:15:00,Mashed Potatoes,Side,6.0,7,42.0,Mobile Payment,Takeaway,102,Jake,11,Saturday,12,December,5,True,False,2024-12-14 11:00:00,Lunch,Weekend,Other record
536,2024-08-30,20:30:00,Mashed Potatoes,Side,4.0,7,28.0,Credit Card,Delivery,101,Sarah,20,Friday,8,August,4,False,False,2024-08-30 20:00:00,Dinner,Weekday,Other record
537,2024-05-25,11:45:00,Ribeye Steak,Entree,3.0,35,105.0,Mobile Payment,Dine-In,102,Jake,11,Saturday,5,May,5,True,True,2024-05-25 11:00:00,Lunch,Weekend,High-value record
538,2024-11-27,14:15:00,Shrimp Cocktail,Appetizer,5.0,14,70.0,Mobile Payment,Dine-In,101,Sarah,14,Wednesday,11,November,2,False,True,2024-11-27 14:00:00,Lunch,Weekday,High-value record
539,2024-08-30,13:15:00,Chocolate Lava Cake,Dessert,2.0,9,18.0,Cash,Takeaway,105,Nina,13,Friday,8,August,4,False,False,2024-08-30 13:00:00,Lunch,Weekday,Other record
540,2024-06-05,22:30:00,Grilled Asparagus,Side,7.0,8,56.0,Credit Card,Takeaway,103,Emily,22,Wednesday,6,June,2,False,False,2024-06-05 22:00:00,Dinner,Weekday,Other record
541,2024-04-21,18:30:00,Bourbon BBQ Burger,Entree,11.0,22,242.0,Mobile Payment,Takeaway,105,Nina,18,Sunday,4,April,6,True,True,2024-04-21 18:00:00,Dinner,Weekend,High-value record
542,2024-02-22,11:30:00,Cabernet Sauvignon,Beverage,4.0,16,64.0,Mobile Payment,Takeaway,103,Emily,11,Thursday,2,February,3,False,True,2024-02-22 11:00:00,Lunch,Weekday,High-value record
543,2024-12-16,12:45:00,Filet Mignon,Entree,3.0,42,126.0,Credit Card,Delivery,103,Emily,12,Monday,12,December,0,False,True,2024-12-16 12:00:00,Lunch,Weekday,High-value record
544,2024-05-21,15:30:00,Caesar Salad,Appetizer,2.0,10,20.0,Mobile Payment,Dine-In,101,Sarah,15,Tuesday,5,May,1,False,False,2024-05-21 15:00:00,Lunch,Weekday,Other record
545,2024-11-03,17:30:00,Bourbon BBQ Burger,Entree,4.0,22,88.0,Mobile Payment,Dine-In,104,Carlos,17,Sunday,11,November,6,True,True,2024-11-03 17:00:00,Dinner,Weekend,High-value record
546,2024-05-31,15:45:00,Grilled Asparagus,Side,7.0,8,56.0,Mobile Payment,Dine-In,105,Nina,15,Friday,5,May,4,False,False,2024-05-31 15:00:00,Lunch,Weekday,Other record
547,2024-12-28,20:15:00,Mashed Potatoes,Side,4.0,7,28.0,Mobile Payment,Delivery,104,Carlos,20,Saturday,12,December,5,True,False,2024-12-28 20:00:00,Dinner,Weekend,Other record
548,2024-12-09,16:30:00,New York Strip,Entree,5.0,38,190.0,Cash,Takeaway,101,Sarah,16,Monday,12,December,0,False,True,2024-12-09 16:00:00,Lunch,Weekday,High-value record
549,2024-08-29,13:30:00,Truffle Fries,Side,5.0,8,40.0,Cash,Delivery,103,Emily,13,Thursday,8,August,3,False,False,2024-08-29 13:00:00,Lunch,Weekday,Other record
550,2024-12-01,12:15:00,Mashed Potatoes,Side,2.0,7,14.0,Mobile Payment,Takeaway,104,Carlos,12,Sunday,12,December,6,True,False,2024-12-01 12:00:00,Lunch,Weekend,Other record
551,2024-06-18,16:30:00,Chocolate Lava Cake,Dessert,3.0,9,27.0,Credit Card,Dine-In,104,Carlos,16,Tuesday,6,June,1,False,False,2024-06-18 16:00:00,Lunch,Weekday,Other record
552,2024-01-28,21:00:00,Old Fashioned,Beverage,4.0,12,48.0,Mobile Payment,Dine-In,104,Carlos,21,Sunday,1,January,6,True,False,2024-01-28 21:00:00,Dinner,Weekend,Other record
553,2024-09-28,15:45:00,Ribeye Steak,Entree,3.0,35,105.0,Cash,Dine-In,103,Emily,15,Saturday,9,September,5,True,True,2024-09-28 15:00:00,Lunch,Weekend,High-value record
554,2024-07-28,20:45:00,New York Strip,Entree,6.0,38,228.0,Mobile Payment,Dine-In,101,Sarah,20,Sunday,7,July,6,True,True,2024-07-28 20:00:00,Dinner,Weekend,High-value record
555,2024-09-06,16:15:00,Mashed Potatoes,Side,1.0,7,7.0,Cash,Takeaway,103,Emily,16,Friday,9,September,4,False,False,2024-09-06 16:00:00,Lunch,Weekday,Other record
556,2024-04-17,13:15:00,Old Fashioned,Beverage,1.0,12,12.0,Cash,Delivery,104,Carlos,13,Wednesday,4,April,2,False,False,2024-04-17 13:00:00,Lunch,Weekday,Other record
557,2024-11-20,17:45:00,Grilled Asparagus,Side,7.0,8,56.0,Credit Card,Dine-In,101,Sarah,17,Wednesday,11,November,2,False,False,2024-11-20 17:00:00,Dinner,Weekday,Other record
558,2024-09-30,14:30:00,Ribeye Steak,Entree,4.0,35,140.0,Mobile Payment,Dine-In,101,Sarah,14,Monday,9,September,0,False,True,2024-09-30 14:00:00,Lunch,Weekday,High-value record
559,2024-12-12,11:15:00,Caesar Salad,Appetizer,3.0,10,30.0,Credit Card,Dine-In,101,Sarah,11,Thursday,12,December,3,False,False,2024-12-12 11:00:00,Lunch,Weekday,Other record
560,2024-07-15,19:30:00,New York Strip,Entree,2.0,38,76.0,Cash,Takeaway,103,Emily,19,Monday,7,July,0,False,True,2024-07-15 19:00:00,Dinner,Weekday,High-value record
561,2024-08-21,22:30:00,Grilled Asparagus,Side,3.0,8,24.0,Credit Card,Takeaway,103,Emily,22,Wednesday,8,August,2,False,False,2024-08-21 22:00:00,Dinner,Weekday,Other record
562,2024-04-06,13:45:00,Ribeye Steak,Entree,3.0,35,105.0,Cash,Delivery,102,Jake,13,Saturday,4,April,5,True,True,2024-04-06 13:00:00,Lunch,Weekend,High-value record
563,2024-04-18,22:00:00,Chocolate Lava Cake,Dessert,9.0,9,81.0,Cash,Dine-In,103,Emily,22,Thursday,4,April,3,False,True,2024-04-18 22:00:00,Dinner,Weekday,High-value record
564,2024-12-30,21:00:00,Grilled Asparagus,Side,5.0,8,40.0,Mobile Payment,Delivery,101,Sarah,21,Monday,12,December,0,False,False,2024-12-30 21:00:00,Dinner,Weekday,Other record
565,2024-10-31,11:00:00,Bourbon BBQ Burger,Entree,1.0,22,22.0,Cash,Delivery,101,Sarah,11,Thursday,10,October,3,False,False,2024-10-31 11:00:00,Lunch,Weekday,Other record
566,2024-08-01,18:45:00,Filet Mignon,Entree,9.0,42,378.0,Credit Card,Takeaway,102,Jake,18,Thursday,8,August,3,False,True,2024-08-01 18:00:00,Dinner,Weekday,High-value record
567,2024-04-15,22:00:00,Shrimp Cocktail,Appetizer,9.0,14,126.0,Mobile Payment,Dine-In,105,Nina,22,Monday,4,April,0,False,True,2024-04-15 22:00:00,Dinner,Weekday,High-value record
568,2024-05-18,20:15:00,Grilled Asparagus,Side,2.0,8,16.0,Mobile Payment,Delivery,105,Nina,20,Saturday,5,May,5,True,False,2024-05-18 20:00:00,Dinner,Weekend,Other record
569,2024-03-01,15:00:00,Filet Mignon,Entree,6.0,42,252.0,Cash,Delivery,102,Jake,15,Friday,3,March,4,False,True,2024-03-01 15:00:00,Lunch,Weekday,High-value record
570,2024-05-14,19:15:00,Mashed Potatoes,Side,7.0,7,49.0,Credit Card,Dine-In,101,Sarah,19,Tuesday,5,May,1,False,False,2024-05-14 19:00:00,Dinner,Weekday,Other record
571,2024-10-07,18:15:00,Truffle Fries,Side,9.0,8,72.0,Credit Card,Dine-In,101,Sarah,18,Monday,10,October,0,False,True,2024-10-07 18:00:00,Dinner,Weekday,High-value record
572,2024-01-07,21:00:00,Filet Mignon,Entree,11.0,42,462.0,Mobile Payment,Takeaway,102,Jake,21,Sunday,1,January,6,True,True,2024-01-07 21:00:00,Dinner,Weekend,High-value record
573,2024-02-16,19:00:00,Truffle Fries,Side,2.0,8,16.0,Credit Card,Delivery,102,Jake,19,Friday,2,February,4,False,False,2024-02-16 19:00:00,Dinner,Weekday,Other record
574,2024-08-21,15:30:00,Old Fashioned,Beverage,1.0,12,12.0,Cash,Dine-In,101,Sarah,15,Wednesday,8,August,2,False,False,2024-08-21 15:00:00,Lunch,Weekday,Other record
575,2024-05-28,16:30:00,Grilled Asparagus,Side,1.0,8,8.0,Cash,Dine-In,101,Sarah,16,Tuesday,5,May,1,False,False,2024-05-28 16:00:00,Lunch,Weekday,Other record
576,2024-03-11,21:15:00,Mashed Potatoes,Side,5.0,7,35.0,Credit Card,Delivery,103,Emily,21,Monday,3,March,0,False,False,2024-03-11 21:00:00,Dinner,Weekday,Other record
577,2024-02-17,16:30:00,New York Strip,Entree,1.0,38,38.0,Credit Card,Takeaway,104,Carlos,16,Saturday,2,February,5,True,False,2024-02-17 16:00:00,Lunch,Weekend,Other record
578,2024-05-19,17:45:00,Grilled Asparagus,Side,4.0,8,32.0,Cash,Dine-In,101,Sarah,17,Sunday,5,May,6,True,False,2024-05-19 17:00:00,Dinner,Weekend,Other record
579,2024-03-22,12:45:00,Chocolate Lava Cake,Dessert,5.0,9,45.0,Mobile Payment,Delivery,104,Carlos,12,Friday,3,March,4,False,False,2024-03-22 12:00:00,Lunch,Weekday,Other record
580,2024-04-02,20:45:00,Mashed Potatoes,Side,10.0,7,70.0,Cash,Delivery,102,Jake,20,Tuesday,4,April,1,False,True,2024-04-02 20:00:00,Dinner,Weekday,High-value record
581,2024-09-04,18:00:00,Grilled Asparagus,Side,8.0,8,64.0,Cash,Dine-In,103,Emily,18,Wednesday,9,September,2,False,True,2024-09-04 18:00:00,Dinner,Weekday,High-value record
582,2024-12-01,16:00:00,Truffle Fries,Side,4.0,8,32.0,Mobile Payment,Delivery,105,Nina,16,Sunday,12,December,6,True,False,2024-12-01 16:00:00,Lunch,Weekend,Other record
583,2024-04-24,21:30:00,Cabernet Sauvignon,Beverage,10.0,16,160.0,Mobile Payment,Delivery,105,Nina,21,Wednesday,4,April,2,False,True,2024-04-24 21:00:00,Dinner,Weekday,High-value record
584,2024-02-18,17:15:00,Old Fashioned,Beverage,7.0,12,84.0,Mobile Payment,Delivery,104,Carlos,17,Sunday,2,February,6,True,True,2024-02-18 17:00:00,Dinner,Weekend,High-value record
585,2024-03-17,19:00:00,Ribeye Steak,Entree,5.0,35,175.0,Mobile Payment,Takeaway,104,Carlos,19,Sunday,3,March,6,True,True,2024-03-17 19:00:00,Dinner,Weekend,High-value record
586,2024-03-25,12:45:00,Mashed Potatoes,Side,2.0,7,14.0,Credit Card,Takeaway,101,Sarah,12,Monday,3,March,0,False,False,2024-03-25 12:00:00,Lunch,Weekday,Other record
587,2024-09-16,14:45:00,Grilled Asparagus,Side,2.0,8,16.0,Cash,Takeaway,104,Carlos,14,Monday,9,September,0,False,False,2024-09-16 14:00:00,Lunch,Weekday,Other record
588,2024-10-20,18:00:00,Old Fashioned,Beverage,8.0,12,96.0,Credit Card,Dine-In,104,Carlos,18,Sunday,10,October,6,True,True,2024-10-20 18:00:00,Dinner,Weekend,High-value record
589,2024-11-30,11:00:00,Grilled Asparagus,Side,6.0,8,48.0,Cash,Delivery,105,Nina,11,Saturday,11,November,5,True,False,2024-11-30 11:00:00,Lunch,Weekend,Other record
590,2024-01-01,12:30:00,Cabernet Sauvignon,Beverage,7.2,16,115.2,Cash,Delivery,104,Carlos,12,Monday,1,January,0,False,True,2024-01-01 12:00:00,Lunch,Weekday,High-value record
591,2024-06-23,16:00:00,Caesar Salad,Appetizer,3.0,10,30.0,Credit Card,Delivery,105,Nina,16,Sunday,6,June,6,True,False,2024-06-23 16:00:00,Lunch,Weekend,Other record
592,2024-11-03,18:30:00,Truffle Fries,Side,9.0,8,72.0,Cash,Dine-In,102,Jake,18,Sunday,11,November,6,True,True,2024-11-03 18:00:00,Dinner,Weekend,High-value record
593,2024-01-02,16:30:00,Bourbon BBQ Burger,Entree,3.0,22,66.0,Mobile Payment,Delivery,103,Emily,16,Tuesday,1,January,1,False,True,2024-01-02 16:00:00,Lunch,Weekday,High-value record
594,2024-12-25,12:00:00,New York Strip,Entree,4.0,38,152.0,Cash,Delivery,104,Carlos,12,Wednesday,12,December,2,False,True,2024-12-25 12:00:00,Lunch,Weekday,High-value record
595,2024-02-24,15:15:00,Caesar Salad,Appetizer,2.0,10,20.0,Credit Card,Dine-In,104,Carlos,15,Saturday,2,February,5,True,False,2024-02-24 15:00:00,Lunch,Weekend,Other record
596,2024-04-07,22:30:00,Filet Mignon,Entree,7.0,42,294.0,Cash,Delivery,105,Nina,22,Sunday,4,April,6,True,True,2024-04-07 22:00:00,Dinner,Weekend,High-value record
597,2024-03-04,18:45:00,Bourbon BBQ Burger,Entree,10.0,22,220.0,Mobile Payment,Dine-In,104,Carlos,18,Monday,3,March,0,False,True,2024-03-04 18:00:00,Dinner,Weekday,High-value record
598,2024-01-03,19:00:00,Cabernet Sauvignon,Beverage,7.0,16,112.0,Mobile Payment,Takeaway,105,Nina,19,Wednesday,1,January,2,False,True,2024-01-03 19:00:00,Dinner,Weekday,High-value record
599,2024-03-31,22:15:00,Truffle Fries,Side,4.0,8,32.0,Cash,Takeaway,105,Nina,22,Sunday,3,March,6,True,False,2024-03-31 22:00:00,Dinner,Weekend,Other record
600,2024-11-06,16:45:00,Grilled Asparagus,Side,5.0,8,40.0,Mobile Payment,Dine-In,103,Emily,16,Wednesday,11,November,2,False,False,2024-11-06 16:00:00,Lunch,Weekday,Other record
601,2024-07-22,16:30:00,Old Fashioned,Beverage,2.0,12,24.0,Cash,Takeaway,105,Nina,16,Monday,7,July,0,False,False,2024-07-22 16:00:00,Lunch,Weekday,Other record
602,2024-12-24,22:30:00,Truffle Fries,Side,11.0,8,88.0,Credit Card,Delivery,105,Nina,22,Tuesday,12,December,1,False,True,2024-12-24 22:00:00,Dinner,Weekday,High-value record
603,2024-11-19,14:15:00,Caesar Salad,Appetizer,4.0,10,40.0,Mobile Payment,Takeaway,103,Emily,14,Tuesday,11,November,1,False,False,2024-11-19 14:00:00,Lunch,Weekday,Other record
604,2024-12-10,13:15:00,Cabernet Sauvignon,Beverage,6.0,16,96.0,Mobile Payment,Delivery,103,Emily,13,Tuesday,12,December,1,False,True,2024-12-10 13:00:00,Lunch,Weekday,High-value record
605,2024-12-29,12:30:00,Cabernet Sauvignon,Beverage,4.0,16,64.0,Mobile Payment,Delivery,104,Carlos,12,Sunday,12,December,6,True,True,2024-12-29 12:00:00,Lunch,Weekend,High-value record
606,2024-12-11,22:30:00,Grilled Asparagus,Side,2.0,8,16.0,Mobile Payment,Dine-In,101,Sarah,22,Wednesday,12,December,2,False,False,2024-12-11 22:00:00,Dinner,Weekday,Other record
607,2024-07-14,13:00:00,Bourbon BBQ Burger,Entree,1.0,22,22.0,Cash,Takeaway,102,Jake,13,Sunday,7,July,6,True,False,2024-07-14 13:00:00,Lunch,Weekend,Other record
608,2024-05-26,21:30:00,New York Strip,Entree,2.0,38,76.0,Mobile Payment,Takeaway,102,Jake,21,Sunday,5,May,6,True,True,2024-05-26 21:00:00,Dinner,Weekend,High-value record
609,2024-10-04,11:30:00,Old Fashioned,Beverage,2.0,12,24.0,Mobile Payment,Delivery,105,Nina,11,Friday,10,October,4,False,False,2024-10-04 11:00:00,Lunch,Weekday,Other record
610,2024-04-24,22:45:00,Caesar Salad,Appetizer,11.0,10,110.0,Mobile Payment,Takeaway,101,Sarah,22,Wednesday,4,April,2,False,True,2024-04-24 22:00:00,Dinner,Weekday,High-value record
611,2024-07-14,17:45:00,Bourbon BBQ Burger,Entree,7.0,22,154.0,Mobile Payment,Dine-In,101,Sarah,17,Sunday,7,July,6,True,True,2024-07-14 17:00:00,Dinner,Weekend,High-value record
612,2024-05-08,14:45:00,Caesar Salad,Appetizer,2.0,10,20.0,Mobile Payment,Delivery,105,Nina,14,Wednesday,5,May,2,False,False,2024-05-08 14:00:00,Lunch,Weekday,Other record
613,2024-04-10,22:15:00,Shrimp Cocktail,Appetizer,8.0,14,112.0,Cash,Delivery,101,Sarah,22,Wednesday,4,April,2,False,True,2024-04-10 22:00:00,Dinner,Weekday,High-value record
614,2024-04-05,13:00:00,Grilled Asparagus,Side,1.0,8,8.0,Credit Card,Takeaway,105,Nina,13,Friday,4,April,4,False,False,2024-04-05 13:00:00,Lunch,Weekday,Other record
615,2024-05-15,13:15:00,Chocolate Lava Cake,Dessert,2.0,9,18.0,Cash,Takeaway,104,Carlos,13,Wednesday,5,May,2,False,False,2024-05-15 13:00:00,Lunch,Weekday,Other record
616,2024-12-29,13:00:00,New York Strip,Entree,3.0,38,114.0,Mobile Payment,Dine-In,105,Nina,13,Sunday,12,December,6,True,True,2024-12-29 13:00:00,Lunch,Weekend,High-value record
617,2024-12-04,15:45:00,Chocolate Lava Cake,Dessert,5.0,9,45.0,Credit Card,Dine-In,103,Emily,15,Wednesday,12,December,2,False,False,2024-12-04 15:00:00,Lunch,Weekday,Other record
618,2024-09-26,14:15:00,Cabernet Sauvignon,Beverage,1.0,16,16.0,Mobile Payment,Dine-In,104,Carlos,14,Thursday,9,September,3,False,False,2024-09-26 14:00:00,Lunch,Weekday,Other record
619,2024-10-05,19:45:00,Filet Mignon,Entree,5.0,42,210.0,Cash,Dine-In,103,Emily,19,Saturday,10,October,5,True,True,2024-10-05 19:00:00,Dinner,Weekend,High-value record
620,2024-06-18,16:30:00,Caesar Salad,Appetizer,5.0,10,50.0,Mobile Payment,Takeaway,105,Nina,16,Tuesday,6,June,1,False,False,2024-06-18 16:00:00,Lunch,Weekday,Other record
621,2024-11-28,11:00:00,Bourbon BBQ Burger,Entree,3.6,22,79.2,Credit Card,Dine-In,105,Nina,11,Thursday,11,November,3,False,True,2024-11-28 11:00:00,Lunch,Weekday,High-value record
622,2024-11-14,14:00:00,Bourbon BBQ Burger,Entree,3.0,22,66.0,Credit Card,Dine-In,104,Carlos,14,Thursday,11,November,3,False,True,2024-11-14 14:00:00,Lunch,Weekday,High-value record
623,2024-05-11,19:30:00,Ribeye Steak,Entree,9.0,35,315.0,Credit Card,Delivery,105,Nina,19,Saturday,5,May,5,True,True,2024-05-11 19:00:00,Dinner,Weekend,High-value record
624,2024-08-16,18:00:00,Shrimp Cocktail,Appetizer,4.0,14,56.0,Credit Card,Delivery,101,Sarah,18,Friday,8,August,4,False,False,2024-08-16 18:00:00,Dinner,Weekday,Other record
625,2024-02-19,13:00:00,Bourbon BBQ Burger,Entree,1.0,22,22.0,Cash,Delivery,102,Jake,13,Monday,2,February,0,False,False,2024-02-19 13:00:00,Lunch,Weekday,Other record
626,2024-12-16,17:00:00,Caesar Salad,Appetizer,10.0,10,100.0,Mobile Payment,Delivery,104,Carlos,17,Monday,12,December,0,False,True,2024-12-16 17:00:00,Dinner,Weekday,High-value record
627,2024-11-27,12:15:00,Ribeye Steak,Entree,4.0,35,140.0,Mobile Payment,Takeaway,101,Sarah,12,Wednesday,11,November,2,False,True,2024-11-27 12:00:00,Lunch,Weekday,High-value record
628,2024-02-14,12:00:00,New York Strip,Entree,2.4,38,91.2,Mobile Payment,Dine-In,105,Nina,12,Wednesday,2,February,2,False,True,2024-02-14 12:00:00,Lunch,Weekday,High-value record
629,2024-04-26,15:45:00,Grilled Asparagus,Side,6.0,8,48.0,Mobile Payment,Takeaway,104,Carlos,15,Friday,4,April,4,False,False,2024-04-26 15:00:00,Lunch,Weekday,Other record
630,2024-06-10,11:45:00,Bourbon BBQ Burger,Entree,1.0,22,22.0,Mobile Payment,Dine-In,105,Nina,11,Monday,6,June,0,False,False,2024-06-10 11:00:00,Lunch,Weekday,Other record
631,2024-02-02,22:00:00,Truffle Fries,Side,2.0,8,16.0,Credit Card,Delivery,101,Sarah,22,Friday,2,February,4,False,False,2024-02-02 22:00:00,Dinner,Weekday,Other record
632,2024-05-28,21:30:00,Chocolate Lava Cake,Dessert,2.0,9,18.0,Credit Card,Takeaway,104,Carlos,21,Tuesday,5,May,1,False,False,2024-05-28 21:00:00,Dinner,Weekday,Other record
633,2024-07-21,21:00:00,Old Fashioned,Beverage,3.0,12,36.0,Mobile Payment,Dine-In,102,Jake,21,Sunday,7,July,6,True,False,2024-07-21 21:00:00,Dinner,Weekend,Other record
634,2024-07-19,19:30:00,Bourbon BBQ Burger,Entree,3.0,22,66.0,Credit Card,Delivery,103,Emily,19,Friday,7,July,4,False,True,2024-07-19 19:00:00,Dinner,Weekday,High-value record
635,2024-01-06,19:15:00,Filet Mignon,Entree,2.0,42,84.0,Cash,Delivery,105,Nina,19,Saturday,1,January,5,True,True,2024-01-06 19:00:00,Dinner,Weekend,High-value record
636,2024-07-20,19:00:00,Shrimp Cocktail,Appetizer,3.0,14,42.0,Mobile Payment,Delivery,103,Emily,19,Saturday,7,July,5,True,False,2024-07-20 19:00:00,Dinner,Weekend,Other record
637,2024-04-18,17:15:00,New York Strip,Entree,4.0,38,152.0,Cash,Delivery,103,Emily,17,Thursday,4,April,3,False,True,2024-04-18 17:00:00,Dinner,Weekday,High-value record
638,2024-04-09,12:15:00,Bourbon BBQ Burger,Entree,5.0,22,110.0,Cash,Delivery,104,Carlos,12,Tuesday,4,April,1,False,True,2024-04-09 12:00:00,Lunch,Weekday,High-value record
639,2024-11-26,19:00:00,Shrimp Cocktail,Appetizer,2.0,14,28.0,Credit Card,Dine-In,102,Jake,19,Tuesday,11,November,1,False,False,2024-11-26 19:00:00,Dinner,Weekday,Other record
640,2024-10-24,18:30:00,Mashed Potatoes,Side,4.0,7,28.0,Mobile Payment,Delivery,102,Jake,18,Thursday,10,October,3,False,False,2024-10-24 18:00:00,Dinner,Weekday,Other record
641,2024-02-21,15:00:00,Caesar Salad,Appetizer,3.0,10,30.0,Credit Card,Takeaway,103,Emily,15,Wednesday,2,February,2,False,False,2024-02-21 15:00:00,Lunch,Weekday,Other record
642,2024-11-11,21:30:00,Truffle Fries,Side,11.0,8,88.0,Cash,Delivery,105,Nina,21,Monday,11,November,0,False,True,2024-11-11 21:00:00,Dinner,Weekday,High-value record
643,2024-07-05,16:45:00,New York Strip,Entree,1.0,38,38.0,Credit Card,Dine-In,102,Jake,16,Friday,7,July,4,False,False,2024-07-05 16:00:00,Lunch,Weekday,Other record
644,2024-12-30,22:45:00,Shrimp Cocktail,Appetizer,7.0,14,98.0,Cash,Delivery,103,Emily,22,Monday,12,December,0,False,True,2024-12-30 22:00:00,Dinner,Weekday,High-value record
645,2024-09-02,18:45:00,Mashed Potatoes,Side,6.0,7,42.0,Credit Card,Delivery,101,Sarah,18,Monday,9,September,0,False,False,2024-09-02 18:00:00,Dinner,Weekday,Other record
646,2024-03-30,21:00:00,Shrimp Cocktail,Appetizer,3.0,14,42.0,Mobile Payment,Dine-In,103,Emily,21,Saturday,3,March,5,True,False,2024-03-30 21:00:00,Dinner,Weekend,Other record
647,2024-11-16,12:00:00,Ribeye Steak,Entree,8.0,35,280.0,Mobile Payment,Dine-In,105,Nina,12,Saturday,11,November,5,True,True,2024-11-16 12:00:00,Lunch,Weekend,High-value record
648,2024-10-23,17:15:00,Ribeye Steak,Entree,9.0,35,315.0,Credit Card,Delivery,105,Nina,17,Wednesday,10,October,2,False,True,2024-10-23 17:00:00,Dinner,Weekday,High-value record
649,2024-08-29,21:15:00,Mashed Potatoes,Side,7.0,7,49.0,Cash,Delivery,103,Emily,21,Thursday,8,August,3,False,False,2024-08-29 21:00:00,Dinner,Weekday,Other record
650,2024-03-09,18:00:00,Grilled Asparagus,Side,5.0,8,40.0,Mobile Payment,Dine-In,102,Jake,18,Saturday,3,March,5,True,False,2024-03-09 18:00:00,Dinner,Weekend,Other record
651,2024-11-10,21:15:00,Cabernet Sauvignon,Beverage,4.0,16,64.0,Credit Card,Dine-In,102,Jake,21,Sunday,11,November,6,True,True,2024-11-10 21:00:00,Dinner,Weekend,High-value record
652,2024-10-16,20:15:00,Truffle Fries,Side,8.0,8,64.0,Credit Card,Dine-In,102,Jake,20,Wednesday,10,October,2,False,True,2024-10-16 20:00:00,Dinner,Weekday,High-value record
653,2024-09-06,14:00:00,Shrimp Cocktail,Appetizer,4.0,14,56.0,Cash,Dine-In,102,Jake,14,Friday,9,September,4,False,False,2024-09-06 14:00:00,Lunch,Weekday,Other record
654,2024-09-22,16:45:00,Old Fashioned,Beverage,4.0,12,48.0,Cash,Dine-In,103,Emily,16,Sunday,9,September,6,True,False,2024-09-22 16:00:00,Lunch,Weekend,Other record
655,2024-02-22,22:30:00,Truffle Fries,Side,5.0,8,40.0,Mobile Payment,Delivery,105,Nina,22,Thursday,2,February,3,False,False,2024-02-22 22:00:00,Dinner,Weekday,Other record
656,2024-03-30,17:45:00,Mashed Potatoes,Side,11.0,7,77.0,Mobile Payment,Dine-In,105,Nina,17,Saturday,3,March,5,True,True,2024-03-30 17:00:00,Dinner,Weekend,High-value record
657,2024-05-08,17:15:00,Cabernet Sauvignon,Beverage,8.0,16,128.0,Credit Card,Takeaway,104,Carlos,17,Wednesday,5,May,2,False,True,2024-05-08 17:00:00,Dinner,Weekday,High-value record
658,2024-09-03,20:00:00,Cabernet Sauvignon,Beverage,4.0,16,64.0,Credit Card,Dine-In,102,Jake,20,Tuesday,9,September,1,False,True,2024-09-03 20:00:00,Dinner,Weekday,High-value record
659,2024-02-09,19:30:00,Caesar Salad,Appetizer,4.0,10,40.0,Cash,Dine-In,103,Emily,19,Friday,2,February,4,False,False,2024-02-09 19:00:00,Dinner,Weekday,Other record
660,2024-11-04,22:00:00,Bourbon BBQ Burger,Entree,4.0,22,88.0,Credit Card,Takeaway,101,Sarah,22,Monday,11,November,0,False,True,2024-11-04 22:00:00,Dinner,Weekday,High-value record
661,2024-09-03,21:45:00,Old Fashioned,Beverage,4.0,12,48.0,Mobile Payment,Dine-In,104,Carlos,21,Tuesday,9,September,1,False,False,2024-09-03 21:00:00,Dinner,Weekday,Other record
662,2024-01-12,14:00:00,New York Strip,Entree,9.0,38,342.0,Mobile Payment,Dine-In,102,Jake,14,Friday,1,January,4,False,True,2024-01-12 14:00:00,Lunch,Weekday,High-value record
663,2024-11-18,19:00:00,Chocolate Lava Cake,Dessert,5.0,9,45.0,Cash,Dine-In,103,Emily,19,Monday,11,November,0,False,False,2024-11-18 19:00:00,Dinner,Weekday,Other record
664,2024-04-02,19:45:00,Chocolate Lava Cake,Dessert,9.0,9,81.0,Mobile Payment,Dine-In,103,Emily,19,Tuesday,4,April,1,False,True,2024-04-02 19:00:00,Dinner,Weekday,High-value record
665,2024-02-13,14:45:00,Chocolate Lava Cake,Dessert,4.0,9,36.0,Credit Card,Dine-In,102,Jake,14,Tuesday,2,February,1,False,False,2024-02-13 14:00:00,Lunch,Weekday,Other record
666,2024-07-29,20:15:00,Chocolate Lava Cake,Dessert,5.0,9,45.0,Mobile Payment,Delivery,105,Nina,20,Monday,7,July,0,False,False,2024-07-29 20:00:00,Dinner,Weekday,Other record
667,2024-05-15,13:30:00,Old Fashioned,Beverage,5.0,12,60.0,Mobile Payment,Dine-In,102,Jake,13,Wednesday,5,May,2,False,False,2024-05-15 13:00:00,Lunch,Weekday,Other record
668,2024-07-12,17:15:00,Filet Mignon,Entree,2.0,42,84.0,Cash,Delivery,105,Nina,17,Friday,7,July,4,False,True,2024-07-12 17:00:00,Dinner,Weekday,High-value record
669,2024-12-16,17:15:00,Chocolate Lava Cake,Dessert,2.0,9,18.0,Cash,Takeaway,105,Nina,17,Monday,12,December,0,False,False,2024-12-16 17:00:00,Dinner,Weekday,Other record
670,2024-11-03,11:00:00,Filet Mignon,Entree,3.0,42,126.0,Mobile Payment,Dine-In,105,Nina,11,Sunday,11,November,6,True,True,2024-11-03 11:00:00,Lunch,Weekend,High-value record
671,2024-10-03,11:45:00,Cabernet Sauvignon,Beverage,3.0,16,48.0,Credit Card,Dine-In,105,Nina,11,Thursday,10,October,3,False,False,2024-10-03 11:00:00,Lunch,Weekday,Other record
672,2024-08-07,14:45:00,Grilled Asparagus,Side,2.0,8,16.0,Mobile Payment,Delivery,105,Nina,14,Wednesday,8,August,2,False,False,2024-08-07 14:00:00,Lunch,Weekday,Other record
673,2024-02-20,17:15:00,Shrimp Cocktail,Appetizer,9.0,14,126.0,Cash,Dine-In,103,Emily,17,Tuesday,2,February,1,False,True,2024-02-20 17:00:00,Dinner,Weekday,High-value record
674,2024-11-02,19:45:00,Shrimp Cocktail,Appetizer,4.0,14,56.0,Cash,Delivery,101,Sarah,19,Saturday,11,November,5,True,False,2024-11-02 19:00:00,Dinner,Weekend,Other record
675,2024-10-22,19:00:00,Cabernet Sauvignon,Beverage,2.0,16,32.0,Credit Card,Delivery,102,Jake,19,Tuesday,10,October,1,False,False,2024-10-22 19:00:00,Dinner,Weekday,Other record
676,2024-12-18,16:45:00,Mashed Potatoes,Side,1.0,7,7.0,Cash,Takeaway,105,Nina,16,Wednesday,12,December,2,False,False,2024-12-18 16:00:00,Lunch,Weekday,Other record
677,2024-05-09,15:45:00,Chocolate Lava Cake,Dessert,3.0,9,27.0,Mobile Payment,Takeaway,104,Carlos,15,Thursday,5,May,3,False,False,2024-05-09 15:00:00,Lunch,Weekday,Other record
678,2024-04-14,17:45:00,New York Strip,Entree,6.0,38,228.0,Mobile Payment,Delivery,104,Carlos,17,Sunday,4,April,6,True,True,2024-04-14 17:00:00,Dinner,Weekend,High-value record
679,2024-05-09,15:30:00,Truffle Fries,Side,4.0,8,32.0,Mobile Payment,Dine-In,101,Sarah,15,Thursday,5,May,3,False,False,2024-05-09 15:00:00,Lunch,Weekday,Other record
680,2024-04-27,18:15:00,Filet Mignon,Entree,4.0,42,168.0,Mobile Payment,Takeaway,103,Emily,18,Saturday,4,April,5,True,True,2024-04-27 18:00:00,Dinner,Weekend,High-value record
681,2024-10-08,20:00:00,New York Strip,Entree,8.0,38,304.0,Mobile Payment,Dine-In,101,Sarah,20,Tuesday,10,October,1,False,True,2024-10-08 20:00:00,Dinner,Weekday,High-value record
682,2024-03-15,18:45:00,Filet Mignon,Entree,2.0,42,84.0,Credit Card,Dine-In,103,Emily,18,Friday,3,March,4,False,True,2024-03-15 18:00:00,Dinner,Weekday,High-value record
683,2024-02-10,20:00:00,Truffle Fries,Side,8.0,8,64.0,Credit Card,Delivery,105,Nina,20,Saturday,2,February,5,True,True,2024-02-10 20:00:00,Dinner,Weekend,High-value record
684,2024-05-26,22:00:00,New York Strip,Entree,9.0,38,342.0,Credit Card,Dine-In,102,Jake,22,Sunday,5,May,6,True,True,2024-05-26 22:00:00,Dinner,Weekend,High-value record
685,2024-12-02,19:30:00,Caesar Salad,Appetizer,2.0,10,20.0,Mobile Payment,Delivery,105,Nina,19,Monday,12,December,0,False,False,2024-12-02 19:00:00,Dinner,Weekday,Other record
686,2024-12-23,14:15:00,Bourbon BBQ Burger,Entree,1.0,22,22.0,Credit Card,Dine-In,101,Sarah,14,Monday,12,December,0,False,False,2024-12-23 14:00:00,Lunch,Weekday,Other record
687,2024-03-21,12:30:00,Grilled Asparagus,Side,4.0,8,32.0,Mobile Payment,Takeaway,104,Carlos,12,Thursday,3,March,3,False,False,2024-03-21 12:00:00,Lunch,Weekday,Other record
688,2024-10-27,14:00:00,Truffle Fries,Side,1.0,8,8.0,Cash,Delivery,103,Emily,14,Sunday,10,October,6,True,False,2024-10-27 14:00:00,Lunch,Weekend,Other record
689,2024-10-13,20:30:00,Mashed Potatoes,Side,5.0,7,35.0,Cash,Delivery,102,Jake,20,Sunday,10,October,6,True,False,2024-10-13 20:00:00,Dinner,Weekend,Other record
690,2024-08-20,17:00:00,Shrimp Cocktail,Appetizer,4.0,14,56.0,Credit Card,Delivery,101,Sarah,17,Tuesday,8,August,1,False,False,2024-08-20 17:00:00,Dinner,Weekday,Other record
691,2024-10-13,12:30:00,Mashed Potatoes,Side,1.0,7,7.0,Mobile Payment,Takeaway,105,Nina,12,Sunday,10,October,6,True,False,2024-10-13 12:00:00,Lunch,Weekend,Other record
692,2024-10-21,15:45:00,Grilled Asparagus,Side,6.0,8,48.0,Credit Card,Dine-In,103,Emily,15,Monday,10,October,0,False,False,2024-10-21 15:00:00,Lunch,Weekday,Other record
693,2024-08-22,21:45:00,Chocolate Lava Cake,Dessert,2.0,9,18.0,Credit Card,Dine-In,103,Emily,21,Thursday,8,August,3,False,False,2024-08-22 21:00:00,Dinner,Weekday,Other record
694,2024-02-04,17:15:00,Bourbon BBQ Burger,Entree,4.0,22,88.0,Credit Card,Takeaway,103,Emily,17,Sunday,2,February,6,True,True,2024-02-04 17:00:00,Dinner,Weekend,High-value record
695,2024-09-21,19:00:00,Truffle Fries,Side,6.0,8,48.0,Cash,Takeaway,101,Sarah,19,Saturday,9,September,5,True,False,2024-09-21 19:00:00,Dinner,Weekend,Other record
696,2024-07-23,21:30:00,Filet Mignon,Entree,9.0,42,378.0,Cash,Takeaway,103,Emily,21,Tuesday,7,July,1,False,True,2024-07-23 21:00:00,Dinner,Weekday,High-value record
697,2024-06-30,14:30:00,New York Strip,Entree,2.0,38,76.0,Credit Card,Delivery,102,Jake,14,Sunday,6,June,6,True,True,2024-06-30 14:00:00,Lunch,Weekend,High-value record
698,2024-04-30,22:15:00,Shrimp Cocktail,Appetizer,4.0,14,56.0,Cash,Dine-In,102,Jake,22,Tuesday,4,April,1,False,False,2024-04-30 22:00:00,Dinner,Weekday,Other record
699,2024-11-12,16:15:00,Filet Mignon,Entree,1.0,42,42.0,Cash,Delivery,104,Carlos,16,Tuesday,11,November,1,False,False,2024-11-12 16:00:00,Lunch,Weekday,Other record
700,2024-11-10,11:00:00,Old Fashioned,Beverage,3.0,12,36.0,Mobile Payment,Takeaway,104,Carlos,11,Sunday,11,November,6,True,False,2024-11-10 11:00:00,Lunch,Weekend,Other record
701,2024-10-21,15:45:00,New York Strip,Entree,5.0,38,190.0,Credit Card,Takeaway,102,Jake,15,Monday,10,October,0,False,True,2024-10-21 15:00:00,Lunch,Weekday,High-value record
702,2024-10-22,13:00:00,Cabernet Sauvignon,Beverage,4.0,16,64.0,Credit Card,Delivery,101,Sarah,13,Tuesday,10,October,1,False,True,2024-10-22 13:00:00,Lunch,Weekday,High-value record
703,2024-09-14,16:45:00,Bourbon BBQ Burger,Entree,4.0,22,88.0,Credit Card,Dine-In,105,Nina,16,Saturday,9,September,5,True,True,2024-09-14 16:00:00,Lunch,Weekend,High-value record
704,2024-08-23,16:00:00,Ribeye Steak,Entree,4.0,35,140.0,Credit Card,Delivery,101,Sarah,16,Friday,8,August,4,False,True,2024-08-23 16:00:00,Lunch,Weekday,High-value record
705,2024-06-15,16:30:00,New York Strip,Entree,9.0,38,342.0,Credit Card,Dine-In,103,Emily,16,Saturday,6,June,5,True,True,2024-06-15 16:00:00,Lunch,Weekend,High-value record
706,2024-08-29,20:30:00,Mashed Potatoes,Side,4.0,7,28.0,Credit Card,Takeaway,102,Jake,20,Thursday,8,August,3,False,False,2024-08-29 20:00:00,Dinner,Weekday,Other record
707,2024-08-02,22:30:00,Mashed Potatoes,Side,9.0,7,63.0,Credit Card,Takeaway,102,Jake,22,Friday,8,August,4,False,True,2024-08-02 22:00:00,Dinner,Weekday,High-value record
708,2024-10-19,13:15:00,Filet Mignon,Entree,5.0,42,210.0,Cash,Delivery,104,Carlos,13,Saturday,10,October,5,True,True,2024-10-19 13:00:00,Lunch,Weekend,High-value record
709,2024-07-14,14:15:00,Truffle Fries,Side,2.0,8,16.0,Credit Card,Dine-In,102,Jake,14,Sunday,7,July,6,True,False,2024-07-14 14:00:00,Lunch,Weekend,Other record
710,2024-08-03,18:15:00,Bourbon BBQ Burger,Entree,10.0,22,220.0,Mobile Payment,Delivery,103,Emily,18,Saturday,8,August,5,True,True,2024-08-03 18:00:00,Dinner,Weekend,High-value record
711,2024-09-06,15:30:00,Cabernet Sauvignon,Beverage,7.0,16,112.0,Cash,Takeaway,101,Sarah,15,Friday,9,September,4,False,True,2024-09-06 15:00:00,Lunch,Weekday,High-value record
712,2024-12-19,13:00:00,Caesar Salad,Appetizer,2.0,10,20.0,Credit Card,Delivery,101,Sarah,13,Thursday,12,December,3,False,False,2024-12-19 13:00:00,Lunch,Weekday,Other record
713,2024-08-18,22:30:00,Shrimp Cocktail,Appetizer,7.0,14,98.0,Credit Card,Delivery,105,Nina,22,Sunday,8,August,6,True,True,2024-08-18 22:00:00,Dinner,Weekend,High-value record
714,2024-05-11,16:00:00,Grilled Asparagus,Side,2.0,8,16.0,Credit Card,Delivery,105,Nina,16,Saturday,5,May,5,True,False,2024-05-11 16:00:00,Lunch,Weekend,Other record
715,2024-04-11,20:15:00,Shrimp Cocktail,Appetizer,6.0,14,84.0,Credit Card,Delivery,105,Nina,20,Thursday,4,April,3,False,True,2024-04-11 20:00:00,Dinner,Weekday,High-value record
716,2024-09-06,22:45:00,Filet Mignon,Entree,8.0,42,336.0,Mobile Payment,Takeaway,104,Carlos,22,Friday,9,September,4,False,True,2024-09-06 22:00:00,Dinner,Weekday,High-value record
717,2024-11-19,13:15:00,Bourbon BBQ Burger,Entree,3.0,22,66.0,Credit Card,Delivery,105,Nina,13,Tuesday,11,November,1,False,True,2024-11-19 13:00:00,Lunch,Weekday,High-value record
718,2024-10-19,17:00:00,Filet Mignon,Entree,5.0,42,210.0,Credit Card,Dine-In,103,Emily,17,Saturday,10,October,5,True,True,2024-10-19 17:00:00,Dinner,Weekend,High-value record
719,2024-06-11,21:30:00,Truffle Fries,Side,5.0,8,40.0,Mobile Payment,Delivery,104,Carlos,21,Tuesday,6,June,1,False,False,2024-06-11 21:00:00,Dinner,Weekday,Other record
720,2024-05-18,18:30:00,Truffle Fries,Side,11.0,8,88.0,Mobile Payment,Takeaway,104,Carlos,18,Saturday,5,May,5,True,True,2024-05-18 18:00:00,Dinner,Weekend,High-value record
721,2024-03-26,13:00:00,New York Strip,Entree,2.0,38,76.0,Mobile Payment,Takeaway,101,Sarah,13,Tuesday,3,March,1,False,True,2024-03-26 13:00:00,Lunch,Weekday,High-value record
722,2024-04-17,13:45:00,Filet Mignon,Entree,1.0,42,42.0,Cash,Takeaway,105,Nina,13,Wednesday,4,April,2,False,False,2024-04-17 13:00:00,Lunch,Weekday,Other record
723,2024-01-28,11:45:00,Cabernet Sauvignon,Beverage,1.0,16,16.0,Cash,Takeaway,105,Nina,11,Sunday,1,January,6,True,False,2024-01-28 11:00:00,Lunch,Weekend,Other record
724,2024-03-20,12:45:00,Shrimp Cocktail,Appetizer,2.0,14,28.0,Cash,Delivery,103,Emily,12,Wednesday,3,March,2,False,False,2024-03-20 12:00:00,Lunch,Weekday,Other record
725,2024-08-14,21:15:00,New York Strip,Entree,11.0,38,418.0,Cash,Dine-In,101,Sarah,21,Wednesday,8,August,2,False,True,2024-08-14 21:00:00,Dinner,Weekday,High-value record
726,2024-12-05,16:30:00,Old Fashioned,Beverage,4.0,12,48.0,Mobile Payment,Takeaway,105,Nina,16,Thursday,12,December,3,False,False,2024-12-05 16:00:00,Lunch,Weekday,Other record
727,2024-08-15,13:15:00,Chocolate Lava Cake,Dessert,4.0,9,36.0,Credit Card,Delivery,105,Nina,13,Thursday,8,August,3,False,False,2024-08-15 13:00:00,Lunch,Weekday,Other record
728,2024-08-10,19:30:00,Mashed Potatoes,Side,8.0,7,56.0,Mobile Payment,Dine-In,101,Sarah,19,Saturday,8,August,5,True,False,2024-08-10 19:00:00,Dinner,Weekend,Other record
729,2024-08-14,15:30:00,Grilled Asparagus,Side,3.0,8,24.0,Cash,Takeaway,101,Sarah,15,Wednesday,8,August,2,False,False,2024-08-14 15:00:00,Lunch,Weekday,Other record
730,2024-01-01,19:15:00,Mashed Potatoes,Side,7.2,7,50.4,Credit Card,Delivery,101,Sarah,19,Monday,1,January,0,False,False,2024-01-01 19:00:00,Dinner,Weekday,Other record
731,2024-12-18,18:45:00,Shrimp Cocktail,Appetizer,2.0,14,28.0,Credit Card,Takeaway,105,Nina,18,Wednesday,12,December,2,False,False,2024-12-18 18:00:00,Dinner,Weekday,Other record
732,2024-04-28,11:30:00,Caesar Salad,Appetizer,4.0,10,40.0,Mobile Payment,Takeaway,104,Carlos,11,Sunday,4,April,6,True,False,2024-04-28 11:00:00,Lunch,Weekend,Other record
733,2024-05-07,13:45:00,Grilled Asparagus,Side,2.0,8,16.0,Credit Card,Dine-In,104,Carlos,13,Tuesday,5,May,1,False,False,2024-05-07 13:00:00,Lunch,Weekday,Other record
734,2024-11-16,14:30:00,Shrimp Cocktail,Appetizer,10.0,14,140.0,Credit Card,Takeaway,102,Jake,14,Saturday,11,November,5,True,True,2024-11-16 14:00:00,Lunch,Weekend,High-value record
735,2024-02-05,13:15:00,Shrimp Cocktail,Appetizer,1.0,14,14.0,Mobile Payment,Takeaway,105,Nina,13,Monday,2,February,0,False,False,2024-02-05 13:00:00,Lunch,Weekday,Other record
736,2024-08-19,15:45:00,Caesar Salad,Appetizer,2.0,10,20.0,Cash,Dine-In,101,Sarah,15,Monday,8,August,0,False,False,2024-08-19 15:00:00,Lunch,Weekday,Other record
737,2024-09-30,11:15:00,Filet Mignon,Entree,3.0,42,126.0,Credit Card,Dine-In,104,Carlos,11,Monday,9,September,0,False,True,2024-09-30 11:00:00,Lunch,Weekday,High-value record
738,2024-01-05,14:00:00,New York Strip,Entree,2.0,38,76.0,Credit Card,Dine-In,103,Emily,14,Friday,1,January,4,False,True,2024-01-05 14:00:00,Lunch,Weekday,High-value record
739,2024-08-03,15:45:00,Mashed Potatoes,Side,6.0,7,42.0,Mobile Payment,Dine-In,103,Emily,15,Saturday,8,August,5,True,False,2024-08-03 15:00:00,Lunch,Weekend,Other record
740,2024-02-11,13:00:00,Shrimp Cocktail,Appetizer,5.0,14,70.0,Cash,Delivery,104,Carlos,13,Sunday,2,February,6,True,True,2024-02-11 13:00:00,Lunch,Weekend,High-value record
741,2024-04-02,14:30:00,Grilled Asparagus,Side,1.0,8,8.0,Cash,Delivery,102,Jake,14,Tuesday,4,April,1,False,False,2024-04-02 14:00:00,Lunch,Weekday,Other record
742,2024-07-16,18:15:00,Truffle Fries,Side,2.0,8,16.0,Cash,Takeaway,101,Sarah,18,Tuesday,7,July,1,False,False,2024-07-16 18:00:00,Dinner,Weekday,Other record
743,2024-09-23,21:15:00,Old Fashioned,Beverage,6.0,12,72.0,Mobile Payment,Takeaway,103,Emily,21,Monday,9,September,0,False,True,2024-09-23 21:00:00,Dinner,Weekday,High-value record
744,2024-03-22,21:00:00,Truffle Fries,Side,12.0,8,96.0,Mobile Payment,Dine-In,103,Emily,21,Friday,3,March,4,False,True,2024-03-22 21:00:00,Dinner,Weekday,High-value record
745,2024-09-03,21:30:00,Caesar Salad,Appetizer,7.0,10,70.0,Cash,Delivery,102,Jake,21,Tuesday,9,September,1,False,True,2024-09-03 21:00:00,Dinner,Weekday,High-value record
746,2024-02-27,14:45:00,Mashed Potatoes,Side,1.0,7,7.0,Cash,Takeaway,105,Nina,14,Tuesday,2,February,1,False,False,2024-02-27 14:00:00,Lunch,Weekday,Other record
747,2024-03-02,17:15:00,Ribeye Steak,Entree,2.0,35,70.0,Mobile Payment,Delivery,104,Carlos,17,Saturday,3,March,5,True,True,2024-03-02 17:00:00,Dinner,Weekend,High-value record
748,2024-12-18,20:15:00,Mashed Potatoes,Side,2.0,7,14.0,Cash,Dine-In,104,Carlos,20,Wednesday,12,December,2,False,False,2024-12-18 20:00:00,Dinner,Weekday,Other record
749,2024-02-16,21:30:00,Bourbon BBQ Burger,Entree,2.0,22,44.0,Cash,Takeaway,102,Jake,21,Friday,2,February,4,False,False,2024-02-16 21:00:00,Dinner,Weekday,Other record
750,2024-12-25,19:00:00,New York Strip,Entree,7.0,38,266.0,Cash,Takeaway,105,Nina,19,Wednesday,12,December,2,False,True,2024-12-25 19:00:00,Dinner,Weekday,High-value record
751,2024-11-26,16:45:00,Truffle Fries,Side,2.0,8,16.0,Cash,Delivery,104,Carlos,16,Tuesday,11,November,1,False,False,2024-11-26 16:00:00,Lunch,Weekday,Other record
752,2024-07-02,22:15:00,Shrimp Cocktail,Appetizer,2.0,14,28.0,Credit Card,Delivery,104,Carlos,22,Tuesday,7,July,1,False,False,2024-07-02 22:00:00,Dinner,Weekday,Other record
753,2024-10-13,15:45:00,Caesar Salad,Appetizer,5.0,10,50.0,Cash,Delivery,103,Emily,15,Sunday,10,October,6,True,False,2024-10-13 15:00:00,Lunch,Weekend,Other record
754,2024-06-14,22:45:00,Shrimp Cocktail,Appetizer,10.0,14,140.0,Mobile Payment,Dine-In,101,Sarah,22,Friday,6,June,4,False,True,2024-06-14 22:00:00,Dinner,Weekday,High-value record
755,2024-09-28,13:45:00,Shrimp Cocktail,Appetizer,5.0,14,70.0,Mobile Payment,Takeaway,104,Carlos,13,Saturday,9,September,5,True,True,2024-09-28 13:00:00,Lunch,Weekend,High-value record
756,2024-01-01,21:45:00,Truffle Fries,Side,4.8,8,38.4,Cash,Delivery,103,Emily,21,Monday,1,January,0,False,False,2024-01-01 21:00:00,Dinner,Weekday,Other record
757,2024-11-13,14:30:00,Truffle Fries,Side,1.0,8,8.0,Mobile Payment,Delivery,104,Carlos,14,Wednesday,11,November,2,False,False,2024-11-13 14:00:00,Lunch,Weekday,Other record
758,2024-04-07,19:45:00,Cabernet Sauvignon,Beverage,3.0,16,48.0,Mobile Payment,Takeaway,103,Emily,19,Sunday,4,April,6,True,False,2024-04-07 19:00:00,Dinner,Weekend,Other record
759,2024-07-28,21:30:00,Filet Mignon,Entree,2.0,42,84.0,Mobile Payment,Delivery,101,Sarah,21,Sunday,7,July,6,True,True,2024-07-28 21:00:00,Dinner,Weekend,High-value record
760,2024-01-23,13:15:00,Ribeye Steak,Entree,2.0,35,70.0,Cash,Takeaway,102,Jake,13,Tuesday,1,January,1,False,True,2024-01-23 13:00:00,Lunch,Weekday,High-value record
761,2024-02-20,11:45:00,Bourbon BBQ Burger,Entree,4.0,22,88.0,Mobile Payment,Delivery,105,Nina,11,Tuesday,2,February,1,False,True,2024-02-20 11:00:00,Lunch,Weekday,High-value record
762,2024-05-11,11:30:00,Caesar Salad,Appetizer,11.0,10,110.0,Mobile Payment,Dine-In,101,Sarah,11,Saturday,5,May,5,True,True,2024-05-11 11:00:00,Lunch,Weekend,High-value record
763,2024-04-16,21:45:00,Filet Mignon,Entree,7.0,42,294.0,Mobile Payment,Dine-In,103,Emily,21,Tuesday,4,April,1,False,True,2024-04-16 21:00:00,Dinner,Weekday,High-value record
764,2024-10-12,22:45:00,Mashed Potatoes,Side,2.0,7,14.0,Mobile Payment,Takeaway,105,Nina,22,Saturday,10,October,5,True,False,2024-10-12 22:00:00,Dinner,Weekend,Other record
765,2024-01-21,22:00:00,Shrimp Cocktail,Appetizer,2.0,14,28.0,Cash,Delivery,101,Sarah,22,Sunday,1,January,6,True,False,2024-01-21 22:00:00,Dinner,Weekend,Other record
766,2024-02-21,22:15:00,Cabernet Sauvignon,Beverage,8.0,16,128.0,Cash,Dine-In,105,Nina,22,Wednesday,2,February,2,False,True,2024-02-21 22:00:00,Dinner,Weekday,High-value record
767,2024-12-02,14:15:00,Cabernet Sauvignon,Beverage,5.0,16,80.0,Credit Card,Delivery,101,Sarah,14,Monday,12,December,0,False,True,2024-12-02 14:00:00,Lunch,Weekday,High-value record
768,2024-11-22,20:30:00,Bourbon BBQ Burger,Entree,8.0,22,176.0,Mobile Payment,Delivery,104,Carlos,20,Friday,11,November,4,False,True,2024-11-22 20:00:00,Dinner,Weekday,High-value record
769,2024-02-23,13:15:00,Cabernet Sauvignon,Beverage,5.0,16,80.0,Mobile Payment,Takeaway,102,Jake,13,Friday,2,February,4,False,True,2024-02-23 13:00:00,Lunch,Weekday,High-value record
770,2024-09-30,20:45:00,Mashed Potatoes,Side,5.0,7,35.0,Mobile Payment,Takeaway,103,Emily,20,Monday,9,September,0,False,False,2024-09-30 20:00:00,Dinner,Weekday,Other record
771,2024-07-30,21:45:00,Truffle Fries,Side,7.0,8,56.0,Mobile Payment,Dine-In,105,Nina,21,Tuesday,7,July,1,False,False,2024-07-30 21:00:00,Dinner,Weekday,Other record
772,2024-10-06,14:45:00,Cabernet Sauvignon,Beverage,3.0,16,48.0,Credit Card,Takeaway,104,Carlos,14,Sunday,10,October,6,True,False,2024-10-06 14:00:00,Lunch,Weekend,Other record
773,2024-07-22,11:00:00,Shrimp Cocktail,Appetizer,5.0,14,70.0,Cash,Delivery,102,Jake,11,Monday,7,July,0,False,True,2024-07-22 11:00:00,Lunch,Weekday,High-value record
774,2024-06-03,11:30:00,Caesar Salad,Appetizer,2.0,10,20.0,Credit Card,Dine-In,103,Emily,11,Monday,6,June,0,False,False,2024-06-03 11:00:00,Lunch,Weekday,Other record
775,2024-10-10,19:15:00,Filet Mignon,Entree,2.0,42,84.0,Credit Card,Takeaway,102,Jake,19,Thursday,10,October,3,False,True,2024-10-10 19:00:00,Dinner,Weekday,High-value record
776,2024-03-11,15:30:00,Chocolate Lava Cake,Dessert,2.0,9,18.0,Cash,Takeaway,103,Emily,15,Monday,3,March,0,False,False,2024-03-11 15:00:00,Lunch,Weekday,Other record
777,2024-02-17,20:45:00,Chocolate Lava Cake,Dessert,5.0,9,45.0,Mobile Payment,Dine-In,103,Emily,20,Saturday,2,February,5,True,False,2024-02-17 20:00:00,Dinner,Weekend,Other record
778,2024-09-04,13:45:00,Truffle Fries,Side,5.0,8,40.0,Cash,Delivery,103,Emily,13,Wednesday,9,September,2,False,False,2024-09-04 13:00:00,Lunch,Weekday,Other record
779,2024-01-20,22:45:00,Filet Mignon,Entree,2.0,42,84.0,Credit Card,Takeaway,104,Carlos,22,Saturday,1,January,5,True,True,2024-01-20 22:00:00,Dinner,Weekend,High-value record
780,2024-08-01,12:15:00,Truffle Fries,Side,5.0,8,40.0,Cash,Delivery,104,Carlos,12,Thursday,8,August,3,False,False,2024-08-01 12:00:00,Lunch,Weekday,Other record
781,2024-01-28,15:00:00,Mashed Potatoes,Side,5.0,7,35.0,Mobile Payment,Dine-In,103,Emily,15,Sunday,1,January,6,True,False,2024-01-28 15:00:00,Lunch,Weekend,Other record
782,2024-09-14,22:15:00,New York Strip,Entree,2.0,38,76.0,Mobile Payment,Delivery,104,Carlos,22,Saturday,9,September,5,True,True,2024-09-14 22:00:00,Dinner,Weekend,High-value record
783,2024-08-16,20:00:00,Caesar Salad,Appetizer,7.0,10,70.0,Credit Card,Takeaway,102,Jake,20,Friday,8,August,4,False,True,2024-08-16 20:00:00,Dinner,Weekday,High-value record
784,2024-03-08,16:00:00,Old Fashioned,Beverage,7.0,12,84.0,Mobile Payment,Dine-In,105,Nina,16,Friday,3,March,4,False,True,2024-03-08 16:00:00,Lunch,Weekday,High-value record
785,2024-07-23,15:00:00,Grilled Asparagus,Side,5.0,8,40.0,Credit Card,Delivery,102,Jake,15,Tuesday,7,July,1,False,False,2024-07-23 15:00:00,Lunch,Weekday,Other record
786,2024-03-10,18:15:00,Old Fashioned,Beverage,9.0,12,108.0,Mobile Payment,Delivery,102,Jake,18,Sunday,3,March,6,True,True,2024-03-10 18:00:00,Dinner,Weekend,High-value record
787,2024-10-14,20:15:00,Caesar Salad,Appetizer,2.0,10,20.0,Credit Card,Takeaway,103,Emily,20,Monday,10,October,0,False,False,2024-10-14 20:00:00,Dinner,Weekday,Other record
788,2024-12-16,20:00:00,Filet Mignon,Entree,9.0,42,378.0,Credit Card,Takeaway,103,Emily,20,Monday,12,December,0,False,True,2024-12-16 20:00:00,Dinner,Weekday,High-value record
789,2024-04-07,16:30:00,Chocolate Lava Cake,Dessert,1.0,9,9.0,Credit Card,Dine-In,103,Emily,16,Sunday,4,April,6,True,False,2024-04-07 16:00:00,Lunch,Weekend,Other record
790,2024-11-11,18:15:00,Old Fashioned,Beverage,2.0,12,24.0,Cash,Dine-In,103,Emily,18,Monday,11,November,0,False,False,2024-11-11 18:00:00,Dinner,Weekday,Other record
791,2024-03-20,22:00:00,Filet Mignon,Entree,2.0,42,84.0,Cash,Delivery,102,Jake,22,Wednesday,3,March,2,False,True,2024-03-20 22:00:00,Dinner,Weekday,High-value record
792,2024-05-27,11:30:00,Truffle Fries,Side,1.0,8,8.0,Credit Card,Takeaway,104,Carlos,11,Monday,5,May,0,False,False,2024-05-27 11:00:00,Lunch,Weekday,Other record
793,2024-01-12,16:15:00,Truffle Fries,Side,9.0,8,72.0,Cash,Dine-In,105,Nina,16,Friday,1,January,4,False,True,2024-01-12 16:00:00,Lunch,Weekday,High-value record
794,2024-09-24,15:45:00,Chocolate Lava Cake,Dessert,2.0,9,18.0,Mobile Payment,Delivery,101,Sarah,15,Tuesday,9,September,1,False,False,2024-09-24 15:00:00,Lunch,Weekday,Other record
795,2024-07-11,20:00:00,Shrimp Cocktail,Appetizer,3.0,14,42.0,Cash,Takeaway,102,Jake,20,Thursday,7,July,3,False,False,2024-07-11 20:00:00,Dinner,Weekday,Other record
796,2024-12-22,20:30:00,Ribeye Steak,Entree,9.0,35,315.0,Mobile Payment,Dine-In,101,Sarah,20,Sunday,12,December,6,True,True,2024-12-22 20:00:00,Dinner,Weekend,High-value record
797,2024-07-17,21:30:00,Bourbon BBQ Burger,Entree,5.0,22,110.0,Cash,Dine-In,103,Emily,21,Wednesday,7,July,2,False,True,2024-07-17 21:00:00,Dinner,Weekday,High-value record
798,2024-11-28,17:15:00,Grilled Asparagus,Side,12.0,8,96.0,Mobile Payment,Dine-In,103,Emily,17,Thursday,11,November,3,False,True,2024-11-28 17:00:00,Dinner,Weekday,High-value record
799,2024-09-05,20:00:00,New York Strip,Entree,3.0,38,114.0,Mobile Payment,Takeaway,105,Nina,20,Thursday,9,September,3,False,True,2024-09-05 20:00:00,Dinner,Weekday,High-value record
800,2024-12-30,11:00:00,Caesar Salad,Appetizer,5.0,10,50.0,Credit Card,Takeaway,104,Carlos,11,Monday,12,December,0,False,False,2024-12-30 11:00:00,Lunch,Weekday,Other record
801,2024-07-20,22:15:00,Ribeye Steak,Entree,6.0,35,210.0,Mobile Payment,Takeaway,103,Emily,22,Saturday,7,July,5,True,True,2024-07-20 22:00:00,Dinner,Weekend,High-value record
802,2024-11-16,15:15:00,Cabernet Sauvignon,Beverage,5.0,16,80.0,Cash,Delivery,103,Emily,15,Saturday,11,November,5,True,True,2024-11-16 15:00:00,Lunch,Weekend,High-value record
803,2024-07-17,11:30:00,Caesar Salad,Appetizer,2.0,10,20.0,Credit Card,Takeaway,102,Jake,11,Wednesday,7,July,2,False,False,2024-07-17 11:00:00,Lunch,Weekday,Other record
804,2024-02-14,22:45:00,Cabernet Sauvignon,Beverage,12.0,16,192.0,Mobile Payment,Delivery,102,Jake,22,Wednesday,2,February,2,False,True,2024-02-14 22:00:00,Dinner,Weekday,High-value record
805,2024-08-01,14:15:00,Grilled Asparagus,Side,3.0,8,24.0,Mobile Payment,Takeaway,104,Carlos,14,Thursday,8,August,3,False,False,2024-08-01 14:00:00,Lunch,Weekday,Other record
806,2024-10-04,13:15:00,Bourbon BBQ Burger,Entree,3.0,22,66.0,Mobile Payment,Delivery,102,Jake,13,Friday,10,October,4,False,True,2024-10-04 13:00:00,Lunch,Weekday,High-value record
807,2024-03-11,15:15:00,Grilled Asparagus,Side,2.0,8,16.0,Mobile Payment,Delivery,102,Jake,15,Monday,3,March,0,False,False,2024-03-11 15:00:00,Lunch,Weekday,Other record
808,2024-06-11,12:00:00,New York Strip,Entree,3.0,38,114.0,Cash,Delivery,101,Sarah,12,Tuesday,6,June,1,False,True,2024-06-11 12:00:00,Lunch,Weekday,High-value record
809,2024-06-12,17:45:00,Shrimp Cocktail,Appetizer,7.0,14,98.0,Mobile Payment,Delivery,103,Emily,17,Wednesday,6,June,2,False,True,2024-06-12 17:00:00,Dinner,Weekday,High-value record
810,2024-03-18,14:00:00,New York Strip,Entree,2.0,38,76.0,Cash,Delivery,105,Nina,14,Monday,3,March,0,False,True,2024-03-18 14:00:00,Lunch,Weekday,High-value record
811,2024-05-16,20:15:00,Chocolate Lava Cake,Dessert,4.0,9,36.0,Cash,Delivery,101,Sarah,20,Thursday,5,May,3,False,False,2024-05-16 20:00:00,Dinner,Weekday,Other record
812,2024-07-02,12:45:00,New York Strip,Entree,6.0,38,228.0,Mobile Payment,Takeaway,103,Emily,12,Tuesday,7,July,1,False,True,2024-07-02 12:00:00,Lunch,Weekday,High-value record
813,2024-04-04,17:45:00,Old Fashioned,Beverage,3.0,12,36.0,Cash,Dine-In,102,Jake,17,Thursday,4,April,3,False,False,2024-04-04 17:00:00,Dinner,Weekday,Other record
814,2024-01-17,17:00:00,Shrimp Cocktail,Appetizer,9.0,14,126.0,Cash,Delivery,102,Jake,17,Wednesday,1,January,2,False,True,2024-01-17 17:00:00,Dinner,Weekday,High-value record
815,2024-04-14,12:15:00,Old Fashioned,Beverage,6.0,12,72.0,Credit Card,Delivery,103,Emily,12,Sunday,4,April,6,True,True,2024-04-14 12:00:00,Lunch,Weekend,High-value record
816,2024-08-22,14:45:00,Grilled Asparagus,Side,1.0,8,8.0,Mobile Payment,Delivery,104,Carlos,14,Thursday,8,August,3,False,False,2024-08-22 14:00:00,Lunch,Weekday,Other record
817,2024-06-09,17:00:00,Cabernet Sauvignon,Beverage,2.0,16,32.0,Credit Card,Takeaway,101,Sarah,17,Sunday,6,June,6,True,False,2024-06-09 17:00:00,Dinner,Weekend,Other record
818,2024-05-05,19:45:00,Truffle Fries,Side,2.0,8,16.0,Mobile Payment,Takeaway,105,Nina,19,Sunday,5,May,6,True,False,2024-05-05 19:00:00,Dinner,Weekend,Other record
819,2024-11-18,11:15:00,Shrimp Cocktail,Appetizer,5.0,14,70.0,Credit Card,Takeaway,103,Emily,11,Monday,11,November,0,False,True,2024-11-18 11:00:00,Lunch,Weekday,High-value record
820,2024-08-24,13:45:00,Shrimp Cocktail,Appetizer,9.0,14,126.0,Cash,Delivery,105,Nina,13,Saturday,8,August,5,True,True,2024-08-24 13:00:00,Lunch,Weekend,High-value record
821,2024-03-13,18:45:00,Filet Mignon,Entree,9.0,42,378.0,Cash,Dine-In,105,Nina,18,Wednesday,3,March,2,False,True,2024-03-13 18:00:00,Dinner,Weekday,High-value record
822,2024-12-22,19:15:00,Grilled Asparagus,Side,7.0,8,56.0,Credit Card,Takeaway,101,Sarah,19,Sunday,12,December,6,True,False,2024-12-22 19:00:00,Dinner,Weekend,Other record
823,2024-04-01,18:15:00,Old Fashioned,Beverage,2.0,12,24.0,Credit Card,Takeaway,102,Jake,18,Monday,4,April,0,False,False,2024-04-01 18:00:00,Dinner,Weekday,Other record
824,2024-03-04,12:00:00,Truffle Fries,Side,3.0,8,24.0,Mobile Payment,Takeaway,101,Sarah,12,Monday,3,March,0,False,False,2024-03-04 12:00:00,Lunch,Weekday,Other record
825,2024-09-25,22:45:00,Truffle Fries,Side,10.0,8,80.0,Mobile Payment,Dine-In,104,Carlos,22,Wednesday,9,September,2,False,True,2024-09-25 22:00:00,Dinner,Weekday,High-value record
826,2024-10-08,17:00:00,New York Strip,Entree,6.0,38,228.0,Mobile Payment,Delivery,102,Jake,17,Tuesday,10,October,1,False,True,2024-10-08 17:00:00,Dinner,Weekday,High-value record
827,2024-03-24,13:15:00,Truffle Fries,Side,1.0,8,8.0,Credit Card,Takeaway,103,Emily,13,Sunday,3,March,6,True,False,2024-03-24 13:00:00,Lunch,Weekend,Other record
828,2024-08-16,15:15:00,Filet Mignon,Entree,2.0,42,84.0,Cash,Dine-In,105,Nina,15,Friday,8,August,4,False,True,2024-08-16 15:00:00,Lunch,Weekday,High-value record
829,2024-05-09,11:45:00,Old Fashioned,Beverage,4.0,12,48.0,Mobile Payment,Dine-In,105,Nina,11,Thursday,5,May,3,False,False,2024-05-09 11:00:00,Lunch,Weekday,Other record
830,2024-09-09,14:15:00,Chocolate Lava Cake,Dessert,3.0,9,27.0,Credit Card,Takeaway,104,Carlos,14,Monday,9,September,0,False,False,2024-09-09 14:00:00,Lunch,Weekday,Other record
831,2024-02-10,20:00:00,Caesar Salad,Appetizer,12.0,10,120.0,Credit Card,Delivery,105,Nina,20,Saturday,2,February,5,True,True,2024-02-10 20:00:00,Dinner,Weekend,High-value record
832,2024-04-16,11:15:00,New York Strip,Entree,1.0,38,38.0,Mobile Payment,Takeaway,101,Sarah,11,Tuesday,4,April,1,False,False,2024-04-16 11:00:00,Lunch,Weekday,Other record
833,2024-03-15,11:30:00,Mashed Potatoes,Side,1.0,7,7.0,Cash,Dine-In,104,Carlos,11,Friday,3,March,4,False,False,2024-03-15 11:00:00,Lunch,Weekday,Other record
834,2024-04-01,13:30:00,Chocolate Lava Cake,Dessert,4.0,9,36.0,Mobile Payment,Delivery,102,Jake,13,Monday,4,April,0,False,False,2024-04-01 13:00:00,Lunch,Weekday,Other record
835,2024-08-21,22:30:00,Ribeye Steak,Entree,2.0,35,70.0,Credit Card,Takeaway,103,Emily,22,Wednesday,8,August,2,False,True,2024-08-21 22:00:00,Dinner,Weekday,High-value record
836,2024-07-13,12:45:00,Cabernet Sauvignon,Beverage,2.0,16,32.0,Credit Card,Takeaway,102,Jake,12,Saturday,7,July,5,True,False,2024-07-13 12:00:00,Lunch,Weekend,Other record
837,2024-03-03,22:30:00,Mashed Potatoes,Side,12.0,7,84.0,Credit Card,Delivery,102,Jake,22,Sunday,3,March,6,True,True,2024-03-03 22:00:00,Dinner,Weekend,High-value record
838,2024-12-22,14:00:00,Filet Mignon,Entree,5.0,42,210.0,Mobile Payment,Delivery,105,Nina,14,Sunday,12,December,6,True,True,2024-12-22 14:00:00,Lunch,Weekend,High-value record
839,2024-02-14,18:30:00,Grilled Asparagus,Side,10.8,8,86.4,Credit Card,Takeaway,105,Nina,18,Wednesday,2,February,2,False,True,2024-02-14 18:00:00,Dinner,Weekday,High-value record
840,2024-10-21,20:30:00,New York Strip,Entree,10.0,38,380.0,Mobile Payment,Takeaway,105,Nina,20,Monday,10,October,0,False,True,2024-10-21 20:00:00,Dinner,Weekday,High-value record
841,2024-11-19,18:45:00,New York Strip,Entree,9.0,38,342.0,Cash,Delivery,103,Emily,18,Tuesday,11,November,1,False,True,2024-11-19 18:00:00,Dinner,Weekday,High-value record
842,2024-04-09,11:00:00,Ribeye Steak,Entree,3.0,35,105.0,Mobile Payment,Dine-In,102,Jake,11,Tuesday,4,April,1,False,True,2024-04-09 11:00:00,Lunch,Weekday,High-value record
843,2024-11-11,17:45:00,Ribeye Steak,Entree,7.0,35,245.0,Credit Card,Delivery,102,Jake,17,Monday,11,November,0,False,True,2024-11-11 17:00:00,Dinner,Weekday,High-value record
844,2024-01-06,21:15:00,Truffle Fries,Side,6.0,8,48.0,Credit Card,Dine-In,103,Emily,21,Saturday,1,January,5,True,False,2024-01-06 21:00:00,Dinner,Weekend,Other record
845,2024-06-02,19:30:00,Ribeye Steak,Entree,2.0,35,70.0,Mobile Payment,Takeaway,103,Emily,19,Sunday,6,June,6,True,True,2024-06-02 19:00:00,Dinner,Weekend,High-value record
846,2024-07-21,22:00:00,New York Strip,Entree,4.0,38,152.0,Credit Card,Takeaway,104,Carlos,22,Sunday,7,July,6,True,True,2024-07-21 22:00:00,Dinner,Weekend,High-value record
847,2024-08-30,11:15:00,Old Fashioned,Beverage,3.0,12,36.0,Mobile Payment,Takeaway,105,Nina,11,Friday,8,August,4,False,False,2024-08-30 11:00:00,Lunch,Weekday,Other record
848,2024-06-20,18:45:00,Truffle Fries,Side,2.0,8,16.0,Mobile Payment,Takeaway,105,Nina,18,Thursday,6,June,3,False,False,2024-06-20 18:00:00,Dinner,Weekday,Other record
849,2024-12-13,16:00:00,Caesar Salad,Appetizer,7.0,10,70.0,Mobile Payment,Takeaway,103,Emily,16,Friday,12,December,4,False,True,2024-12-13 16:00:00,Lunch,Weekday,High-value record
850,2024-02-03,13:30:00,Ribeye Steak,Entree,6.0,35,210.0,Credit Card,Delivery,105,Nina,13,Saturday,2,February,5,True,True,2024-02-03 13:00:00,Lunch,Weekend,High-value record
851,2024-03-25,20:45:00,New York Strip,Entree,9.0,38,342.0,Cash,Takeaway,103,Emily,20,Monday,3,March,0,False,True,2024-03-25 20:00:00,Dinner,Weekday,High-value record
852,2024-12-29,11:30:00,Grilled Asparagus,Side,1.0,8,8.0,Credit Card,Dine-In,103,Emily,11,Sunday,12,December,6,True,False,2024-12-29 11:00:00,Lunch,Weekend,Other record
853,2024-08-19,15:15:00,Cabernet Sauvignon,Beverage,3.0,16,48.0,Cash,Dine-In,103,Emily,15,Monday,8,August,0,False,False,2024-08-19 15:00:00,Lunch,Weekday,Other record
854,2024-01-20,14:00:00,Old Fashioned,Beverage,9.0,12,108.0,Cash,Takeaway,105,Nina,14,Saturday,1,January,5,True,True,2024-01-20 14:00:00,Lunch,Weekend,High-value record
855,2024-03-19,14:30:00,Old Fashioned,Beverage,4.0,12,48.0,Credit Card,Takeaway,102,Jake,14,Tuesday,3,March,1,False,False,2024-03-19 14:00:00,Lunch,Weekday,Other record
856,2024-02-20,19:15:00,Caesar Salad,Appetizer,2.0,10,20.0,Credit Card,Takeaway,105,Nina,19,Tuesday,2,February,1,False,False,2024-02-20 19:00:00,Dinner,Weekday,Other record
857,2024-02-29,11:30:00,Ribeye Steak,Entree,5.0,35,175.0,Cash,Takeaway,104,Carlos,11,Thursday,2,February,3,False,True,2024-02-29 11:00:00,Lunch,Weekday,High-value record
858,2024-01-24,12:30:00,Ribeye Steak,Entree,6.0,35,210.0,Credit Card,Delivery,102,Jake,12,Wednesday,1,January,2,False,True,2024-01-24 12:00:00,Lunch,Weekday,High-value record
859,2024-06-13,14:15:00,Shrimp Cocktail,Appetizer,3.0,14,42.0,Mobile Payment,Takeaway,104,Carlos,14,Thursday,6,June,3,False,False,2024-06-13 14:00:00,Lunch,Weekday,Other record
860,2024-12-09,12:30:00,New York Strip,Entree,2.0,38,76.0,Credit Card,Dine-In,101,Sarah,12,Monday,12,December,0,False,True,2024-12-09 12:00:00,Lunch,Weekday,High-value record
861,2024-11-14,19:00:00,Caesar Salad,Appetizer,10.0,10,100.0,Credit Card,Delivery,103,Emily,19,Thursday,11,November,3,False,True,2024-11-14 19:00:00,Dinner,Weekday,High-value record
862,2024-05-18,13:30:00,Chocolate Lava Cake,Dessert,3.0,9,27.0,Cash,Dine-In,103,Emily,13,Saturday,5,May,5,True,False,2024-05-18 13:00:00,Lunch,Weekend,Other record
863,2024-11-09,16:45:00,Ribeye Steak,Entree,4.0,35,140.0,Cash,Takeaway,101,Sarah,16,Saturday,11,November,5,True,True,2024-11-09 16:00:00,Lunch,Weekend,High-value record
864,2024-02-24,17:00:00,Filet Mignon,Entree,7.0,42,294.0,Credit Card,Dine-In,105,Nina,17,Saturday,2,February,5,True,True,2024-02-24 17:00:00,Dinner,Weekend,High-value record
865,2024-10-30,21:45:00,Chocolate Lava Cake,Dessert,5.0,9,45.0,Credit Card,Takeaway,102,Jake,21,Wednesday,10,October,2,False,False,2024-10-30 21:00:00,Dinner,Weekday,Other record
866,2024-12-31,21:00:00,Old Fashioned,Beverage,14.3,12,171.6,Cash,Dine-In,104,Carlos,21,Tuesday,12,December,1,False,True,2024-12-31 21:00:00,Dinner,Weekday,High-value record
867,2024-02-19,18:30:00,Bourbon BBQ Burger,Entree,7.0,22,154.0,Credit Card,Dine-In,102,Jake,18,Monday,2,February,0,False,True,2024-02-19 18:00:00,Dinner,Weekday,High-value record
868,2024-03-14,20:30:00,Mashed Potatoes,Side,7.0,7,49.0,Cash,Delivery,103,Emily,20,Thursday,3,March,3,False,False,2024-03-14 20:00:00,Dinner,Weekday,Other record
869,2024-06-15,18:45:00,Ribeye Steak,Entree,2.0,35,70.0,Credit Card,Dine-In,103,Emily,18,Saturday,6,June,5,True,True,2024-06-15 18:00:00,Dinner,Weekend,High-value record
870,2024-09-02,18:15:00,Shrimp Cocktail,Appetizer,6.0,14,84.0,Mobile Payment,Delivery,102,Jake,18,Monday,9,September,0,False,True,2024-09-02 18:00:00,Dinner,Weekday,High-value record
871,2024-09-17,12:45:00,Truffle Fries,Side,1.0,8,8.0,Credit Card,Delivery,101,Sarah,12,Tuesday,9,September,1,False,False,2024-09-17 12:00:00,Lunch,Weekday,Other record
872,2024-06-03,19:45:00,Grilled Asparagus,Side,9.0,8,72.0,Credit Card,Dine-In,105,Nina,19,Monday,6,June,0,False,True,2024-06-03 19:00:00,Dinner,Weekday,High-value record
873,2024-05-04,19:15:00,Old Fashioned,Beverage,8.0,12,96.0,Cash,Takeaway,102,Jake,19,Saturday,5,May,5,True,True,2024-05-04 19:00:00,Dinner,Weekend,High-value record
874,2024-12-21,20:45:00,Grilled Asparagus,Side,9.0,8,72.0,Credit Card,Delivery,102,Jake,20,Saturday,12,December,5,True,True,2024-12-21 20:00:00,Dinner,Weekend,High-value record
875,2024-03-29,21:00:00,Truffle Fries,Side,11.0,8,88.0,Credit Card,Dine-In,105,Nina,21,Friday,3,March,4,False,True,2024-03-29 21:00:00,Dinner,Weekday,High-value record
876,2024-11-01,18:30:00,Cabernet Sauvignon,Beverage,2.0,16,32.0,Credit Card,Dine-In,103,Emily,18,Friday,11,November,4,False,False,2024-11-01 18:00:00,Dinner,Weekday,Other record
877,2024-07-26,12:00:00,Bourbon BBQ Burger,Entree,9.0,22,198.0,Credit Card,Takeaway,104,Carlos,12,Friday,7,July,4,False,True,2024-07-26 12:00:00,Lunch,Weekday,High-value record
878,2024-11-26,21:00:00,Filet Mignon,Entree,5.0,42,210.0,Cash,Delivery,101,Sarah,21,Tuesday,11,November,1,False,True,2024-11-26 21:00:00,Dinner,Weekday,High-value record
879,2024-03-16,21:15:00,Old Fashioned,Beverage,9.0,12,108.0,Credit Card,Takeaway,105,Nina,21,Saturday,3,March,5,True,True,2024-03-16 21:00:00,Dinner,Weekend,High-value record
880,2024-10-22,18:15:00,Caesar Salad,Appetizer,7.0,10,70.0,Credit Card,Delivery,103,Emily,18,Tuesday,10,October,1,False,True,2024-10-22 18:00:00,Dinner,Weekday,High-value record
881,2024-08-10,22:30:00,Filet Mignon,Entree,9.0,42,378.0,Cash,Delivery,105,Nina,22,Saturday,8,August,5,True,True,2024-08-10 22:00:00,Dinner,Weekend,High-value record
882,2024-07-25,13:30:00,Ribeye Steak,Entree,3.0,35,105.0,Mobile Payment,Dine-In,101,Sarah,13,Thursday,7,July,3,False,True,2024-07-25 13:00:00,Lunch,Weekday,High-value record
883,2024-12-26,19:30:00,Filet Mignon,Entree,6.0,42,252.0,Cash,Dine-In,104,Carlos,19,Thursday,12,December,3,False,True,2024-12-26 19:00:00,Dinner,Weekday,High-value record
884,2024-12-25,20:45:00,Bourbon BBQ Burger,Entree,7.0,22,154.0,Mobile Payment,Takeaway,104,Carlos,20,Wednesday,12,December,2,False,True,2024-12-25 20:00:00,Dinner,Weekday,High-value record
885,2024-07-14,17:15:00,Bourbon BBQ Burger,Entree,5.0,22,110.0,Credit Card,Dine-In,102,Jake,17,Sunday,7,July,6,True,True,2024-07-14 17:00:00,Dinner,Weekend,High-value record
886,2024-10-11,17:30:00,Grilled Asparagus,Side,4.0,8,32.0,Credit Card,Delivery,102,Jake,17,Friday,10,October,4,False,False,2024-10-11 17:00:00,Dinner,Weekday,Other record
887,2024-03-09,11:00:00,Bourbon BBQ Burger,Entree,2.0,22,44.0,Cash,Delivery,104,Carlos,11,Saturday,3,March,5,True,False,2024-03-09 11:00:00,Lunch,Weekend,Other record
888,2024-12-02,17:15:00,Filet Mignon,Entree,5.0,42,210.0,Mobile Payment,Takeaway,104,Carlos,17,Monday,12,December,0,False,True,2024-12-02 17:00:00,Dinner,Weekday,High-value record
889,2024-12-22,20:45:00,Chocolate Lava Cake,Dessert,4.0,9,36.0,Credit Card,Delivery,104,Carlos,20,Sunday,12,December,6,True,False,2024-12-22 20:00:00,Dinner,Weekend,Other record
890,2024-10-09,18:45:00,Mashed Potatoes,Side,4.0,7,28.0,Cash,Takeaway,105,Nina,18,Wednesday,10,October,2,False,False,2024-10-09 18:00:00,Dinner,Weekday,Other record
891,2024-01-04,20:45:00,Truffle Fries,Side,5.0,8,40.0,Mobile Payment,Delivery,103,Emily,20,Thursday,1,January,3,False,False,2024-01-04 20:00:00,Dinner,Weekday,Other record
892,2024-07-29,19:30:00,Ribeye Steak,Entree,2.0,35,70.0,Mobile Payment,Takeaway,103,Emily,19,Monday,7,July,0,False,True,2024-07-29 19:00:00,Dinner,Weekday,High-value record
893,2024-02-27,20:45:00,Truffle Fries,Side,2.0,8,16.0,Cash,Delivery,105,Nina,20,Tuesday,2,February,1,False,False,2024-02-27 20:00:00,Dinner,Weekday,Other record
894,2024-05-23,18:00:00,Cabernet Sauvignon,Beverage,8.0,16,128.0,Cash,Dine-In,104,Carlos,18,Thursday,5,May,3,False,True,2024-05-23 18:00:00,Dinner,Weekday,High-value record
895,2024-11-18,22:00:00,Bourbon BBQ Burger,Entree,11.0,22,242.0,Mobile Payment,Takeaway,105,Nina,22,Monday,11,November,0,False,True,2024-11-18 22:00:00,Dinner,Weekday,High-value record
896,2024-01-28,16:00:00,Old Fashioned,Beverage,3.0,12,36.0,Mobile Payment,Takeaway,105,Nina,16,Sunday,1,January,6,True,False,2024-01-28 16:00:00,Lunch,Weekend,Other record
897,2024-06-18,17:30:00,Shrimp Cocktail,Appetizer,6.0,14,84.0,Cash,Dine-In,105,Nina,17,Tuesday,6,June,1,False,True,2024-06-18 17:00:00,Dinner,Weekday,High-value record
898,2024-06-04,22:30:00,Ribeye Steak,Entree,8.0,35,280.0,Mobile Payment,Dine-In,105,Nina,22,Tuesday,6,June,1,False,True,2024-06-04 22:00:00,Dinner,Weekday,High-value record
899,2024-01-27,21:30:00,Truffle Fries,Side,10.0,8,80.0,Cash,Takeaway,104,Carlos,21,Saturday,1,January,5,True,True,2024-01-27 21:00:00,Dinner,Weekend,High-value record
900,2024-02-12,13:00:00,Shrimp Cocktail,Appetizer,3.0,14,42.0,Cash,Delivery,103,Emily,13,Monday,2,February,0,False,False,2024-02-12 13:00:00,Lunch,Weekday,Other record
901,2024-05-20,15:00:00,Truffle Fries,Side,1.0,8,8.0,Mobile Payment,Dine-In,105,Nina,15,Monday,5,May,0,False,False,2024-05-20 15:00:00,Lunch,Weekday,Other record
902,2024-03-18,21:45:00,Mashed Potatoes,Side,4.0,7,28.0,Credit Card,Delivery,102,Jake,21,Monday,3,March,0,False,False,2024-03-18 21:00:00,Dinner,Weekday,Other record
903,2024-09-05,13:00:00,Mashed Potatoes,Side,1.0,7,7.0,Cash,Delivery,102,Jake,13,Thursday,9,September,3,False,False,2024-09-05 13:00:00,Lunch,Weekday,Other record
904,2024-09-10,17:45:00,Caesar Salad,Appetizer,9.0,10,90.0,Mobile Payment,Delivery,102,Jake,17,Tuesday,9,September,1,False,True,2024-09-10 17:00:00,Dinner,Weekday,High-value record
905,2024-04-17,20:30:00,Ribeye Steak,Entree,5.0,35,175.0,Cash,Dine-In,102,Jake,20,Wednesday,4,April,2,False,True,2024-04-17 20:00:00,Dinner,Weekday,High-value record
906,2024-08-25,17:45:00,Shrimp Cocktail,Appetizer,10.0,14,140.0,Mobile Payment,Delivery,102,Jake,17,Sunday,8,August,6,True,True,2024-08-25 17:00:00,Dinner,Weekend,High-value record
907,2024-07-13,21:45:00,Old Fashioned,Beverage,7.0,12,84.0,Cash,Delivery,104,Carlos,21,Saturday,7,July,5,True,True,2024-07-13 21:00:00,Dinner,Weekend,High-value record
908,2024-01-07,15:45:00,Grilled Asparagus,Side,4.0,8,32.0,Mobile Payment,Delivery,101,Sarah,15,Sunday,1,January,6,True,False,2024-01-07 15:00:00,Lunch,Weekend,Other record
909,2024-02-19,19:30:00,Grilled Asparagus,Side,12.0,8,96.0,Mobile Payment,Takeaway,103,Emily,19,Monday,2,February,0,False,True,2024-02-19 19:00:00,Dinner,Weekday,High-value record
910,2024-05-18,15:00:00,Shrimp Cocktail,Appetizer,9.0,14,126.0,Credit Card,Takeaway,102,Jake,15,Saturday,5,May,5,True,True,2024-05-18 15:00:00,Lunch,Weekend,High-value record
911,2024-12-10,20:15:00,Cabernet Sauvignon,Beverage,6.0,16,96.0,Mobile Payment,Delivery,102,Jake,20,Tuesday,12,December,1,False,True,2024-12-10 20:00:00,Dinner,Weekday,High-value record
912,2024-06-09,19:00:00,Bourbon BBQ Burger,Entree,2.0,22,44.0,Cash,Dine-In,104,Carlos,19,Sunday,6,June,6,True,False,2024-06-09 19:00:00,Dinner,Weekend,Other record
913,2024-02-20,19:00:00,Bourbon BBQ Burger,Entree,7.0,22,154.0,Credit Card,Dine-In,103,Emily,19,Tuesday,2,February,1,False,True,2024-02-20 19:00:00,Dinner,Weekday,High-value record
914,2024-05-08,14:00:00,Ribeye Steak,Entree,4.0,35,140.0,Cash,Dine-In,105,Nina,14,Wednesday,5,May,2,False,True,2024-05-08 14:00:00,Lunch,Weekday,High-value record
915,2024-12-02,14:00:00,Truffle Fries,Side,1.0,8,8.0,Cash,Delivery,102,Jake,14,Monday,12,December,0,False,False,2024-12-02 14:00:00,Lunch,Weekday,Other record
916,2024-07-11,21:15:00,Filet Mignon,Entree,5.0,42,210.0,Credit Card,Takeaway,104,Carlos,21,Thursday,7,July,3,False,True,2024-07-11 21:00:00,Dinner,Weekday,High-value record
917,2024-12-04,12:45:00,Shrimp Cocktail,Appetizer,5.0,14,70.0,Mobile Payment,Delivery,103,Emily,12,Wednesday,12,December,2,False,True,2024-12-04 12:00:00,Lunch,Weekday,High-value record
918,2024-05-11,13:00:00,Shrimp Cocktail,Appetizer,2.0,14,28.0,Credit Card,Takeaway,103,Emily,13,Saturday,5,May,5,True,False,2024-05-11 13:00:00,Lunch,Weekend,Other record
919,2024-01-31,15:30:00,New York Strip,Entree,3.0,38,114.0,Cash,Takeaway,102,Jake,15,Wednesday,1,January,2,False,True,2024-01-31 15:00:00,Lunch,Weekday,High-value record
920,2024-11-08,17:15:00,Bourbon BBQ Burger,Entree,6.0,22,132.0,Cash,Dine-In,105,Nina,17,Friday,11,November,4,False,True,2024-11-08 17:00:00,Dinner,Weekday,High-value record
921,2024-08-08,14:00:00,Old Fashioned,Beverage,3.0,12,36.0,Cash,Dine-In,101,Sarah,14,Thursday,8,August,3,False,False,2024-08-08 14:00:00,Lunch,Weekday,Other record
922,2024-02-06,20:30:00,Old Fashioned,Beverage,2.0,12,24.0,Credit Card,Dine-In,101,Sarah,20,Tuesday,2,February,1,False,False,2024-02-06 20:00:00,Dinner,Weekday,Other record
923,2024-01-20,21:45:00,Shrimp Cocktail,Appetizer,5.0,14,70.0,Mobile Payment,Takeaway,104,Carlos,21,Saturday,1,January,5,True,True,2024-01-20 21:00:00,Dinner,Weekend,High-value record
924,2024-10-21,11:45:00,Old Fashioned,Beverage,4.0,12,48.0,Credit Card,Delivery,101,Sarah,11,Monday,10,October,0,False,False,2024-10-21 11:00:00,Lunch,Weekday,Other record
925,2024-10-03,14:00:00,Grilled Asparagus,Side,4.0,8,32.0,Cash,Delivery,105,Nina,14,Thursday,10,October,3,False,False,2024-10-03 14:00:00,Lunch,Weekday,Other record
926,2024-07-02,16:30:00,Grilled Asparagus,Side,1.0,8,8.0,Mobile Payment,Delivery,101,Sarah,16,Tuesday,7,July,1,False,False,2024-07-02 16:00:00,Lunch,Weekday,Other record
927,2024-07-06,19:30:00,Filet Mignon,Entree,8.0,42,336.0,Credit Card,Delivery,102,Jake,19,Saturday,7,July,5,True,True,2024-07-06 19:00:00,Dinner,Weekend,High-value record
928,2024-03-31,19:00:00,Grilled Asparagus,Side,5.0,8,40.0,Credit Card,Delivery,104,Carlos,19,Sunday,3,March,6,True,False,2024-03-31 19:00:00,Dinner,Weekend,Other record
929,2024-02-24,21:30:00,Old Fashioned,Beverage,2.0,12,24.0,Mobile Payment,Takeaway,102,Jake,21,Saturday,2,February,5,True,False,2024-02-24 21:00:00,Dinner,Weekend,Other record
930,2024-03-12,11:15:00,Ribeye Steak,Entree,5.0,35,175.0,Cash,Takeaway,104,Carlos,11,Tuesday,3,March,1,False,True,2024-03-12 11:00:00,Lunch,Weekday,High-value record
931,2024-02-02,19:30:00,Old Fashioned,Beverage,11.0,12,132.0,Credit Card,Dine-In,101,Sarah,19,Friday,2,February,4,False,True,2024-02-02 19:00:00,Dinner,Weekday,High-value record
932,2024-06-22,11:30:00,Truffle Fries,Side,2.0,8,16.0,Credit Card,Dine-In,102,Jake,11,Saturday,6,June,5,True,False,2024-06-22 11:00:00,Lunch,Weekend,Other record
933,2024-11-30,21:45:00,Bourbon BBQ Burger,Entree,9.0,22,198.0,Cash,Delivery,105,Nina,21,Saturday,11,November,5,True,True,2024-11-30 21:00:00,Dinner,Weekend,High-value record
934,2024-04-29,12:00:00,Truffle Fries,Side,2.0,8,16.0,Credit Card,Delivery,101,Sarah,12,Monday,4,April,0,False,False,2024-04-29 12:00:00,Lunch,Weekday,Other record
935,2024-08-29,20:00:00,Caesar Salad,Appetizer,4.0,10,40.0,Cash,Dine-In,101,Sarah,20,Thursday,8,August,3,False,False,2024-08-29 20:00:00,Dinner,Weekday,Other record
936,2024-06-06,12:45:00,Chocolate Lava Cake,Dessert,2.0,9,18.0,Mobile Payment,Dine-In,101,Sarah,12,Thursday,6,June,3,False,False,2024-06-06 12:00:00,Lunch,Weekday,Other record
937,2024-02-28,18:15:00,Filet Mignon,Entree,4.0,42,168.0,Credit Card,Takeaway,104,Carlos,18,Wednesday,2,February,2,False,True,2024-02-28 18:00:00,Dinner,Weekday,High-value record
938,2024-06-15,12:15:00,Mashed Potatoes,Side,4.0,7,28.0,Cash,Delivery,102,Jake,12,Saturday,6,June,5,True,False,2024-06-15 12:00:00,Lunch,Weekend,Other record
939,2024-06-20,12:00:00,Shrimp Cocktail,Appetizer,2.0,14,28.0,Credit Card,Dine-In,103,Emily,12,Thursday,6,June,3,False,False,2024-06-20 12:00:00,Lunch,Weekday,Other record
940,2024-10-10,13:45:00,Caesar Salad,Appetizer,5.0,10,50.0,Cash,Dine-In,101,Sarah,13,Thursday,10,October,3,False,False,2024-10-10 13:00:00,Lunch,Weekday,Other record
941,2024-11-19,20:45:00,New York Strip,Entree,2.0,38,76.0,Credit Card,Dine-In,101,Sarah,20,Tuesday,11,November,1,False,True,2024-11-19 20:00:00,Dinner,Weekday,High-value record
942,2024-01-04,13:00:00,Truffle Fries,Side,5.0,8,40.0,Credit Card,Takeaway,104,Carlos,13,Thursday,1,January,3,False,False,2024-01-04 13:00:00,Lunch,Weekday,Other record
943,2024-12-20,13:15:00,New York Strip,Entree,4.0,38,152.0,Mobile Payment,Takeaway,104,Carlos,13,Friday,12,December,4,False,True,2024-12-20 13:00:00,Lunch,Weekday,High-value record
944,2024-05-02,13:00:00,Chocolate Lava Cake,Dessert,2.0,9,18.0,Mobile Payment,Takeaway,105,Nina,13,Thursday,5,May,3,False,False,2024-05-02 13:00:00,Lunch,Weekday,Other record
945,2024-02-15,21:30:00,Mashed Potatoes,Side,8.0,7,56.0,Cash,Delivery,102,Jake,21,Thursday,2,February,3,False,False,2024-02-15 21:00:00,Dinner,Weekday,Other record
946,2024-04-08,12:00:00,Chocolate Lava Cake,Dessert,3.0,9,27.0,Mobile Payment,Delivery,102,Jake,12,Monday,4,April,0,False,False,2024-04-08 12:00:00,Lunch,Weekday,Other record
947,2024-08-25,21:15:00,Shrimp Cocktail,Appetizer,2.0,14,28.0,Cash,Dine-In,102,Jake,21,Sunday,8,August,6,True,False,2024-08-25 21:00:00,Dinner,Weekend,Other record
948,2024-12-16,18:45:00,New York Strip,Entree,3.0,38,114.0,Mobile Payment,Dine-In,101,Sarah,18,Monday,12,December,0,False,True,2024-12-16 18:00:00,Dinner,Weekday,High-value record
949,2024-11-26,16:30:00,Caesar Salad,Appetizer,4.0,10,40.0,Credit Card,Takeaway,105,Nina,16,Tuesday,11,November,1,False,False,2024-11-26 16:00:00,Lunch,Weekday,Other record
950,2024-08-20,11:00:00,Truffle Fries,Side,1.0,8,8.0,Mobile Payment,Dine-In,102,Jake,11,Tuesday,8,August,1,False,False,2024-08-20 11:00:00,Lunch,Weekday,Other record
951,2024-01-15,18:00:00,Filet Mignon,Entree,4.0,42,168.0,Mobile Payment,Takeaway,105,Nina,18,Monday,1,January,0,False,True,2024-01-15 18:00:00,Dinner,Weekday,High-value record
952,2024-10-23,16:45:00,Caesar Salad,Appetizer,3.0,10,30.0,Cash,Dine-In,103,Emily,16,Wednesday,10,October,2,False,False,2024-10-23 16:00:00,Lunch,Weekday,Other record
953,2024-04-26,12:15:00,Truffle Fries,Side,5.0,8,40.0,Cash,Takeaway,102,Jake,12,Friday,4,April,4,False,False,2024-04-26 12:00:00,Lunch,Weekday,Other record
954,2024-02-07,18:45:00,Ribeye Steak,Entree,8.0,35,280.0,Cash,Dine-In,105,Nina,18,Wednesday,2,February,2,False,True,2024-02-07 18:00:00,Dinner,Weekday,High-value record
955,2024-08-20,13:45:00,Mashed Potatoes,Side,2.0,7,14.0,Credit Card,Delivery,102,Jake,13,Tuesday,8,August,1,False,False,2024-08-20 13:00:00,Lunch,Weekday,Other record
956,2024-11-19,16:30:00,Caesar Salad,Appetizer,3.0,10,30.0,Cash,Dine-In,105,Nina,16,Tuesday,11,November,1,False,False,2024-11-19 16:00:00,Lunch,Weekday,Other record
957,2024-01-31,15:15:00,Filet Mignon,Entree,5.0,42,210.0,Credit Card,Takeaway,102,Jake,15,Wednesday,1,January,2,False,True,2024-01-31 15:00:00,Lunch,Weekday,High-value record
958,2024-06-24,14:30:00,Chocolate Lava Cake,Dessert,2.0,9,18.0,Mobile Payment,Delivery,102,Jake,14,Monday,6,June,0,False,False,2024-06-24 14:00:00,Lunch,Weekday,Other record
959,2024-10-22,19:15:00,Filet Mignon,Entree,8.0,42,336.0,Mobile Payment,Takeaway,102,Jake,19,Tuesday,10,October,1,False,True,2024-10-22 19:00:00,Dinner,Weekday,High-value record
960,2024-10-29,18:45:00,Shrimp Cocktail,Appetizer,2.0,14,28.0,Mobile Payment,Takeaway,102,Jake,18,Tuesday,10,October,1,False,False,2024-10-29 18:00:00,Dinner,Weekday,Other record
961,2024-05-06,16:45:00,Chocolate Lava Cake,Dessert,2.0,9,18.0,Mobile Payment,Dine-In,105,Nina,16,Monday,5,May,0,False,False,2024-05-06 16:00:00,Lunch,Weekday,Other record
962,2024-01-03,17:00:00,Ribeye Steak,Entree,7.0,35,245.0,Mobile Payment,Delivery,101,Sarah,17,Wednesday,1,January,2,False,True,2024-01-03 17:00:00,Dinner,Weekday,High-value record
963,2024-08-05,19:45:00,Old Fashioned,Beverage,2.0,12,24.0,Credit Card,Takeaway,102,Jake,19,Monday,8,August,0,False,False,2024-08-05 19:00:00,Dinner,Weekday,Other record
964,2024-02-12,19:00:00,Truffle Fries,Side,7.0,8,56.0,Cash,Dine-In,103,Emily,19,Monday,2,February,0,False,False,2024-02-12 19:00:00,Dinner,Weekday,Other record
965,2024-05-31,14:00:00,Ribeye Steak,Entree,7.0,35,245.0,Mobile Payment,Takeaway,102,Jake,14,Friday,5,May,4,False,True,2024-05-31 14:00:00,Lunch,Weekday,High-value record
966,2024-12-26,18:00:00,Old Fashioned,Beverage,7.0,12,84.0,Cash,Delivery,104,Carlos,18,Thursday,12,December,3,False,True,2024-12-26 18:00:00,Dinner,Weekday,High-value record
967,2024-04-04,16:45:00,Truffle Fries,Side,1.0,8,8.0,Mobile Payment,Dine-In,104,Carlos,16,Thursday,4,April,3,False,False,2024-04-04 16:00:00,Lunch,Weekday,Other record
968,2024-12-19,16:00:00,Shrimp Cocktail,Appetizer,4.0,14,56.0,Credit Card,Delivery,105,Nina,16,Thursday,12,December,3,False,False,2024-12-19 16:00:00,Lunch,Weekday,Other record
969,2024-10-04,20:15:00,Bourbon BBQ Burger,Entree,2.0,22,44.0,Mobile Payment,Takeaway,101,Sarah,20,Friday,10,October,4,False,False,2024-10-04 20:00:00,Dinner,Weekday,Other record
970,2024-09-20,21:30:00,Ribeye Steak,Entree,2.0,35,70.0,Credit Card,Takeaway,104,Carlos,21,Friday,9,September,4,False,True,2024-09-20 21:00:00,Dinner,Weekday,High-value record
971,2024-11-12,11:30:00,Mashed Potatoes,Side,2.0,7,14.0,Mobile Payment,Delivery,101,Sarah,11,Tuesday,11,November,1,False,False,2024-11-12 11:00:00,Lunch,Weekday,Other record
972,2024-10-14,22:15:00,New York Strip,Entree,6.0,38,228.0,Cash,Delivery,101,Sarah,22,Monday,10,October,0,False,True,2024-10-14 22:00:00,Dinner,Weekday,High-value record
973,2024-11-28,18:15:00,Truffle Fries,Side,4.8,8,38.4,Credit Card,Takeaway,103,Emily,18,Thursday,11,November,3,False,False,2024-11-28 18:00:00,Dinner,Weekday,Other record
974,2024-09-14,21:45:00,Shrimp Cocktail,Appetizer,2.0,14,28.0,Cash,Takeaway,103,Emily,21,Saturday,9,September,5,True,False,2024-09-14 21:00:00,Dinner,Weekend,Other record
975,2024-08-19,18:00:00,Old Fashioned,Beverage,10.0,12,120.0,Mobile Payment,Delivery,103,Emily,18,Monday,8,August,0,False,True,2024-08-19 18:00:00,Dinner,Weekday,High-value record
976,2024-08-19,20:30:00,Bourbon BBQ Burger,Entree,2.0,22,44.0,Cash,Takeaway,101,Sarah,20,Monday,8,August,0,False,False,2024-08-19 20:00:00,Dinner,Weekday,Other record
977,2024-02-11,17:15:00,Shrimp Cocktail,Appetizer,2.0,14,28.0,Cash,Dine-In,103,Emily,17,Sunday,2,February,6,True,False,2024-02-11 17:00:00,Dinner,Weekend,Other record
978,2024-02-27,22:15:00,Old Fashioned,Beverage,4.0,12,48.0,Cash,Delivery,101,Sarah,22,Tuesday,2,February,1,False,False,2024-02-27 22:00:00,Dinner,Weekday,Other record
979,2024-05-30,17:15:00,Old Fashioned,Beverage,7.0,12,84.0,Credit Card,Takeaway,101,Sarah,17,Thursday,5,May,3,False,True,2024-05-30 17:00:00,Dinner,Weekday,High-value record
980,2024-05-29,14:00:00,Ribeye Steak,Entree,2.0,35,70.0,Mobile Payment,Delivery,103,Emily,14,Wednesday,5,May,2,False,True,2024-05-29 14:00:00,Lunch,Weekday,High-value record
981,2024-07-29,20:30:00,Bourbon BBQ Burger,Entree,5.0,22,110.0,Credit Card,Delivery,105,Nina,20,Monday,7,July,0,False,True,2024-07-29 20:00:00,Dinner,Weekday,High-value record
982,2024-10-07,18:45:00,Shrimp Cocktail,Appetizer,8.0,14,112.0,Cash,Takeaway,102,Jake,18,Monday,10,October,0,False,True,2024-10-07 18:00:00,Dinner,Weekday,High-value record
983,2024-05-13,14:45:00,Mashed Potatoes,Side,3.0,7,21.0,Cash,Dine-In,103,Emily,14,Monday,5,May,0,False,False,2024-05-13 14:00:00,Lunch,Weekday,Other record
984,2024-05-25,18:15:00,Chocolate Lava Cake,Dessert,4.0,9,36.0,Mobile Payment,Delivery,103,Emily,18,Saturday,5,May,5,True,False,2024-05-25 18:00:00,Dinner,Weekend,Other record
985,2024-04-03,13:15:00,New York Strip,Entree,2.0,38,76.0,Cash,Dine-In,103,Emily,13,Wednesday,4,April,2,False,True,2024-04-03 13:00:00,Lunch,Weekday,High-value record
986,2024-10-21,13:45:00,Shrimp Cocktail,Appetizer,3.0,14,42.0,Cash,Dine-In,105,Nina,13,Monday,10,October,0,False,False,2024-10-21 13:00:00,Lunch,Weekday,Other record
987,2024-12-28,11:30:00,Mashed Potatoes,Side,4.0,7,28.0,Credit Card,Takeaway,105,Nina,11,Saturday,12,December,5,True,False,2024-12-28 11:00:00,Lunch,Weekend,Other record
988,2024-03-24,19:30:00,Filet Mignon,Entree,2.0,42,84.0,Credit Card,Takeaway,102,Jake,19,Sunday,3,March,6,True,True,2024-03-24 19:00:00,Dinner,Weekend,High-value record
989,2024-08-22,16:15:00,Ribeye Steak,Entree,5.0,35,175.0,Mobile Payment,Takeaway,103,Emily,16,Thursday,8,August,3,False,True,2024-08-22 16:00:00,Lunch,Weekday,High-value record
990,2024-08-30,15:15:00,Chocolate Lava Cake,Dessert,6.0,9,54.0,Credit Card,Delivery,101,Sarah,15,Friday,8,August,4,False,False,2024-08-30 15:00:00,Lunch,Weekday,Other record
991,2024-09-02,11:15:00,Bourbon BBQ Burger,Entree,6.0,22,132.0,Cash,Takeaway,101,Sarah,11,Monday,9,September,0,False,True,2024-09-02 11:00:00,Lunch,Weekday,High-value record
992,2024-07-24,20:15:00,Old Fashioned,Beverage,5.0,12,60.0,Cash,Takeaway,101,Sarah,20,Wednesday,7,July,2,False,False,2024-07-24 20:00:00,Dinner,Weekday,Other record
993,2024-11-07,21:15:00,Chocolate Lava Cake,Dessert,11.0,9,99.0,Cash,Takeaway,102,Jake,21,Thursday,11,November,3,False,True,2024-11-07 21:00:00,Dinner,Weekday,High-value record
994,2024-01-12,12:45:00,Bourbon BBQ Burger,Entree,1.0,22,22.0,Mobile Payment,Takeaway,102,Jake,12,Friday,1,January,4,False,False,2024-01-12 12:00:00,Lunch,Weekday,Other record
995,2024-09-08,16:00:00,Bourbon BBQ Burger,Entree,3.0,22,66.0,Credit Card,Dine-In,104,Carlos,16,Sunday,9,September,6,True,True,2024-09-08 16:00:00,Lunch,Weekend,High-value record
996,2024-07-08,17:30:00,Ribeye Steak,Entree,5.0,35,175.0,Credit Card,Takeaway,103,Emily,17,Monday,7,July,0,False,True,2024-07-08 17:00:00,Dinner,Weekday,High-value record
997,2024-08-16,19:00:00,Caesar Salad,Appetizer,7.0,10,70.0,Mobile Payment,Takeaway,104,Carlos,19,Friday,8,August,4,False,True,2024-08-16 19:00:00,Dinner,Weekday,High-value record
998,2024-05-27,13:45:00,Truffle Fries,Side,4.0,8,32.0,Cash,Delivery,105,Nina,13,Monday,5,May,0,False,False,2024-05-27 13:00:00,Lunch,Weekday,Other record
999,2024-02-14,13:15:00,Shrimp Cocktail,Appetizer,4.8,14,67.2,Mobile Payment,Takeaway,101,Sarah,13,Wednesday,2,February,2,False,True,2024-02-14 13:00:00,Lunch,Weekday,High-value record
1000,2024-10-29,17:00:00,Ribeye Steak,Entree,6.0,35,210.0,Mobile Payment,Takeaway,104,Carlos,17,Tuesday,10,October,1,False,True,2024-10-29 17:00:00,Dinner,Weekday,High-value record
1001,2024-03-30,19:45:00,Truffle Fries,Side,10.0,8,80.0,Cash,Dine-In,102,Jake,19,Saturday,3,March,5,True,True,2024-03-30 19:00:00,Dinner,Weekend,High-value record
1002,2024-07-14,15:45:00,Ribeye Steak,Entree,3.0,35,105.0,Mobile Payment,Takeaway,104,Carlos,15,Sunday,7,July,6,True,True,2024-07-14 15:00:00,Lunch,Weekend,High-value record
1003,2024-10-13,22:45:00,Caesar Salad,Appetizer,2.0,10,20.0,Cash,Dine-In,103,Emily,22,Sunday,10,October,6,True,False,2024-10-13 22:00:00,Dinner,Weekend,Other record
1004,2024-06-02,21:45:00,Filet Mignon,Entree,6.0,42,252.0,Credit Card,Dine-In,104,Carlos,21,Sunday,6,June,6,True,True,2024-06-02 21:00:00,Dinner,Weekend,High-value record
1005,2024-12-18,21:15:00,Ribeye Steak,Entree,2.0,35,70.0,Credit Card,Takeaway,101,Sarah,21,Wednesday,12,December,2,False,True,2024-12-18 21:00:00,Dinner,Weekday,High-value record
1006,2024-11-02,22:30:00,Chocolate Lava Cake,Dessert,8.0,9,72.0,Mobile Payment,Takeaway,103,Emily,22,Saturday,11,November,5,True,True,2024-11-02 22:00:00,Dinner,Weekend,High-value record
1007,2024-11-17,21:45:00,Truffle Fries,Side,2.0,8,16.0,Credit Card,Delivery,105,Nina,21,Sunday,11,November,6,True,False,2024-11-17 21:00:00,Dinner,Weekend,Other record
1008,2024-01-09,15:15:00,Chocolate Lava Cake,Dessert,1.0,9,9.0,Cash,Takeaway,104,Carlos,15,Tuesday,1,January,1,False,False,2024-01-09 15:00:00,Lunch,Weekday,Other record
1009,2024-12-20,13:30:00,New York Strip,Entree,2.0,38,76.0,Credit Card,Takeaway,104,Carlos,13,Friday,12,December,4,False,True,2024-12-20 13:00:00,Lunch,Weekday,High-value record
1010,2024-11-21,16:00:00,Shrimp Cocktail,Appetizer,3.0,14,42.0,Mobile Payment,Delivery,101,Sarah,16,Thursday,11,November,3,False,False,2024-11-21 16:00:00,Lunch,Weekday,Other record
1011,2024-09-20,14:15:00,Filet Mignon,Entree,9.0,42,378.0,Cash,Delivery,103,Emily,14,Friday,9,September,4,False,True,2024-09-20 14:00:00,Lunch,Weekday,High-value record
1012,2024-06-10,21:30:00,Shrimp Cocktail,Appetizer,7.0,14,98.0,Cash,Delivery,105,Nina,21,Monday,6,June,0,False,True,2024-06-10 21:00:00,Dinner,Weekday,High-value record
1013,2024-06-29,13:00:00,New York Strip,Entree,10.0,38,380.0,Credit Card,Takeaway,104,Carlos,13,Saturday,6,June,5,True,True,2024-06-29 13:00:00,Lunch,Weekend,High-value record
1014,2024-07-29,16:15:00,Filet Mignon,Entree,2.0,42,84.0,Cash,Delivery,102,Jake,16,Monday,7,July,0,False,True,2024-07-29 16:00:00,Lunch,Weekday,High-value record
1015,2024-04-06,19:00:00,Grilled Asparagus,Side,9.0,8,72.0,Cash,Dine-In,102,Jake,19,Saturday,4,April,5,True,True,2024-04-06 19:00:00,Dinner,Weekend,High-value record
1016,2024-01-09,18:30:00,Shrimp Cocktail,Appetizer,5.0,14,70.0,Cash,Takeaway,105,Nina,18,Tuesday,1,January,1,False,True,2024-01-09 18:00:00,Dinner,Weekday,High-value record
1017,2024-09-24,16:15:00,Truffle Fries,Side,4.0,8,32.0,Cash,Delivery,101,Sarah,16,Tuesday,9,September,1,False,False,2024-09-24 16:00:00,Lunch,Weekday,Other record
1018,2024-04-23,13:15:00,Truffle Fries,Side,2.0,8,16.0,Credit Card,Dine-In,102,Jake,13,Tuesday,4,April,1,False,False,2024-04-23 13:00:00,Lunch,Weekday,Other record
1019,2024-03-07,12:45:00,Truffle Fries,Side,1.0,8,8.0,Cash,Dine-In,104,Carlos,12,Thursday,3,March,3,False,False,2024-03-07 12:00:00,Lunch,Weekday,Other record
1020,2024-08-08,11:15:00,Filet Mignon,Entree,1.0,42,42.0,Mobile Payment,Delivery,105,Nina,11,Thursday,8,August,3,False,False,2024-08-08 11:00:00,Lunch,Weekday,Other record
1021,2024-01-31,18:00:00,Shrimp Cocktail,Appetizer,2.0,14,28.0,Cash,Takeaway,101,Sarah,18,Wednesday,1,January,2,False,False,2024-01-31 18:00:00,Dinner,Weekday,Other record
1022,2024-02-19,12:15:00,Chocolate Lava Cake,Dessert,2.0,9,18.0,Cash,Delivery,103,Emily,12,Monday,2,February,0,False,False,2024-02-19 12:00:00,Lunch,Weekday,Other record
1023,2024-01-15,12:15:00,Truffle Fries,Side,3.0,8,24.0,Mobile Payment,Takeaway,103,Emily,12,Monday,1,January,0,False,False,2024-01-15 12:00:00,Lunch,Weekday,Other record
1024,2024-03-23,19:15:00,Cabernet Sauvignon,Beverage,10.0,16,160.0,Cash,Dine-In,105,Nina,19,Saturday,3,March,5,True,True,2024-03-23 19:00:00,Dinner,Weekend,High-value record
1025,2024-01-08,19:15:00,Truffle Fries,Side,3.0,8,24.0,Credit Card,Dine-In,105,Nina,19,Monday,1,January,0,False,False,2024-01-08 19:00:00,Dinner,Weekday,Other record
1026,2024-01-03,22:00:00,Caesar Salad,Appetizer,10.0,10,100.0,Mobile Payment,Takeaway,103,Emily,22,Wednesday,1,January,2,False,True,2024-01-03 22:00:00,Dinner,Weekday,High-value record
1027,2024-12-23,20:15:00,Old Fashioned,Beverage,2.0,12,24.0,Cash,Takeaway,104,Carlos,20,Monday,12,December,0,False,False,2024-12-23 20:00:00,Dinner,Weekday,Other record
1028,2024-08-05,14:15:00,Grilled Asparagus,Side,1.0,8,8.0,Credit Card,Dine-In,104,Carlos,14,Monday,8,August,0,False,False,2024-08-05 14:00:00,Lunch,Weekday,Other record
1029,2024-02-26,19:15:00,Old Fashioned,Beverage,7.0,12,84.0,Mobile Payment,Takeaway,105,Nina,19,Monday,2,February,0,False,True,2024-02-26 19:00:00,Dinner,Weekday,High-value record
1030,2024-01-21,12:30:00,Old Fashioned,Beverage,1.0,12,12.0,Credit Card,Takeaway,104,Carlos,12,Sunday,1,January,6,True,False,2024-01-21 12:00:00,Lunch,Weekend,Other record
1031,2024-11-03,22:30:00,Bourbon BBQ Burger,Entree,10.0,22,220.0,Cash,Delivery,104,Carlos,22,Sunday,11,November,6,True,True,2024-11-03 22:00:00,Dinner,Weekend,High-value record
1032,2024-05-28,17:15:00,Filet Mignon,Entree,8.0,42,336.0,Mobile Payment,Takeaway,102,Jake,17,Tuesday,5,May,1,False,True,2024-05-28 17:00:00,Dinner,Weekday,High-value record
1033,2024-01-07,21:45:00,Bourbon BBQ Burger,Entree,2.0,22,44.0,Credit Card,Takeaway,105,Nina,21,Sunday,1,January,6,True,False,2024-01-07 21:00:00,Dinner,Weekend,Other record
1034,2024-12-03,21:00:00,Filet Mignon,Entree,3.0,42,126.0,Credit Card,Takeaway,105,Nina,21,Tuesday,12,December,1,False,True,2024-12-03 21:00:00,Dinner,Weekday,High-value record
1035,2024-02-22,22:15:00,Filet Mignon,Entree,7.0,42,294.0,Cash,Takeaway,102,Jake,22,Thursday,2,February,3,False,True,2024-02-22 22:00:00,Dinner,Weekday,High-value record
1036,2024-10-31,17:00:00,Caesar Salad,Appetizer,10.0,10,100.0,Mobile Payment,Takeaway,103,Emily,17,Thursday,10,October,3,False,True,2024-10-31 17:00:00,Dinner,Weekday,High-value record
1037,2024-12-31,20:30:00,Bourbon BBQ Burger,Entree,11.7,22,257.4,Credit Card,Takeaway,105,Nina,20,Tuesday,12,December,1,False,True,2024-12-31 20:00:00,Dinner,Weekday,High-value record
1038,2024-07-26,18:30:00,New York Strip,Entree,9.0,38,342.0,Cash,Dine-In,103,Emily,18,Friday,7,July,4,False,True,2024-07-26 18:00:00,Dinner,Weekday,High-value record
1039,2024-09-07,18:15:00,Bourbon BBQ Burger,Entree,4.0,22,88.0,Cash,Dine-In,101,Sarah,18,Saturday,9,September,5,True,True,2024-09-07 18:00:00,Dinner,Weekend,High-value record
1040,2024-02-04,18:00:00,New York Strip,Entree,7.0,38,266.0,Mobile Payment,Delivery,103,Emily,18,Sunday,2,February,6,True,True,2024-02-04 18:00:00,Dinner,Weekend,High-value record
1041,2024-03-19,15:00:00,Filet Mignon,Entree,5.0,42,210.0,Credit Card,Takeaway,102,Jake,15,Tuesday,3,March,1,False,True,2024-03-19 15:00:00,Lunch,Weekday,High-value record
1042,2024-05-30,21:45:00,Old Fashioned,Beverage,8.0,12,96.0,Credit Card,Delivery,103,Emily,21,Thursday,5,May,3,False,True,2024-05-30 21:00:00,Dinner,Weekday,High-value record
1043,2024-10-03,19:00:00,Ribeye Steak,Entree,7.0,35,245.0,Cash,Takeaway,104,Carlos,19,Thursday,10,October,3,False,True,2024-10-03 19:00:00,Dinner,Weekday,High-value record
1044,2024-06-10,17:45:00,Old Fashioned,Beverage,2.0,12,24.0,Cash,Dine-In,105,Nina,17,Monday,6,June,0,False,False,2024-06-10 17:00:00,Dinner,Weekday,Other record
1045,2024-12-03,15:15:00,Old Fashioned,Beverage,4.0,12,48.0,Cash,Takeaway,104,Carlos,15,Tuesday,12,December,1,False,False,2024-12-03 15:00:00,Lunch,Weekday,Other record
1046,2024-09-06,12:45:00,Bourbon BBQ Burger,Entree,8.0,22,176.0,Mobile Payment,Delivery,105,Nina,12,Friday,9,September,4,False,True,2024-09-06 12:00:00,Lunch,Weekday,High-value record
1047,2024-08-28,18:15:00,Cabernet Sauvignon,Beverage,2.0,16,32.0,Credit Card,Takeaway,104,Carlos,18,Wednesday,8,August,2,False,False,2024-08-28 18:00:00,Dinner,Weekday,Other record
1048,2024-10-29,17:30:00,Shrimp Cocktail,Appetizer,6.0,14,84.0,Cash,Dine-In,105,Nina,17,Tuesday,10,October,1,False,True,2024-10-29 17:00:00,Dinner,Weekday,High-value record
1049,2024-01-24,13:30:00,Mashed Potatoes,Side,6.0,7,42.0,Cash,Delivery,103,Emily,13,Wednesday,1,January,2,False,False,2024-01-24 13:00:00,Lunch,Weekday,Other record
1050,2024-07-13,12:45:00,Mashed Potatoes,Side,6.0,7,42.0,Credit Card,Takeaway,101,Sarah,12,Saturday,7,July,5,True,False,2024-07-13 12:00:00,Lunch,Weekend,Other record
1051,2024-12-04,14:15:00,Caesar Salad,Appetizer,3.0,10,30.0,Mobile Payment,Dine-In,101,Sarah,14,Wednesday,12,December,2,False,False,2024-12-04 14:00:00,Lunch,Weekday,Other record
1052,2024-06-05,12:30:00,New York Strip,Entree,1.0,38,38.0,Mobile Payment,Takeaway,101,Sarah,12,Wednesday,6,June,2,False,False,2024-06-05 12:00:00,Lunch,Weekday,Other record
1053,2024-08-23,21:45:00,Chocolate Lava Cake,Dessert,9.0,9,81.0,Credit Card,Takeaway,101,Sarah,21,Friday,8,August,4,False,True,2024-08-23 21:00:00,Dinner,Weekday,High-value record
1054,2024-12-22,18:00:00,Mashed Potatoes,Side,8.0,7,56.0,Mobile Payment,Takeaway,103,Emily,18,Sunday,12,December,6,True,False,2024-12-22 18:00:00,Dinner,Weekend,Other record
1055,2024-10-20,12:45:00,Filet Mignon,Entree,2.0,42,84.0,Credit Card,Takeaway,105,Nina,12,Sunday,10,October,6,True,True,2024-10-20 12:00:00,Lunch,Weekend,High-value record
1056,2024-12-07,16:15:00,Chocolate Lava Cake,Dessert,5.0,9,45.0,Credit Card,Takeaway,102,Jake,16,Saturday,12,December,5,True,False,2024-12-07 16:00:00,Lunch,Weekend,Other record
1057,2024-09-11,21:00:00,Cabernet Sauvignon,Beverage,4.0,16,64.0,Credit Card,Takeaway,101,Sarah,21,Wednesday,9,September,2,False,True,2024-09-11 21:00:00,Dinner,Weekday,High-value record
1058,2024-06-01,20:45:00,Caesar Salad,Appetizer,9.0,10,90.0,Mobile Payment,Dine-In,105,Nina,20,Saturday,6,June,5,True,True,2024-06-01 20:00:00,Dinner,Weekend,High-value record
1059,2024-02-18,20:30:00,Shrimp Cocktail,Appetizer,2.0,14,28.0,Mobile Payment,Delivery,104,Carlos,20,Sunday,2,February,6,True,False,2024-02-18 20:00:00,Dinner,Weekend,Other record
1060,2024-08-06,14:30:00,Filet Mignon,Entree,3.0,42,126.0,Mobile Payment,Takeaway,104,Carlos,14,Tuesday,8,August,1,False,True,2024-08-06 14:00:00,Lunch,Weekday,High-value record
1061,2024-12-05,19:30:00,Caesar Salad,Appetizer,9.0,10,90.0,Credit Card,Takeaway,105,Nina,19,Thursday,12,December,3,False,True,2024-12-05 19:00:00,Dinner,Weekday,High-value record
1062,2024-09-20,18:15:00,Ribeye Steak,Entree,9.0,35,315.0,Cash,Delivery,104,Carlos,18,Friday,9,September,4,False,True,2024-09-20 18:00:00,Dinner,Weekday,High-value record
1063,2024-04-19,21:45:00,Shrimp Cocktail,Appetizer,11.0,14,154.0,Mobile Payment,Takeaway,105,Nina,21,Friday,4,April,4,False,True,2024-04-19 21:00:00,Dinner,Weekday,High-value record
1064,2024-11-16,11:15:00,Mashed Potatoes,Side,8.0,7,56.0,Cash,Dine-In,102,Jake,11,Saturday,11,November,5,True,False,2024-11-16 11:00:00,Lunch,Weekend,Other record
1065,2024-12-16,15:45:00,Grilled Asparagus,Side,3.0,8,24.0,Cash,Delivery,102,Jake,15,Monday,12,December,0,False,False,2024-12-16 15:00:00,Lunch,Weekday,Other record
1066,2024-07-30,15:30:00,Bourbon BBQ Burger,Entree,2.0,22,44.0,Credit Card,Delivery,105,Nina,15,Tuesday,7,July,1,False,False,2024-07-30 15:00:00,Lunch,Weekday,Other record
1067,2024-04-30,17:15:00,Filet Mignon,Entree,4.0,42,168.0,Cash,Dine-In,102,Jake,17,Tuesday,4,April,1,False,True,2024-04-30 17:00:00,Dinner,Weekday,High-value record
1068,2024-06-07,18:45:00,Cabernet Sauvignon,Beverage,6.0,16,96.0,Credit Card,Delivery,101,Sarah,18,Friday,6,June,4,False,True,2024-06-07 18:00:00,Dinner,Weekday,High-value record
1069,2024-04-13,13:30:00,New York Strip,Entree,2.0,38,76.0,Credit Card,Takeaway,105,Nina,13,Saturday,4,April,5,True,True,2024-04-13 13:00:00,Lunch,Weekend,High-value record
1070,2024-03-31,21:00:00,Truffle Fries,Side,7.0,8,56.0,Cash,Dine-In,101,Sarah,21,Sunday,3,March,6,True,False,2024-03-31 21:00:00,Dinner,Weekend,Other record
1071,2024-06-09,20:30:00,Filet Mignon,Entree,8.0,42,336.0,Credit Card,Delivery,101,Sarah,20,Sunday,6,June,6,True,True,2024-06-09 20:00:00,Dinner,Weekend,High-value record
1072,2024-07-22,22:15:00,Caesar Salad,Appetizer,2.0,10,20.0,Mobile Payment,Delivery,105,Nina,22,Monday,7,July,0,False,False,2024-07-22 22:00:00,Dinner,Weekday,Other record
1073,2024-03-02,19:30:00,Old Fashioned,Beverage,2.0,12,24.0,Cash,Delivery,101,Sarah,19,Saturday,3,March,5,True,False,2024-03-02 19:00:00,Dinner,Weekend,Other record
1074,2024-06-09,16:45:00,Truffle Fries,Side,2.0,8,16.0,Credit Card,Dine-In,102,Jake,16,Sunday,6,June,6,True,False,2024-06-09 16:00:00,Lunch,Weekend,Other record
1075,2024-02-24,13:15:00,Shrimp Cocktail,Appetizer,6.0,14,84.0,Credit Card,Takeaway,105,Nina,13,Saturday,2,February,5,True,True,2024-02-24 13:00:00,Lunch,Weekend,High-value record
1076,2024-01-29,18:30:00,Truffle Fries,Side,2.0,8,16.0,Credit Card,Delivery,104,Carlos,18,Monday,1,January,0,False,False,2024-01-29 18:00:00,Dinner,Weekday,Other record
1077,2024-08-31,21:15:00,Shrimp Cocktail,Appetizer,4.0,14,56.0,Credit Card,Takeaway,103,Emily,21,Saturday,8,August,5,True,False,2024-08-31 21:00:00,Dinner,Weekend,Other record
1078,2024-06-06,11:00:00,Truffle Fries,Side,1.0,8,8.0,Mobile Payment,Delivery,102,Jake,11,Thursday,6,June,3,False,False,2024-06-06 11:00:00,Lunch,Weekday,Other record
1079,2024-05-09,19:45:00,Shrimp Cocktail,Appetizer,6.0,14,84.0,Mobile Payment,Dine-In,105,Nina,19,Thursday,5,May,3,False,True,2024-05-09 19:00:00,Dinner,Weekday,High-value record
1080,2024-05-01,18:45:00,Ribeye Steak,Entree,8.0,35,280.0,Credit Card,Takeaway,101,Sarah,18,Wednesday,5,May,2,False,True,2024-05-01 18:00:00,Dinner,Weekday,High-value record
1081,2024-04-30,15:15:00,New York Strip,Entree,3.0,38,114.0,Mobile Payment,Takeaway,104,Carlos,15,Tuesday,4,April,1,False,True,2024-04-30 15:00:00,Lunch,Weekday,High-value record
1082,2024-01-18,15:00:00,Old Fashioned,Beverage,4.0,12,48.0,Mobile Payment,Takeaway,103,Emily,15,Thursday,1,January,3,False,False,2024-01-18 15:00:00,Lunch,Weekday,Other record
1083,2024-08-04,12:15:00,Truffle Fries,Side,2.0,8,16.0,Mobile Payment,Dine-In,103,Emily,12,Sunday,8,August,6,True,False,2024-08-04 12:00:00,Lunch,Weekend,Other record
1084,2024-08-03,20:30:00,Old Fashioned,Beverage,2.0,12,24.0,Cash,Delivery,102,Jake,20,Saturday,8,August,5,True,False,2024-08-03 20:00:00,Dinner,Weekend,Other record
1085,2024-11-18,18:15:00,Ribeye Steak,Entree,9.0,35,315.0,Cash,Delivery,103,Emily,18,Monday,11,November,0,False,True,2024-11-18 18:00:00,Dinner,Weekday,High-value record
1086,2024-06-09,20:00:00,Filet Mignon,Entree,4.0,42,168.0,Cash,Delivery,102,Jake,20,Sunday,6,June,6,True,True,2024-06-09 20:00:00,Dinner,Weekend,High-value record
1087,2024-10-31,21:45:00,Mashed Potatoes,Side,9.0,7,63.0,Credit Card,Delivery,102,Jake,21,Thursday,10,October,3,False,True,2024-10-31 21:00:00,Dinner,Weekday,High-value record
1088,2024-05-13,13:30:00,Shrimp Cocktail,Appetizer,2.0,14,28.0,Cash,Takeaway,103,Emily,13,Monday,5,May,0,False,False,2024-05-13 13:00:00,Lunch,Weekday,Other record
1089,2024-04-03,17:45:00,Chocolate Lava Cake,Dessert,4.0,9,36.0,Cash,Dine-In,105,Nina,17,Wednesday,4,April,2,False,False,2024-04-03 17:00:00,Dinner,Weekday,Other record
1090,2024-11-27,20:15:00,Filet Mignon,Entree,10.0,42,420.0,Cash,Takeaway,102,Jake,20,Wednesday,11,November,2,False,True,2024-11-27 20:00:00,Dinner,Weekday,High-value record
1091,2024-01-26,17:45:00,Chocolate Lava Cake,Dessert,6.0,9,54.0,Cash,Dine-In,103,Emily,17,Friday,1,January,4,False,False,2024-01-26 17:00:00,Dinner,Weekday,Other record
1092,2024-03-28,20:00:00,Ribeye Steak,Entree,11.0,35,385.0,Credit Card,Takeaway,104,Carlos,20,Thursday,3,March,3,False,True,2024-03-28 20:00:00,Dinner,Weekday,High-value record
1093,2024-03-01,14:15:00,Caesar Salad,Appetizer,4.0,10,40.0,Credit Card,Delivery,104,Carlos,14,Friday,3,March,4,False,False,2024-03-01 14:00:00,Lunch,Weekday,Other record
1094,2024-07-14,13:45:00,Caesar Salad,Appetizer,5.0,10,50.0,Cash,Takeaway,102,Jake,13,Sunday,7,July,6,True,False,2024-07-14 13:00:00,Lunch,Weekend,Other record
1095,2024-08-02,13:45:00,New York Strip,Entree,1.0,38,38.0,Credit Card,Takeaway,102,Jake,13,Friday,8,August,4,False,False,2024-08-02 13:00:00,Lunch,Weekday,Other record
1096,2024-11-12,18:15:00,Mashed Potatoes,Side,11.0,7,77.0,Mobile Payment,Delivery,104,Carlos,18,Tuesday,11,November,1,False,True,2024-11-12 18:00:00,Dinner,Weekday,High-value record
1097,2024-02-13,11:45:00,New York Strip,Entree,3.0,38,114.0,Mobile Payment,Takeaway,102,Jake,11,Tuesday,2,February,1,False,True,2024-02-13 11:00:00,Lunch,Weekday,High-value record
1098,2024-12-31,17:45:00,Truffle Fries,Side,13.0,8,104.0,Credit Card,Dine-In,101,Sarah,17,Tuesday,12,December,1,False,True,2024-12-31 17:00:00,Dinner,Weekday,High-value record
1099,2024-10-12,11:00:00,Mashed Potatoes,Side,4.0,7,28.0,Credit Card,Takeaway,105,Nina,11,Saturday,10,October,5,True,False,2024-10-12 11:00:00,Lunch,Weekend,Other record
1100,2024-12-09,20:00:00,Ribeye Steak,Entree,6.0,35,210.0,Mobile Payment,Delivery,104,Carlos,20,Monday,12,December,0,False,True,2024-12-09 20:00:00,Dinner,Weekday,High-value record
1101,2024-06-03,17:30:00,New York Strip,Entree,12.0,38,456.0,Cash,Delivery,102,Jake,17,Monday,6,June,0,False,True,2024-06-03 17:00:00,Dinner,Weekday,High-value record
1102,2024-05-13,13:45:00,Mashed Potatoes,Side,4.0,7,28.0,Cash,Dine-In,103,Emily,13,Monday,5,May,0,False,False,2024-05-13 13:00:00,Lunch,Weekday,Other record
1103,2024-12-29,19:45:00,New York Strip,Entree,7.0,38,266.0,Cash,Takeaway,101,Sarah,19,Sunday,12,December,6,True,True,2024-12-29 19:00:00,Dinner,Weekend,High-value record
1104,2024-03-06,18:30:00,Truffle Fries,Side,7.0,8,56.0,Credit Card,Takeaway,103,Emily,18,Wednesday,3,March,2,False,False,2024-03-06 18:00:00,Dinner,Weekday,Other record
1105,2024-11-09,15:30:00,Grilled Asparagus,Side,4.0,8,32.0,Credit Card,Delivery,104,Carlos,15,Saturday,11,November,5,True,False,2024-11-09 15:00:00,Lunch,Weekend,Other record
1106,2024-03-18,19:45:00,Ribeye Steak,Entree,3.0,35,105.0,Cash,Dine-In,102,Jake,19,Monday,3,March,0,False,True,2024-03-18 19:00:00,Dinner,Weekday,High-value record
1107,2024-04-03,11:45:00,Shrimp Cocktail,Appetizer,2.0,14,28.0,Mobile Payment,Takeaway,104,Carlos,11,Wednesday,4,April,2,False,False,2024-04-03 11:00:00,Lunch,Weekday,Other record
1108,2024-02-29,18:00:00,Old Fashioned,Beverage,7.0,12,84.0,Mobile Payment,Delivery,104,Carlos,18,Thursday,2,February,3,False,True,2024-02-29 18:00:00,Dinner,Weekday,High-value record
1109,2024-08-22,18:00:00,Truffle Fries,Side,3.0,8,24.0,Cash,Takeaway,101,Sarah,18,Thursday,8,August,3,False,False,2024-08-22 18:00:00,Dinner,Weekday,Other record
1110,2024-04-14,15:15:00,New York Strip,Entree,6.0,38,228.0,Credit Card,Delivery,105,Nina,15,Sunday,4,April,6,True,True,2024-04-14 15:00:00,Lunch,Weekend,High-value record
1111,2024-04-18,20:00:00,Cabernet Sauvignon,Beverage,10.0,16,160.0,Cash,Takeaway,101,Sarah,20,Thursday,4,April,3,False,True,2024-04-18 20:00:00,Dinner,Weekday,High-value record
1112,2024-05-06,18:00:00,Mashed Potatoes,Side,2.0,7,14.0,Credit Card,Delivery,101,Sarah,18,Monday,5,May,0,False,False,2024-05-06 18:00:00,Dinner,Weekday,Other record
1113,2024-07-20,16:00:00,Mashed Potatoes,Side,3.0,7,21.0,Cash,Dine-In,104,Carlos,16,Saturday,7,July,5,True,False,2024-07-20 16:00:00,Lunch,Weekend,Other record
1114,2024-12-28,21:45:00,Old Fashioned,Beverage,6.0,12,72.0,Mobile Payment,Delivery,101,Sarah,21,Saturday,12,December,5,True,True,2024-12-28 21:00:00,Dinner,Weekend,High-value record
1115,2024-06-17,11:45:00,Mashed Potatoes,Side,4.0,7,28.0,Cash,Dine-In,101,Sarah,11,Monday,6,June,0,False,False,2024-06-17 11:00:00,Lunch,Weekday,Other record
1116,2024-11-25,15:30:00,Ribeye Steak,Entree,1.0,35,35.0,Mobile Payment,Delivery,104,Carlos,15,Monday,11,November,0,False,False,2024-11-25 15:00:00,Lunch,Weekday,Other record
1117,2024-02-17,17:30:00,New York Strip,Entree,4.0,38,152.0,Credit Card,Dine-In,101,Sarah,17,Saturday,2,February,5,True,True,2024-02-17 17:00:00,Dinner,Weekend,High-value record
1118,2024-04-16,13:45:00,Grilled Asparagus,Side,3.0,8,24.0,Mobile Payment,Delivery,102,Jake,13,Tuesday,4,April,1,False,False,2024-04-16 13:00:00,Lunch,Weekday,Other record
1119,2024-03-02,15:45:00,Grilled Asparagus,Side,5.0,8,40.0,Mobile Payment,Delivery,102,Jake,15,Saturday,3,March,5,True,False,2024-03-02 15:00:00,Lunch,Weekend,Other record
1120,2024-07-02,21:00:00,Mashed Potatoes,Side,8.0,7,56.0,Cash,Takeaway,104,Carlos,21,Tuesday,7,July,1,False,False,2024-07-02 21:00:00,Dinner,Weekday,Other record
1121,2024-07-17,18:30:00,Chocolate Lava Cake,Dessert,11.0,9,99.0,Credit Card,Dine-In,104,Carlos,18,Wednesday,7,July,2,False,True,2024-07-17 18:00:00,Dinner,Weekday,High-value record
1122,2024-07-07,20:15:00,Grilled Asparagus,Side,7.0,8,56.0,Cash,Dine-In,105,Nina,20,Sunday,7,July,6,True,False,2024-07-07 20:00:00,Dinner,Weekend,Other record
1123,2024-06-23,18:15:00,Bourbon BBQ Burger,Entree,5.0,22,110.0,Credit Card,Delivery,105,Nina,18,Sunday,6,June,6,True,True,2024-06-23 18:00:00,Dinner,Weekend,High-value record
1124,2024-02-12,15:45:00,Grilled Asparagus,Side,1.0,8,8.0,Credit Card,Takeaway,102,Jake,15,Monday,2,February,0,False,False,2024-02-12 15:00:00,Lunch,Weekday,Other record
1125,2024-03-06,21:30:00,Caesar Salad,Appetizer,9.0,10,90.0,Credit Card,Takeaway,105,Nina,21,Wednesday,3,March,2,False,True,2024-03-06 21:00:00,Dinner,Weekday,High-value record
1126,2024-01-25,19:00:00,Ribeye Steak,Entree,10.0,35,350.0,Cash,Delivery,104,Carlos,19,Thursday,1,January,3,False,True,2024-01-25 19:00:00,Dinner,Weekday,High-value record
1127,2024-07-30,12:45:00,Bourbon BBQ Burger,Entree,5.0,22,110.0,Credit Card,Takeaway,103,Emily,12,Tuesday,7,July,1,False,True,2024-07-30 12:00:00,Lunch,Weekday,High-value record
1128,2024-10-26,12:00:00,Filet Mignon,Entree,6.0,42,252.0,Cash,Dine-In,104,Carlos,12,Saturday,10,October,5,True,True,2024-10-26 12:00:00,Lunch,Weekend,High-value record
1129,2024-01-24,12:45:00,Truffle Fries,Side,3.0,8,24.0,Credit Card,Delivery,104,Carlos,12,Wednesday,1,January,2,False,False,2024-01-24 12:00:00,Lunch,Weekday,Other record
1130,2024-12-09,18:30:00,Mashed Potatoes,Side,4.0,7,28.0,Cash,Dine-In,101,Sarah,18,Monday,12,December,0,False,False,2024-12-09 18:00:00,Dinner,Weekday,Other record
1131,2024-11-05,15:00:00,Grilled Asparagus,Side,5.0,8,40.0,Cash,Dine-In,104,Carlos,15,Tuesday,11,November,1,False,False,2024-11-05 15:00:00,Lunch,Weekday,Other record
1132,2024-02-29,11:15:00,Bourbon BBQ Burger,Entree,4.0,22,88.0,Credit Card,Delivery,104,Carlos,11,Thursday,2,February,3,False,True,2024-02-29 11:00:00,Lunch,Weekday,High-value record
1133,2024-12-02,22:45:00,Shrimp Cocktail,Appetizer,11.0,14,154.0,Mobile Payment,Takeaway,104,Carlos,22,Monday,12,December,0,False,True,2024-12-02 22:00:00,Dinner,Weekday,High-value record
1134,2024-06-03,12:15:00,New York Strip,Entree,1.0,38,38.0,Cash,Dine-In,101,Sarah,12,Monday,6,June,0,False,False,2024-06-03 12:00:00,Lunch,Weekday,Other record
1135,2024-12-22,14:00:00,Caesar Salad,Appetizer,5.0,10,50.0,Mobile Payment,Dine-In,102,Jake,14,Sunday,12,December,6,True,False,2024-12-22 14:00:00,Lunch,Weekend,Other record
1136,2024-08-11,21:15:00,Filet Mignon,Entree,7.0,42,294.0,Credit Card,Dine-In,104,Carlos,21,Sunday,8,August,6,True,True,2024-08-11 21:00:00,Dinner,Weekend,High-value record
1137,2024-08-04,11:00:00,New York Strip,Entree,2.0,38,76.0,Mobile Payment,Delivery,104,Carlos,11,Sunday,8,August,6,True,True,2024-08-04 11:00:00,Lunch,Weekend,High-value record
1138,2024-09-05,18:00:00,Old Fashioned,Beverage,8.0,12,96.0,Cash,Dine-In,103,Emily,18,Thursday,9,September,3,False,True,2024-09-05 18:00:00,Dinner,Weekday,High-value record
1139,2024-10-18,17:00:00,Mashed Potatoes,Side,2.0,7,14.0,Cash,Delivery,104,Carlos,17,Friday,10,October,4,False,False,2024-10-18 17:00:00,Dinner,Weekday,Other record
1140,2024-07-31,18:30:00,Ribeye Steak,Entree,7.0,35,245.0,Credit Card,Takeaway,105,Nina,18,Wednesday,7,July,2,False,True,2024-07-31 18:00:00,Dinner,Weekday,High-value record
1141,2024-10-29,22:45:00,Caesar Salad,Appetizer,2.0,10,20.0,Mobile Payment,Dine-In,104,Carlos,22,Tuesday,10,October,1,False,False,2024-10-29 22:00:00,Dinner,Weekday,Other record
1142,2024-10-22,16:00:00,Shrimp Cocktail,Appetizer,3.0,14,42.0,Credit Card,Dine-In,104,Carlos,16,Tuesday,10,October,1,False,False,2024-10-22 16:00:00,Lunch,Weekday,Other record
1143,2024-11-14,21:30:00,Old Fashioned,Beverage,8.0,12,96.0,Cash,Dine-In,103,Emily,21,Thursday,11,November,3,False,True,2024-11-14 21:00:00,Dinner,Weekday,High-value record
1144,2024-04-08,18:30:00,Old Fashioned,Beverage,3.0,12,36.0,Mobile Payment,Dine-In,105,Nina,18,Monday,4,April,0,False,False,2024-04-08 18:00:00,Dinner,Weekday,Other record
1145,2024-12-16,16:45:00,New York Strip,Entree,3.0,38,114.0,Mobile Payment,Delivery,104,Carlos,16,Monday,12,December,0,False,True,2024-12-16 16:00:00,Lunch,Weekday,High-value record
1146,2024-08-01,21:30:00,Old Fashioned,Beverage,4.0,12,48.0,Mobile Payment,Dine-In,103,Emily,21,Thursday,8,August,3,False,False,2024-08-01 21:00:00,Dinner,Weekday,Other record
1147,2024-12-19,22:00:00,Bourbon BBQ Burger,Entree,7.0,22,154.0,Cash,Dine-In,102,Jake,22,Thursday,12,December,3,False,True,2024-12-19 22:00:00,Dinner,Weekday,High-value record
1148,2024-03-21,20:45:00,Filet Mignon,Entree,9.0,42,378.0,Credit Card,Takeaway,102,Jake,20,Thursday,3,March,3,False,True,2024-03-21 20:00:00,Dinner,Weekday,High-value record
1149,2024-04-17,19:00:00,Ribeye Steak,Entree,5.0,35,175.0,Credit Card,Takeaway,102,Jake,19,Wednesday,4,April,2,False,True,2024-04-17 19:00:00,Dinner,Weekday,High-value record
1150,2024-03-30,19:00:00,Filet Mignon,Entree,7.0,42,294.0,Credit Card,Dine-In,105,Nina,19,Saturday,3,March,5,True,True,2024-03-30 19:00:00,Dinner,Weekend,High-value record
1151,2024-04-26,12:15:00,Old Fashioned,Beverage,4.0,12,48.0,Credit Card,Takeaway,101,Sarah,12,Friday,4,April,4,False,False,2024-04-26 12:00:00,Lunch,Weekday,Other record
1152,2024-10-12,15:15:00,Truffle Fries,Side,9.0,8,72.0,Mobile Payment,Delivery,101,Sarah,15,Saturday,10,October,5,True,True,2024-10-12 15:00:00,Lunch,Weekend,High-value record
1153,2024-12-27,11:45:00,Old Fashioned,Beverage,1.0,12,12.0,Cash,Delivery,105,Nina,11,Friday,12,December,4,False,False,2024-12-27 11:00:00,Lunch,Weekday,Other record
1154,2024-02-22,19:00:00,Cabernet Sauvignon,Beverage,2.0,16,32.0,Cash,Delivery,101,Sarah,19,Thursday,2,February,3,False,False,2024-02-22 19:00:00,Dinner,Weekday,Other record
1155,2024-04-15,16:15:00,Truffle Fries,Side,3.0,8,24.0,Mobile Payment,Takeaway,105,Nina,16,Monday,4,April,0,False,False,2024-04-15 16:00:00,Lunch,Weekday,Other record
1156,2024-09-12,22:00:00,New York Strip,Entree,7.0,38,266.0,Credit Card,Dine-In,101,Sarah,22,Thursday,9,September,3,False,True,2024-09-12 22:00:00,Dinner,Weekday,High-value record
1157,2024-04-13,18:45:00,Ribeye Steak,Entree,4.0,35,140.0,Credit Card,Takeaway,103,Emily,18,Saturday,4,April,5,True,True,2024-04-13 18:00:00,Dinner,Weekend,High-value record
1158,2024-09-15,13:00:00,Shrimp Cocktail,Appetizer,3.0,14,42.0,Mobile Payment,Takeaway,103,Emily,13,Sunday,9,September,6,True,False,2024-09-15 13:00:00,Lunch,Weekend,Other record
1159,2024-11-18,21:15:00,New York Strip,Entree,11.0,38,418.0,Credit Card,Dine-In,102,Jake,21,Monday,11,November,0,False,True,2024-11-18 21:00:00,Dinner,Weekday,High-value record
1160,2024-08-07,17:45:00,Old Fashioned,Beverage,11.0,12,132.0,Mobile Payment,Takeaway,101,Sarah,17,Wednesday,8,August,2,False,True,2024-08-07 17:00:00,Dinner,Weekday,High-value record
1161,2024-08-14,13:00:00,Truffle Fries,Side,6.0,8,48.0,Cash,Dine-In,103,Emily,13,Wednesday,8,August,2,False,False,2024-08-14 13:00:00,Lunch,Weekday,Other record
1162,2024-06-10,17:15:00,Grilled Asparagus,Side,2.0,8,16.0,Credit Card,Dine-In,102,Jake,17,Monday,6,June,0,False,False,2024-06-10 17:00:00,Dinner,Weekday,Other record
1163,2024-10-21,11:30:00,Grilled Asparagus,Side,4.0,8,32.0,Mobile Payment,Delivery,105,Nina,11,Monday,10,October,0,False,False,2024-10-21 11:00:00,Lunch,Weekday,Other record
1164,2024-06-04,22:30:00,Mashed Potatoes,Side,2.0,7,14.0,Credit Card,Delivery,105,Nina,22,Tuesday,6,June,1,False,False,2024-06-04 22:00:00,Dinner,Weekday,Other record
1165,2024-03-16,22:45:00,Old Fashioned,Beverage,3.0,12,36.0,Mobile Payment,Delivery,105,Nina,22,Saturday,3,March,5,True,False,2024-03-16 22:00:00,Dinner,Weekend,Other record
1166,2024-11-29,18:30:00,Bourbon BBQ Burger,Entree,7.0,22,154.0,Cash,Takeaway,101,Sarah,18,Friday,11,November,4,False,True,2024-11-29 18:00:00,Dinner,Weekday,High-value record
1167,2024-01-19,19:30:00,Grilled Asparagus,Side,3.0,8,24.0,Mobile Payment,Delivery,103,Emily,19,Friday,1,January,4,False,False,2024-01-19 19:00:00,Dinner,Weekday,Other record
1168,2024-04-19,12:30:00,Cabernet Sauvignon,Beverage,4.0,16,64.0,Mobile Payment,Dine-In,101,Sarah,12,Friday,4,April,4,False,True,2024-04-19 12:00:00,Lunch,Weekday,High-value record
1169,2024-01-15,19:30:00,Caesar Salad,Appetizer,6.0,10,60.0,Mobile Payment,Takeaway,105,Nina,19,Monday,1,January,0,False,False,2024-01-15 19:00:00,Dinner,Weekday,Other record
1170,2024-02-26,22:00:00,Mashed Potatoes,Side,6.0,7,42.0,Mobile Payment,Delivery,103,Emily,22,Monday,2,February,0,False,False,2024-02-26 22:00:00,Dinner,Weekday,Other record
1171,2024-03-04,11:00:00,Old Fashioned,Beverage,3.0,12,36.0,Mobile Payment,Delivery,101,Sarah,11,Monday,3,March,0,False,False,2024-03-04 11:00:00,Lunch,Weekday,Other record
1172,2024-08-20,16:15:00,Truffle Fries,Side,5.0,8,40.0,Mobile Payment,Delivery,105,Nina,16,Tuesday,8,August,1,False,False,2024-08-20 16:00:00,Lunch,Weekday,Other record
1173,2024-10-31,14:30:00,Shrimp Cocktail,Appetizer,3.0,14,42.0,Mobile Payment,Delivery,105,Nina,14,Thursday,10,October,3,False,False,2024-10-31 14:00:00,Lunch,Weekday,Other record
1174,2024-12-10,13:45:00,Cabernet Sauvignon,Beverage,2.0,16,32.0,Cash,Takeaway,105,Nina,13,Tuesday,12,December,1,False,False,2024-12-10 13:00:00,Lunch,Weekday,Other record
1175,2024-10-25,14:30:00,Old Fashioned,Beverage,2.0,12,24.0,Cash,Delivery,104,Carlos,14,Friday,10,October,4,False,False,2024-10-25 14:00:00,Lunch,Weekday,Other record
1176,2024-07-29,12:00:00,Ribeye Steak,Entree,4.0,35,140.0,Cash,Takeaway,102,Jake,12,Monday,7,July,0,False,True,2024-07-29 12:00:00,Lunch,Weekday,High-value record
1177,2024-08-16,12:30:00,Bourbon BBQ Burger,Entree,8.0,22,176.0,Credit Card,Delivery,105,Nina,12,Friday,8,August,4,False,True,2024-08-16 12:00:00,Lunch,Weekday,High-value record
1178,2024-09-22,17:30:00,Chocolate Lava Cake,Dessert,9.0,9,81.0,Mobile Payment,Takeaway,104,Carlos,17,Sunday,9,September,6,True,True,2024-09-22 17:00:00,Dinner,Weekend,High-value record
1179,2024-12-18,18:45:00,New York Strip,Entree,5.0,38,190.0,Mobile Payment,Dine-In,104,Carlos,18,Wednesday,12,December,2,False,True,2024-12-18 18:00:00,Dinner,Weekday,High-value record
1180,2024-12-30,18:15:00,Truffle Fries,Side,12.0,8,96.0,Mobile Payment,Dine-In,102,Jake,18,Monday,12,December,0,False,True,2024-12-30 18:00:00,Dinner,Weekday,High-value record
1181,2024-08-21,18:00:00,Truffle Fries,Side,4.0,8,32.0,Mobile Payment,Takeaway,101,Sarah,18,Wednesday,8,August,2,False,False,2024-08-21 18:00:00,Dinner,Weekday,Other record
1182,2024-11-04,17:00:00,Filet Mignon,Entree,7.0,42,294.0,Mobile Payment,Takeaway,101,Sarah,17,Monday,11,November,0,False,True,2024-11-04 17:00:00,Dinner,Weekday,High-value record
1183,2024-09-24,13:00:00,Mashed Potatoes,Side,3.0,7,21.0,Credit Card,Takeaway,103,Emily,13,Tuesday,9,September,1,False,False,2024-09-24 13:00:00,Lunch,Weekday,Other record
1184,2024-09-05,11:15:00,New York Strip,Entree,5.0,38,190.0,Credit Card,Dine-In,103,Emily,11,Thursday,9,September,3,False,True,2024-09-05 11:00:00,Lunch,Weekday,High-value record
1185,2024-05-25,14:15:00,Truffle Fries,Side,7.0,8,56.0,Cash,Dine-In,105,Nina,14,Saturday,5,May,5,True,False,2024-05-25 14:00:00,Lunch,Weekend,Other record
1186,2024-06-27,12:00:00,Grilled Asparagus,Side,3.0,8,24.0,Mobile Payment,Takeaway,105,Nina,12,Thursday,6,June,3,False,False,2024-06-27 12:00:00,Lunch,Weekday,Other record
1187,2024-08-19,16:45:00,Old Fashioned,Beverage,5.0,12,60.0,Cash,Dine-In,105,Nina,16,Monday,8,August,0,False,False,2024-08-19 16:00:00,Lunch,Weekday,Other record
1188,2024-11-21,18:45:00,Bourbon BBQ Burger,Entree,8.0,22,176.0,Cash,Delivery,103,Emily,18,Thursday,11,November,3,False,True,2024-11-21 18:00:00,Dinner,Weekday,High-value record
1189,2024-02-15,20:45:00,Grilled Asparagus,Side,4.0,8,32.0,Credit Card,Takeaway,105,Nina,20,Thursday,2,February,3,False,False,2024-02-15 20:00:00,Dinner,Weekday,Other record
1190,2024-01-24,21:45:00,Truffle Fries,Side,6.0,8,48.0,Mobile Payment,Dine-In,102,Jake,21,Wednesday,1,January,2,False,False,2024-01-24 21:00:00,Dinner,Weekday,Other record
1191,2024-12-28,11:30:00,Cabernet Sauvignon,Beverage,2.0,16,32.0,Mobile Payment,Delivery,101,Sarah,11,Saturday,12,December,5,True,False,2024-12-28 11:00:00,Lunch,Weekend,Other record
1192,2024-04-08,20:00:00,Chocolate Lava Cake,Dessert,12.0,9,108.0,Cash,Takeaway,105,Nina,20,Monday,4,April,0,False,True,2024-04-08 20:00:00,Dinner,Weekday,High-value record
1193,2024-01-10,12:15:00,Ribeye Steak,Entree,4.0,35,140.0,Cash,Dine-In,105,Nina,12,Wednesday,1,January,2,False,True,2024-01-10 12:00:00,Lunch,Weekday,High-value record
1194,2024-08-15,12:30:00,Grilled Asparagus,Side,4.0,8,32.0,Cash,Takeaway,101,Sarah,12,Thursday,8,August,3,False,False,2024-08-15 12:00:00,Lunch,Weekday,Other record
1195,2024-06-23,17:15:00,Grilled Asparagus,Side,2.0,8,16.0,Mobile Payment,Takeaway,104,Carlos,17,Sunday,6,June,6,True,False,2024-06-23 17:00:00,Dinner,Weekend,Other record
1196,2024-05-11,12:00:00,Filet Mignon,Entree,10.0,42,420.0,Cash,Takeaway,102,Jake,12,Saturday,5,May,5,True,True,2024-05-11 12:00:00,Lunch,Weekend,High-value record
1197,2024-04-03,15:00:00,New York Strip,Entree,3.0,38,114.0,Credit Card,Delivery,102,Jake,15,Wednesday,4,April,2,False,True,2024-04-03 15:00:00,Lunch,Weekday,High-value record
1198,2024-01-31,20:30:00,New York Strip,Entree,2.0,38,76.0,Mobile Payment,Dine-In,103,Emily,20,Wednesday,1,January,2,False,True,2024-01-31 20:00:00,Dinner,Weekday,High-value record
1199,2024-07-18,12:30:00,New York Strip,Entree,3.0,38,114.0,Credit Card,Takeaway,104,Carlos,12,Thursday,7,July,3,False,True,2024-07-18 12:00:00,Lunch,Weekday,High-value record
1200,2024-03-02,11:15:00,Caesar Salad,Appetizer,9.0,10,90.0,Mobile Payment,Dine-In,104,Carlos,11,Saturday,3,March,5,True,True,2024-03-02 11:00:00,Lunch,Weekend,High-value record
1201,2024-09-17,19:45:00,Filet Mignon,Entree,7.0,42,294.0,Cash,Takeaway,104,Carlos,19,Tuesday,9,September,1,False,True,2024-09-17 19:00:00,Dinner,Weekday,High-value record
1202,2024-10-10,17:00:00,Old Fashioned,Beverage,2.0,12,24.0,Credit Card,Delivery,102,Jake,17,Thursday,10,October,3,False,False,2024-10-10 17:00:00,Dinner,Weekday,Other record
1203,2024-01-10,15:00:00,Caesar Salad,Appetizer,5.0,10,50.0,Mobile Payment,Dine-In,103,Emily,15,Wednesday,1,January,2,False,False,2024-01-10 15:00:00,Lunch,Weekday,Other record
1204,2024-10-17,17:45:00,Filet Mignon,Entree,11.0,42,462.0,Cash,Dine-In,103,Emily,17,Thursday,10,October,3,False,True,2024-10-17 17:00:00,Dinner,Weekday,High-value record
1205,2024-10-03,13:15:00,Cabernet Sauvignon,Beverage,4.0,16,64.0,Mobile Payment,Takeaway,101,Sarah,13,Thursday,10,October,3,False,True,2024-10-03 13:00:00,Lunch,Weekday,High-value record
1206,2024-01-01,18:30:00,Bourbon BBQ Burger,Entree,4.8,22,105.6,Cash,Dine-In,104,Carlos,18,Monday,1,January,0,False,True,2024-01-01 18:00:00,Dinner,Weekday,High-value record
1207,2024-05-19,20:30:00,Bourbon BBQ Burger,Entree,9.0,22,198.0,Credit Card,Delivery,102,Jake,20,Sunday,5,May,6,True,True,2024-05-19 20:00:00,Dinner,Weekend,High-value record
1208,2024-10-26,19:30:00,Ribeye Steak,Entree,4.0,35,140.0,Mobile Payment,Delivery,105,Nina,19,Saturday,10,October,5,True,True,2024-10-26 19:00:00,Dinner,Weekend,High-value record
1209,2024-02-05,15:00:00,Grilled Asparagus,Side,1.0,8,8.0,Cash,Delivery,105,Nina,15,Monday,2,February,0,False,False,2024-02-05 15:00:00,Lunch,Weekday,Other record
1210,2024-05-23,17:15:00,Chocolate Lava Cake,Dessert,9.0,9,81.0,Credit Card,Delivery,103,Emily,17,Thursday,5,May,3,False,True,2024-05-23 17:00:00,Dinner,Weekday,High-value record
1211,2024-11-21,15:45:00,Shrimp Cocktail,Appetizer,2.0,14,28.0,Mobile Payment,Takeaway,103,Emily,15,Thursday,11,November,3,False,False,2024-11-21 15:00:00,Lunch,Weekday,Other record
1212,2024-04-17,18:30:00,Ribeye Steak,Entree,5.0,35,175.0,Mobile Payment,Dine-In,105,Nina,18,Wednesday,4,April,2,False,True,2024-04-17 18:00:00,Dinner,Weekday,High-value record
1213,2024-08-31,11:00:00,Bourbon BBQ Burger,Entree,3.0,22,66.0,Credit Card,Delivery,104,Carlos,11,Saturday,8,August,5,True,True,2024-08-31 11:00:00,Lunch,Weekend,High-value record
1214,2024-07-20,19:00:00,Bourbon BBQ Burger,Entree,2.0,22,44.0,Mobile Payment,Dine-In,104,Carlos,19,Saturday,7,July,5,True,False,2024-07-20 19:00:00,Dinner,Weekend,Other record
1215,2024-12-10,12:30:00,Grilled Asparagus,Side,5.0,8,40.0,Credit Card,Takeaway,102,Jake,12,Tuesday,12,December,1,False,False,2024-12-10 12:00:00,Lunch,Weekday,Other record
1216,2024-12-22,11:00:00,Old Fashioned,Beverage,4.0,12,48.0,Cash,Takeaway,101,Sarah,11,Sunday,12,December,6,True,False,2024-12-22 11:00:00,Lunch,Weekend,Other record
1217,2024-04-23,22:00:00,Shrimp Cocktail,Appetizer,6.0,14,84.0,Cash,Dine-In,105,Nina,22,Tuesday,4,April,1,False,True,2024-04-23 22:00:00,Dinner,Weekday,High-value record
1218,2024-11-16,15:15:00,Caesar Salad,Appetizer,7.0,10,70.0,Credit Card,Dine-In,103,Emily,15,Saturday,11,November,5,True,True,2024-11-16 15:00:00,Lunch,Weekend,High-value record
1219,2024-09-09,22:15:00,Ribeye Steak,Entree,3.0,35,105.0,Mobile Payment,Takeaway,101,Sarah,22,Monday,9,September,0,False,True,2024-09-09 22:00:00,Dinner,Weekday,High-value record
1220,2024-05-22,20:45:00,New York Strip,Entree,11.0,38,418.0,Cash,Delivery,105,Nina,20,Wednesday,5,May,2,False,True,2024-05-22 20:00:00,Dinner,Weekday,High-value record
1221,2024-12-10,21:15:00,Filet Mignon,Entree,8.0,42,336.0,Cash,Delivery,101,Sarah,21,Tuesday,12,December,1,False,True,2024-12-10 21:00:00,Dinner,Weekday,High-value record
1222,2024-03-06,15:15:00,Cabernet Sauvignon,Beverage,3.0,16,48.0,Cash,Delivery,101,Sarah,15,Wednesday,3,March,2,False,False,2024-03-06 15:00:00,Lunch,Weekday,Other record
1223,2024-12-20,21:30:00,Bourbon BBQ Burger,Entree,10.0,22,220.0,Credit Card,Dine-In,104,Carlos,21,Friday,12,December,4,False,True,2024-12-20 21:00:00,Dinner,Weekday,High-value record
1224,2024-11-24,21:00:00,Mashed Potatoes,Side,9.0,7,63.0,Credit Card,Takeaway,101,Sarah,21,Sunday,11,November,6,True,True,2024-11-24 21:00:00,Dinner,Weekend,High-value record
1225,2024-12-14,19:45:00,Old Fashioned,Beverage,6.0,12,72.0,Mobile Payment,Dine-In,102,Jake,19,Saturday,12,December,5,True,True,2024-12-14 19:00:00,Dinner,Weekend,High-value record
1226,2024-01-25,15:45:00,Cabernet Sauvignon,Beverage,4.0,16,64.0,Credit Card,Dine-In,104,Carlos,15,Thursday,1,January,3,False,True,2024-01-25 15:00:00,Lunch,Weekday,High-value record
1227,2024-04-09,16:00:00,Chocolate Lava Cake,Dessert,1.0,9,9.0,Mobile Payment,Dine-In,104,Carlos,16,Tuesday,4,April,1,False,False,2024-04-09 16:00:00,Lunch,Weekday,Other record
1228,2024-02-08,14:15:00,New York Strip,Entree,3.0,38,114.0,Credit Card,Dine-In,101,Sarah,14,Thursday,2,February,3,False,True,2024-02-08 14:00:00,Lunch,Weekday,High-value record
1229,2024-01-15,18:45:00,Ribeye Steak,Entree,10.0,35,350.0,Mobile Payment,Takeaway,103,Emily,18,Monday,1,January,0,False,True,2024-01-15 18:00:00,Dinner,Weekday,High-value record
1230,2024-05-06,12:45:00,Caesar Salad,Appetizer,3.0,10,30.0,Cash,Takeaway,105,Nina,12,Monday,5,May,0,False,False,2024-05-06 12:00:00,Lunch,Weekday,Other record
1231,2024-05-01,12:45:00,Filet Mignon,Entree,4.0,42,168.0,Mobile Payment,Dine-In,101,Sarah,12,Wednesday,5,May,2,False,True,2024-05-01 12:00:00,Lunch,Weekday,High-value record
1232,2024-02-01,11:45:00,Mashed Potatoes,Side,1.0,7,7.0,Cash,Dine-In,104,Carlos,11,Thursday,2,February,3,False,False,2024-02-01 11:00:00,Lunch,Weekday,Other record
1233,2024-01-29,15:45:00,Filet Mignon,Entree,1.0,42,42.0,Mobile Payment,Dine-In,105,Nina,15,Monday,1,January,0,False,False,2024-01-29 15:00:00,Lunch,Weekday,Other record
1234,2024-01-27,15:45:00,Grilled Asparagus,Side,2.0,8,16.0,Mobile Payment,Takeaway,102,Jake,15,Saturday,1,January,5,True,False,2024-01-27 15:00:00,Lunch,Weekend,Other record
1235,2024-11-02,21:00:00,Old Fashioned,Beverage,10.0,12,120.0,Credit Card,Takeaway,105,Nina,21,Saturday,11,November,5,True,True,2024-11-02 21:00:00,Dinner,Weekend,High-value record
1236,2024-11-13,12:30:00,Bourbon BBQ Burger,Entree,1.0,22,22.0,Credit Card,Delivery,103,Emily,12,Wednesday,11,November,2,False,False,2024-11-13 12:00:00,Lunch,Weekday,Other record
1237,2024-10-27,14:00:00,Filet Mignon,Entree,1.0,42,42.0,Mobile Payment,Delivery,101,Sarah,14,Sunday,10,October,6,True,False,2024-10-27 14:00:00,Lunch,Weekend,Other record
1238,2024-10-30,14:15:00,Bourbon BBQ Burger,Entree,5.0,22,110.0,Credit Card,Takeaway,104,Carlos,14,Wednesday,10,October,2,False,True,2024-10-30 14:00:00,Lunch,Weekday,High-value record
1239,2024-09-03,22:45:00,New York Strip,Entree,3.0,38,114.0,Cash,Dine-In,101,Sarah,22,Tuesday,9,September,1,False,True,2024-09-03 22:00:00,Dinner,Weekday,High-value record
1240,2024-03-06,15:45:00,Cabernet Sauvignon,Beverage,3.0,16,48.0,Credit Card,Delivery,105,Nina,15,Wednesday,3,March,2,False,False,2024-03-06 15:00:00,Lunch,Weekday,Other record
1241,2024-03-15,13:45:00,Shrimp Cocktail,Appetizer,7.0,14,98.0,Credit Card,Takeaway,103,Emily,13,Friday,3,March,4,False,True,2024-03-15 13:00:00,Lunch,Weekday,High-value record
1242,2024-01-05,19:15:00,Ribeye Steak,Entree,4.0,35,140.0,Mobile Payment,Delivery,101,Sarah,19,Friday,1,January,4,False,True,2024-01-05 19:00:00,Dinner,Weekday,High-value record
1243,2024-08-04,16:15:00,Caesar Salad,Appetizer,2.0,10,20.0,Cash,Takeaway,102,Jake,16,Sunday,8,August,6,True,False,2024-08-04 16:00:00,Lunch,Weekend,Other record
1244,2024-12-07,18:45:00,Chocolate Lava Cake,Dessert,6.0,9,54.0,Mobile Payment,Delivery,103,Emily,18,Saturday,12,December,5,True,False,2024-12-07 18:00:00,Dinner,Weekend,Other record
1245,2024-11-11,15:45:00,Mashed Potatoes,Side,2.0,7,14.0,Cash,Takeaway,101,Sarah,15,Monday,11,November,0,False,False,2024-11-11 15:00:00,Lunch,Weekday,Other record
1246,2024-09-10,14:00:00,Bourbon BBQ Burger,Entree,2.0,22,44.0,Mobile Payment,Dine-In,104,Carlos,14,Tuesday,9,September,1,False,False,2024-09-10 14:00:00,Lunch,Weekday,Other record
1247,2024-11-15,14:15:00,Old Fashioned,Beverage,5.0,12,60.0,Mobile Payment,Takeaway,102,Jake,14,Friday,11,November,4,False,False,2024-11-15 14:00:00,Lunch,Weekday,Other record
1248,2024-07-23,13:00:00,Mashed Potatoes,Side,1.0,7,7.0,Cash,Takeaway,101,Sarah,13,Tuesday,7,July,1,False,False,2024-07-23 13:00:00,Lunch,Weekday,Other record
1249,2024-10-11,12:15:00,Shrimp Cocktail,Appetizer,6.0,14,84.0,Cash,Delivery,105,Nina,12,Friday,10,October,4,False,True,2024-10-11 12:00:00,Lunch,Weekday,High-value record
1250,2024-07-03,11:00:00,Caesar Salad,Appetizer,2.0,10,20.0,Credit Card,Dine-In,102,Jake,11,Wednesday,7,July,2,False,False,2024-07-03 11:00:00,Lunch,Weekday,Other record
1251,2024-05-14,22:15:00,Mashed Potatoes,Side,10.0,7,70.0,Cash,Dine-In,102,Jake,22,Tuesday,5,May,1,False,True,2024-05-14 22:00:00,Dinner,Weekday,High-value record
1252,2024-01-12,13:30:00,Filet Mignon,Entree,2.0,42,84.0,Mobile Payment,Dine-In,104,Carlos,13,Friday,1,January,4,False,True,2024-01-12 13:00:00,Lunch,Weekday,High-value record
1253,2024-12-01,12:30:00,Caesar Salad,Appetizer,3.0,10,30.0,Credit Card,Dine-In,103,Emily,12,Sunday,12,December,6,True,False,2024-12-01 12:00:00,Lunch,Weekend,Other record
1254,2024-07-09,21:15:00,Cabernet Sauvignon,Beverage,9.0,16,144.0,Credit Card,Delivery,101,Sarah,21,Tuesday,7,July,1,False,True,2024-07-09 21:00:00,Dinner,Weekday,High-value record
1255,2024-03-01,13:15:00,Caesar Salad,Appetizer,2.0,10,20.0,Mobile Payment,Takeaway,103,Emily,13,Friday,3,March,4,False,False,2024-03-01 13:00:00,Lunch,Weekday,Other record
1256,2024-06-11,20:45:00,Bourbon BBQ Burger,Entree,3.0,22,66.0,Cash,Delivery,105,Nina,20,Tuesday,6,June,1,False,True,2024-06-11 20:00:00,Dinner,Weekday,High-value record
1257,2024-04-06,19:30:00,New York Strip,Entree,5.0,38,190.0,Cash,Dine-In,103,Emily,19,Saturday,4,April,5,True,True,2024-04-06 19:00:00,Dinner,Weekend,High-value record
1258,2024-03-05,19:45:00,Caesar Salad,Appetizer,2.0,10,20.0,Credit Card,Delivery,105,Nina,19,Tuesday,3,March,1,False,False,2024-03-05 19:00:00,Dinner,Weekday,Other record
1259,2024-02-03,13:45:00,Bourbon BBQ Burger,Entree,8.0,22,176.0,Credit Card,Takeaway,105,Nina,13,Saturday,2,February,5,True,True,2024-02-03 13:00:00,Lunch,Weekend,High-value record
1260,2024-08-25,13:30:00,Truffle Fries,Side,3.0,8,24.0,Mobile Payment,Delivery,104,Carlos,13,Sunday,8,August,6,True,False,2024-08-25 13:00:00,Lunch,Weekend,Other record
1261,2024-09-10,18:30:00,Chocolate Lava Cake,Dessert,7.0,9,63.0,Mobile Payment,Delivery,101,Sarah,18,Tuesday,9,September,1,False,True,2024-09-10 18:00:00,Dinner,Weekday,High-value record
1262,2024-04-16,14:15:00,Old Fashioned,Beverage,2.0,12,24.0,Credit Card,Dine-In,103,Emily,14,Tuesday,4,April,1,False,False,2024-04-16 14:00:00,Lunch,Weekday,Other record
1263,2024-08-05,17:15:00,Mashed Potatoes,Side,6.0,7,42.0,Mobile Payment,Dine-In,102,Jake,17,Monday,8,August,0,False,False,2024-08-05 17:00:00,Dinner,Weekday,Other record
1264,2024-02-13,15:45:00,Cabernet Sauvignon,Beverage,3.0,16,48.0,Cash,Delivery,101,Sarah,15,Tuesday,2,February,1,False,False,2024-02-13 15:00:00,Lunch,Weekday,Other record
1265,2024-08-26,19:30:00,Grilled Asparagus,Side,9.0,8,72.0,Credit Card,Takeaway,104,Carlos,19,Monday,8,August,0,False,True,2024-08-26 19:00:00,Dinner,Weekday,High-value record
1266,2024-07-07,18:30:00,Shrimp Cocktail,Appetizer,8.0,14,112.0,Cash,Dine-In,104,Carlos,18,Sunday,7,July,6,True,True,2024-07-07 18:00:00,Dinner,Weekend,High-value record
1267,2024-04-29,15:00:00,Mashed Potatoes,Side,1.0,7,7.0,Credit Card,Delivery,105,Nina,15,Monday,4,April,0,False,False,2024-04-29 15:00:00,Lunch,Weekday,Other record
1268,2024-10-06,21:00:00,Shrimp Cocktail,Appetizer,4.0,14,56.0,Cash,Dine-In,101,Sarah,21,Sunday,10,October,6,True,False,2024-10-06 21:00:00,Dinner,Weekend,Other record
1269,2024-07-03,11:15:00,Mashed Potatoes,Side,2.0,7,14.0,Mobile Payment,Takeaway,103,Emily,11,Wednesday,7,July,2,False,False,2024-07-03 11:00:00,Lunch,Weekday,Other record
1270,2024-06-03,22:30:00,Caesar Salad,Appetizer,8.0,10,80.0,Cash,Delivery,105,Nina,22,Monday,6,June,0,False,True,2024-06-03 22:00:00,Dinner,Weekday,High-value record
1271,2024-05-13,11:30:00,Shrimp Cocktail,Appetizer,3.0,14,42.0,Credit Card,Takeaway,105,Nina,11,Monday,5,May,0,False,False,2024-05-13 11:00:00,Lunch,Weekday,Other record
1272,2024-12-01,11:45:00,Bourbon BBQ Burger,Entree,5.0,22,110.0,Cash,Takeaway,102,Jake,11,Sunday,12,December,6,True,True,2024-12-01 11:00:00,Lunch,Weekend,High-value record
1273,2024-04-26,22:15:00,Old Fashioned,Beverage,5.0,12,60.0,Mobile Payment,Delivery,105,Nina,22,Friday,4,April,4,False,False,2024-04-26 22:00:00,Dinner,Weekday,Other record
1274,2024-08-27,22:45:00,Mashed Potatoes,Side,2.0,7,14.0,Credit Card,Dine-In,104,Carlos,22,Tuesday,8,August,1,False,False,2024-08-27 22:00:00,Dinner,Weekday,Other record
1275,2024-12-23,17:15:00,Old Fashioned,Beverage,7.0,12,84.0,Mobile Payment,Dine-In,103,Emily,17,Monday,12,December,0,False,True,2024-12-23 17:00:00,Dinner,Weekday,High-value record
1276,2024-03-12,20:15:00,Shrimp Cocktail,Appetizer,2.0,14,28.0,Credit Card,Delivery,103,Emily,20,Tuesday,3,March,1,False,False,2024-03-12 20:00:00,Dinner,Weekday,Other record
1277,2024-06-22,14:45:00,Grilled Asparagus,Side,7.0,8,56.0,Mobile Payment,Delivery,103,Emily,14,Saturday,6,June,5,True,False,2024-06-22 14:00:00,Lunch,Weekend,Other record
1278,2024-06-15,20:00:00,Chocolate Lava Cake,Dessert,2.0,9,18.0,Cash,Dine-In,103,Emily,20,Saturday,6,June,5,True,False,2024-06-15 20:00:00,Dinner,Weekend,Other record
1279,2024-10-17,21:45:00,Grilled Asparagus,Side,4.0,8,32.0,Credit Card,Dine-In,105,Nina,21,Thursday,10,October,3,False,False,2024-10-17 21:00:00,Dinner,Weekday,Other record
1280,2024-07-16,14:45:00,Filet Mignon,Entree,3.0,42,126.0,Mobile Payment,Takeaway,103,Emily,14,Tuesday,7,July,1,False,True,2024-07-16 14:00:00,Lunch,Weekday,High-value record
1281,2024-02-17,13:00:00,Bourbon BBQ Burger,Entree,9.0,22,198.0,Cash,Dine-In,105,Nina,13,Saturday,2,February,5,True,True,2024-02-17 13:00:00,Lunch,Weekend,High-value record
1282,2024-09-07,11:15:00,Caesar Salad,Appetizer,2.0,10,20.0,Credit Card,Takeaway,102,Jake,11,Saturday,9,September,5,True,False,2024-09-07 11:00:00,Lunch,Weekend,Other record
1283,2024-04-29,15:00:00,Old Fashioned,Beverage,1.0,12,12.0,Credit Card,Delivery,101,Sarah,15,Monday,4,April,0,False,False,2024-04-29 15:00:00,Lunch,Weekday,Other record
1284,2024-03-28,16:45:00,Grilled Asparagus,Side,2.0,8,16.0,Cash,Dine-In,105,Nina,16,Thursday,3,March,3,False,False,2024-03-28 16:00:00,Lunch,Weekday,Other record
1285,2024-08-02,18:00:00,Grilled Asparagus,Side,5.0,8,40.0,Cash,Dine-In,103,Emily,18,Friday,8,August,4,False,False,2024-08-02 18:00:00,Dinner,Weekday,Other record
1286,2024-08-09,22:45:00,New York Strip,Entree,11.0,38,418.0,Mobile Payment,Takeaway,105,Nina,22,Friday,8,August,4,False,True,2024-08-09 22:00:00,Dinner,Weekday,High-value record
1287,2024-04-13,19:45:00,Shrimp Cocktail,Appetizer,4.0,14,56.0,Cash,Dine-In,104,Carlos,19,Saturday,4,April,5,True,False,2024-04-13 19:00:00,Dinner,Weekend,Other record
1288,2024-02-02,17:15:00,Cabernet Sauvignon,Beverage,6.0,16,96.0,Mobile Payment,Takeaway,104,Carlos,17,Friday,2,February,4,False,True,2024-02-02 17:00:00,Dinner,Weekday,High-value record
1289,2024-08-24,20:00:00,Truffle Fries,Side,2.0,8,16.0,Credit Card,Delivery,104,Carlos,20,Saturday,8,August,5,True,False,2024-08-24 20:00:00,Dinner,Weekend,Other record
1290,2024-06-26,22:30:00,Grilled Asparagus,Side,12.0,8,96.0,Cash,Takeaway,102,Jake,22,Wednesday,6,June,2,False,True,2024-06-26 22:00:00,Dinner,Weekday,High-value record
1291,2024-04-01,20:45:00,Old Fashioned,Beverage,7.0,12,84.0,Mobile Payment,Dine-In,105,Nina,20,Monday,4,April,0,False,True,2024-04-01 20:00:00,Dinner,Weekday,High-value record
1292,2024-02-18,17:00:00,Caesar Salad,Appetizer,4.0,10,40.0,Credit Card,Delivery,105,Nina,17,Sunday,2,February,6,True,False,2024-02-18 17:00:00,Dinner,Weekend,Other record
1293,2024-05-29,21:00:00,Truffle Fries,Side,3.0,8,24.0,Credit Card,Takeaway,105,Nina,21,Wednesday,5,May,2,False,False,2024-05-29 21:00:00,Dinner,Weekday,Other record
1294,2024-03-03,16:00:00,Filet Mignon,Entree,5.0,42,210.0,Credit Card,Takeaway,104,Carlos,16,Sunday,3,March,6,True,True,2024-03-03 16:00:00,Lunch,Weekend,High-value record
1295,2024-03-25,15:15:00,Cabernet Sauvignon,Beverage,1.0,16,16.0,Credit Card,Dine-In,101,Sarah,15,Monday,3,March,0,False,False,2024-03-25 15:00:00,Lunch,Weekday,Other record
1296,2024-11-23,22:45:00,Grilled Asparagus,Side,5.0,8,40.0,Mobile Payment,Takeaway,102,Jake,22,Saturday,11,November,5,True,False,2024-11-23 22:00:00,Dinner,Weekend,Other record
1297,2024-07-22,11:00:00,Shrimp Cocktail,Appetizer,1.0,14,14.0,Mobile Payment,Dine-In,103,Emily,11,Monday,7,July,0,False,False,2024-07-22 11:00:00,Lunch,Weekday,Other record
1298,2024-12-09,22:45:00,Old Fashioned,Beverage,10.0,12,120.0,Cash,Dine-In,105,Nina,22,Monday,12,December,0,False,True,2024-12-09 22:00:00,Dinner,Weekday,High-value record
1299,2024-12-02,14:45:00,New York Strip,Entree,4.0,38,152.0,Credit Card,Dine-In,102,Jake,14,Monday,12,December,0,False,True,2024-12-02 14:00:00,Lunch,Weekday,High-value record
1300,2024-01-10,20:00:00,New York Strip,Entree,6.0,38,228.0,Cash,Delivery,104,Carlos,20,Wednesday,1,January,2,False,True,2024-01-10 20:00:00,Dinner,Weekday,High-value record
1301,2024-03-27,12:00:00,Bourbon BBQ Burger,Entree,3.0,22,66.0,Cash,Takeaway,103,Emily,12,Wednesday,3,March,2,False,True,2024-03-27 12:00:00,Lunch,Weekday,High-value record
1302,2024-04-01,14:00:00,Bourbon BBQ Burger,Entree,6.0,22,132.0,Cash,Takeaway,101,Sarah,14,Monday,4,April,0,False,True,2024-04-01 14:00:00,Lunch,Weekday,High-value record
1303,2024-11-21,19:00:00,Grilled Asparagus,Side,5.0,8,40.0,Credit Card,Dine-In,105,Nina,19,Thursday,11,November,3,False,False,2024-11-21 19:00:00,Dinner,Weekday,Other record
1304,2024-01-03,11:45:00,Caesar Salad,Appetizer,2.0,10,20.0,Credit Card,Dine-In,102,Jake,11,Wednesday,1,January,2,False,False,2024-01-03 11:00:00,Lunch,Weekday,Other record
1305,2024-02-16,11:45:00,Ribeye Steak,Entree,1.0,35,35.0,Credit Card,Dine-In,101,Sarah,11,Friday,2,February,4,False,False,2024-02-16 11:00:00,Lunch,Weekday,Other record
1306,2024-04-22,12:15:00,Truffle Fries,Side,2.0,8,16.0,Cash,Takeaway,105,Nina,12,Monday,4,April,0,False,False,2024-04-22 12:00:00,Lunch,Weekday,Other record
1307,2024-02-25,16:30:00,Cabernet Sauvignon,Beverage,2.0,16,32.0,Mobile Payment,Dine-In,105,Nina,16,Sunday,2,February,6,True,False,2024-02-25 16:00:00,Lunch,Weekend,Other record
1308,2024-07-21,17:00:00,Caesar Salad,Appetizer,4.0,10,40.0,Cash,Takeaway,103,Emily,17,Sunday,7,July,6,True,False,2024-07-21 17:00:00,Dinner,Weekend,Other record
1309,2024-03-29,11:45:00,Bourbon BBQ Burger,Entree,5.0,22,110.0,Cash,Takeaway,102,Jake,11,Friday,3,March,4,False,True,2024-03-29 11:00:00,Lunch,Weekday,High-value record
1310,2024-08-22,14:00:00,Bourbon BBQ Burger,Entree,3.0,22,66.0,Mobile Payment,Delivery,103,Emily,14,Thursday,8,August,3,False,True,2024-08-22 14:00:00,Lunch,Weekday,High-value record
1311,2024-01-23,12:15:00,Grilled Asparagus,Side,3.0,8,24.0,Mobile Payment,Takeaway,101,Sarah,12,Tuesday,1,January,1,False,False,2024-01-23 12:00:00,Lunch,Weekday,Other record
1312,2024-12-30,19:15:00,Shrimp Cocktail,Appetizer,2.0,14,28.0,Mobile Payment,Takeaway,104,Carlos,19,Monday,12,December,0,False,False,2024-12-30 19:00:00,Dinner,Weekday,Other record
1313,2024-12-13,22:15:00,Mashed Potatoes,Side,4.0,7,28.0,Mobile Payment,Delivery,103,Emily,22,Friday,12,December,4,False,False,2024-12-13 22:00:00,Dinner,Weekday,Other record
1314,2024-12-07,18:00:00,Mashed Potatoes,Side,2.0,7,14.0,Mobile Payment,Delivery,104,Carlos,18,Saturday,12,December,5,True,False,2024-12-07 18:00:00,Dinner,Weekend,Other record
1315,2024-07-14,19:15:00,Cabernet Sauvignon,Beverage,9.0,16,144.0,Mobile Payment,Dine-In,102,Jake,19,Sunday,7,July,6,True,True,2024-07-14 19:00:00,Dinner,Weekend,High-value record
1316,2024-01-11,20:00:00,Shrimp Cocktail,Appetizer,3.0,14,42.0,Mobile Payment,Takeaway,102,Jake,20,Thursday,1,January,3,False,False,2024-01-11 20:00:00,Dinner,Weekday,Other record
1317,2024-11-13,12:00:00,New York Strip,Entree,3.0,38,114.0,Credit Card,Takeaway,102,Jake,12,Wednesday,11,November,2,False,True,2024-11-13 12:00:00,Lunch,Weekday,High-value record
1318,2024-03-18,17:15:00,Bourbon BBQ Burger,Entree,2.0,22,44.0,Cash,Delivery,105,Nina,17,Monday,3,March,0,False,False,2024-03-18 17:00:00,Dinner,Weekday,Other record
1319,2024-08-15,22:30:00,New York Strip,Entree,6.0,38,228.0,Credit Card,Delivery,101,Sarah,22,Thursday,8,August,3,False,True,2024-08-15 22:00:00,Dinner,Weekday,High-value record
1320,2024-09-23,17:30:00,Ribeye Steak,Entree,4.0,35,140.0,Mobile Payment,Takeaway,103,Emily,17,Monday,9,September,0,False,True,2024-09-23 17:00:00,Dinner,Weekday,High-value record
1321,2024-05-04,14:00:00,Bourbon BBQ Burger,Entree,4.0,22,88.0,Mobile Payment,Delivery,102,Jake,14,Saturday,5,May,5,True,True,2024-05-04 14:00:00,Lunch,Weekend,High-value record
1322,2024-11-07,17:30:00,New York Strip,Entree,9.0,38,342.0,Mobile Payment,Dine-In,101,Sarah,17,Thursday,11,November,3,False,True,2024-11-07 17:00:00,Dinner,Weekday,High-value record
1323,2024-09-08,12:15:00,Ribeye Steak,Entree,2.0,35,70.0,Cash,Dine-In,101,Sarah,12,Sunday,9,September,6,True,True,2024-09-08 12:00:00,Lunch,Weekend,High-value record
1324,2024-03-29,20:15:00,Caesar Salad,Appetizer,11.0,10,110.0,Cash,Takeaway,104,Carlos,20,Friday,3,March,4,False,True,2024-03-29 20:00:00,Dinner,Weekday,High-value record
1325,2024-06-08,13:15:00,Caesar Salad,Appetizer,7.0,10,70.0,Cash,Delivery,102,Jake,13,Saturday,6,June,5,True,True,2024-06-08 13:00:00,Lunch,Weekend,High-value record
1326,2024-06-04,15:45:00,Bourbon BBQ Burger,Entree,2.0,22,44.0,Credit Card,Takeaway,101,Sarah,15,Tuesday,6,June,1,False,False,2024-06-04 15:00:00,Lunch,Weekday,Other record
1327,2024-07-03,17:45:00,New York Strip,Entree,7.0,38,266.0,Credit Card,Takeaway,105,Nina,17,Wednesday,7,July,2,False,True,2024-07-03 17:00:00,Dinner,Weekday,High-value record
1328,2024-11-08,22:45:00,New York Strip,Entree,10.0,38,380.0,Cash,Takeaway,104,Carlos,22,Friday,11,November,4,False,True,2024-11-08 22:00:00,Dinner,Weekday,High-value record
1329,2024-02-12,15:15:00,Cabernet Sauvignon,Beverage,2.0,16,32.0,Credit Card,Takeaway,104,Carlos,15,Monday,2,February,0,False,False,2024-02-12 15:00:00,Lunch,Weekday,Other record
1330,2024-06-05,18:30:00,Grilled Asparagus,Side,9.0,8,72.0,Mobile Payment,Takeaway,101,Sarah,18,Wednesday,6,June,2,False,True,2024-06-05 18:00:00,Dinner,Weekday,High-value record
1331,2024-06-19,13:45:00,Caesar Salad,Appetizer,2.0,10,20.0,Cash,Dine-In,101,Sarah,13,Wednesday,6,June,2,False,False,2024-06-19 13:00:00,Lunch,Weekday,Other record
1332,2024-09-13,22:30:00,Old Fashioned,Beverage,8.0,12,96.0,Credit Card,Takeaway,103,Emily,22,Friday,9,September,4,False,True,2024-09-13 22:00:00,Dinner,Weekday,High-value record
1333,2024-07-15,18:30:00,Bourbon BBQ Burger,Entree,10.0,22,220.0,Cash,Takeaway,101,Sarah,18,Monday,7,July,0,False,True,2024-07-15 18:00:00,Dinner,Weekday,High-value record
1334,2024-03-04,17:15:00,Caesar Salad,Appetizer,8.0,10,80.0,Credit Card,Delivery,103,Emily,17,Monday,3,March,0,False,True,2024-03-04 17:00:00,Dinner,Weekday,High-value record
1335,2024-09-17,22:45:00,Bourbon BBQ Burger,Entree,6.0,22,132.0,Mobile Payment,Dine-In,104,Carlos,22,Tuesday,9,September,1,False,True,2024-09-17 22:00:00,Dinner,Weekday,High-value record
1336,2024-08-05,22:15:00,Caesar Salad,Appetizer,9.0,10,90.0,Cash,Takeaway,101,Sarah,22,Monday,8,August,0,False,True,2024-08-05 22:00:00,Dinner,Weekday,High-value record
1337,2024-12-23,21:15:00,Shrimp Cocktail,Appetizer,11.0,14,154.0,Credit Card,Delivery,102,Jake,21,Monday,12,December,0,False,True,2024-12-23 21:00:00,Dinner,Weekday,High-value record
1338,2024-05-10,14:15:00,Ribeye Steak,Entree,2.0,35,70.0,Cash,Delivery,104,Carlos,14,Friday,5,May,4,False,True,2024-05-10 14:00:00,Lunch,Weekday,High-value record
1339,2024-07-22,22:00:00,Cabernet Sauvignon,Beverage,3.0,16,48.0,Credit Card,Dine-In,104,Carlos,22,Monday,7,July,0,False,False,2024-07-22 22:00:00,Dinner,Weekday,Other record
1340,2024-05-09,22:30:00,Cabernet Sauvignon,Beverage,11.0,16,176.0,Mobile Payment,Takeaway,105,Nina,22,Thursday,5,May,3,False,True,2024-05-09 22:00:00,Dinner,Weekday,High-value record
1341,2024-06-06,22:45:00,Truffle Fries,Side,2.0,8,16.0,Cash,Delivery,105,Nina,22,Thursday,6,June,3,False,False,2024-06-06 22:00:00,Dinner,Weekday,Other record
1342,2024-06-25,13:30:00,Truffle Fries,Side,2.0,8,16.0,Mobile Payment,Takeaway,103,Emily,13,Tuesday,6,June,1,False,False,2024-06-25 13:00:00,Lunch,Weekday,Other record
1343,2024-01-04,13:45:00,Ribeye Steak,Entree,1.0,35,35.0,Cash,Delivery,104,Carlos,13,Thursday,1,January,3,False,False,2024-01-04 13:00:00,Lunch,Weekday,Other record
1344,2024-09-25,17:30:00,Truffle Fries,Side,7.0,8,56.0,Cash,Dine-In,103,Emily,17,Wednesday,9,September,2,False,False,2024-09-25 17:00:00,Dinner,Weekday,Other record
1345,2024-04-05,22:15:00,Caesar Salad,Appetizer,9.0,10,90.0,Cash,Delivery,101,Sarah,22,Friday,4,April,4,False,True,2024-04-05 22:00:00,Dinner,Weekday,High-value record
1346,2024-08-18,20:15:00,New York Strip,Entree,4.0,38,152.0,Cash,Delivery,102,Jake,20,Sunday,8,August,6,True,True,2024-08-18 20:00:00,Dinner,Weekend,High-value record
1347,2024-04-08,15:45:00,Old Fashioned,Beverage,5.0,12,60.0,Cash,Delivery,102,Jake,15,Monday,4,April,0,False,False,2024-04-08 15:00:00,Lunch,Weekday,Other record
1348,2024-02-10,15:00:00,Grilled Asparagus,Side,2.0,8,16.0,Credit Card,Dine-In,103,Emily,15,Saturday,2,February,5,True,False,2024-02-10 15:00:00,Lunch,Weekend,Other record
1349,2024-01-16,20:15:00,Old Fashioned,Beverage,8.0,12,96.0,Mobile Payment,Dine-In,101,Sarah,20,Tuesday,1,January,1,False,True,2024-01-16 20:00:00,Dinner,Weekday,High-value record
1350,2024-02-01,15:00:00,Bourbon BBQ Burger,Entree,4.0,22,88.0,Cash,Dine-In,102,Jake,15,Thursday,2,February,3,False,True,2024-02-01 15:00:00,Lunch,Weekday,High-value record
1351,2024-09-24,11:45:00,Chocolate Lava Cake,Dessert,5.0,9,45.0,Credit Card,Takeaway,104,Carlos,11,Tuesday,9,September,1,False,False,2024-09-24 11:00:00,Lunch,Weekday,Other record
1352,2024-06-21,20:45:00,Mashed Potatoes,Side,6.0,7,42.0,Mobile Payment,Takeaway,103,Emily,20,Friday,6,June,4,False,False,2024-06-21 20:00:00,Dinner,Weekday,Other record
1353,2024-05-02,16:45:00,Grilled Asparagus,Side,5.0,8,40.0,Cash,Takeaway,103,Emily,16,Thursday,5,May,3,False,False,2024-05-02 16:00:00,Lunch,Weekday,Other record
1354,2024-02-21,11:45:00,Truffle Fries,Side,3.0,8,24.0,Mobile Payment,Dine-In,101,Sarah,11,Wednesday,2,February,2,False,False,2024-02-21 11:00:00,Lunch,Weekday,Other record
1355,2024-11-04,12:30:00,Truffle Fries,Side,2.0,8,16.0,Credit Card,Takeaway,105,Nina,12,Monday,11,November,0,False,False,2024-11-04 12:00:00,Lunch,Weekday,Other record
1356,2024-12-17,21:45:00,Cabernet Sauvignon,Beverage,10.0,16,160.0,Mobile Payment,Dine-In,101,Sarah,21,Tuesday,12,December,1,False,True,2024-12-17 21:00:00,Dinner,Weekday,High-value record
1357,2024-11-22,16:00:00,Bourbon BBQ Burger,Entree,5.0,22,110.0,Cash,Delivery,103,Emily,16,Friday,11,November,4,False,True,2024-11-22 16:00:00,Lunch,Weekday,High-value record
1358,2024-12-13,18:15:00,Chocolate Lava Cake,Dessert,9.0,9,81.0,Credit Card,Delivery,105,Nina,18,Friday,12,December,4,False,True,2024-12-13 18:00:00,Dinner,Weekday,High-value record
1359,2024-02-11,16:45:00,Old Fashioned,Beverage,1.0,12,12.0,Mobile Payment,Takeaway,103,Emily,16,Sunday,2,February,6,True,False,2024-02-11 16:00:00,Lunch,Weekend,Other record
1360,2024-11-06,14:15:00,Cabernet Sauvignon,Beverage,5.0,16,80.0,Mobile Payment,Delivery,101,Sarah,14,Wednesday,11,November,2,False,True,2024-11-06 14:00:00,Lunch,Weekday,High-value record
1361,2024-03-06,18:00:00,Shrimp Cocktail,Appetizer,12.0,14,168.0,Credit Card,Dine-In,104,Carlos,18,Wednesday,3,March,2,False,True,2024-03-06 18:00:00,Dinner,Weekday,High-value record
1362,2024-02-29,18:15:00,Caesar Salad,Appetizer,4.0,10,40.0,Cash,Delivery,101,Sarah,18,Thursday,2,February,3,False,False,2024-02-29 18:00:00,Dinner,Weekday,Other record
1363,2024-02-24,17:00:00,New York Strip,Entree,5.0,38,190.0,Credit Card,Takeaway,102,Jake,17,Saturday,2,February,5,True,True,2024-02-24 17:00:00,Dinner,Weekend,High-value record
1364,2024-05-11,21:45:00,Bourbon BBQ Burger,Entree,2.0,22,44.0,Mobile Payment,Dine-In,105,Nina,21,Saturday,5,May,5,True,False,2024-05-11 21:00:00,Dinner,Weekend,Other record
1365,2024-11-20,22:45:00,Filet Mignon,Entree,7.0,42,294.0,Cash,Delivery,105,Nina,22,Wednesday,11,November,2,False,True,2024-11-20 22:00:00,Dinner,Weekday,High-value record
1366,2024-02-03,21:30:00,Grilled Asparagus,Side,7.0,8,56.0,Mobile Payment,Delivery,105,Nina,21,Saturday,2,February,5,True,False,2024-02-03 21:00:00,Dinner,Weekend,Other record
1367,2024-08-11,14:15:00,Shrimp Cocktail,Appetizer,1.0,14,14.0,Credit Card,Dine-In,101,Sarah,14,Sunday,8,August,6,True,False,2024-08-11 14:00:00,Lunch,Weekend,Other record
1368,2024-02-15,16:15:00,Truffle Fries,Side,1.0,8,8.0,Mobile Payment,Takeaway,102,Jake,16,Thursday,2,February,3,False,False,2024-02-15 16:00:00,Lunch,Weekday,Other record
1369,2024-06-09,17:00:00,Shrimp Cocktail,Appetizer,2.0,14,28.0,Mobile Payment,Delivery,102,Jake,17,Sunday,6,June,6,True,False,2024-06-09 17:00:00,Dinner,Weekend,Other record
1370,2024-07-17,17:30:00,Mashed Potatoes,Side,3.0,7,21.0,Mobile Payment,Delivery,105,Nina,17,Wednesday,7,July,2,False,False,2024-07-17 17:00:00,Dinner,Weekday,Other record
1371,2024-10-29,14:00:00,Grilled Asparagus,Side,1.0,8,8.0,Mobile Payment,Takeaway,103,Emily,14,Tuesday,10,October,1,False,False,2024-10-29 14:00:00,Lunch,Weekday,Other record
1372,2024-03-15,15:15:00,Old Fashioned,Beverage,6.0,12,72.0,Cash,Delivery,103,Emily,15,Friday,3,March,4,False,True,2024-03-15 15:00:00,Lunch,Weekday,High-value record
1373,2024-03-15,22:00:00,Chocolate Lava Cake,Dessert,6.0,9,54.0,Credit Card,Delivery,101,Sarah,22,Friday,3,March,4,False,False,2024-03-15 22:00:00,Dinner,Weekday,Other record
1374,2024-05-20,22:45:00,Bourbon BBQ Burger,Entree,5.0,22,110.0,Credit Card,Takeaway,104,Carlos,22,Monday,5,May,0,False,True,2024-05-20 22:00:00,Dinner,Weekday,High-value record
1375,2024-01-31,16:15:00,Truffle Fries,Side,2.0,8,16.0,Mobile Payment,Dine-In,101,Sarah,16,Wednesday,1,January,2,False,False,2024-01-31 16:00:00,Lunch,Weekday,Other record
1376,2024-04-01,18:45:00,Shrimp Cocktail,Appetizer,4.0,14,56.0,Cash,Delivery,104,Carlos,18,Monday,4,April,0,False,False,2024-04-01 18:00:00,Dinner,Weekday,Other record
1377,2024-06-21,17:45:00,Mashed Potatoes,Side,9.0,7,63.0,Credit Card,Dine-In,105,Nina,17,Friday,6,June,4,False,True,2024-06-21 17:00:00,Dinner,Weekday,High-value record
1378,2024-05-24,15:15:00,Truffle Fries,Side,8.0,8,64.0,Credit Card,Dine-In,102,Jake,15,Friday,5,May,4,False,True,2024-05-24 15:00:00,Lunch,Weekday,High-value record
1379,2024-06-14,20:00:00,Truffle Fries,Side,5.0,8,40.0,Credit Card,Delivery,102,Jake,20,Friday,6,June,4,False,False,2024-06-14 20:00:00,Dinner,Weekday,Other record
1380,2024-10-22,13:45:00,Truffle Fries,Side,3.0,8,24.0,Credit Card,Dine-In,102,Jake,13,Tuesday,10,October,1,False,False,2024-10-22 13:00:00,Lunch,Weekday,Other record
1381,2024-04-21,22:15:00,Truffle Fries,Side,2.0,8,16.0,Credit Card,Delivery,105,Nina,22,Sunday,4,April,6,True,False,2024-04-21 22:00:00,Dinner,Weekend,Other record
1382,2024-02-22,21:15:00,Grilled Asparagus,Side,10.0,8,80.0,Mobile Payment,Dine-In,101,Sarah,21,Thursday,2,February,3,False,True,2024-02-22 21:00:00,Dinner,Weekday,High-value record
1383,2024-02-19,16:45:00,New York Strip,Entree,1.0,38,38.0,Cash,Delivery,103,Emily,16,Monday,2,February,0,False,False,2024-02-19 16:00:00,Lunch,Weekday,Other record
1384,2024-10-30,17:15:00,Bourbon BBQ Burger,Entree,8.0,22,176.0,Cash,Dine-In,101,Sarah,17,Wednesday,10,October,2,False,True,2024-10-30 17:00:00,Dinner,Weekday,High-value record
1385,2024-05-03,17:45:00,Shrimp Cocktail,Appetizer,9.0,14,126.0,Cash,Delivery,104,Carlos,17,Friday,5,May,4,False,True,2024-05-03 17:00:00,Dinner,Weekday,High-value record
1386,2024-12-20,21:00:00,Old Fashioned,Beverage,7.0,12,84.0,Credit Card,Delivery,104,Carlos,21,Friday,12,December,4,False,True,2024-12-20 21:00:00,Dinner,Weekday,High-value record
1387,2024-07-07,11:00:00,Filet Mignon,Entree,1.0,42,42.0,Cash,Takeaway,105,Nina,11,Sunday,7,July,6,True,False,2024-07-07 11:00:00,Lunch,Weekend,Other record
1388,2024-04-25,11:45:00,Shrimp Cocktail,Appetizer,1.0,14,14.0,Mobile Payment,Dine-In,104,Carlos,11,Thursday,4,April,3,False,False,2024-04-25 11:00:00,Lunch,Weekday,Other record
1389,2024-09-04,21:45:00,Shrimp Cocktail,Appetizer,10.0,14,140.0,Cash,Dine-In,103,Emily,21,Wednesday,9,September,2,False,True,2024-09-04 21:00:00,Dinner,Weekday,High-value record
1390,2024-02-02,22:15:00,Grilled Asparagus,Side,2.0,8,16.0,Credit Card,Delivery,105,Nina,22,Friday,2,February,4,False,False,2024-02-02 22:00:00,Dinner,Weekday,Other record
1391,2024-09-28,18:00:00,Cabernet Sauvignon,Beverage,10.0,16,160.0,Mobile Payment,Delivery,101,Sarah,18,Saturday,9,September,5,True,True,2024-09-28 18:00:00,Dinner,Weekend,High-value record
1392,2024-04-16,21:00:00,New York Strip,Entree,10.0,38,380.0,Mobile Payment,Dine-In,101,Sarah,21,Tuesday,4,April,1,False,True,2024-04-16 21:00:00,Dinner,Weekday,High-value record
1393,2024-10-11,18:30:00,Filet Mignon,Entree,2.0,42,84.0,Cash,Delivery,102,Jake,18,Friday,10,October,4,False,True,2024-10-11 18:00:00,Dinner,Weekday,High-value record
1394,2024-11-30,13:00:00,Cabernet Sauvignon,Beverage,6.0,16,96.0,Cash,Dine-In,101,Sarah,13,Saturday,11,November,5,True,True,2024-11-30 13:00:00,Lunch,Weekend,High-value record
1395,2024-09-16,15:30:00,Cabernet Sauvignon,Beverage,2.0,16,32.0,Credit Card,Delivery,101,Sarah,15,Monday,9,September,0,False,False,2024-09-16 15:00:00,Lunch,Weekday,Other record
1396,2024-05-07,15:00:00,Cabernet Sauvignon,Beverage,3.0,16,48.0,Mobile Payment,Delivery,104,Carlos,15,Tuesday,5,May,1,False,False,2024-05-07 15:00:00,Lunch,Weekday,Other record
1397,2024-03-12,20:45:00,Truffle Fries,Side,7.0,8,56.0,Mobile Payment,Takeaway,105,Nina,20,Tuesday,3,March,1,False,False,2024-03-12 20:00:00,Dinner,Weekday,Other record
1398,2024-10-02,19:15:00,Truffle Fries,Side,2.0,8,16.0,Mobile Payment,Dine-In,102,Jake,19,Wednesday,10,October,2,False,False,2024-10-02 19:00:00,Dinner,Weekday,Other record
1399,2024-01-19,14:15:00,Shrimp Cocktail,Appetizer,3.0,14,42.0,Cash,Delivery,105,Nina,14,Friday,1,January,4,False,False,2024-01-19 14:00:00,Lunch,Weekday,Other record
1400,2024-04-20,20:30:00,Shrimp Cocktail,Appetizer,4.0,14,56.0,Mobile Payment,Delivery,104,Carlos,20,Saturday,4,April,5,True,False,2024-04-20 20:00:00,Dinner,Weekend,Other record
1401,2024-02-08,19:30:00,Shrimp Cocktail,Appetizer,7.0,14,98.0,Mobile Payment,Dine-In,104,Carlos,19,Thursday,2,February,3,False,True,2024-02-08 19:00:00,Dinner,Weekday,High-value record
1402,2024-08-21,12:30:00,Bourbon BBQ Burger,Entree,3.0,22,66.0,Mobile Payment,Dine-In,105,Nina,12,Wednesday,8,August,2,False,True,2024-08-21 12:00:00,Lunch,Weekday,High-value record
1403,2024-04-14,12:30:00,Bourbon BBQ Burger,Entree,2.0,22,44.0,Mobile Payment,Takeaway,105,Nina,12,Sunday,4,April,6,True,False,2024-04-14 12:00:00,Lunch,Weekend,Other record
1404,2024-12-02,21:15:00,Grilled Asparagus,Side,4.0,8,32.0,Credit Card,Takeaway,104,Carlos,21,Monday,12,December,0,False,False,2024-12-02 21:00:00,Dinner,Weekday,Other record
1405,2024-01-14,20:15:00,Filet Mignon,Entree,6.0,42,252.0,Cash,Delivery,101,Sarah,20,Sunday,1,January,6,True,True,2024-01-14 20:00:00,Dinner,Weekend,High-value record
1406,2024-12-16,19:45:00,Filet Mignon,Entree,5.0,42,210.0,Mobile Payment,Dine-In,103,Emily,19,Monday,12,December,0,False,True,2024-12-16 19:00:00,Dinner,Weekday,High-value record
1407,2024-06-19,15:15:00,Caesar Salad,Appetizer,3.0,10,30.0,Cash,Dine-In,104,Carlos,15,Wednesday,6,June,2,False,False,2024-06-19 15:00:00,Lunch,Weekday,Other record
1408,2024-04-23,17:00:00,Filet Mignon,Entree,5.0,42,210.0,Mobile Payment,Delivery,103,Emily,17,Tuesday,4,April,1,False,True,2024-04-23 17:00:00,Dinner,Weekday,High-value record
1409,2024-10-28,18:00:00,Cabernet Sauvignon,Beverage,6.0,16,96.0,Mobile Payment,Delivery,103,Emily,18,Monday,10,October,0,False,True,2024-10-28 18:00:00,Dinner,Weekday,High-value record
1410,2024-10-09,15:00:00,Ribeye Steak,Entree,2.0,35,70.0,Credit Card,Takeaway,102,Jake,15,Wednesday,10,October,2,False,True,2024-10-09 15:00:00,Lunch,Weekday,High-value record
1411,2024-06-25,22:45:00,Old Fashioned,Beverage,8.0,12,96.0,Cash,Takeaway,101,Sarah,22,Tuesday,6,June,1,False,True,2024-06-25 22:00:00,Dinner,Weekday,High-value record
1412,2024-12-17,19:15:00,Bourbon BBQ Burger,Entree,4.0,22,88.0,Cash,Takeaway,105,Nina,19,Tuesday,12,December,1,False,True,2024-12-17 19:00:00,Dinner,Weekday,High-value record
1413,2024-05-16,11:30:00,Truffle Fries,Side,2.0,8,16.0,Mobile Payment,Delivery,104,Carlos,11,Thursday,5,May,3,False,False,2024-05-16 11:00:00,Lunch,Weekday,Other record
1414,2024-12-27,18:15:00,Old Fashioned,Beverage,5.0,12,60.0,Credit Card,Delivery,103,Emily,18,Friday,12,December,4,False,False,2024-12-27 18:00:00,Dinner,Weekday,Other record
1415,2024-05-21,17:15:00,Shrimp Cocktail,Appetizer,2.0,14,28.0,Credit Card,Takeaway,103,Emily,17,Tuesday,5,May,1,False,False,2024-05-21 17:00:00,Dinner,Weekday,Other record
1416,2024-02-16,21:00:00,Filet Mignon,Entree,4.0,42,168.0,Cash,Dine-In,105,Nina,21,Friday,2,February,4,False,True,2024-02-16 21:00:00,Dinner,Weekday,High-value record
1417,2024-01-30,12:30:00,Cabernet Sauvignon,Beverage,3.0,16,48.0,Cash,Takeaway,105,Nina,12,Tuesday,1,January,1,False,False,2024-01-30 12:00:00,Lunch,Weekday,Other record
1418,2024-03-10,18:45:00,Cabernet Sauvignon,Beverage,9.0,16,144.0,Mobile Payment,Dine-In,104,Carlos,18,Sunday,3,March,6,True,True,2024-03-10 18:00:00,Dinner,Weekend,High-value record
1419,2024-01-08,20:15:00,Truffle Fries,Side,2.0,8,16.0,Mobile Payment,Takeaway,105,Nina,20,Monday,1,January,0,False,False,2024-01-08 20:00:00,Dinner,Weekday,Other record
1420,2024-06-25,14:00:00,Chocolate Lava Cake,Dessert,4.0,9,36.0,Cash,Delivery,105,Nina,14,Tuesday,6,June,1,False,False,2024-06-25 14:00:00,Lunch,Weekday,Other record
1421,2024-04-25,13:00:00,Mashed Potatoes,Side,2.0,7,14.0,Mobile Payment,Takeaway,101,Sarah,13,Thursday,4,April,3,False,False,2024-04-25 13:00:00,Lunch,Weekday,Other record
1422,2024-08-04,18:45:00,New York Strip,Entree,5.0,38,190.0,Cash,Takeaway,102,Jake,18,Sunday,8,August,6,True,True,2024-08-04 18:00:00,Dinner,Weekend,High-value record
1423,2024-10-03,12:30:00,Shrimp Cocktail,Appetizer,4.0,14,56.0,Credit Card,Takeaway,102,Jake,12,Thursday,10,October,3,False,False,2024-10-03 12:00:00,Lunch,Weekday,Other record
1424,2024-01-02,22:45:00,Caesar Salad,Appetizer,6.0,10,60.0,Mobile Payment,Delivery,101,Sarah,22,Tuesday,1,January,1,False,False,2024-01-02 22:00:00,Dinner,Weekday,Other record
1425,2024-08-25,20:45:00,Ribeye Steak,Entree,6.0,35,210.0,Cash,Delivery,104,Carlos,20,Sunday,8,August,6,True,True,2024-08-25 20:00:00,Dinner,Weekend,High-value record
1426,2024-06-17,15:30:00,Filet Mignon,Entree,1.0,42,42.0,Credit Card,Delivery,102,Jake,15,Monday,6,June,0,False,False,2024-06-17 15:00:00,Lunch,Weekday,Other record
1427,2024-07-24,16:00:00,Filet Mignon,Entree,4.0,42,168.0,Credit Card,Dine-In,101,Sarah,16,Wednesday,7,July,2,False,True,2024-07-24 16:00:00,Lunch,Weekday,High-value record
1428,2024-09-27,19:15:00,Grilled Asparagus,Side,2.0,8,16.0,Credit Card,Dine-In,102,Jake,19,Friday,9,September,4,False,False,2024-09-27 19:00:00,Dinner,Weekday,Other record
1429,2024-12-02,15:15:00,Old Fashioned,Beverage,4.0,12,48.0,Credit Card,Takeaway,103,Emily,15,Monday,12,December,0,False,False,2024-12-02 15:00:00,Lunch,Weekday,Other record
1430,2024-08-07,13:30:00,Filet Mignon,Entree,5.0,42,210.0,Mobile Payment,Takeaway,102,Jake,13,Wednesday,8,August,2,False,True,2024-08-07 13:00:00,Lunch,Weekday,High-value record
1431,2024-03-12,16:45:00,Ribeye Steak,Entree,2.0,35,70.0,Mobile Payment,Dine-In,101,Sarah,16,Tuesday,3,March,1,False,True,2024-03-12 16:00:00,Lunch,Weekday,High-value record
1432,2024-04-07,15:00:00,New York Strip,Entree,5.0,38,190.0,Credit Card,Delivery,103,Emily,15,Sunday,4,April,6,True,True,2024-04-07 15:00:00,Lunch,Weekend,High-value record
1433,2024-01-17,13:15:00,Old Fashioned,Beverage,4.0,12,48.0,Cash,Takeaway,104,Carlos,13,Wednesday,1,January,2,False,False,2024-01-17 13:00:00,Lunch,Weekday,Other record
1434,2024-10-08,18:15:00,Mashed Potatoes,Side,9.0,7,63.0,Mobile Payment,Delivery,104,Carlos,18,Tuesday,10,October,1,False,True,2024-10-08 18:00:00,Dinner,Weekday,High-value record
1435,2024-03-08,12:00:00,Ribeye Steak,Entree,3.0,35,105.0,Cash,Takeaway,105,Nina,12,Friday,3,March,4,False,True,2024-03-08 12:00:00,Lunch,Weekday,High-value record
1436,2024-01-07,21:15:00,Ribeye Steak,Entree,5.0,35,175.0,Credit Card,Delivery,101,Sarah,21,Sunday,1,January,6,True,True,2024-01-07 21:00:00,Dinner,Weekend,High-value record
1437,2024-08-10,18:30:00,Shrimp Cocktail,Appetizer,9.0,14,126.0,Cash,Takeaway,102,Jake,18,Saturday,8,August,5,True,True,2024-08-10 18:00:00,Dinner,Weekend,High-value record
1438,2024-11-12,13:15:00,Caesar Salad,Appetizer,2.0,10,20.0,Cash,Takeaway,102,Jake,13,Tuesday,11,November,1,False,False,2024-11-12 13:00:00,Lunch,Weekday,Other record
1439,2024-12-07,17:15:00,Old Fashioned,Beverage,2.0,12,24.0,Mobile Payment,Delivery,105,Nina,17,Saturday,12,December,5,True,False,2024-12-07 17:00:00,Dinner,Weekend,Other record
1440,2024-11-08,13:15:00,Chocolate Lava Cake,Dessert,3.0,9,27.0,Cash,Dine-In,102,Jake,13,Friday,11,November,4,False,False,2024-11-08 13:00:00,Lunch,Weekday,Other record
1441,2024-07-24,11:30:00,Caesar Salad,Appetizer,2.0,10,20.0,Credit Card,Dine-In,105,Nina,11,Wednesday,7,July,2,False,False,2024-07-24 11:00:00,Lunch,Weekday,Other record
1442,2024-04-12,12:00:00,Grilled Asparagus,Side,6.0,8,48.0,Mobile Payment,Takeaway,102,Jake,12,Friday,4,April,4,False,False,2024-04-12 12:00:00,Lunch,Weekday,Other record
1443,2024-04-23,16:45:00,Old Fashioned,Beverage,1.0,12,12.0,Mobile Payment,Takeaway,101,Sarah,16,Tuesday,4,April,1,False,False,2024-04-23 16:00:00,Lunch,Weekday,Other record
1444,2024-06-04,12:30:00,Mashed Potatoes,Side,3.0,7,21.0,Credit Card,Delivery,104,Carlos,12,Tuesday,6,June,1,False,False,2024-06-04 12:00:00,Lunch,Weekday,Other record
1445,2024-05-06,16:00:00,New York Strip,Entree,1.0,38,38.0,Cash,Dine-In,103,Emily,16,Monday,5,May,0,False,False,2024-05-06 16:00:00,Lunch,Weekday,Other record
1446,2024-04-18,15:45:00,Shrimp Cocktail,Appetizer,5.0,14,70.0,Cash,Takeaway,102,Jake,15,Thursday,4,April,3,False,True,2024-04-18 15:00:00,Lunch,Weekday,High-value record
1447,2024-05-09,18:30:00,Mashed Potatoes,Side,7.0,7,49.0,Cash,Dine-In,101,Sarah,18,Thursday,5,May,3,False,False,2024-05-09 18:00:00,Dinner,Weekday,Other record
1448,2024-12-15,19:15:00,Mashed Potatoes,Side,6.0,7,42.0,Mobile Payment,Takeaway,105,Nina,19,Sunday,12,December,6,True,False,2024-12-15 19:00:00,Dinner,Weekend,Other record
1449,2024-09-27,20:30:00,Caesar Salad,Appetizer,6.0,10,60.0,Cash,Delivery,104,Carlos,20,Friday,9,September,4,False,False,2024-09-27 20:00:00,Dinner,Weekday,Other record
1450,2024-02-14,12:15:00,Bourbon BBQ Burger,Entree,6.0,22,132.0,Cash,Dine-In,105,Nina,12,Wednesday,2,February,2,False,True,2024-02-14 12:00:00,Lunch,Weekday,High-value record
1451,2024-12-01,14:15:00,Truffle Fries,Side,5.0,8,40.0,Cash,Dine-In,105,Nina,14,Sunday,12,December,6,True,False,2024-12-01 14:00:00,Lunch,Weekend,Other record
1452,2024-11-12,16:30:00,Truffle Fries,Side,5.0,8,40.0,Cash,Delivery,102,Jake,16,Tuesday,11,November,1,False,False,2024-11-12 16:00:00,Lunch,Weekday,Other record
1453,2024-01-23,13:15:00,Grilled Asparagus,Side,6.0,8,48.0,Mobile Payment,Takeaway,105,Nina,13,Tuesday,1,January,1,False,False,2024-01-23 13:00:00,Lunch,Weekday,Other record
1454,2024-06-26,16:45:00,Bourbon BBQ Burger,Entree,1.0,22,22.0,Credit Card,Dine-In,104,Carlos,16,Wednesday,6,June,2,False,False,2024-06-26 16:00:00,Lunch,Weekday,Other record
1455,2024-08-02,19:00:00,New York Strip,Entree,11.0,38,418.0,Credit Card,Delivery,102,Jake,19,Friday,8,August,4,False,True,2024-08-02 19:00:00,Dinner,Weekday,High-value record
1456,2024-05-28,11:00:00,Truffle Fries,Side,2.0,8,16.0,Mobile Payment,Takeaway,104,Carlos,11,Tuesday,5,May,1,False,False,2024-05-28 11:00:00,Lunch,Weekday,Other record
1457,2024-12-16,19:00:00,New York Strip,Entree,7.0,38,266.0,Mobile Payment,Takeaway,105,Nina,19,Monday,12,December,0,False,True,2024-12-16 19:00:00,Dinner,Weekday,High-value record
1458,2024-07-18,17:30:00,Caesar Salad,Appetizer,4.0,10,40.0,Cash,Dine-In,105,Nina,17,Thursday,7,July,3,False,False,2024-07-18 17:00:00,Dinner,Weekday,Other record
1459,2024-04-21,20:00:00,Cabernet Sauvignon,Beverage,6.0,16,96.0,Mobile Payment,Delivery,105,Nina,20,Sunday,4,April,6,True,True,2024-04-21 20:00:00,Dinner,Weekend,High-value record
1460,2024-05-12,15:15:00,Shrimp Cocktail,Appetizer,4.5,14,63.0,Mobile Payment,Dine-In,102,Jake,15,Sunday,5,May,6,True,True,2024-05-12 15:00:00,Lunch,Weekend,High-value record
1461,2024-04-24,11:15:00,Shrimp Cocktail,Appetizer,1.0,14,14.0,Mobile Payment,Dine-In,103,Emily,11,Wednesday,4,April,2,False,False,2024-04-24 11:00:00,Lunch,Weekday,Other record
1462,2024-03-09,15:00:00,Bourbon BBQ Burger,Entree,3.0,22,66.0,Cash,Delivery,101,Sarah,15,Saturday,3,March,5,True,True,2024-03-09 15:00:00,Lunch,Weekend,High-value record
1463,2024-01-01,21:30:00,Bourbon BBQ Burger,Entree,12.0,22,264.0,Credit Card,Takeaway,101,Sarah,21,Monday,1,January,0,False,True,2024-01-01 21:00:00,Dinner,Weekday,High-value record
1464,2024-12-27,19:30:00,Truffle Fries,Side,4.0,8,32.0,Credit Card,Delivery,103,Emily,19,Friday,12,December,4,False,False,2024-12-27 19:00:00,Dinner,Weekday,Other record
1465,2024-06-15,11:00:00,Mashed Potatoes,Side,4.0,7,28.0,Mobile Payment,Takeaway,102,Jake,11,Saturday,6,June,5,True,False,2024-06-15 11:00:00,Lunch,Weekend,Other record
1466,2024-05-11,11:00:00,Truffle Fries,Side,8.0,8,64.0,Mobile Payment,Takeaway,105,Nina,11,Saturday,5,May,5,True,True,2024-05-11 11:00:00,Lunch,Weekend,High-value record
1467,2024-10-09,14:45:00,Caesar Salad,Appetizer,3.0,10,30.0,Credit Card,Dine-In,105,Nina,14,Wednesday,10,October,2,False,False,2024-10-09 14:00:00,Lunch,Weekday,Other record
1468,2024-11-18,17:15:00,Old Fashioned,Beverage,4.0,12,48.0,Mobile Payment,Delivery,104,Carlos,17,Monday,11,November,0,False,False,2024-11-18 17:00:00,Dinner,Weekday,Other record
1469,2024-07-07,13:45:00,Filet Mignon,Entree,5.0,42,210.0,Cash,Takeaway,102,Jake,13,Sunday,7,July,6,True,True,2024-07-07 13:00:00,Lunch,Weekend,High-value record
1470,2024-03-31,14:45:00,Truffle Fries,Side,2.0,8,16.0,Mobile Payment,Takeaway,101,Sarah,14,Sunday,3,March,6,True,False,2024-03-31 14:00:00,Lunch,Weekend,Other record
1471,2024-06-07,13:15:00,Grilled Asparagus,Side,7.0,8,56.0,Cash,Dine-In,102,Jake,13,Friday,6,June,4,False,False,2024-06-07 13:00:00,Lunch,Weekday,Other record
1472,2024-02-06,17:15:00,Old Fashioned,Beverage,7.0,12,84.0,Cash,Delivery,105,Nina,17,Tuesday,2,February,1,False,True,2024-02-06 17:00:00,Dinner,Weekday,High-value record
1473,2024-03-11,22:00:00,Chocolate Lava Cake,Dessert,2.0,9,18.0,Credit Card,Takeaway,101,Sarah,22,Monday,3,March,0,False,False,2024-03-11 22:00:00,Dinner,Weekday,Other record
1474,2024-02-26,11:00:00,New York Strip,Entree,2.0,38,76.0,Cash,Takeaway,102,Jake,11,Monday,2,February,0,False,True,2024-02-26 11:00:00,Lunch,Weekday,High-value record
1475,2024-11-17,20:00:00,Ribeye Steak,Entree,2.0,35,70.0,Mobile Payment,Delivery,103,Emily,20,Sunday,11,November,6,True,True,2024-11-17 20:00:00,Dinner,Weekend,High-value record
1476,2024-12-28,12:15:00,New York Strip,Entree,7.0,38,266.0,Mobile Payment,Takeaway,102,Jake,12,Saturday,12,December,5,True,True,2024-12-28 12:00:00,Lunch,Weekend,High-value record
1477,2024-06-06,16:45:00,New York Strip,Entree,2.0,38,76.0,Cash,Delivery,103,Emily,16,Thursday,6,June,3,False,True,2024-06-06 16:00:00,Lunch,Weekday,High-value record
1478,2024-11-17,19:00:00,Ribeye Steak,Entree,2.0,35,70.0,Cash,Delivery,103,Emily,19,Sunday,11,November,6,True,True,2024-11-17 19:00:00,Dinner,Weekend,High-value record
1479,2024-02-22,19:45:00,New York Strip,Entree,2.0,38,76.0,Cash,Dine-In,102,Jake,19,Thursday,2,February,3,False,True,2024-02-22 19:00:00,Dinner,Weekday,High-value record
1480,2024-08-06,17:15:00,Mashed Potatoes,Side,7.0,7,49.0,Cash,Delivery,104,Carlos,17,Tuesday,8,August,1,False,False,2024-08-06 17:00:00,Dinner,Weekday,Other record
1481,2024-12-17,22:00:00,Old Fashioned,Beverage,4.0,12,48.0,Cash,Dine-In,101,Sarah,22,Tuesday,12,December,1,False,False,2024-12-17 22:00:00,Dinner,Weekday,Other record
1482,2024-05-24,16:00:00,Chocolate Lava Cake,Dessert,5.0,9,45.0,Cash,Takeaway,101,Sarah,16,Friday,5,May,4,False,False,2024-05-24 16:00:00,Lunch,Weekday,Other record
1483,2024-01-23,20:15:00,New York Strip,Entree,7.0,38,266.0,Mobile Payment,Takeaway,105,Nina,20,Tuesday,1,January,1,False,True,2024-01-23 20:00:00,Dinner,Weekday,High-value record
1484,2024-04-02,21:45:00,New York Strip,Entree,6.0,38,228.0,Mobile Payment,Takeaway,103,Emily,21,Tuesday,4,April,1,False,True,2024-04-02 21:00:00,Dinner,Weekday,High-value record
1485,2024-02-23,15:45:00,Bourbon BBQ Burger,Entree,5.0,22,110.0,Credit Card,Delivery,101,Sarah,15,Friday,2,February,4,False,True,2024-02-23 15:00:00,Lunch,Weekday,High-value record
1486,2024-01-02,13:15:00,Mashed Potatoes,Side,2.0,7,14.0,Credit Card,Takeaway,104,Carlos,13,Tuesday,1,January,1,False,False,2024-01-02 13:00:00,Lunch,Weekday,Other record
1487,2024-02-04,12:45:00,Truffle Fries,Side,4.0,8,32.0,Cash,Dine-In,103,Emily,12,Sunday,2,February,6,True,False,2024-02-04 12:00:00,Lunch,Weekend,Other record
1488,2024-03-06,13:45:00,Mashed Potatoes,Side,3.0,7,21.0,Credit Card,Takeaway,104,Carlos,13,Wednesday,3,March,2,False,False,2024-03-06 13:00:00,Lunch,Weekday,Other record
1489,2024-12-21,17:30:00,New York Strip,Entree,5.0,38,190.0,Credit Card,Takeaway,105,Nina,17,Saturday,12,December,5,True,True,2024-12-21 17:00:00,Dinner,Weekend,High-value record
1490,2024-09-11,19:45:00,Cabernet Sauvignon,Beverage,10.0,16,160.0,Cash,Takeaway,101,Sarah,19,Wednesday,9,September,2,False,True,2024-09-11 19:00:00,Dinner,Weekday,High-value record
1491,2024-10-24,22:45:00,Cabernet Sauvignon,Beverage,8.0,16,128.0,Mobile Payment,Delivery,102,Jake,22,Thursday,10,October,3,False,True,2024-10-24 22:00:00,Dinner,Weekday,High-value record
1492,2024-12-25,12:15:00,Mashed Potatoes,Side,1.0,7,7.0,Cash,Dine-In,103,Emily,12,Wednesday,12,December,2,False,False,2024-12-25 12:00:00,Lunch,Weekday,Other record
1493,2024-10-12,18:15:00,Filet Mignon,Entree,2.0,42,84.0,Credit Card,Takeaway,102,Jake,18,Saturday,10,October,5,True,True,2024-10-12 18:00:00,Dinner,Weekend,High-value record
1494,2024-05-30,18:15:00,Cabernet Sauvignon,Beverage,7.0,16,112.0,Cash,Dine-In,102,Jake,18,Thursday,5,May,3,False,True,2024-05-30 18:00:00,Dinner,Weekday,High-value record
1495,2024-01-29,22:15:00,Filet Mignon,Entree,4.0,42,168.0,Credit Card,Delivery,101,Sarah,22,Monday,1,January,0,False,True,2024-01-29 22:00:00,Dinner,Weekday,High-value record
1496,2024-12-22,17:30:00,Ribeye Steak,Entree,2.0,35,70.0,Mobile Payment,Delivery,101,Sarah,17,Sunday,12,December,6,True,True,2024-12-22 17:00:00,Dinner,Weekend,High-value record
1497,2024-09-01,20:15:00,Ribeye Steak,Entree,4.0,35,140.0,Credit Card,Dine-In,101,Sarah,20,Sunday,9,September,6,True,True,2024-09-01 20:00:00,Dinner,Weekend,High-value record
1498,2024-05-05,12:00:00,Chocolate Lava Cake,Dessert,4.0,9,36.0,Cash,Dine-In,104,Carlos,12,Sunday,5,May,6,True,False,2024-05-05 12:00:00,Lunch,Weekend,Other record
1499,2024-03-12,22:30:00,Old Fashioned,Beverage,8.0,12,96.0,Mobile Payment,Takeaway,104,Carlos,22,Tuesday,3,March,1,False,True,2024-03-12 22:00:00,Dinner,Weekday,High-value record
1500,2024-11-26,22:00:00,Shrimp Cocktail,Appetizer,2.0,14,28.0,Cash,Dine-In,101,Sarah,22,Tuesday,11,November,1,False,False,2024-11-26 22:00:00,Dinner,Weekday,Other record
1501,2024-11-05,13:15:00,Ribeye Steak,Entree,4.0,35,140.0,Credit Card,Delivery,104,Carlos,13,Tuesday,11,November,1,False,True,2024-11-05 13:00:00,Lunch,Weekday,High-value record
1502,2024-10-10,22:30:00,Chocolate Lava Cake,Dessert,11.0,9,99.0,Credit Card,Delivery,102,Jake,22,Thursday,10,October,3,False,True,2024-10-10 22:00:00,Dinner,Weekday,High-value record
1503,2024-08-04,13:30:00,Filet Mignon,Entree,6.0,42,252.0,Credit Card,Dine-In,102,Jake,13,Sunday,8,August,6,True,True,2024-08-04 13:00:00,Lunch,Weekend,High-value record
1504,2024-07-24,20:00:00,Caesar Salad,Appetizer,7.0,10,70.0,Cash,Delivery,105,Nina,20,Wednesday,7,July,2,False,True,2024-07-24 20:00:00,Dinner,Weekday,High-value record
1505,2024-11-05,12:45:00,Old Fashioned,Beverage,3.0,12,36.0,Mobile Payment,Delivery,104,Carlos,12,Tuesday,11,November,1,False,False,2024-11-05 12:00:00,Lunch,Weekday,Other record
1506,2024-07-13,13:00:00,Mashed Potatoes,Side,8.0,7,56.0,Cash,Takeaway,101,Sarah,13,Saturday,7,July,5,True,False,2024-07-13 13:00:00,Lunch,Weekend,Other record
1507,2024-02-23,12:30:00,Chocolate Lava Cake,Dessert,5.0,9,45.0,Cash,Dine-In,103,Emily,12,Friday,2,February,4,False,False,2024-02-23 12:00:00,Lunch,Weekday,Other record
1508,2024-03-24,19:00:00,Filet Mignon,Entree,5.0,42,210.0,Mobile Payment,Dine-In,103,Emily,19,Sunday,3,March,6,True,True,2024-03-24 19:00:00,Dinner,Weekend,High-value record
1509,2024-04-06,19:15:00,Bourbon BBQ Burger,Entree,2.0,22,44.0,Cash,Takeaway,101,Sarah,19,Saturday,4,April,5,True,False,2024-04-06 19:00:00,Dinner,Weekend,Other record
1510,2024-10-18,20:00:00,Chocolate Lava Cake,Dessert,7.0,9,63.0,Cash,Dine-In,103,Emily,20,Friday,10,October,4,False,True,2024-10-18 20:00:00,Dinner,Weekday,High-value record
1511,2024-02-17,15:00:00,Mashed Potatoes,Side,6.0,7,42.0,Credit Card,Delivery,102,Jake,15,Saturday,2,February,5,True,False,2024-02-17 15:00:00,Lunch,Weekend,Other record
1512,2024-06-10,17:30:00,New York Strip,Entree,2.0,38,76.0,Credit Card,Takeaway,105,Nina,17,Monday,6,June,0,False,True,2024-06-10 17:00:00,Dinner,Weekday,High-value record
1513,2024-02-21,19:15:00,Ribeye Steak,Entree,9.0,35,315.0,Credit Card,Takeaway,105,Nina,19,Wednesday,2,February,2,False,True,2024-02-21 19:00:00,Dinner,Weekday,High-value record
1514,2024-01-20,15:15:00,New York Strip,Entree,6.0,38,228.0,Cash,Delivery,101,Sarah,15,Saturday,1,January,5,True,True,2024-01-20 15:00:00,Lunch,Weekend,High-value record
1515,2024-04-28,14:15:00,Truffle Fries,Side,2.0,8,16.0,Mobile Payment,Delivery,105,Nina,14,Sunday,4,April,6,True,False,2024-04-28 14:00:00,Lunch,Weekend,Other record
1516,2024-11-29,19:30:00,Old Fashioned,Beverage,3.0,12,36.0,Credit Card,Takeaway,103,Emily,19,Friday,11,November,4,False,False,2024-11-29 19:00:00,Dinner,Weekday,Other record
1517,2024-11-15,17:00:00,Truffle Fries,Side,7.0,8,56.0,Cash,Dine-In,105,Nina,17,Friday,11,November,4,False,False,2024-11-15 17:00:00,Dinner,Weekday,Other record
1518,2024-11-06,12:15:00,Chocolate Lava Cake,Dessert,4.0,9,36.0,Cash,Dine-In,102,Jake,12,Wednesday,11,November,2,False,False,2024-11-06 12:00:00,Lunch,Weekday,Other record
1519,2024-06-07,19:00:00,Old Fashioned,Beverage,2.0,12,24.0,Credit Card,Takeaway,102,Jake,19,Friday,6,June,4,False,False,2024-06-07 19:00:00,Dinner,Weekday,Other record
1520,2024-05-31,13:00:00,Shrimp Cocktail,Appetizer,7.0,14,98.0,Credit Card,Takeaway,101,Sarah,13,Friday,5,May,4,False,True,2024-05-31 13:00:00,Lunch,Weekday,High-value record
1521,2024-02-06,13:45:00,Shrimp Cocktail,Appetizer,4.0,14,56.0,Credit Card,Takeaway,102,Jake,13,Tuesday,2,February,1,False,False,2024-02-06 13:00:00,Lunch,Weekday,Other record
1522,2024-03-04,20:45:00,Ribeye Steak,Entree,6.0,35,210.0,Credit Card,Takeaway,104,Carlos,20,Monday,3,March,0,False,True,2024-03-04 20:00:00,Dinner,Weekday,High-value record
1523,2024-11-13,21:15:00,Old Fashioned,Beverage,7.0,12,84.0,Mobile Payment,Delivery,103,Emily,21,Wednesday,11,November,2,False,True,2024-11-13 21:00:00,Dinner,Weekday,High-value record
1524,2024-07-10,12:45:00,Cabernet Sauvignon,Beverage,4.0,16,64.0,Credit Card,Delivery,101,Sarah,12,Wednesday,7,July,2,False,True,2024-07-10 12:00:00,Lunch,Weekday,High-value record
1525,2024-11-13,21:00:00,Truffle Fries,Side,4.0,8,32.0,Mobile Payment,Delivery,101,Sarah,21,Wednesday,11,November,2,False,False,2024-11-13 21:00:00,Dinner,Weekday,Other record
1526,2024-03-20,12:30:00,Grilled Asparagus,Side,2.0,8,16.0,Mobile Payment,Takeaway,101,Sarah,12,Wednesday,3,March,2,False,False,2024-03-20 12:00:00,Lunch,Weekday,Other record
1527,2024-04-24,17:45:00,Bourbon BBQ Burger,Entree,2.0,22,44.0,Credit Card,Takeaway,104,Carlos,17,Wednesday,4,April,2,False,False,2024-04-24 17:00:00,Dinner,Weekday,Other record
1528,2024-11-24,19:45:00,Filet Mignon,Entree,2.0,42,84.0,Cash,Delivery,101,Sarah,19,Sunday,11,November,6,True,True,2024-11-24 19:00:00,Dinner,Weekend,High-value record
1529,2024-07-22,17:15:00,Grilled Asparagus,Side,7.0,8,56.0,Cash,Takeaway,103,Emily,17,Monday,7,July,0,False,False,2024-07-22 17:00:00,Dinner,Weekday,Other record
1530,2024-11-05,18:15:00,Truffle Fries,Side,7.0,8,56.0,Cash,Takeaway,104,Carlos,18,Tuesday,11,November,1,False,False,2024-11-05 18:00:00,Dinner,Weekday,Other record
1531,2024-01-20,19:15:00,Old Fashioned,Beverage,4.0,12,48.0,Mobile Payment,Dine-In,103,Emily,19,Saturday,1,January,5,True,False,2024-01-20 19:00:00,Dinner,Weekend,Other record
1532,2024-10-17,11:45:00,Ribeye Steak,Entree,3.0,35,105.0,Credit Card,Takeaway,102,Jake,11,Thursday,10,October,3,False,True,2024-10-17 11:00:00,Lunch,Weekday,High-value record
1533,2024-01-28,14:00:00,Bourbon BBQ Burger,Entree,4.0,22,88.0,Credit Card,Takeaway,102,Jake,14,Sunday,1,January,6,True,True,2024-01-28 14:00:00,Lunch,Weekend,High-value record
1534,2024-02-12,13:00:00,Shrimp Cocktail,Appetizer,3.0,14,42.0,Cash,Takeaway,104,Carlos,13,Monday,2,February,0,False,False,2024-02-12 13:00:00,Lunch,Weekday,Other record
1535,2024-08-02,19:15:00,Bourbon BBQ Burger,Entree,5.0,22,110.0,Cash,Dine-In,101,Sarah,19,Friday,8,August,4,False,True,2024-08-02 19:00:00,Dinner,Weekday,High-value record
1536,2024-08-07,16:30:00,New York Strip,Entree,2.0,38,76.0,Credit Card,Takeaway,104,Carlos,16,Wednesday,8,August,2,False,True,2024-08-07 16:00:00,Lunch,Weekday,High-value record
1537,2024-08-31,19:15:00,Truffle Fries,Side,8.0,8,64.0,Credit Card,Delivery,105,Nina,19,Saturday,8,August,5,True,True,2024-08-31 19:00:00,Dinner,Weekend,High-value record
1538,2024-07-18,11:15:00,Filet Mignon,Entree,6.0,42,252.0,Mobile Payment,Dine-In,103,Emily,11,Thursday,7,July,3,False,True,2024-07-18 11:00:00,Lunch,Weekday,High-value record
1539,2024-12-06,22:30:00,Ribeye Steak,Entree,4.0,35,140.0,Credit Card,Dine-In,104,Carlos,22,Friday,12,December,4,False,True,2024-12-06 22:00:00,Dinner,Weekday,High-value record
1540,2024-06-11,12:45:00,Shrimp Cocktail,Appetizer,6.0,14,84.0,Mobile Payment,Dine-In,104,Carlos,12,Tuesday,6,June,1,False,True,2024-06-11 12:00:00,Lunch,Weekday,High-value record
1541,2024-03-05,21:45:00,Bourbon BBQ Burger,Entree,10.0,22,220.0,Cash,Dine-In,102,Jake,21,Tuesday,3,March,1,False,True,2024-03-05 21:00:00,Dinner,Weekday,High-value record
1542,2024-04-06,17:15:00,Chocolate Lava Cake,Dessert,6.0,9,54.0,Cash,Takeaway,102,Jake,17,Saturday,4,April,5,True,False,2024-04-06 17:00:00,Dinner,Weekend,Other record
1543,2024-04-07,21:00:00,Mashed Potatoes,Side,5.0,7,35.0,Cash,Takeaway,103,Emily,21,Sunday,4,April,6,True,False,2024-04-07 21:00:00,Dinner,Weekend,Other record
1544,2024-09-14,12:45:00,Bourbon BBQ Burger,Entree,8.0,22,176.0,Credit Card,Takeaway,103,Emily,12,Saturday,9,September,5,True,True,2024-09-14 12:00:00,Lunch,Weekend,High-value record
1545,2024-06-29,19:45:00,Cabernet Sauvignon,Beverage,5.0,16,80.0,Cash,Dine-In,104,Carlos,19,Saturday,6,June,5,True,True,2024-06-29 19:00:00,Dinner,Weekend,High-value record
1546,2024-08-07,16:15:00,Cabernet Sauvignon,Beverage,6.0,16,96.0,Cash,Delivery,104,Carlos,16,Wednesday,8,August,2,False,True,2024-08-07 16:00:00,Lunch,Weekday,High-value record
1547,2024-07-14,15:45:00,Bourbon BBQ Burger,Entree,3.0,22,66.0,Mobile Payment,Delivery,101,Sarah,15,Sunday,7,July,6,True,True,2024-07-14 15:00:00,Lunch,Weekend,High-value record
1548,2024-02-14,12:00:00,Bourbon BBQ Burger,Entree,1.2,22,26.4,Mobile Payment,Takeaway,101,Sarah,12,Wednesday,2,February,2,False,False,2024-02-14 12:00:00,Lunch,Weekday,Other record
1549,2024-09-11,22:00:00,Bourbon BBQ Burger,Entree,7.0,22,154.0,Mobile Payment,Delivery,101,Sarah,22,Wednesday,9,September,2,False,True,2024-09-11 22:00:00,Dinner,Weekday,High-value record
1550,2024-12-07,15:45:00,Caesar Salad,Appetizer,4.0,10,40.0,Credit Card,Delivery,104,Carlos,15,Saturday,12,December,5,True,False,2024-12-07 15:00:00,Lunch,Weekend,Other record
1551,2024-02-28,14:45:00,Filet Mignon,Entree,3.0,42,126.0,Credit Card,Takeaway,104,Carlos,14,Wednesday,2,February,2,False,True,2024-02-28 14:00:00,Lunch,Weekday,High-value record
1552,2024-01-04,16:15:00,Cabernet Sauvignon,Beverage,3.0,16,48.0,Credit Card,Delivery,103,Emily,16,Thursday,1,January,3,False,False,2024-01-04 16:00:00,Lunch,Weekday,Other record
1553,2024-06-06,17:15:00,Ribeye Steak,Entree,8.0,35,280.0,Cash,Dine-In,101,Sarah,17,Thursday,6,June,3,False,True,2024-06-06 17:00:00,Dinner,Weekday,High-value record
1554,2024-03-19,16:30:00,Mashed Potatoes,Side,2.0,7,14.0,Mobile Payment,Takeaway,102,Jake,16,Tuesday,3,March,1,False,False,2024-03-19 16:00:00,Lunch,Weekday,Other record
1555,2024-10-11,17:15:00,Chocolate Lava Cake,Dessert,9.0,9,81.0,Cash,Delivery,104,Carlos,17,Friday,10,October,4,False,True,2024-10-11 17:00:00,Dinner,Weekday,High-value record
1556,2024-03-06,21:45:00,Truffle Fries,Side,4.0,8,32.0,Credit Card,Takeaway,105,Nina,21,Wednesday,3,March,2,False,False,2024-03-06 21:00:00,Dinner,Weekday,Other record
1557,2024-03-22,17:15:00,Filet Mignon,Entree,5.0,42,210.0,Mobile Payment,Dine-In,105,Nina,17,Friday,3,March,4,False,True,2024-03-22 17:00:00,Dinner,Weekday,High-value record
1558,2024-07-19,21:30:00,Cabernet Sauvignon,Beverage,4.0,16,64.0,Credit Card,Dine-In,101,Sarah,21,Friday,7,July,4,False,True,2024-07-19 21:00:00,Dinner,Weekday,High-value record
1559,2024-02-17,11:45:00,Ribeye Steak,Entree,10.0,35,350.0,Cash,Dine-In,105,Nina,11,Saturday,2,February,5,True,True,2024-02-17 11:00:00,Lunch,Weekend,High-value record
1560,2024-12-28,19:00:00,Chocolate Lava Cake,Dessert,7.0,9,63.0,Cash,Delivery,102,Jake,19,Saturday,12,December,5,True,True,2024-12-28 19:00:00,Dinner,Weekend,High-value record
1561,2024-08-20,21:30:00,New York Strip,Entree,4.0,38,152.0,Mobile Payment,Dine-In,103,Emily,21,Tuesday,8,August,1,False,True,2024-08-20 21:00:00,Dinner,Weekday,High-value record
1562,2024-04-09,19:15:00,Truffle Fries,Side,7.0,8,56.0,Credit Card,Delivery,101,Sarah,19,Tuesday,4,April,1,False,False,2024-04-09 19:00:00,Dinner,Weekday,Other record
1563,2024-05-20,12:15:00,Bourbon BBQ Burger,Entree,1.0,22,22.0,Mobile Payment,Delivery,101,Sarah,12,Monday,5,May,0,False,False,2024-05-20 12:00:00,Lunch,Weekday,Other record
1564,2024-02-26,18:00:00,Filet Mignon,Entree,3.0,42,126.0,Credit Card,Takeaway,102,Jake,18,Monday,2,February,0,False,True,2024-02-26 18:00:00,Dinner,Weekday,High-value record
1565,2024-02-17,12:45:00,Mashed Potatoes,Side,3.0,7,21.0,Credit Card,Dine-In,104,Carlos,12,Saturday,2,February,5,True,False,2024-02-17 12:00:00,Lunch,Weekend,Other record
1566,2024-01-12,17:00:00,Old Fashioned,Beverage,2.0,12,24.0,Cash,Delivery,104,Carlos,17,Friday,1,January,4,False,False,2024-01-12 17:00:00,Dinner,Weekday,Other record
1567,2024-07-11,16:45:00,New York Strip,Entree,2.0,38,76.0,Credit Card,Dine-In,102,Jake,16,Thursday,7,July,3,False,True,2024-07-11 16:00:00,Lunch,Weekday,High-value record
1568,2024-12-03,20:00:00,Filet Mignon,Entree,5.0,42,210.0,Credit Card,Takeaway,105,Nina,20,Tuesday,12,December,1,False,True,2024-12-03 20:00:00,Dinner,Weekday,High-value record
1569,2024-11-03,19:00:00,New York Strip,Entree,9.0,38,342.0,Mobile Payment,Takeaway,101,Sarah,19,Sunday,11,November,6,True,True,2024-11-03 19:00:00,Dinner,Weekend,High-value record
1570,2024-04-08,20:00:00,Cabernet Sauvignon,Beverage,2.0,16,32.0,Mobile Payment,Delivery,102,Jake,20,Monday,4,April,0,False,False,2024-04-08 20:00:00,Dinner,Weekday,Other record
1571,2024-04-20,16:00:00,Caesar Salad,Appetizer,2.0,10,20.0,Credit Card,Dine-In,102,Jake,16,Saturday,4,April,5,True,False,2024-04-20 16:00:00,Lunch,Weekend,Other record
1572,2024-02-12,22:15:00,Shrimp Cocktail,Appetizer,6.0,14,84.0,Credit Card,Dine-In,101,Sarah,22,Monday,2,February,0,False,True,2024-02-12 22:00:00,Dinner,Weekday,High-value record
1573,2024-06-27,22:30:00,Old Fashioned,Beverage,8.0,12,96.0,Credit Card,Delivery,104,Carlos,22,Thursday,6,June,3,False,True,2024-06-27 22:00:00,Dinner,Weekday,High-value record
1574,2024-04-08,15:15:00,Caesar Salad,Appetizer,3.0,10,30.0,Credit Card,Dine-In,105,Nina,15,Monday,4,April,0,False,False,2024-04-08 15:00:00,Lunch,Weekday,Other record
1575,2024-10-27,15:15:00,Caesar Salad,Appetizer,4.0,10,40.0,Credit Card,Takeaway,104,Carlos,15,Sunday,10,October,6,True,False,2024-10-27 15:00:00,Lunch,Weekend,Other record
1576,2024-11-01,22:30:00,Mashed Potatoes,Side,10.0,7,70.0,Cash,Delivery,104,Carlos,22,Friday,11,November,4,False,True,2024-11-01 22:00:00,Dinner,Weekday,High-value record
1577,2024-08-07,14:30:00,Mashed Potatoes,Side,1.0,7,7.0,Credit Card,Dine-In,101,Sarah,14,Wednesday,8,August,2,False,False,2024-08-07 14:00:00,Lunch,Weekday,Other record
1578,2024-09-18,15:45:00,Shrimp Cocktail,Appetizer,5.0,14,70.0,Mobile Payment,Delivery,103,Emily,15,Wednesday,9,September,2,False,True,2024-09-18 15:00:00,Lunch,Weekday,High-value record
1579,2024-07-22,11:00:00,New York Strip,Entree,3.0,38,114.0,Credit Card,Dine-In,103,Emily,11,Monday,7,July,0,False,True,2024-07-22 11:00:00,Lunch,Weekday,High-value record
1580,2024-05-05,12:15:00,Bourbon BBQ Burger,Entree,2.0,22,44.0,Credit Card,Dine-In,103,Emily,12,Sunday,5,May,6,True,False,2024-05-05 12:00:00,Lunch,Weekend,Other record
1581,2024-03-03,11:30:00,Truffle Fries,Side,1.0,8,8.0,Mobile Payment,Takeaway,102,Jake,11,Sunday,3,March,6,True,False,2024-03-03 11:00:00,Lunch,Weekend,Other record
1582,2024-08-26,20:30:00,Caesar Salad,Appetizer,12.0,10,120.0,Cash,Takeaway,103,Emily,20,Monday,8,August,0,False,True,2024-08-26 20:00:00,Dinner,Weekday,High-value record
1583,2024-11-04,14:15:00,Filet Mignon,Entree,6.0,42,252.0,Credit Card,Delivery,105,Nina,14,Monday,11,November,0,False,True,2024-11-04 14:00:00,Lunch,Weekday,High-value record
1584,2024-12-09,12:45:00,Bourbon BBQ Burger,Entree,4.0,22,88.0,Credit Card,Takeaway,102,Jake,12,Monday,12,December,0,False,True,2024-12-09 12:00:00,Lunch,Weekday,High-value record
1585,2024-04-10,11:45:00,Old Fashioned,Beverage,1.0,12,12.0,Credit Card,Takeaway,101,Sarah,11,Wednesday,4,April,2,False,False,2024-04-10 11:00:00,Lunch,Weekday,Other record
1586,2024-03-04,18:15:00,Chocolate Lava Cake,Dessert,5.0,9,45.0,Mobile Payment,Takeaway,102,Jake,18,Monday,3,March,0,False,False,2024-03-04 18:00:00,Dinner,Weekday,Other record
1587,2024-10-22,11:30:00,Ribeye Steak,Entree,4.0,35,140.0,Cash,Takeaway,103,Emily,11,Tuesday,10,October,1,False,True,2024-10-22 11:00:00,Lunch,Weekday,High-value record
1588,2024-03-08,17:00:00,Cabernet Sauvignon,Beverage,9.0,16,144.0,Cash,Takeaway,101,Sarah,17,Friday,3,March,4,False,True,2024-03-08 17:00:00,Dinner,Weekday,High-value record
1589,2024-02-05,18:00:00,Grilled Asparagus,Side,7.0,8,56.0,Credit Card,Takeaway,103,Emily,18,Monday,2,February,0,False,False,2024-02-05 18:00:00,Dinner,Weekday,Other record
1590,2024-07-23,12:30:00,Old Fashioned,Beverage,5.0,12,60.0,Cash,Takeaway,103,Emily,12,Tuesday,7,July,1,False,False,2024-07-23 12:00:00,Lunch,Weekday,Other record
1591,2024-12-22,18:45:00,Bourbon BBQ Burger,Entree,2.0,22,44.0,Credit Card,Delivery,101,Sarah,18,Sunday,12,December,6,True,False,2024-12-22 18:00:00,Dinner,Weekend,Other record
1592,2024-01-15,14:00:00,Ribeye Steak,Entree,2.0,35,70.0,Cash,Takeaway,104,Carlos,14,Monday,1,January,0,False,True,2024-01-15 14:00:00,Lunch,Weekday,High-value record
1593,2024-04-25,13:00:00,Caesar Salad,Appetizer,3.0,10,30.0,Mobile Payment,Dine-In,101,Sarah,13,Thursday,4,April,3,False,False,2024-04-25 13:00:00,Lunch,Weekday,Other record
1594,2024-05-12,11:00:00,Ribeye Steak,Entree,4.5,35,157.5,Cash,Takeaway,103,Emily,11,Sunday,5,May,6,True,True,2024-05-12 11:00:00,Lunch,Weekend,High-value record
1595,2024-12-18,20:45:00,Shrimp Cocktail,Appetizer,4.0,14,56.0,Cash,Delivery,104,Carlos,20,Wednesday,12,December,2,False,False,2024-12-18 20:00:00,Dinner,Weekday,Other record
1596,2024-03-02,13:30:00,New York Strip,Entree,9.0,38,342.0,Credit Card,Delivery,104,Carlos,13,Saturday,3,March,5,True,True,2024-03-02 13:00:00,Lunch,Weekend,High-value record
1597,2024-12-08,12:15:00,Chocolate Lava Cake,Dessert,4.0,9,36.0,Mobile Payment,Takeaway,103,Emily,12,Sunday,12,December,6,True,False,2024-12-08 12:00:00,Lunch,Weekend,Other record
1598,2024-06-13,22:45:00,Caesar Salad,Appetizer,2.0,10,20.0,Credit Card,Takeaway,101,Sarah,22,Thursday,6,June,3,False,False,2024-06-13 22:00:00,Dinner,Weekday,Other record
1599,2024-06-29,19:15:00,Bourbon BBQ Burger,Entree,5.0,22,110.0,Mobile Payment,Dine-In,101,Sarah,19,Saturday,6,June,5,True,True,2024-06-29 19:00:00,Dinner,Weekend,High-value record
1600,2024-09-10,11:15:00,Ribeye Steak,Entree,2.0,35,70.0,Credit Card,Takeaway,102,Jake,11,Tuesday,9,September,1,False,True,2024-09-10 11:00:00,Lunch,Weekday,High-value record
1601,2024-09-06,12:30:00,Caesar Salad,Appetizer,9.0,10,90.0,Mobile Payment,Delivery,103,Emily,12,Friday,9,September,4,False,True,2024-09-06 12:00:00,Lunch,Weekday,High-value record
1602,2024-06-08,22:45:00,Bourbon BBQ Burger,Entree,4.0,22,88.0,Mobile Payment,Dine-In,102,Jake,22,Saturday,6,June,5,True,True,2024-06-08 22:00:00,Dinner,Weekend,High-value record
1603,2024-04-22,16:45:00,Old Fashioned,Beverage,4.0,12,48.0,Mobile Payment,Dine-In,104,Carlos,16,Monday,4,April,0,False,False,2024-04-22 16:00:00,Lunch,Weekday,Other record
1604,2024-04-06,12:30:00,Grilled Asparagus,Side,4.0,8,32.0,Mobile Payment,Takeaway,105,Nina,12,Saturday,4,April,5,True,False,2024-04-06 12:00:00,Lunch,Weekend,Other record
1605,2024-11-27,12:15:00,Old Fashioned,Beverage,1.0,12,12.0,Mobile Payment,Dine-In,102,Jake,12,Wednesday,11,November,2,False,False,2024-11-27 12:00:00,Lunch,Weekday,Other record
1606,2024-01-09,18:15:00,Shrimp Cocktail,Appetizer,2.0,14,28.0,Credit Card,Delivery,105,Nina,18,Tuesday,1,January,1,False,False,2024-01-09 18:00:00,Dinner,Weekday,Other record
1607,2024-08-19,16:30:00,Filet Mignon,Entree,5.0,42,210.0,Cash,Takeaway,104,Carlos,16,Monday,8,August,0,False,True,2024-08-19 16:00:00,Lunch,Weekday,High-value record
1608,2024-04-18,13:45:00,Cabernet Sauvignon,Beverage,4.0,16,64.0,Mobile Payment,Takeaway,101,Sarah,13,Thursday,4,April,3,False,True,2024-04-18 13:00:00,Lunch,Weekday,High-value record
1609,2024-08-13,15:30:00,Filet Mignon,Entree,1.0,42,42.0,Mobile Payment,Takeaway,104,Carlos,15,Tuesday,8,August,1,False,False,2024-08-13 15:00:00,Lunch,Weekday,Other record
1610,2024-04-09,15:15:00,Grilled Asparagus,Side,2.0,8,16.0,Mobile Payment,Takeaway,105,Nina,15,Tuesday,4,April,1,False,False,2024-04-09 15:00:00,Lunch,Weekday,Other record
1611,2024-11-07,18:45:00,Filet Mignon,Entree,2.0,42,84.0,Mobile Payment,Dine-In,101,Sarah,18,Thursday,11,November,3,False,True,2024-11-07 18:00:00,Dinner,Weekday,High-value record
1612,2024-04-22,12:00:00,Ribeye Steak,Entree,6.0,35,210.0,Credit Card,Dine-In,101,Sarah,12,Monday,4,April,0,False,True,2024-04-22 12:00:00,Lunch,Weekday,High-value record
1613,2024-09-29,12:30:00,Caesar Salad,Appetizer,5.0,10,50.0,Mobile Payment,Delivery,104,Carlos,12,Sunday,9,September,6,True,False,2024-09-29 12:00:00,Lunch,Weekend,Other record
1614,2024-07-19,17:00:00,Caesar Salad,Appetizer,7.0,10,70.0,Credit Card,Dine-In,102,Jake,17,Friday,7,July,4,False,True,2024-07-19 17:00:00,Dinner,Weekday,High-value record
1615,2024-04-14,16:30:00,Truffle Fries,Side,6.0,8,48.0,Credit Card,Delivery,101,Sarah,16,Sunday,4,April,6,True,False,2024-04-14 16:00:00,Lunch,Weekend,Other record
1616,2024-02-18,13:45:00,Truffle Fries,Side,3.0,8,24.0,Mobile Payment,Dine-In,102,Jake,13,Sunday,2,February,6,True,False,2024-02-18 13:00:00,Lunch,Weekend,Other record
1617,2024-06-10,21:00:00,New York Strip,Entree,4.0,38,152.0,Credit Card,Takeaway,102,Jake,21,Monday,6,June,0,False,True,2024-06-10 21:00:00,Dinner,Weekday,High-value record
1618,2024-01-07,21:45:00,Grilled Asparagus,Side,7.0,8,56.0,Cash,Dine-In,103,Emily,21,Sunday,1,January,6,True,False,2024-01-07 21:00:00,Dinner,Weekend,Other record
1619,2024-02-09,13:00:00,Chocolate Lava Cake,Dessert,4.0,9,36.0,Credit Card,Delivery,101,Sarah,13,Friday,2,February,4,False,False,2024-02-09 13:00:00,Lunch,Weekday,Other record
1620,2024-09-07,14:45:00,Filet Mignon,Entree,2.0,42,84.0,Cash,Delivery,103,Emily,14,Saturday,9,September,5,True,True,2024-09-07 14:00:00,Lunch,Weekend,High-value record
1621,2024-04-26,19:15:00,New York Strip,Entree,2.0,38,76.0,Cash,Takeaway,103,Emily,19,Friday,4,April,4,False,True,2024-04-26 19:00:00,Dinner,Weekday,High-value record
1622,2024-08-19,18:30:00,Cabernet Sauvignon,Beverage,6.0,16,96.0,Mobile Payment,Takeaway,103,Emily,18,Monday,8,August,0,False,True,2024-08-19 18:00:00,Dinner,Weekday,High-value record
1623,2024-07-05,18:00:00,Mashed Potatoes,Side,5.0,7,35.0,Mobile Payment,Takeaway,105,Nina,18,Friday,7,July,4,False,False,2024-07-05 18:00:00,Dinner,Weekday,Other record
1624,2024-12-05,20:45:00,Filet Mignon,Entree,6.0,42,252.0,Mobile Payment,Delivery,101,Sarah,20,Thursday,12,December,3,False,True,2024-12-05 20:00:00,Dinner,Weekday,High-value record
1625,2024-03-16,17:15:00,Bourbon BBQ Burger,Entree,4.0,22,88.0,Credit Card,Takeaway,101,Sarah,17,Saturday,3,March,5,True,True,2024-03-16 17:00:00,Dinner,Weekend,High-value record
1626,2024-05-05,20:45:00,Mashed Potatoes,Side,4.0,7,28.0,Mobile Payment,Dine-In,102,Jake,20,Sunday,5,May,6,True,False,2024-05-05 20:00:00,Dinner,Weekend,Other record
1627,2024-07-12,21:00:00,Shrimp Cocktail,Appetizer,8.0,14,112.0,Credit Card,Delivery,102,Jake,21,Friday,7,July,4,False,True,2024-07-12 21:00:00,Dinner,Weekday,High-value record
1628,2024-05-15,21:30:00,Mashed Potatoes,Side,7.0,7,49.0,Mobile Payment,Takeaway,103,Emily,21,Wednesday,5,May,2,False,False,2024-05-15 21:00:00,Dinner,Weekday,Other record
1629,2024-06-07,14:00:00,Chocolate Lava Cake,Dessert,9.0,9,81.0,Mobile Payment,Takeaway,105,Nina,14,Friday,6,June,4,False,True,2024-06-07 14:00:00,Lunch,Weekday,High-value record
1630,2024-03-03,17:45:00,Chocolate Lava Cake,Dessert,6.0,9,54.0,Credit Card,Dine-In,101,Sarah,17,Sunday,3,March,6,True,False,2024-03-03 17:00:00,Dinner,Weekend,Other record
1631,2024-09-12,21:15:00,Old Fashioned,Beverage,4.0,12,48.0,Mobile Payment,Takeaway,105,Nina,21,Thursday,9,September,3,False,False,2024-09-12 21:00:00,Dinner,Weekday,Other record
1632,2024-10-12,21:15:00,Shrimp Cocktail,Appetizer,6.0,14,84.0,Credit Card,Dine-In,103,Emily,21,Saturday,10,October,5,True,True,2024-10-12 21:00:00,Dinner,Weekend,High-value record
1633,2024-01-08,18:00:00,Caesar Salad,Appetizer,6.0,10,60.0,Mobile Payment,Dine-In,101,Sarah,18,Monday,1,January,0,False,False,2024-01-08 18:00:00,Dinner,Weekday,Other record
1634,2024-09-07,15:00:00,Grilled Asparagus,Side,6.0,8,48.0,Mobile Payment,Dine-In,101,Sarah,15,Saturday,9,September,5,True,False,2024-09-07 15:00:00,Lunch,Weekend,Other record
1635,2024-05-08,13:30:00,Shrimp Cocktail,Appetizer,6.0,14,84.0,Mobile Payment,Delivery,102,Jake,13,Wednesday,5,May,2,False,True,2024-05-08 13:00:00,Lunch,Weekday,High-value record
1636,2024-02-14,22:30:00,New York Strip,Entree,3.6,38,136.8,Credit Card,Delivery,101,Sarah,22,Wednesday,2,February,2,False,True,2024-02-14 22:00:00,Dinner,Weekday,High-value record
1637,2024-05-28,14:00:00,Old Fashioned,Beverage,3.0,12,36.0,Cash,Delivery,104,Carlos,14,Tuesday,5,May,1,False,False,2024-05-28 14:00:00,Lunch,Weekday,Other record
1638,2024-08-04,17:00:00,Shrimp Cocktail,Appetizer,7.0,14,98.0,Mobile Payment,Takeaway,102,Jake,17,Sunday,8,August,6,True,True,2024-08-04 17:00:00,Dinner,Weekend,High-value record
1639,2024-10-15,17:30:00,Chocolate Lava Cake,Dessert,3.0,9,27.0,Mobile Payment,Dine-In,103,Emily,17,Tuesday,10,October,1,False,False,2024-10-15 17:00:00,Dinner,Weekday,Other record
1640,2024-03-10,17:15:00,Shrimp Cocktail,Appetizer,6.0,14,84.0,Cash,Takeaway,105,Nina,17,Sunday,3,March,6,True,True,2024-03-10 17:00:00,Dinner,Weekend,High-value record
1641,2024-11-17,18:15:00,Grilled Asparagus,Side,9.0,8,72.0,Cash,Dine-In,105,Nina,18,Sunday,11,November,6,True,True,2024-11-17 18:00:00,Dinner,Weekend,High-value record
1642,2024-08-14,22:30:00,Cabernet Sauvignon,Beverage,6.0,16,96.0,Credit Card,Takeaway,104,Carlos,22,Wednesday,8,August,2,False,True,2024-08-14 22:00:00,Dinner,Weekday,High-value record
1643,2024-08-26,17:45:00,Old Fashioned,Beverage,2.0,12,24.0,Mobile Payment,Dine-In,104,Carlos,17,Monday,8,August,0,False,False,2024-08-26 17:00:00,Dinner,Weekday,Other record
1644,2024-02-15,13:30:00,Caesar Salad,Appetizer,5.0,10,50.0,Mobile Payment,Takeaway,102,Jake,13,Thursday,2,February,3,False,False,2024-02-15 13:00:00,Lunch,Weekday,Other record
1645,2024-11-13,19:30:00,Ribeye Steak,Entree,7.0,35,245.0,Cash,Takeaway,101,Sarah,19,Wednesday,11,November,2,False,True,2024-11-13 19:00:00,Dinner,Weekday,High-value record
1646,2024-08-24,19:45:00,Ribeye Steak,Entree,2.0,35,70.0,Cash,Takeaway,101,Sarah,19,Saturday,8,August,5,True,True,2024-08-24 19:00:00,Dinner,Weekend,High-value record
1647,2024-06-19,20:00:00,Shrimp Cocktail,Appetizer,11.0,14,154.0,Credit Card,Delivery,103,Emily,20,Wednesday,6,June,2,False,True,2024-06-19 20:00:00,Dinner,Weekday,High-value record
1648,2024-02-01,12:00:00,Truffle Fries,Side,2.0,8,16.0,Mobile Payment,Dine-In,105,Nina,12,Thursday,2,February,3,False,False,2024-02-01 12:00:00,Lunch,Weekday,Other record
1649,2024-09-10,13:15:00,Bourbon BBQ Burger,Entree,2.0,22,44.0,Credit Card,Delivery,103,Emily,13,Tuesday,9,September,1,False,False,2024-09-10 13:00:00,Lunch,Weekday,Other record
1650,2024-01-04,18:15:00,Filet Mignon,Entree,2.0,42,84.0,Cash,Dine-In,105,Nina,18,Thursday,1,January,3,False,True,2024-01-04 18:00:00,Dinner,Weekday,High-value record
1651,2024-03-02,19:00:00,Caesar Salad,Appetizer,4.0,10,40.0,Cash,Takeaway,101,Sarah,19,Saturday,3,March,5,True,False,2024-03-02 19:00:00,Dinner,Weekend,Other record
1652,2024-09-15,18:45:00,Ribeye Steak,Entree,2.0,35,70.0,Credit Card,Takeaway,104,Carlos,18,Sunday,9,September,6,True,True,2024-09-15 18:00:00,Dinner,Weekend,High-value record
1653,2024-04-04,14:30:00,Chocolate Lava Cake,Dessert,3.0,9,27.0,Mobile Payment,Delivery,101,Sarah,14,Thursday,4,April,3,False,False,2024-04-04 14:00:00,Lunch,Weekday,Other record
1654,2024-08-09,13:00:00,New York Strip,Entree,3.0,38,114.0,Mobile Payment,Delivery,102,Jake,13,Friday,8,August,4,False,True,2024-08-09 13:00:00,Lunch,Weekday,High-value record
1655,2024-03-28,19:15:00,Old Fashioned,Beverage,9.0,12,108.0,Credit Card,Takeaway,101,Sarah,19,Thursday,3,March,3,False,True,2024-03-28 19:00:00,Dinner,Weekday,High-value record
1656,2024-10-28,18:30:00,Bourbon BBQ Burger,Entree,7.0,22,154.0,Credit Card,Takeaway,101,Sarah,18,Monday,10,October,0,False,True,2024-10-28 18:00:00,Dinner,Weekday,High-value record
1657,2024-08-25,17:45:00,New York Strip,Entree,2.0,38,76.0,Credit Card,Takeaway,101,Sarah,17,Sunday,8,August,6,True,True,2024-08-25 17:00:00,Dinner,Weekend,High-value record
1658,2024-10-15,17:00:00,Chocolate Lava Cake,Dessert,5.0,9,45.0,Cash,Delivery,105,Nina,17,Tuesday,10,October,1,False,False,2024-10-15 17:00:00,Dinner,Weekday,Other record
1659,2024-08-15,11:30:00,New York Strip,Entree,3.0,38,114.0,Mobile Payment,Takeaway,103,Emily,11,Thursday,8,August,3,False,True,2024-08-15 11:00:00,Lunch,Weekday,High-value record
1660,2024-01-05,13:30:00,Cabernet Sauvignon,Beverage,7.0,16,112.0,Cash,Takeaway,105,Nina,13,Friday,1,January,4,False,True,2024-01-05 13:00:00,Lunch,Weekday,High-value record
1661,2024-07-18,19:00:00,New York Strip,Entree,4.0,38,152.0,Credit Card,Delivery,105,Nina,19,Thursday,7,July,3,False,True,2024-07-18 19:00:00,Dinner,Weekday,High-value record
1662,2024-06-22,18:15:00,Shrimp Cocktail,Appetizer,6.0,14,84.0,Credit Card,Dine-In,104,Carlos,18,Saturday,6,June,5,True,True,2024-06-22 18:00:00,Dinner,Weekend,High-value record
1663,2024-07-11,18:15:00,Chocolate Lava Cake,Dessert,10.0,9,90.0,Mobile Payment,Delivery,103,Emily,18,Thursday,7,July,3,False,True,2024-07-11 18:00:00,Dinner,Weekday,High-value record
1664,2024-03-07,22:30:00,Chocolate Lava Cake,Dessert,9.0,9,81.0,Credit Card,Delivery,105,Nina,22,Thursday,3,March,3,False,True,2024-03-07 22:00:00,Dinner,Weekday,High-value record
1665,2024-07-25,12:00:00,Ribeye Steak,Entree,2.0,35,70.0,Cash,Dine-In,101,Sarah,12,Thursday,7,July,3,False,True,2024-07-25 12:00:00,Lunch,Weekday,High-value record
1666,2024-09-12,21:45:00,Mashed Potatoes,Side,5.0,7,35.0,Mobile Payment,Dine-In,101,Sarah,21,Thursday,9,September,3,False,False,2024-09-12 21:00:00,Dinner,Weekday,Other record
1667,2024-03-30,22:45:00,Grilled Asparagus,Side,2.0,8,16.0,Cash,Delivery,103,Emily,22,Saturday,3,March,5,True,False,2024-03-30 22:00:00,Dinner,Weekend,Other record
1668,2024-02-28,11:00:00,Old Fashioned,Beverage,3.0,12,36.0,Mobile Payment,Delivery,101,Sarah,11,Wednesday,2,February,2,False,False,2024-02-28 11:00:00,Lunch,Weekday,Other record
1669,2024-03-30,16:00:00,Truffle Fries,Side,8.0,8,64.0,Credit Card,Dine-In,105,Nina,16,Saturday,3,March,5,True,True,2024-03-30 16:00:00,Lunch,Weekend,High-value record
1670,2024-10-11,14:15:00,Shrimp Cocktail,Appetizer,6.0,14,84.0,Credit Card,Delivery,103,Emily,14,Friday,10,October,4,False,True,2024-10-11 14:00:00,Lunch,Weekday,High-value record
1671,2024-04-25,14:15:00,Grilled Asparagus,Side,6.0,8,48.0,Cash,Dine-In,105,Nina,14,Thursday,4,April,3,False,False,2024-04-25 14:00:00,Lunch,Weekday,Other record
1672,2024-01-13,21:00:00,Caesar Salad,Appetizer,2.0,10,20.0,Cash,Dine-In,103,Emily,21,Saturday,1,January,5,True,False,2024-01-13 21:00:00,Dinner,Weekend,Other record
1673,2024-07-27,20:00:00,Mashed Potatoes,Side,3.0,7,21.0,Mobile Payment,Delivery,105,Nina,20,Saturday,7,July,5,True,False,2024-07-27 20:00:00,Dinner,Weekend,Other record
1674,2024-09-11,14:15:00,Chocolate Lava Cake,Dessert,5.0,9,45.0,Mobile Payment,Takeaway,103,Emily,14,Wednesday,9,September,2,False,False,2024-09-11 14:00:00,Lunch,Weekday,Other record
1675,2024-11-12,19:15:00,Filet Mignon,Entree,9.0,42,378.0,Credit Card,Delivery,104,Carlos,19,Tuesday,11,November,1,False,True,2024-11-12 19:00:00,Dinner,Weekday,High-value record
1676,2024-02-06,20:00:00,New York Strip,Entree,9.0,38,342.0,Credit Card,Dine-In,101,Sarah,20,Tuesday,2,February,1,False,True,2024-02-06 20:00:00,Dinner,Weekday,High-value record
1677,2024-09-12,14:00:00,Chocolate Lava Cake,Dessert,5.0,9,45.0,Credit Card,Dine-In,102,Jake,14,Thursday,9,September,3,False,False,2024-09-12 14:00:00,Lunch,Weekday,Other record
1678,2024-05-28,15:45:00,Truffle Fries,Side,3.0,8,24.0,Cash,Dine-In,103,Emily,15,Tuesday,5,May,1,False,False,2024-05-28 15:00:00,Lunch,Weekday,Other record
1679,2024-02-08,19:15:00,Cabernet Sauvignon,Beverage,12.0,16,192.0,Mobile Payment,Takeaway,104,Carlos,19,Thursday,2,February,3,False,True,2024-02-08 19:00:00,Dinner,Weekday,High-value record
1680,2024-11-12,11:00:00,Chocolate Lava Cake,Dessert,4.0,9,36.0,Credit Card,Delivery,101,Sarah,11,Tuesday,11,November,1,False,False,2024-11-12 11:00:00,Lunch,Weekday,Other record
1681,2024-01-17,16:45:00,Shrimp Cocktail,Appetizer,2.0,14,28.0,Credit Card,Dine-In,102,Jake,16,Wednesday,1,January,2,False,False,2024-01-17 16:00:00,Lunch,Weekday,Other record
1682,2024-04-14,19:30:00,Bourbon BBQ Burger,Entree,2.0,22,44.0,Cash,Takeaway,101,Sarah,19,Sunday,4,April,6,True,False,2024-04-14 19:00:00,Dinner,Weekend,Other record
1683,2024-10-15,20:00:00,Mashed Potatoes,Side,2.0,7,14.0,Credit Card,Delivery,105,Nina,20,Tuesday,10,October,1,False,False,2024-10-15 20:00:00,Dinner,Weekday,Other record
1684,2024-02-11,19:45:00,New York Strip,Entree,7.0,38,266.0,Mobile Payment,Dine-In,101,Sarah,19,Sunday,2,February,6,True,True,2024-02-11 19:00:00,Dinner,Weekend,High-value record
1685,2024-01-19,18:15:00,Bourbon BBQ Burger,Entree,6.0,22,132.0,Credit Card,Takeaway,103,Emily,18,Friday,1,January,4,False,True,2024-01-19 18:00:00,Dinner,Weekday,High-value record
1686,2024-04-26,11:00:00,Ribeye Steak,Entree,2.0,35,70.0,Mobile Payment,Delivery,104,Carlos,11,Friday,4,April,4,False,True,2024-04-26 11:00:00,Lunch,Weekday,High-value record
1687,2024-12-15,21:00:00,Cabernet Sauvignon,Beverage,7.0,16,112.0,Cash,Takeaway,104,Carlos,21,Sunday,12,December,6,True,True,2024-12-15 21:00:00,Dinner,Weekend,High-value record
1688,2024-12-22,13:45:00,Truffle Fries,Side,5.0,8,40.0,Mobile Payment,Dine-In,101,Sarah,13,Sunday,12,December,6,True,False,2024-12-22 13:00:00,Lunch,Weekend,Other record
1689,2024-08-12,12:30:00,Mashed Potatoes,Side,2.0,7,14.0,Credit Card,Takeaway,101,Sarah,12,Monday,8,August,0,False,False,2024-08-12 12:00:00,Lunch,Weekday,Other record
1690,2024-05-01,14:00:00,Chocolate Lava Cake,Dessert,1.0,9,9.0,Cash,Takeaway,105,Nina,14,Wednesday,5,May,2,False,False,2024-05-01 14:00:00,Lunch,Weekday,Other record
1691,2024-10-17,11:00:00,Truffle Fries,Side,2.0,8,16.0,Cash,Dine-In,101,Sarah,11,Thursday,10,October,3,False,False,2024-10-17 11:00:00,Lunch,Weekday,Other record
1692,2024-03-05,18:15:00,Shrimp Cocktail,Appetizer,2.0,14,28.0,Credit Card,Takeaway,105,Nina,18,Tuesday,3,March,1,False,False,2024-03-05 18:00:00,Dinner,Weekday,Other record
1693,2024-12-01,14:30:00,New York Strip,Entree,4.0,38,152.0,Credit Card,Takeaway,101,Sarah,14,Sunday,12,December,6,True,True,2024-12-01 14:00:00,Lunch,Weekend,High-value record
1694,2024-12-02,12:00:00,Shrimp Cocktail,Appetizer,5.0,14,70.0,Cash,Takeaway,103,Emily,12,Monday,12,December,0,False,True,2024-12-02 12:00:00,Lunch,Weekday,High-value record
1695,2024-04-22,18:30:00,Mashed Potatoes,Side,12.0,7,84.0,Credit Card,Delivery,102,Jake,18,Monday,4,April,0,False,True,2024-04-22 18:00:00,Dinner,Weekday,High-value record
1696,2024-09-26,15:30:00,Truffle Fries,Side,5.0,8,40.0,Mobile Payment,Dine-In,101,Sarah,15,Thursday,9,September,3,False,False,2024-09-26 15:00:00,Lunch,Weekday,Other record
1697,2024-06-26,17:45:00,Shrimp Cocktail,Appetizer,2.0,14,28.0,Cash,Dine-In,105,Nina,17,Wednesday,6,June,2,False,False,2024-06-26 17:00:00,Dinner,Weekday,Other record
1698,2024-04-28,15:15:00,Filet Mignon,Entree,3.0,42,126.0,Mobile Payment,Dine-In,101,Sarah,15,Sunday,4,April,6,True,True,2024-04-28 15:00:00,Lunch,Weekend,High-value record
1699,2024-04-30,22:45:00,Bourbon BBQ Burger,Entree,9.0,22,198.0,Cash,Dine-In,104,Carlos,22,Tuesday,4,April,1,False,True,2024-04-30 22:00:00,Dinner,Weekday,High-value record
1700,2024-01-18,15:30:00,Chocolate Lava Cake,Dessert,4.0,9,36.0,Credit Card,Dine-In,101,Sarah,15,Thursday,1,January,3,False,False,2024-01-18 15:00:00,Lunch,Weekday,Other record
1701,2024-05-22,20:45:00,Old Fashioned,Beverage,2.0,12,24.0,Credit Card,Takeaway,104,Carlos,20,Wednesday,5,May,2,False,False,2024-05-22 20:00:00,Dinner,Weekday,Other record
1702,2024-01-23,14:15:00,Grilled Asparagus,Side,2.0,8,16.0,Mobile Payment,Takeaway,105,Nina,14,Tuesday,1,January,1,False,False,2024-01-23 14:00:00,Lunch,Weekday,Other record
1703,2024-01-27,21:30:00,Ribeye Steak,Entree,11.0,35,385.0,Credit Card,Dine-In,105,Nina,21,Saturday,1,January,5,True,True,2024-01-27 21:00:00,Dinner,Weekend,High-value record
1704,2024-06-21,15:15:00,Ribeye Steak,Entree,5.0,35,175.0,Mobile Payment,Delivery,104,Carlos,15,Friday,6,June,4,False,True,2024-06-21 15:00:00,Lunch,Weekday,High-value record
1705,2024-08-06,22:00:00,Filet Mignon,Entree,11.0,42,462.0,Credit Card,Delivery,103,Emily,22,Tuesday,8,August,1,False,True,2024-08-06 22:00:00,Dinner,Weekday,High-value record
1706,2024-09-30,18:45:00,Chocolate Lava Cake,Dessert,12.0,9,108.0,Mobile Payment,Takeaway,102,Jake,18,Monday,9,September,0,False,True,2024-09-30 18:00:00,Dinner,Weekday,High-value record
1707,2024-07-14,18:15:00,New York Strip,Entree,2.0,38,76.0,Credit Card,Delivery,103,Emily,18,Sunday,7,July,6,True,True,2024-07-14 18:00:00,Dinner,Weekend,High-value record
1708,2024-02-13,14:30:00,Mashed Potatoes,Side,6.0,7,42.0,Credit Card,Dine-In,105,Nina,14,Tuesday,2,February,1,False,False,2024-02-13 14:00:00,Lunch,Weekday,Other record
1709,2024-05-20,16:30:00,Bourbon BBQ Burger,Entree,3.0,22,66.0,Mobile Payment,Delivery,101,Sarah,16,Monday,5,May,0,False,True,2024-05-20 16:00:00,Lunch,Weekday,High-value record
1710,2024-03-04,15:30:00,Shrimp Cocktail,Appetizer,2.0,14,28.0,Credit Card,Takeaway,101,Sarah,15,Monday,3,March,0,False,False,2024-03-04 15:00:00,Lunch,Weekday,Other record
1711,2024-08-13,11:45:00,Ribeye Steak,Entree,2.0,35,70.0,Credit Card,Delivery,105,Nina,11,Tuesday,8,August,1,False,True,2024-08-13 11:00:00,Lunch,Weekday,High-value record
1712,2024-04-21,17:00:00,Chocolate Lava Cake,Dessert,2.0,9,18.0,Credit Card,Delivery,105,Nina,17,Sunday,4,April,6,True,False,2024-04-21 17:00:00,Dinner,Weekend,Other record
1713,2024-06-09,12:45:00,New York Strip,Entree,3.0,38,114.0,Credit Card,Takeaway,104,Carlos,12,Sunday,6,June,6,True,True,2024-06-09 12:00:00,Lunch,Weekend,High-value record
1714,2024-03-06,14:15:00,New York Strip,Entree,5.0,38,190.0,Mobile Payment,Dine-In,102,Jake,14,Wednesday,3,March,2,False,True,2024-03-06 14:00:00,Lunch,Weekday,High-value record
1715,2024-02-28,21:00:00,New York Strip,Entree,9.0,38,342.0,Credit Card,Delivery,103,Emily,21,Wednesday,2,February,2,False,True,2024-02-28 21:00:00,Dinner,Weekday,High-value record
1716,2024-01-22,19:15:00,Ribeye Steak,Entree,6.0,35,210.0,Credit Card,Dine-In,103,Emily,19,Monday,1,January,0,False,True,2024-01-22 19:00:00,Dinner,Weekday,High-value record
1717,2024-10-03,22:00:00,Chocolate Lava Cake,Dessert,5.0,9,45.0,Credit Card,Dine-In,101,Sarah,22,Thursday,10,October,3,False,False,2024-10-03 22:00:00,Dinner,Weekday,Other record
1718,2024-09-16,18:00:00,Cabernet Sauvignon,Beverage,2.0,16,32.0,Cash,Dine-In,103,Emily,18,Monday,9,September,0,False,False,2024-09-16 18:00:00,Dinner,Weekday,Other record
1719,2024-10-19,16:45:00,Filet Mignon,Entree,7.0,42,294.0,Credit Card,Dine-In,101,Sarah,16,Saturday,10,October,5,True,True,2024-10-19 16:00:00,Lunch,Weekend,High-value record
1720,2024-06-16,20:30:00,Mashed Potatoes,Side,9.0,7,63.0,Mobile Payment,Takeaway,104,Carlos,20,Sunday,6,June,6,True,True,2024-06-16 20:00:00,Dinner,Weekend,High-value record
1721,2024-05-30,20:00:00,New York Strip,Entree,6.0,38,228.0,Cash,Takeaway,102,Jake,20,Thursday,5,May,3,False,True,2024-05-30 20:00:00,Dinner,Weekday,High-value record
1722,2024-10-29,11:00:00,Chocolate Lava Cake,Dessert,2.0,9,18.0,Credit Card,Delivery,105,Nina,11,Tuesday,10,October,1,False,False,2024-10-29 11:00:00,Lunch,Weekday,Other record
1723,2024-10-24,22:30:00,Caesar Salad,Appetizer,9.0,10,90.0,Mobile Payment,Dine-In,102,Jake,22,Thursday,10,October,3,False,True,2024-10-24 22:00:00,Dinner,Weekday,High-value record
1724,2024-07-14,21:00:00,Filet Mignon,Entree,5.0,42,210.0,Mobile Payment,Delivery,105,Nina,21,Sunday,7,July,6,True,True,2024-07-14 21:00:00,Dinner,Weekend,High-value record
1725,2024-11-18,19:45:00,Cabernet Sauvignon,Beverage,2.0,16,32.0,Mobile Payment,Dine-In,105,Nina,19,Monday,11,November,0,False,False,2024-11-18 19:00:00,Dinner,Weekday,Other record
1726,2024-08-29,21:45:00,Mashed Potatoes,Side,7.0,7,49.0,Cash,Delivery,103,Emily,21,Thursday,8,August,3,False,False,2024-08-29 21:00:00,Dinner,Weekday,Other record
1727,2024-05-04,16:15:00,Mashed Potatoes,Side,4.0,7,28.0,Credit Card,Takeaway,101,Sarah,16,Saturday,5,May,5,True,False,2024-05-04 16:00:00,Lunch,Weekend,Other record
1728,2024-12-20,14:45:00,Truffle Fries,Side,5.0,8,40.0,Credit Card,Dine-In,103,Emily,14,Friday,12,December,4,False,False,2024-12-20 14:00:00,Lunch,Weekday,Other record
1729,2024-10-13,19:00:00,Mashed Potatoes,Side,7.0,7,49.0,Mobile Payment,Dine-In,104,Carlos,19,Sunday,10,October,6,True,False,2024-10-13 19:00:00,Dinner,Weekend,Other record
1730,2024-08-02,14:15:00,Cabernet Sauvignon,Beverage,3.0,16,48.0,Credit Card,Delivery,105,Nina,14,Friday,8,August,4,False,False,2024-08-02 14:00:00,Lunch,Weekday,Other record
1731,2024-12-06,13:30:00,Shrimp Cocktail,Appetizer,4.0,14,56.0,Credit Card,Dine-In,101,Sarah,13,Friday,12,December,4,False,False,2024-12-06 13:00:00,Lunch,Weekday,Other record
1732,2024-07-28,17:15:00,Chocolate Lava Cake,Dessert,9.0,9,81.0,Mobile Payment,Dine-In,102,Jake,17,Sunday,7,July,6,True,True,2024-07-28 17:00:00,Dinner,Weekend,High-value record
1733,2024-08-20,11:15:00,Filet Mignon,Entree,4.0,42,168.0,Credit Card,Delivery,104,Carlos,11,Tuesday,8,August,1,False,True,2024-08-20 11:00:00,Lunch,Weekday,High-value record
1734,2024-02-21,13:00:00,Grilled Asparagus,Side,1.0,8,8.0,Mobile Payment,Dine-In,101,Sarah,13,Wednesday,2,February,2,False,False,2024-02-21 13:00:00,Lunch,Weekday,Other record
1735,2024-03-08,19:45:00,Grilled Asparagus,Side,6.0,8,48.0,Cash,Takeaway,105,Nina,19,Friday,3,March,4,False,False,2024-03-08 19:00:00,Dinner,Weekday,Other record
1736,2024-05-03,22:30:00,Filet Mignon,Entree,6.0,42,252.0,Credit Card,Delivery,105,Nina,22,Friday,5,May,4,False,True,2024-05-03 22:00:00,Dinner,Weekday,High-value record
1737,2024-11-11,12:00:00,Filet Mignon,Entree,3.0,42,126.0,Credit Card,Takeaway,104,Carlos,12,Monday,11,November,0,False,True,2024-11-11 12:00:00,Lunch,Weekday,High-value record
1738,2024-08-11,15:45:00,Truffle Fries,Side,2.0,8,16.0,Mobile Payment,Dine-In,105,Nina,15,Sunday,8,August,6,True,False,2024-08-11 15:00:00,Lunch,Weekend,Other record
1739,2024-09-17,12:15:00,Ribeye Steak,Entree,5.0,35,175.0,Mobile Payment,Takeaway,104,Carlos,12,Tuesday,9,September,1,False,True,2024-09-17 12:00:00,Lunch,Weekday,High-value record
1740,2024-07-13,16:45:00,New York Strip,Entree,10.0,38,380.0,Mobile Payment,Delivery,103,Emily,16,Saturday,7,July,5,True,True,2024-07-13 16:00:00,Lunch,Weekend,High-value record
1741,2024-02-19,14:30:00,Old Fashioned,Beverage,3.0,12,36.0,Cash,Delivery,105,Nina,14,Monday,2,February,0,False,False,2024-02-19 14:00:00,Lunch,Weekday,Other record
1742,2024-09-25,20:45:00,Shrimp Cocktail,Appetizer,6.0,14,84.0,Credit Card,Takeaway,102,Jake,20,Wednesday,9,September,2,False,True,2024-09-25 20:00:00,Dinner,Weekday,High-value record
1743,2024-03-14,11:15:00,Grilled Asparagus,Side,6.0,8,48.0,Credit Card,Delivery,105,Nina,11,Thursday,3,March,3,False,False,2024-03-14 11:00:00,Lunch,Weekday,Other record
1744,2024-06-09,12:30:00,Shrimp Cocktail,Appetizer,2.0,14,28.0,Cash,Takeaway,103,Emily,12,Sunday,6,June,6,True,False,2024-06-09 12:00:00,Lunch,Weekend,Other record
1745,2024-09-06,18:15:00,New York Strip,Entree,7.0,38,266.0,Credit Card,Delivery,101,Sarah,18,Friday,9,September,4,False,True,2024-09-06 18:00:00,Dinner,Weekday,High-value record
1746,2024-04-28,21:30:00,New York Strip,Entree,2.0,38,76.0,Cash,Delivery,105,Nina,21,Sunday,4,April,6,True,True,2024-04-28 21:00:00,Dinner,Weekend,High-value record
1747,2024-03-27,11:00:00,Cabernet Sauvignon,Beverage,6.0,16,96.0,Cash,Dine-In,104,Carlos,11,Wednesday,3,March,2,False,True,2024-03-27 11:00:00,Lunch,Weekday,High-value record
1748,2024-01-14,16:15:00,Shrimp Cocktail,Appetizer,5.0,14,70.0,Credit Card,Delivery,104,Carlos,16,Sunday,1,January,6,True,True,2024-01-14 16:00:00,Lunch,Weekend,High-value record
1749,2024-09-23,13:45:00,Shrimp Cocktail,Appetizer,1.0,14,14.0,Mobile Payment,Delivery,101,Sarah,13,Monday,9,September,0,False,False,2024-09-23 13:00:00,Lunch,Weekday,Other record
1750,2024-08-15,17:45:00,Shrimp Cocktail,Appetizer,2.0,14,28.0,Cash,Takeaway,101,Sarah,17,Thursday,8,August,3,False,False,2024-08-15 17:00:00,Dinner,Weekday,Other record
1751,2024-06-30,12:15:00,Truffle Fries,Side,1.0,8,8.0,Credit Card,Dine-In,105,Nina,12,Sunday,6,June,6,True,False,2024-06-30 12:00:00,Lunch,Weekend,Other record
1752,2024-06-20,15:45:00,Bourbon BBQ Burger,Entree,5.0,22,110.0,Mobile Payment,Dine-In,103,Emily,15,Thursday,6,June,3,False,True,2024-06-20 15:00:00,Lunch,Weekday,High-value record
1753,2024-01-20,17:00:00,Truffle Fries,Side,11.0,8,88.0,Credit Card,Dine-In,105,Nina,17,Saturday,1,January,5,True,True,2024-01-20 17:00:00,Dinner,Weekend,High-value record
1754,2024-12-04,21:00:00,Bourbon BBQ Burger,Entree,2.0,22,44.0,Cash,Dine-In,105,Nina,21,Wednesday,12,December,2,False,False,2024-12-04 21:00:00,Dinner,Weekday,Other record
1755,2024-07-11,14:15:00,Shrimp Cocktail,Appetizer,4.0,14,56.0,Cash,Takeaway,102,Jake,14,Thursday,7,July,3,False,False,2024-07-11 14:00:00,Lunch,Weekday,Other record
1756,2024-09-11,15:15:00,Caesar Salad,Appetizer,1.0,10,10.0,Mobile Payment,Delivery,102,Jake,15,Wednesday,9,September,2,False,False,2024-09-11 15:00:00,Lunch,Weekday,Other record
1757,2024-01-02,17:00:00,Old Fashioned,Beverage,10.0,12,120.0,Mobile Payment,Dine-In,102,Jake,17,Tuesday,1,January,1,False,True,2024-01-02 17:00:00,Dinner,Weekday,High-value record
1758,2024-01-20,17:30:00,Chocolate Lava Cake,Dessert,9.0,9,81.0,Mobile Payment,Delivery,102,Jake,17,Saturday,1,January,5,True,True,2024-01-20 17:00:00,Dinner,Weekend,High-value record
1759,2024-11-22,16:45:00,Cabernet Sauvignon,Beverage,3.0,16,48.0,Credit Card,Dine-In,103,Emily,16,Friday,11,November,4,False,False,2024-11-22 16:00:00,Lunch,Weekday,Other record
1760,2024-12-08,18:45:00,Bourbon BBQ Burger,Entree,10.0,22,220.0,Mobile Payment,Takeaway,105,Nina,18,Sunday,12,December,6,True,True,2024-12-08 18:00:00,Dinner,Weekend,High-value record
1761,2024-09-03,15:00:00,Caesar Salad,Appetizer,1.0,10,10.0,Credit Card,Takeaway,104,Carlos,15,Tuesday,9,September,1,False,False,2024-09-03 15:00:00,Lunch,Weekday,Other record
1762,2024-06-15,14:45:00,Filet Mignon,Entree,4.0,42,168.0,Credit Card,Takeaway,101,Sarah,14,Saturday,6,June,5,True,True,2024-06-15 14:00:00,Lunch,Weekend,High-value record
1763,2024-06-26,22:45:00,Truffle Fries,Side,4.0,8,32.0,Credit Card,Takeaway,105,Nina,22,Wednesday,6,June,2,False,False,2024-06-26 22:00:00,Dinner,Weekday,Other record
1764,2024-07-29,21:15:00,Ribeye Steak,Entree,5.0,35,175.0,Credit Card,Delivery,102,Jake,21,Monday,7,July,0,False,True,2024-07-29 21:00:00,Dinner,Weekday,High-value record
1765,2024-07-28,11:30:00,Shrimp Cocktail,Appetizer,3.0,14,42.0,Credit Card,Takeaway,104,Carlos,11,Sunday,7,July,6,True,False,2024-07-28 11:00:00,Lunch,Weekend,Other record
1766,2024-08-05,17:30:00,Ribeye Steak,Entree,6.0,35,210.0,Credit Card,Delivery,102,Jake,17,Monday,8,August,0,False,True,2024-08-05 17:00:00,Dinner,Weekday,High-value record
1767,2024-06-22,21:00:00,Shrimp Cocktail,Appetizer,10.0,14,140.0,Credit Card,Dine-In,105,Nina,21,Saturday,6,June,5,True,True,2024-06-22 21:00:00,Dinner,Weekend,High-value record
1768,2024-03-26,19:15:00,Bourbon BBQ Burger,Entree,2.0,22,44.0,Mobile Payment,Delivery,103,Emily,19,Tuesday,3,March,1,False,False,2024-03-26 19:00:00,Dinner,Weekday,Other record
1769,2024-03-07,20:00:00,Truffle Fries,Side,2.0,8,16.0,Credit Card,Dine-In,103,Emily,20,Thursday,3,March,3,False,False,2024-03-07 20:00:00,Dinner,Weekday,Other record
1770,2024-06-29,19:00:00,Bourbon BBQ Burger,Entree,2.0,22,44.0,Mobile Payment,Dine-In,103,Emily,19,Saturday,6,June,5,True,False,2024-06-29 19:00:00,Dinner,Weekend,Other record
1771,2024-10-01,14:15:00,Cabernet Sauvignon,Beverage,4.0,16,64.0,Mobile Payment,Dine-In,103,Emily,14,Tuesday,10,October,1,False,True,2024-10-01 14:00:00,Lunch,Weekday,High-value record
1772,2024-03-23,16:30:00,Grilled Asparagus,Side,4.0,8,32.0,Mobile Payment,Delivery,102,Jake,16,Saturday,3,March,5,True,False,2024-03-23 16:00:00,Lunch,Weekend,Other record
1773,2024-01-07,11:00:00,Cabernet Sauvignon,Beverage,1.0,16,16.0,Mobile Payment,Takeaway,104,Carlos,11,Sunday,1,January,6,True,False,2024-01-07 11:00:00,Lunch,Weekend,Other record
1774,2024-01-22,13:30:00,Shrimp Cocktail,Appetizer,1.0,14,14.0,Cash,Delivery,102,Jake,13,Monday,1,January,0,False,False,2024-01-22 13:00:00,Lunch,Weekday,Other record
1775,2024-01-18,15:00:00,Grilled Asparagus,Side,4.0,8,32.0,Cash,Delivery,103,Emily,15,Thursday,1,January,3,False,False,2024-01-18 15:00:00,Lunch,Weekday,Other record
1776,2024-02-13,12:00:00,Cabernet Sauvignon,Beverage,3.0,16,48.0,Cash,Dine-In,105,Nina,12,Tuesday,2,February,1,False,False,2024-02-13 12:00:00,Lunch,Weekday,Other record
1777,2024-11-05,13:00:00,Truffle Fries,Side,5.0,8,40.0,Credit Card,Dine-In,105,Nina,13,Tuesday,11,November,1,False,False,2024-11-05 13:00:00,Lunch,Weekday,Other record
1778,2024-06-08,16:45:00,Cabernet Sauvignon,Beverage,2.0,16,32.0,Credit Card,Takeaway,104,Carlos,16,Saturday,6,June,5,True,False,2024-06-08 16:00:00,Lunch,Weekend,Other record
1779,2024-04-13,12:30:00,Bourbon BBQ Burger,Entree,7.0,22,154.0,Credit Card,Takeaway,103,Emily,12,Saturday,4,April,5,True,True,2024-04-13 12:00:00,Lunch,Weekend,High-value record
1780,2024-08-07,12:15:00,Grilled Asparagus,Side,4.0,8,32.0,Credit Card,Takeaway,103,Emily,12,Wednesday,8,August,2,False,False,2024-08-07 12:00:00,Lunch,Weekday,Other record
1781,2024-12-25,19:15:00,Grilled Asparagus,Side,2.0,8,16.0,Credit Card,Delivery,104,Carlos,19,Wednesday,12,December,2,False,False,2024-12-25 19:00:00,Dinner,Weekday,Other record
1782,2024-07-09,19:00:00,Old Fashioned,Beverage,4.0,12,48.0,Mobile Payment,Dine-In,104,Carlos,19,Tuesday,7,July,1,False,False,2024-07-09 19:00:00,Dinner,Weekday,Other record
1783,2024-04-28,18:30:00,Old Fashioned,Beverage,8.0,12,96.0,Cash,Delivery,103,Emily,18,Sunday,4,April,6,True,True,2024-04-28 18:00:00,Dinner,Weekend,High-value record
1784,2024-06-19,13:00:00,Filet Mignon,Entree,5.0,42,210.0,Cash,Dine-In,104,Carlos,13,Wednesday,6,June,2,False,True,2024-06-19 13:00:00,Lunch,Weekday,High-value record
1785,2024-10-30,14:00:00,New York Strip,Entree,5.0,38,190.0,Mobile Payment,Takeaway,105,Nina,14,Wednesday,10,October,2,False,True,2024-10-30 14:00:00,Lunch,Weekday,High-value record
1786,2024-10-17,14:00:00,Old Fashioned,Beverage,3.0,12,36.0,Credit Card,Takeaway,103,Emily,14,Thursday,10,October,3,False,False,2024-10-17 14:00:00,Lunch,Weekday,Other record
1787,2024-03-18,11:30:00,Truffle Fries,Side,6.0,8,48.0,Mobile Payment,Takeaway,101,Sarah,11,Monday,3,March,0,False,False,2024-03-18 11:00:00,Lunch,Weekday,Other record
1788,2024-05-17,22:15:00,Cabernet Sauvignon,Beverage,7.0,16,112.0,Mobile Payment,Takeaway,103,Emily,22,Friday,5,May,4,False,True,2024-05-17 22:00:00,Dinner,Weekday,High-value record
1789,2024-11-29,14:30:00,Old Fashioned,Beverage,5.0,12,60.0,Mobile Payment,Delivery,101,Sarah,14,Friday,11,November,4,False,False,2024-11-29 14:00:00,Lunch,Weekday,Other record
1790,2024-02-23,17:00:00,Grilled Asparagus,Side,4.0,8,32.0,Cash,Dine-In,105,Nina,17,Friday,2,February,4,False,False,2024-02-23 17:00:00,Dinner,Weekday,Other record
1791,2024-03-03,13:15:00,Old Fashioned,Beverage,1.0,12,12.0,Cash,Takeaway,104,Carlos,13,Sunday,3,March,6,True,False,2024-03-03 13:00:00,Lunch,Weekend,Other record
1792,2024-03-28,21:45:00,New York Strip,Entree,10.0,38,380.0,Credit Card,Takeaway,101,Sarah,21,Thursday,3,March,3,False,True,2024-03-28 21:00:00,Dinner,Weekday,High-value record
1793,2024-05-31,12:45:00,Shrimp Cocktail,Appetizer,4.0,14,56.0,Mobile Payment,Takeaway,105,Nina,12,Friday,5,May,4,False,False,2024-05-31 12:00:00,Lunch,Weekday,Other record
1794,2024-07-09,20:15:00,New York Strip,Entree,5.0,38,190.0,Mobile Payment,Delivery,102,Jake,20,Tuesday,7,July,1,False,True,2024-07-09 20:00:00,Dinner,Weekday,High-value record
1795,2024-11-10,22:30:00,Cabernet Sauvignon,Beverage,10.0,16,160.0,Credit Card,Takeaway,104,Carlos,22,Sunday,11,November,6,True,True,2024-11-10 22:00:00,Dinner,Weekend,High-value record
1796,2024-04-17,16:15:00,New York Strip,Entree,6.0,38,228.0,Mobile Payment,Takeaway,101,Sarah,16,Wednesday,4,April,2,False,True,2024-04-17 16:00:00,Lunch,Weekday,High-value record
1797,2024-06-11,17:15:00,New York Strip,Entree,8.0,38,304.0,Cash,Dine-In,103,Emily,17,Tuesday,6,June,1,False,True,2024-06-11 17:00:00,Dinner,Weekday,High-value record
1798,2024-12-25,14:15:00,Truffle Fries,Side,1.0,8,8.0,Mobile Payment,Takeaway,103,Emily,14,Wednesday,12,December,2,False,False,2024-12-25 14:00:00,Lunch,Weekday,Other record
1799,2024-02-18,11:45:00,Chocolate Lava Cake,Dessert,2.0,9,18.0,Cash,Takeaway,105,Nina,11,Sunday,2,February,6,True,False,2024-02-18 11:00:00,Lunch,Weekend,Other record
1800,2024-04-25,16:00:00,Caesar Salad,Appetizer,2.0,10,20.0,Credit Card,Takeaway,105,Nina,16,Thursday,4,April,3,False,False,2024-04-25 16:00:00,Lunch,Weekday,Other record
1801,2024-06-05,16:45:00,Shrimp Cocktail,Appetizer,6.0,14,84.0,Mobile Payment,Delivery,102,Jake,16,Wednesday,6,June,2,False,True,2024-06-05 16:00:00,Lunch,Weekday,High-value record
1802,2024-02-09,20:15:00,Filet Mignon,Entree,5.0,42,210.0,Credit Card,Dine-In,103,Emily,20,Friday,2,February,4,False,True,2024-02-09 20:00:00,Dinner,Weekday,High-value record
1803,2024-10-15,12:15:00,Cabernet Sauvignon,Beverage,6.0,16,96.0,Mobile Payment,Takeaway,103,Emily,12,Tuesday,10,October,1,False,True,2024-10-15 12:00:00,Lunch,Weekday,High-value record
1804,2024-10-21,20:30:00,Truffle Fries,Side,11.0,8,88.0,Mobile Payment,Takeaway,102,Jake,20,Monday,10,October,0,False,True,2024-10-21 20:00:00,Dinner,Weekday,High-value record
1805,2024-03-27,11:15:00,Caesar Salad,Appetizer,1.0,10,10.0,Mobile Payment,Dine-In,102,Jake,11,Wednesday,3,March,2,False,False,2024-03-27 11:00:00,Lunch,Weekday,Other record
1806,2024-03-25,18:00:00,Mashed Potatoes,Side,2.0,7,14.0,Cash,Dine-In,105,Nina,18,Monday,3,March,0,False,False,2024-03-25 18:00:00,Dinner,Weekday,Other record
1807,2024-08-13,17:45:00,Mashed Potatoes,Side,5.0,7,35.0,Mobile Payment,Dine-In,102,Jake,17,Tuesday,8,August,1,False,False,2024-08-13 17:00:00,Dinner,Weekday,Other record
1808,2024-10-13,17:45:00,Grilled Asparagus,Side,6.0,8,48.0,Credit Card,Takeaway,105,Nina,17,Sunday,10,October,6,True,False,2024-10-13 17:00:00,Dinner,Weekend,Other record
1809,2024-06-11,19:00:00,Chocolate Lava Cake,Dessert,4.0,9,36.0,Cash,Delivery,103,Emily,19,Tuesday,6,June,1,False,False,2024-06-11 19:00:00,Dinner,Weekday,Other record
1810,2024-12-30,13:45:00,Cabernet Sauvignon,Beverage,4.0,16,64.0,Credit Card,Delivery,103,Emily,13,Monday,12,December,0,False,True,2024-12-30 13:00:00,Lunch,Weekday,High-value record
1811,2024-12-16,12:45:00,Bourbon BBQ Burger,Entree,3.0,22,66.0,Cash,Dine-In,103,Emily,12,Monday,12,December,0,False,True,2024-12-16 12:00:00,Lunch,Weekday,High-value record
1812,2024-08-26,21:30:00,Truffle Fries,Side,8.0,8,64.0,Cash,Delivery,105,Nina,21,Monday,8,August,0,False,True,2024-08-26 21:00:00,Dinner,Weekday,High-value record
1813,2024-04-07,17:30:00,New York Strip,Entree,2.0,38,76.0,Cash,Takeaway,103,Emily,17,Sunday,4,April,6,True,True,2024-04-07 17:00:00,Dinner,Weekend,High-value record
1814,2024-09-26,14:00:00,Chocolate Lava Cake,Dessert,3.0,9,27.0,Credit Card,Dine-In,103,Emily,14,Thursday,9,September,3,False,False,2024-09-26 14:00:00,Lunch,Weekday,Other record
1815,2024-05-09,19:00:00,Chocolate Lava Cake,Dessert,7.0,9,63.0,Cash,Delivery,103,Emily,19,Thursday,5,May,3,False,True,2024-05-09 19:00:00,Dinner,Weekday,High-value record
1816,2024-11-24,18:45:00,Ribeye Steak,Entree,5.0,35,175.0,Credit Card,Delivery,101,Sarah,18,Sunday,11,November,6,True,True,2024-11-24 18:00:00,Dinner,Weekend,High-value record
1817,2024-10-19,11:45:00,Chocolate Lava Cake,Dessert,8.0,9,72.0,Credit Card,Dine-In,104,Carlos,11,Saturday,10,October,5,True,True,2024-10-19 11:00:00,Lunch,Weekend,High-value record
1818,2024-11-27,19:00:00,Ribeye Steak,Entree,5.0,35,175.0,Cash,Delivery,102,Jake,19,Wednesday,11,November,2,False,True,2024-11-27 19:00:00,Dinner,Weekday,High-value record
1819,2024-12-27,22:15:00,New York Strip,Entree,2.0,38,76.0,Credit Card,Dine-In,101,Sarah,22,Friday,12,December,4,False,True,2024-12-27 22:00:00,Dinner,Weekday,High-value record
1820,2024-08-15,21:00:00,Mashed Potatoes,Side,2.0,7,14.0,Mobile Payment,Takeaway,102,Jake,21,Thursday,8,August,3,False,False,2024-08-15 21:00:00,Dinner,Weekday,Other record
1821,2024-12-01,20:00:00,Mashed Potatoes,Side,5.0,7,35.0,Mobile Payment,Dine-In,105,Nina,20,Sunday,12,December,6,True,False,2024-12-01 20:00:00,Dinner,Weekend,Other record
1822,2024-07-06,19:00:00,Bourbon BBQ Burger,Entree,7.0,22,154.0,Credit Card,Delivery,101,Sarah,19,Saturday,7,July,5,True,True,2024-07-06 19:00:00,Dinner,Weekend,High-value record
1823,2024-02-03,14:15:00,Truffle Fries,Side,5.0,8,40.0,Cash,Dine-In,104,Carlos,14,Saturday,2,February,5,True,False,2024-02-03 14:00:00,Lunch,Weekend,Other record
1824,2024-01-23,15:15:00,Truffle Fries,Side,4.0,8,32.0,Credit Card,Dine-In,101,Sarah,15,Tuesday,1,January,1,False,False,2024-01-23 15:00:00,Lunch,Weekday,Other record
1825,2024-06-08,15:30:00,Filet Mignon,Entree,5.0,42,210.0,Credit Card,Delivery,101,Sarah,15,Saturday,6,June,5,True,True,2024-06-08 15:00:00,Lunch,Weekend,High-value record
1826,2024-10-16,18:00:00,Filet Mignon,Entree,2.0,42,84.0,Cash,Delivery,101,Sarah,18,Wednesday,10,October,2,False,True,2024-10-16 18:00:00,Dinner,Weekday,High-value record
1827,2024-04-05,16:00:00,New York Strip,Entree,1.0,38,38.0,Cash,Delivery,103,Emily,16,Friday,4,April,4,False,False,2024-04-05 16:00:00,Lunch,Weekday,Other record
1828,2024-08-23,12:15:00,Shrimp Cocktail,Appetizer,3.0,14,42.0,Mobile Payment,Delivery,102,Jake,12,Friday,8,August,4,False,False,2024-08-23 12:00:00,Lunch,Weekday,Other record
1829,2024-06-07,11:45:00,Truffle Fries,Side,4.0,8,32.0,Cash,Takeaway,102,Jake,11,Friday,6,June,4,False,False,2024-06-07 11:00:00,Lunch,Weekday,Other record
1830,2024-10-16,16:45:00,Caesar Salad,Appetizer,2.0,10,20.0,Credit Card,Dine-In,102,Jake,16,Wednesday,10,October,2,False,False,2024-10-16 16:00:00,Lunch,Weekday,Other record
1831,2024-05-31,15:45:00,Shrimp Cocktail,Appetizer,2.0,14,28.0,Credit Card,Takeaway,105,Nina,15,Friday,5,May,4,False,False,2024-05-31 15:00:00,Lunch,Weekday,Other record
1832,2024-07-05,16:45:00,Bourbon BBQ Burger,Entree,3.0,22,66.0,Cash,Delivery,104,Carlos,16,Friday,7,July,4,False,True,2024-07-05 16:00:00,Lunch,Weekday,High-value record
1833,2024-03-20,19:15:00,Truffle Fries,Side,7.0,8,56.0,Credit Card,Delivery,103,Emily,19,Wednesday,3,March,2,False,False,2024-03-20 19:00:00,Dinner,Weekday,Other record
1834,2024-04-16,16:30:00,Filet Mignon,Entree,5.0,42,210.0,Cash,Takeaway,102,Jake,16,Tuesday,4,April,1,False,True,2024-04-16 16:00:00,Lunch,Weekday,High-value record
1835,2024-08-27,15:00:00,Filet Mignon,Entree,4.0,42,168.0,Mobile Payment,Delivery,102,Jake,15,Tuesday,8,August,1,False,True,2024-08-27 15:00:00,Lunch,Weekday,High-value record
1836,2024-08-31,13:45:00,Chocolate Lava Cake,Dessert,6.0,9,54.0,Credit Card,Delivery,104,Carlos,13,Saturday,8,August,5,True,False,2024-08-31 13:00:00,Lunch,Weekend,Other record
1837,2024-12-03,20:00:00,Mashed Potatoes,Side,2.0,7,14.0,Mobile Payment,Takeaway,101,Sarah,20,Tuesday,12,December,1,False,False,2024-12-03 20:00:00,Dinner,Weekday,Other record
1838,2024-03-22,17:45:00,Mashed Potatoes,Side,5.0,7,35.0,Mobile Payment,Dine-In,102,Jake,17,Friday,3,March,4,False,False,2024-03-22 17:00:00,Dinner,Weekday,Other record
1839,2024-07-02,15:15:00,Old Fashioned,Beverage,6.0,12,72.0,Cash,Dine-In,104,Carlos,15,Tuesday,7,July,1,False,True,2024-07-02 15:00:00,Lunch,Weekday,High-value record
1840,2024-11-11,18:45:00,Truffle Fries,Side,7.0,8,56.0,Credit Card,Dine-In,103,Emily,18,Monday,11,November,0,False,False,2024-11-11 18:00:00,Dinner,Weekday,Other record
1841,2024-07-10,20:30:00,Old Fashioned,Beverage,7.0,12,84.0,Credit Card,Dine-In,102,Jake,20,Wednesday,7,July,2,False,True,2024-07-10 20:00:00,Dinner,Weekday,High-value record
1842,2024-09-16,12:45:00,Grilled Asparagus,Side,3.0,8,24.0,Mobile Payment,Takeaway,105,Nina,12,Monday,9,September,0,False,False,2024-09-16 12:00:00,Lunch,Weekday,Other record
1843,2024-01-15,13:15:00,Shrimp Cocktail,Appetizer,5.0,14,70.0,Mobile Payment,Delivery,102,Jake,13,Monday,1,January,0,False,True,2024-01-15 13:00:00,Lunch,Weekday,High-value record
1844,2024-10-17,13:15:00,Bourbon BBQ Burger,Entree,2.0,22,44.0,Cash,Dine-In,103,Emily,13,Thursday,10,October,3,False,False,2024-10-17 13:00:00,Lunch,Weekday,Other record
1845,2024-03-13,16:45:00,Grilled Asparagus,Side,2.0,8,16.0,Credit Card,Dine-In,102,Jake,16,Wednesday,3,March,2,False,False,2024-03-13 16:00:00,Lunch,Weekday,Other record
1846,2024-04-12,13:30:00,Shrimp Cocktail,Appetizer,2.0,14,28.0,Cash,Dine-In,102,Jake,13,Friday,4,April,4,False,False,2024-04-12 13:00:00,Lunch,Weekday,Other record
1847,2024-08-11,12:15:00,New York Strip,Entree,4.0,38,152.0,Credit Card,Dine-In,104,Carlos,12,Sunday,8,August,6,True,True,2024-08-11 12:00:00,Lunch,Weekend,High-value record
1848,2024-03-22,16:00:00,Old Fashioned,Beverage,9.0,12,108.0,Mobile Payment,Takeaway,102,Jake,16,Friday,3,March,4,False,True,2024-03-22 16:00:00,Lunch,Weekday,High-value record
1849,2024-08-29,21:45:00,Old Fashioned,Beverage,4.0,12,48.0,Cash,Takeaway,102,Jake,21,Thursday,8,August,3,False,False,2024-08-29 21:00:00,Dinner,Weekday,Other record
1850,2024-06-11,13:45:00,Mashed Potatoes,Side,3.0,7,21.0,Mobile Payment,Delivery,104,Carlos,13,Tuesday,6,June,1,False,False,2024-06-11 13:00:00,Lunch,Weekday,Other record
1851,2024-11-01,17:00:00,Mashed Potatoes,Side,8.0,7,56.0,Mobile Payment,Delivery,105,Nina,17,Friday,11,November,4,False,False,2024-11-01 17:00:00,Dinner,Weekday,Other record
1852,2024-01-14,14:15:00,Caesar Salad,Appetizer,3.0,10,30.0,Credit Card,Takeaway,105,Nina,14,Sunday,1,January,6,True,False,2024-01-14 14:00:00,Lunch,Weekend,Other record
1853,2024-01-01,20:45:00,Filet Mignon,Entree,6.0,42,252.0,Cash,Takeaway,102,Jake,20,Monday,1,January,0,False,True,2024-01-01 20:00:00,Dinner,Weekday,High-value record
1854,2024-01-23,14:30:00,Grilled Asparagus,Side,1.0,8,8.0,Credit Card,Takeaway,102,Jake,14,Tuesday,1,January,1,False,False,2024-01-23 14:00:00,Lunch,Weekday,Other record
1855,2024-08-05,13:30:00,Shrimp Cocktail,Appetizer,5.0,14,70.0,Mobile Payment,Takeaway,101,Sarah,13,Monday,8,August,0,False,True,2024-08-05 13:00:00,Lunch,Weekday,High-value record
1856,2024-05-13,17:15:00,New York Strip,Entree,9.0,38,342.0,Mobile Payment,Delivery,101,Sarah,17,Monday,5,May,0,False,True,2024-05-13 17:00:00,Dinner,Weekday,High-value record
1857,2024-08-26,12:30:00,Bourbon BBQ Burger,Entree,1.0,22,22.0,Mobile Payment,Takeaway,101,Sarah,12,Monday,8,August,0,False,False,2024-08-26 12:00:00,Lunch,Weekday,Other record
1858,2024-03-23,16:15:00,Chocolate Lava Cake,Dessert,7.0,9,63.0,Credit Card,Delivery,104,Carlos,16,Saturday,3,March,5,True,True,2024-03-23 16:00:00,Lunch,Weekend,High-value record
1859,2024-01-06,18:45:00,Grilled Asparagus,Side,2.0,8,16.0,Credit Card,Takeaway,103,Emily,18,Saturday,1,January,5,True,False,2024-01-06 18:00:00,Dinner,Weekend,Other record
1860,2024-11-20,12:45:00,Cabernet Sauvignon,Beverage,2.0,16,32.0,Credit Card,Delivery,103,Emily,12,Wednesday,11,November,2,False,False,2024-11-20 12:00:00,Lunch,Weekday,Other record
1861,2024-09-30,16:00:00,New York Strip,Entree,3.0,38,114.0,Mobile Payment,Takeaway,101,Sarah,16,Monday,9,September,0,False,True,2024-09-30 16:00:00,Lunch,Weekday,High-value record
1862,2024-03-17,11:30:00,Truffle Fries,Side,4.0,8,32.0,Credit Card,Dine-In,105,Nina,11,Sunday,3,March,6,True,False,2024-03-17 11:00:00,Lunch,Weekend,Other record
1863,2024-11-10,22:45:00,Grilled Asparagus,Side,2.0,8,16.0,Credit Card,Takeaway,101,Sarah,22,Sunday,11,November,6,True,False,2024-11-10 22:00:00,Dinner,Weekend,Other record
1864,2024-03-03,18:45:00,Mashed Potatoes,Side,2.0,7,14.0,Mobile Payment,Delivery,103,Emily,18,Sunday,3,March,6,True,False,2024-03-03 18:00:00,Dinner,Weekend,Other record
1865,2024-05-09,17:30:00,Bourbon BBQ Burger,Entree,6.0,22,132.0,Cash,Delivery,103,Emily,17,Thursday,5,May,3,False,True,2024-05-09 17:00:00,Dinner,Weekday,High-value record
1866,2024-04-01,15:30:00,Grilled Asparagus,Side,1.0,8,8.0,Credit Card,Takeaway,103,Emily,15,Monday,4,April,0,False,False,2024-04-01 15:00:00,Lunch,Weekday,Other record
1867,2024-11-21,11:00:00,Mashed Potatoes,Side,1.0,7,7.0,Mobile Payment,Delivery,104,Carlos,11,Thursday,11,November,3,False,False,2024-11-21 11:00:00,Lunch,Weekday,Other record
1868,2024-05-07,13:00:00,Cabernet Sauvignon,Beverage,1.0,16,16.0,Cash,Delivery,102,Jake,13,Tuesday,5,May,1,False,False,2024-05-07 13:00:00,Lunch,Weekday,Other record
1869,2024-11-20,18:45:00,Shrimp Cocktail,Appetizer,6.0,14,84.0,Credit Card,Delivery,105,Nina,18,Wednesday,11,November,2,False,True,2024-11-20 18:00:00,Dinner,Weekday,High-value record
1870,2024-05-04,22:45:00,Ribeye Steak,Entree,2.0,35,70.0,Credit Card,Takeaway,101,Sarah,22,Saturday,5,May,5,True,True,2024-05-04 22:00:00,Dinner,Weekend,High-value record
1871,2024-03-16,20:00:00,Grilled Asparagus,Side,10.0,8,80.0,Mobile Payment,Dine-In,103,Emily,20,Saturday,3,March,5,True,True,2024-03-16 20:00:00,Dinner,Weekend,High-value record
1872,2024-11-22,22:30:00,Grilled Asparagus,Side,9.0,8,72.0,Cash,Dine-In,103,Emily,22,Friday,11,November,4,False,True,2024-11-22 22:00:00,Dinner,Weekday,High-value record
1873,2024-11-30,22:00:00,Grilled Asparagus,Side,2.0,8,16.0,Cash,Delivery,103,Emily,22,Saturday,11,November,5,True,False,2024-11-30 22:00:00,Dinner,Weekend,Other record
1874,2024-06-04,20:15:00,Truffle Fries,Side,2.0,8,16.0,Credit Card,Delivery,104,Carlos,20,Tuesday,6,June,1,False,False,2024-06-04 20:00:00,Dinner,Weekday,Other record
1875,2024-04-20,17:30:00,Truffle Fries,Side,4.0,8,32.0,Credit Card,Delivery,101,Sarah,17,Saturday,4,April,5,True,False,2024-04-20 17:00:00,Dinner,Weekend,Other record
1876,2024-11-05,17:15:00,Bourbon BBQ Burger,Entree,7.0,22,154.0,Credit Card,Dine-In,104,Carlos,17,Tuesday,11,November,1,False,True,2024-11-05 17:00:00,Dinner,Weekday,High-value record
1877,2024-04-16,11:45:00,Bourbon BBQ Burger,Entree,2.0,22,44.0,Credit Card,Takeaway,104,Carlos,11,Tuesday,4,April,1,False,False,2024-04-16 11:00:00,Lunch,Weekday,Other record
1878,2024-11-02,21:30:00,Filet Mignon,Entree,3.0,42,126.0,Cash,Dine-In,103,Emily,21,Saturday,11,November,5,True,True,2024-11-02 21:00:00,Dinner,Weekend,High-value record
1879,2024-04-23,12:30:00,Truffle Fries,Side,4.0,8,32.0,Credit Card,Delivery,104,Carlos,12,Tuesday,4,April,1,False,False,2024-04-23 12:00:00,Lunch,Weekday,Other record
1880,2024-11-21,20:30:00,Cabernet Sauvignon,Beverage,8.0,16,128.0,Credit Card,Delivery,101,Sarah,20,Thursday,11,November,3,False,True,2024-11-21 20:00:00,Dinner,Weekday,High-value record
1881,2024-06-24,16:30:00,Mashed Potatoes,Side,5.0,7,35.0,Cash,Takeaway,104,Carlos,16,Monday,6,June,0,False,False,2024-06-24 16:00:00,Lunch,Weekday,Other record
1882,2024-04-17,19:15:00,Bourbon BBQ Burger,Entree,8.0,22,176.0,Credit Card,Takeaway,101,Sarah,19,Wednesday,4,April,2,False,True,2024-04-17 19:00:00,Dinner,Weekday,High-value record
1883,2024-12-04,20:00:00,Bourbon BBQ Burger,Entree,8.0,22,176.0,Mobile Payment,Takeaway,101,Sarah,20,Wednesday,12,December,2,False,True,2024-12-04 20:00:00,Dinner,Weekday,High-value record
1884,2024-04-16,22:30:00,Shrimp Cocktail,Appetizer,6.0,14,84.0,Credit Card,Takeaway,104,Carlos,22,Tuesday,4,April,1,False,True,2024-04-16 22:00:00,Dinner,Weekday,High-value record
1885,2024-01-16,13:15:00,Chocolate Lava Cake,Dessert,4.0,9,36.0,Mobile Payment,Takeaway,104,Carlos,13,Tuesday,1,January,1,False,False,2024-01-16 13:00:00,Lunch,Weekday,Other record
1886,2024-01-12,15:45:00,Caesar Salad,Appetizer,6.0,10,60.0,Mobile Payment,Dine-In,104,Carlos,15,Friday,1,January,4,False,False,2024-01-12 15:00:00,Lunch,Weekday,Other record
1887,2024-11-06,12:00:00,Grilled Asparagus,Side,2.0,8,16.0,Cash,Dine-In,105,Nina,12,Wednesday,11,November,2,False,False,2024-11-06 12:00:00,Lunch,Weekday,Other record
1888,2024-05-28,13:15:00,Truffle Fries,Side,4.0,8,32.0,Mobile Payment,Takeaway,103,Emily,13,Tuesday,5,May,1,False,False,2024-05-28 13:00:00,Lunch,Weekday,Other record
1889,2024-04-21,17:30:00,Mashed Potatoes,Side,7.0,7,49.0,Mobile Payment,Dine-In,103,Emily,17,Sunday,4,April,6,True,False,2024-04-21 17:00:00,Dinner,Weekend,Other record
1890,2024-09-14,19:45:00,Caesar Salad,Appetizer,7.0,10,70.0,Credit Card,Takeaway,103,Emily,19,Saturday,9,September,5,True,True,2024-09-14 19:00:00,Dinner,Weekend,High-value record
1891,2024-08-18,13:15:00,Grilled Asparagus,Side,3.0,8,24.0,Cash,Delivery,103,Emily,13,Sunday,8,August,6,True,False,2024-08-18 13:00:00,Lunch,Weekend,Other record
1892,2024-08-25,21:15:00,Bourbon BBQ Burger,Entree,2.0,22,44.0,Credit Card,Delivery,104,Carlos,21,Sunday,8,August,6,True,False,2024-08-25 21:00:00,Dinner,Weekend,Other record
1893,2024-08-02,17:15:00,Bourbon BBQ Burger,Entree,2.0,22,44.0,Mobile Payment,Dine-In,102,Jake,17,Friday,8,August,4,False,False,2024-08-02 17:00:00,Dinner,Weekday,Other record
1894,2024-11-08,20:00:00,Chocolate Lava Cake,Dessert,8.0,9,72.0,Mobile Payment,Takeaway,101,Sarah,20,Friday,11,November,4,False,True,2024-11-08 20:00:00,Dinner,Weekday,High-value record
1895,2024-06-15,20:15:00,New York Strip,Entree,10.0,38,380.0,Mobile Payment,Takeaway,101,Sarah,20,Saturday,6,June,5,True,True,2024-06-15 20:00:00,Dinner,Weekend,High-value record
1896,2024-07-08,11:45:00,Cabernet Sauvignon,Beverage,4.0,16,64.0,Cash,Dine-In,104,Carlos,11,Monday,7,July,0,False,True,2024-07-08 11:00:00,Lunch,Weekday,High-value record
1897,2024-07-07,22:15:00,New York Strip,Entree,7.0,38,266.0,Mobile Payment,Dine-In,103,Emily,22,Sunday,7,July,6,True,True,2024-07-07 22:00:00,Dinner,Weekend,High-value record
1898,2024-03-08,15:00:00,Ribeye Steak,Entree,3.0,35,105.0,Mobile Payment,Takeaway,104,Carlos,15,Friday,3,March,4,False,True,2024-03-08 15:00:00,Lunch,Weekday,High-value record
1899,2024-05-05,21:45:00,Caesar Salad,Appetizer,4.0,10,40.0,Credit Card,Delivery,101,Sarah,21,Sunday,5,May,6,True,False,2024-05-05 21:00:00,Dinner,Weekend,Other record
1900,2024-11-05,16:15:00,Caesar Salad,Appetizer,5.0,10,50.0,Mobile Payment,Dine-In,101,Sarah,16,Tuesday,11,November,1,False,False,2024-11-05 16:00:00,Lunch,Weekday,Other record
1901,2024-01-17,21:45:00,Cabernet Sauvignon,Beverage,7.0,16,112.0,Credit Card,Dine-In,104,Carlos,21,Wednesday,1,January,2,False,True,2024-01-17 21:00:00,Dinner,Weekday,High-value record
1902,2024-05-13,22:00:00,Truffle Fries,Side,11.0,8,88.0,Mobile Payment,Delivery,101,Sarah,22,Monday,5,May,0,False,True,2024-05-13 22:00:00,Dinner,Weekday,High-value record
1903,2024-08-12,18:00:00,Shrimp Cocktail,Appetizer,9.0,14,126.0,Mobile Payment,Dine-In,103,Emily,18,Monday,8,August,0,False,True,2024-08-12 18:00:00,Dinner,Weekday,High-value record
1904,2024-07-23,22:45:00,Grilled Asparagus,Side,2.0,8,16.0,Cash,Dine-In,103,Emily,22,Tuesday,7,July,1,False,False,2024-07-23 22:00:00,Dinner,Weekday,Other record
1905,2024-10-23,12:15:00,Mashed Potatoes,Side,5.0,7,35.0,Mobile Payment,Takeaway,102,Jake,12,Wednesday,10,October,2,False,False,2024-10-23 12:00:00,Lunch,Weekday,Other record
1906,2024-05-04,18:15:00,Shrimp Cocktail,Appetizer,2.0,14,28.0,Credit Card,Delivery,101,Sarah,18,Saturday,5,May,5,True,False,2024-05-04 18:00:00,Dinner,Weekend,Other record
1907,2024-08-22,22:45:00,Caesar Salad,Appetizer,7.0,10,70.0,Credit Card,Takeaway,104,Carlos,22,Thursday,8,August,3,False,True,2024-08-22 22:00:00,Dinner,Weekday,High-value record
1908,2024-06-18,18:30:00,Chocolate Lava Cake,Dessert,7.0,9,63.0,Mobile Payment,Dine-In,102,Jake,18,Tuesday,6,June,1,False,True,2024-06-18 18:00:00,Dinner,Weekday,High-value record
1909,2024-03-16,19:30:00,Ribeye Steak,Entree,5.0,35,175.0,Credit Card,Delivery,103,Emily,19,Saturday,3,March,5,True,True,2024-03-16 19:00:00,Dinner,Weekend,High-value record
1910,2024-12-31,15:30:00,Truffle Fries,Side,2.6,8,20.8,Mobile Payment,Delivery,103,Emily,15,Tuesday,12,December,1,False,False,2024-12-31 15:00:00,Lunch,Weekday,Other record
1911,2024-08-31,22:45:00,Bourbon BBQ Burger,Entree,7.0,22,154.0,Cash,Delivery,102,Jake,22,Saturday,8,August,5,True,True,2024-08-31 22:00:00,Dinner,Weekend,High-value record
1912,2024-03-16,20:30:00,Grilled Asparagus,Side,5.0,8,40.0,Mobile Payment,Dine-In,101,Sarah,20,Saturday,3,March,5,True,False,2024-03-16 20:00:00,Dinner,Weekend,Other record
1913,2024-04-18,20:30:00,New York Strip,Entree,10.0,38,380.0,Cash,Takeaway,103,Emily,20,Thursday,4,April,3,False,True,2024-04-18 20:00:00,Dinner,Weekday,High-value record
1914,2024-09-17,22:45:00,Old Fashioned,Beverage,12.0,12,144.0,Cash,Takeaway,102,Jake,22,Tuesday,9,September,1,False,True,2024-09-17 22:00:00,Dinner,Weekday,High-value record
1915,2024-10-27,19:30:00,Cabernet Sauvignon,Beverage,6.0,16,96.0,Credit Card,Takeaway,102,Jake,19,Sunday,10,October,6,True,True,2024-10-27 19:00:00,Dinner,Weekend,High-value record
1916,2024-09-25,18:15:00,Old Fashioned,Beverage,8.0,12,96.0,Cash,Delivery,101,Sarah,18,Wednesday,9,September,2,False,True,2024-09-25 18:00:00,Dinner,Weekday,High-value record
1917,2024-06-24,14:30:00,Caesar Salad,Appetizer,2.0,10,20.0,Cash,Takeaway,105,Nina,14,Monday,6,June,0,False,False,2024-06-24 14:00:00,Lunch,Weekday,Other record
1918,2024-03-02,21:15:00,Mashed Potatoes,Side,7.0,7,49.0,Credit Card,Delivery,101,Sarah,21,Saturday,3,March,5,True,False,2024-03-02 21:00:00,Dinner,Weekend,Other record
1919,2024-09-25,14:15:00,Mashed Potatoes,Side,1.0,7,7.0,Credit Card,Delivery,101,Sarah,14,Wednesday,9,September,2,False,False,2024-09-25 14:00:00,Lunch,Weekday,Other record
1920,2024-06-17,19:00:00,Shrimp Cocktail,Appetizer,11.0,14,154.0,Mobile Payment,Delivery,105,Nina,19,Monday,6,June,0,False,True,2024-06-17 19:00:00,Dinner,Weekday,High-value record
1921,2024-02-10,11:45:00,Chocolate Lava Cake,Dessert,9.0,9,81.0,Cash,Dine-In,103,Emily,11,Saturday,2,February,5,True,True,2024-02-10 11:00:00,Lunch,Weekend,High-value record
1922,2024-04-03,22:15:00,Caesar Salad,Appetizer,9.0,10,90.0,Cash,Dine-In,105,Nina,22,Wednesday,4,April,2,False,True,2024-04-03 22:00:00,Dinner,Weekday,High-value record
1923,2024-05-16,19:30:00,Filet Mignon,Entree,4.0,42,168.0,Mobile Payment,Dine-In,102,Jake,19,Thursday,5,May,3,False,True,2024-05-16 19:00:00,Dinner,Weekday,High-value record
1924,2024-09-24,15:00:00,Caesar Salad,Appetizer,2.0,10,20.0,Cash,Delivery,105,Nina,15,Tuesday,9,September,1,False,False,2024-09-24 15:00:00,Lunch,Weekday,Other record
1925,2024-09-01,18:00:00,Cabernet Sauvignon,Beverage,2.0,16,32.0,Credit Card,Delivery,101,Sarah,18,Sunday,9,September,6,True,False,2024-09-01 18:00:00,Dinner,Weekend,Other record
1926,2024-04-10,18:00:00,Old Fashioned,Beverage,2.0,12,24.0,Credit Card,Dine-In,101,Sarah,18,Wednesday,4,April,2,False,False,2024-04-10 18:00:00,Dinner,Weekday,Other record
1927,2024-10-04,20:15:00,Chocolate Lava Cake,Dessert,8.0,9,72.0,Credit Card,Delivery,101,Sarah,20,Friday,10,October,4,False,True,2024-10-04 20:00:00,Dinner,Weekday,High-value record
1928,2024-10-24,17:00:00,Truffle Fries,Side,9.0,8,72.0,Mobile Payment,Dine-In,105,Nina,17,Thursday,10,October,3,False,True,2024-10-24 17:00:00,Dinner,Weekday,High-value record
1929,2024-11-21,20:45:00,Ribeye Steak,Entree,7.0,35,245.0,Credit Card,Delivery,103,Emily,20,Thursday,11,November,3,False,True,2024-11-21 20:00:00,Dinner,Weekday,High-value record
1930,2024-09-09,21:15:00,Mashed Potatoes,Side,9.0,7,63.0,Credit Card,Delivery,103,Emily,21,Monday,9,September,0,False,True,2024-09-09 21:00:00,Dinner,Weekday,High-value record
1931,2024-11-26,15:30:00,Cabernet Sauvignon,Beverage,2.0,16,32.0,Credit Card,Takeaway,105,Nina,15,Tuesday,11,November,1,False,False,2024-11-26 15:00:00,Lunch,Weekday,Other record
1932,2024-09-14,15:45:00,Filet Mignon,Entree,3.0,42,126.0,Credit Card,Dine-In,103,Emily,15,Saturday,9,September,5,True,True,2024-09-14 15:00:00,Lunch,Weekend,High-value record
1933,2024-09-17,18:45:00,New York Strip,Entree,3.0,38,114.0,Cash,Takeaway,103,Emily,18,Tuesday,9,September,1,False,True,2024-09-17 18:00:00,Dinner,Weekday,High-value record
1934,2024-02-18,18:30:00,Bourbon BBQ Burger,Entree,9.0,22,198.0,Cash,Dine-In,101,Sarah,18,Sunday,2,February,6,True,True,2024-02-18 18:00:00,Dinner,Weekend,High-value record
1935,2024-04-28,14:30:00,Cabernet Sauvignon,Beverage,3.0,16,48.0,Credit Card,Delivery,104,Carlos,14,Sunday,4,April,6,True,False,2024-04-28 14:00:00,Lunch,Weekend,Other record
1936,2024-02-22,21:30:00,Chocolate Lava Cake,Dessert,4.0,9,36.0,Mobile Payment,Delivery,102,Jake,21,Thursday,2,February,3,False,False,2024-02-22 21:00:00,Dinner,Weekday,Other record
1937,2024-06-14,13:15:00,Grilled Asparagus,Side,3.0,8,24.0,Cash,Delivery,102,Jake,13,Friday,6,June,4,False,False,2024-06-14 13:00:00,Lunch,Weekday,Other record
1938,2024-06-15,19:45:00,Bourbon BBQ Burger,Entree,8.0,22,176.0,Credit Card,Delivery,103,Emily,19,Saturday,6,June,5,True,True,2024-06-15 19:00:00,Dinner,Weekend,High-value record
1939,2024-04-27,15:45:00,Shrimp Cocktail,Appetizer,6.0,14,84.0,Cash,Takeaway,103,Emily,15,Saturday,4,April,5,True,True,2024-04-27 15:00:00,Lunch,Weekend,High-value record
1940,2024-06-30,22:30:00,Old Fashioned,Beverage,7.0,12,84.0,Credit Card,Delivery,104,Carlos,22,Sunday,6,June,6,True,True,2024-06-30 22:00:00,Dinner,Weekend,High-value record
1941,2024-08-01,11:45:00,Ribeye Steak,Entree,4.0,35,140.0,Credit Card,Delivery,102,Jake,11,Thursday,8,August,3,False,True,2024-08-01 11:00:00,Lunch,Weekday,High-value record
1942,2024-08-21,15:00:00,Truffle Fries,Side,2.0,8,16.0,Cash,Delivery,103,Emily,15,Wednesday,8,August,2,False,False,2024-08-21 15:00:00,Lunch,Weekday,Other record
1943,2024-05-30,16:00:00,Mashed Potatoes,Side,4.0,7,28.0,Credit Card,Takeaway,105,Nina,16,Thursday,5,May,3,False,False,2024-05-30 16:00:00,Lunch,Weekday,Other record
1944,2024-10-13,22:15:00,Caesar Salad,Appetizer,11.0,10,110.0,Mobile Payment,Takeaway,103,Emily,22,Sunday,10,October,6,True,True,2024-10-13 22:00:00,Dinner,Weekend,High-value record
1945,2024-02-24,12:15:00,New York Strip,Entree,6.0,38,228.0,Mobile Payment,Takeaway,105,Nina,12,Saturday,2,February,5,True,True,2024-02-24 12:00:00,Lunch,Weekend,High-value record
1946,2024-08-28,11:45:00,Truffle Fries,Side,5.0,8,40.0,Cash,Takeaway,105,Nina,11,Wednesday,8,August,2,False,False,2024-08-28 11:00:00,Lunch,Weekday,Other record
1947,2024-10-27,17:00:00,Filet Mignon,Entree,2.0,42,84.0,Mobile Payment,Takeaway,103,Emily,17,Sunday,10,October,6,True,True,2024-10-27 17:00:00,Dinner,Weekend,High-value record
1948,2024-10-02,16:45:00,Shrimp Cocktail,Appetizer,1.0,14,14.0,Credit Card,Dine-In,101,Sarah,16,Wednesday,10,October,2,False,False,2024-10-02 16:00:00,Lunch,Weekday,Other record
1949,2024-06-15,22:45:00,New York Strip,Entree,4.0,38,152.0,Mobile Payment,Takeaway,105,Nina,22,Saturday,6,June,5,True,True,2024-06-15 22:00:00,Dinner,Weekend,High-value record
1950,2024-04-12,19:00:00,Old Fashioned,Beverage,4.0,12,48.0,Credit Card,Delivery,105,Nina,19,Friday,4,April,4,False,False,2024-04-12 19:00:00,Dinner,Weekday,Other record
1951,2024-12-04,15:30:00,Truffle Fries,Side,1.0,8,8.0,Cash,Dine-In,103,Emily,15,Wednesday,12,December,2,False,False,2024-12-04 15:00:00,Lunch,Weekday,Other record
1952,2024-07-03,18:15:00,New York Strip,Entree,6.0,38,228.0,Credit Card,Dine-In,104,Carlos,18,Wednesday,7,July,2,False,True,2024-07-03 18:00:00,Dinner,Weekday,High-value record
1953,2024-07-04,16:15:00,Bourbon BBQ Burger,Entree,2.0,22,44.0,Credit Card,Delivery,101,Sarah,16,Thursday,7,July,3,False,False,2024-07-04 16:00:00,Lunch,Weekday,Other record
1954,2024-03-12,12:45:00,Grilled Asparagus,Side,4.0,8,32.0,Credit Card,Dine-In,105,Nina,12,Tuesday,3,March,1,False,False,2024-03-12 12:00:00,Lunch,Weekday,Other record
1955,2024-01-31,19:30:00,Ribeye Steak,Entree,11.0,35,385.0,Credit Card,Dine-In,105,Nina,19,Wednesday,1,January,2,False,True,2024-01-31 19:00:00,Dinner,Weekday,High-value record
1956,2024-06-16,19:45:00,Shrimp Cocktail,Appetizer,11.0,14,154.0,Credit Card,Delivery,101,Sarah,19,Sunday,6,June,6,True,True,2024-06-16 19:00:00,Dinner,Weekend,High-value record
1957,2024-02-08,20:00:00,Cabernet Sauvignon,Beverage,2.0,16,32.0,Mobile Payment,Dine-In,105,Nina,20,Thursday,2,February,3,False,False,2024-02-08 20:00:00,Dinner,Weekday,Other record
1958,2024-02-14,20:45:00,Chocolate Lava Cake,Dessert,4.8,9,43.2,Cash,Delivery,104,Carlos,20,Wednesday,2,February,2,False,False,2024-02-14 20:00:00,Dinner,Weekday,Other record
1959,2024-05-21,18:45:00,Truffle Fries,Side,5.0,8,40.0,Mobile Payment,Takeaway,101,Sarah,18,Tuesday,5,May,1,False,False,2024-05-21 18:00:00,Dinner,Weekday,Other record
1960,2024-04-03,21:30:00,Old Fashioned,Beverage,8.0,12,96.0,Mobile Payment,Delivery,104,Carlos,21,Wednesday,4,April,2,False,True,2024-04-03 21:00:00,Dinner,Weekday,High-value record
1961,2024-01-11,17:30:00,Ribeye Steak,Entree,11.0,35,385.0,Credit Card,Dine-In,101,Sarah,17,Thursday,1,January,3,False,True,2024-01-11 17:00:00,Dinner,Weekday,High-value record
1962,2024-04-25,16:45:00,New York Strip,Entree,3.0,38,114.0,Cash,Delivery,103,Emily,16,Thursday,4,April,3,False,True,2024-04-25 16:00:00,Lunch,Weekday,High-value record
1963,2024-09-29,18:15:00,Chocolate Lava Cake,Dessert,7.0,9,63.0,Mobile Payment,Delivery,102,Jake,18,Sunday,9,September,6,True,True,2024-09-29 18:00:00,Dinner,Weekend,High-value record
1964,2024-04-06,13:15:00,Shrimp Cocktail,Appetizer,3.0,14,42.0,Cash,Dine-In,105,Nina,13,Saturday,4,April,5,True,False,2024-04-06 13:00:00,Lunch,Weekend,Other record
1965,2024-11-04,11:15:00,Cabernet Sauvignon,Beverage,3.0,16,48.0,Cash,Takeaway,103,Emily,11,Monday,11,November,0,False,False,2024-11-04 11:00:00,Lunch,Weekday,Other record
1966,2024-04-27,21:15:00,Caesar Salad,Appetizer,5.0,10,50.0,Cash,Takeaway,103,Emily,21,Saturday,4,April,5,True,False,2024-04-27 21:00:00,Dinner,Weekend,Other record
1967,2024-04-29,14:30:00,Ribeye Steak,Entree,2.0,35,70.0,Credit Card,Dine-In,104,Carlos,14,Monday,4,April,0,False,True,2024-04-29 14:00:00,Lunch,Weekday,High-value record
1968,2024-01-14,18:15:00,Grilled Asparagus,Side,2.0,8,16.0,Credit Card,Takeaway,104,Carlos,18,Sunday,1,January,6,True,False,2024-01-14 18:00:00,Dinner,Weekend,Other record
1969,2024-04-11,14:45:00,Chocolate Lava Cake,Dessert,1.0,9,9.0,Cash,Dine-In,105,Nina,14,Thursday,4,April,3,False,False,2024-04-11 14:00:00,Lunch,Weekday,Other record
1970,2024-10-23,22:00:00,New York Strip,Entree,4.0,38,152.0,Cash,Takeaway,105,Nina,22,Wednesday,10,October,2,False,True,2024-10-23 22:00:00,Dinner,Weekday,High-value record
1971,2024-07-02,22:30:00,Grilled Asparagus,Side,4.0,8,32.0,Cash,Dine-In,105,Nina,22,Tuesday,7,July,1,False,False,2024-07-02 22:00:00,Dinner,Weekday,Other record
1972,2024-07-03,18:30:00,Cabernet Sauvignon,Beverage,2.0,16,32.0,Credit Card,Dine-In,101,Sarah,18,Wednesday,7,July,2,False,False,2024-07-03 18:00:00,Dinner,Weekday,Other record
1973,2024-07-13,17:45:00,Filet Mignon,Entree,6.0,42,252.0,Credit Card,Takeaway,101,Sarah,17,Saturday,7,July,5,True,True,2024-07-13 17:00:00,Dinner,Weekend,High-value record
1974,2024-08-10,21:30:00,Caesar Salad,Appetizer,2.0,10,20.0,Mobile Payment,Delivery,104,Carlos,21,Saturday,8,August,5,True,False,2024-08-10 21:00:00,Dinner,Weekend,Other record
1975,2024-08-29,11:30:00,Truffle Fries,Side,3.0,8,24.0,Cash,Dine-In,102,Jake,11,Thursday,8,August,3,False,False,2024-08-29 11:00:00,Lunch,Weekday,Other record
1976,2024-03-31,20:00:00,New York Strip,Entree,11.0,38,418.0,Cash,Dine-In,104,Carlos,20,Sunday,3,March,6,True,True,2024-03-31 20:00:00,Dinner,Weekend,High-value record
1977,2024-01-20,11:15:00,Truffle Fries,Side,6.0,8,48.0,Credit Card,Delivery,104,Carlos,11,Saturday,1,January,5,True,False,2024-01-20 11:00:00,Lunch,Weekend,Other record
1978,2024-03-21,17:15:00,New York Strip,Entree,11.0,38,418.0,Cash,Delivery,102,Jake,17,Thursday,3,March,3,False,True,2024-03-21 17:00:00,Dinner,Weekday,High-value record
1979,2024-07-05,12:15:00,Ribeye Steak,Entree,7.0,35,245.0,Cash,Takeaway,104,Carlos,12,Friday,7,July,4,False,True,2024-07-05 12:00:00,Lunch,Weekday,High-value record
1980,2024-11-16,16:30:00,Chocolate Lava Cake,Dessert,6.0,9,54.0,Cash,Dine-In,103,Emily,16,Saturday,11,November,5,True,False,2024-11-16 16:00:00,Lunch,Weekend,Other record
1981,2024-01-15,18:00:00,Truffle Fries,Side,5.0,8,40.0,Credit Card,Dine-In,105,Nina,18,Monday,1,January,0,False,False,2024-01-15 18:00:00,Dinner,Weekday,Other record
1982,2024-07-12,20:15:00,New York Strip,Entree,2.0,38,76.0,Cash,Takeaway,102,Jake,20,Friday,7,July,4,False,True,2024-07-12 20:00:00,Dinner,Weekday,High-value record
1983,2024-02-17,17:00:00,Filet Mignon,Entree,7.0,42,294.0,Credit Card,Takeaway,105,Nina,17,Saturday,2,February,5,True,True,2024-02-17 17:00:00,Dinner,Weekend,High-value record
1984,2024-08-13,13:00:00,Shrimp Cocktail,Appetizer,3.0,14,42.0,Credit Card,Takeaway,102,Jake,13,Tuesday,8,August,1,False,False,2024-08-13 13:00:00,Lunch,Weekday,Other record
1985,2024-06-14,21:30:00,Chocolate Lava Cake,Dessert,2.0,9,18.0,Credit Card,Takeaway,105,Nina,21,Friday,6,June,4,False,False,2024-06-14 21:00:00,Dinner,Weekday,Other record
1986,2024-04-10,13:15:00,Cabernet Sauvignon,Beverage,2.0,16,32.0,Cash,Dine-In,101,Sarah,13,Wednesday,4,April,2,False,False,2024-04-10 13:00:00,Lunch,Weekday,Other record
1987,2024-02-18,22:45:00,Shrimp Cocktail,Appetizer,10.0,14,140.0,Cash,Dine-In,102,Jake,22,Sunday,2,February,6,True,True,2024-02-18 22:00:00,Dinner,Weekend,High-value record
1988,2024-05-08,13:30:00,Mashed Potatoes,Side,4.0,7,28.0,Mobile Payment,Delivery,105,Nina,13,Wednesday,5,May,2,False,False,2024-05-08 13:00:00,Lunch,Weekday,Other record
1989,2024-09-21,20:30:00,New York Strip,Entree,6.0,38,228.0,Credit Card,Takeaway,102,Jake,20,Saturday,9,September,5,True,True,2024-09-21 20:00:00,Dinner,Weekend,High-value record
1990,2024-10-23,22:00:00,Truffle Fries,Side,9.0,8,72.0,Mobile Payment,Dine-In,102,Jake,22,Wednesday,10,October,2,False,True,2024-10-23 22:00:00,Dinner,Weekday,High-value record
1991,2024-04-03,11:15:00,Bourbon BBQ Burger,Entree,1.0,22,22.0,Cash,Dine-In,104,Carlos,11,Wednesday,4,April,2,False,False,2024-04-03 11:00:00,Lunch,Weekday,Other record
1992,2024-06-14,11:45:00,Old Fashioned,Beverage,4.0,12,48.0,Cash,Delivery,105,Nina,11,Friday,6,June,4,False,False,2024-06-14 11:00:00,Lunch,Weekday,Other record
1993,2024-07-26,18:15:00,Old Fashioned,Beverage,11.0,12,132.0,Credit Card,Delivery,104,Carlos,18,Friday,7,July,4,False,True,2024-07-26 18:00:00,Dinner,Weekday,High-value record
1994,2024-03-01,22:30:00,Bourbon BBQ Burger,Entree,10.0,22,220.0,Credit Card,Takeaway,102,Jake,22,Friday,3,March,4,False,True,2024-03-01 22:00:00,Dinner,Weekday,High-value record
1995,2024-05-10,16:45:00,Cabernet Sauvignon,Beverage,6.0,16,96.0,Mobile Payment,Dine-In,103,Emily,16,Friday,5,May,4,False,True,2024-05-10 16:00:00,Lunch,Weekday,High-value record
1996,2024-09-22,15:00:00,Mashed Potatoes,Side,4.0,7,28.0,Mobile Payment,Dine-In,105,Nina,15,Sunday,9,September,6,True,False,2024-09-22 15:00:00,Lunch,Weekend,Other record
1997,2024-03-05,12:15:00,Old Fashioned,Beverage,1.0,12,12.0,Cash,Delivery,103,Emily,12,Tuesday,3,March,1,False,False,2024-03-05 12:00:00,Lunch,Weekday,Other record
1998,2024-03-05,16:30:00,Old Fashioned,Beverage,4.0,12,48.0,Mobile Payment,Dine-In,105,Nina,16,Tuesday,3,March,1,False,False,2024-03-05 16:00:00,Lunch,Weekday,Other record
1999,2024-04-03,17:15:00,New York Strip,Entree,5.0,38,190.0,Cash,Dine-In,103,Emily,17,Wednesday,4,April,2,False,True,2024-04-03 17:00:00,Dinner,Weekday,High-value record
2000,2024-09-26,20:15:00,Chocolate Lava Cake,Dessert,11.0,9,99.0,Mobile Payment,Dine-In,105,Nina,20,Thursday,9,September,3,False,True,2024-09-26 20:00:00,Dinner,Weekday,High-value record
2001,2024-07-04,19:15:00,Truffle Fries,Side,8.0,8,64.0,Cash,Takeaway,102,Jake,19,Thursday,7,July,3,False,True,2024-07-04 19:00:00,Dinner,Weekday,High-value record
2002,2024-02-21,21:15:00,Bourbon BBQ Burger,Entree,9.0,22,198.0,Cash,Delivery,102,Jake,21,Wednesday,2,February,2,False,True,2024-02-21 21:00:00,Dinner,Weekday,High-value record
2003,2024-10-03,20:45:00,Caesar Salad,Appetizer,7.0,10,70.0,Cash,Takeaway,103,Emily,20,Thursday,10,October,3,False,True,2024-10-03 20:00:00,Dinner,Weekday,High-value record
2004,2024-07-18,19:45:00,Old Fashioned,Beverage,7.0,12,84.0,Credit Card,Dine-In,103,Emily,19,Thursday,7,July,3,False,True,2024-07-18 19:00:00,Dinner,Weekday,High-value record
2005,2024-01-01,12:30:00,Truffle Fries,Side,7.2,8,57.6,Mobile Payment,Takeaway,102,Jake,12,Monday,1,January,0,False,False,2024-01-01 12:00:00,Lunch,Weekday,Other record
2006,2024-11-09,20:00:00,Ribeye Steak,Entree,8.0,35,280.0,Cash,Dine-In,104,Carlos,20,Saturday,11,November,5,True,True,2024-11-09 20:00:00,Dinner,Weekend,High-value record
2007,2024-03-23,14:45:00,New York Strip,Entree,7.0,38,266.0,Credit Card,Delivery,102,Jake,14,Saturday,3,March,5,True,True,2024-03-23 14:00:00,Lunch,Weekend,High-value record
2008,2024-05-07,16:00:00,Caesar Salad,Appetizer,3.0,10,30.0,Cash,Takeaway,101,Sarah,16,Tuesday,5,May,1,False,False,2024-05-07 16:00:00,Lunch,Weekday,Other record
2009,2024-10-26,21:15:00,Caesar Salad,Appetizer,8.0,10,80.0,Cash,Delivery,103,Emily,21,Saturday,10,October,5,True,True,2024-10-26 21:00:00,Dinner,Weekend,High-value record
2010,2024-06-16,11:00:00,Cabernet Sauvignon,Beverage,3.0,16,48.0,Mobile Payment,Dine-In,105,Nina,11,Sunday,6,June,6,True,False,2024-06-16 11:00:00,Lunch,Weekend,Other record
2011,2024-08-29,14:45:00,Shrimp Cocktail,Appetizer,1.0,14,14.0,Mobile Payment,Delivery,105,Nina,14,Thursday,8,August,3,False,False,2024-08-29 14:00:00,Lunch,Weekday,Other record
2012,2024-08-20,13:00:00,Truffle Fries,Side,3.0,8,24.0,Credit Card,Dine-In,104,Carlos,13,Tuesday,8,August,1,False,False,2024-08-20 13:00:00,Lunch,Weekday,Other record
2013,2024-05-10,12:45:00,Grilled Asparagus,Side,8.0,8,64.0,Cash,Delivery,104,Carlos,12,Friday,5,May,4,False,True,2024-05-10 12:00:00,Lunch,Weekday,High-value record
2014,2024-05-29,14:00:00,Filet Mignon,Entree,5.0,42,210.0,Mobile Payment,Takeaway,102,Jake,14,Wednesday,5,May,2,False,True,2024-05-29 14:00:00,Lunch,Weekday,High-value record
2015,2024-12-06,18:45:00,Grilled Asparagus,Side,2.0,8,16.0,Mobile Payment,Dine-In,103,Emily,18,Friday,12,December,4,False,False,2024-12-06 18:00:00,Dinner,Weekday,Other record
2016,2024-05-21,15:30:00,Grilled Asparagus,Side,3.0,8,24.0,Credit Card,Dine-In,101,Sarah,15,Tuesday,5,May,1,False,False,2024-05-21 15:00:00,Lunch,Weekday,Other record
2017,2024-02-21,22:45:00,Caesar Salad,Appetizer,12.0,10,120.0,Credit Card,Dine-In,105,Nina,22,Wednesday,2,February,2,False,True,2024-02-21 22:00:00,Dinner,Weekday,High-value record
2018,2024-08-10,21:30:00,Filet Mignon,Entree,9.0,42,378.0,Mobile Payment,Delivery,105,Nina,21,Saturday,8,August,5,True,True,2024-08-10 21:00:00,Dinner,Weekend,High-value record
2019,2024-07-11,20:45:00,Ribeye Steak,Entree,10.0,35,350.0,Cash,Delivery,101,Sarah,20,Thursday,7,July,3,False,True,2024-07-11 20:00:00,Dinner,Weekday,High-value record
2020,2024-10-21,12:00:00,Caesar Salad,Appetizer,3.0,10,30.0,Mobile Payment,Delivery,105,Nina,12,Monday,10,October,0,False,False,2024-10-21 12:00:00,Lunch,Weekday,Other record
2021,2024-08-03,17:00:00,Mashed Potatoes,Side,7.0,7,49.0,Credit Card,Delivery,105,Nina,17,Saturday,8,August,5,True,False,2024-08-03 17:00:00,Dinner,Weekend,Other record
2022,2024-01-20,17:45:00,Bourbon BBQ Burger,Entree,2.0,22,44.0,Cash,Delivery,102,Jake,17,Saturday,1,January,5,True,False,2024-01-20 17:00:00,Dinner,Weekend,Other record
2023,2024-01-13,21:30:00,Filet Mignon,Entree,6.0,42,252.0,Credit Card,Dine-In,104,Carlos,21,Saturday,1,January,5,True,True,2024-01-13 21:00:00,Dinner,Weekend,High-value record
2024,2024-05-09,16:30:00,Mashed Potatoes,Side,2.0,7,14.0,Credit Card,Takeaway,101,Sarah,16,Thursday,5,May,3,False,False,2024-05-09 16:00:00,Lunch,Weekday,Other record
2025,2024-06-15,18:30:00,New York Strip,Entree,4.0,38,152.0,Mobile Payment,Delivery,103,Emily,18,Saturday,6,June,5,True,True,2024-06-15 18:00:00,Dinner,Weekend,High-value record
2026,2024-07-24,16:15:00,Old Fashioned,Beverage,1.0,12,12.0,Credit Card,Takeaway,105,Nina,16,Wednesday,7,July,2,False,False,2024-07-24 16:00:00,Lunch,Weekday,Other record
2027,2024-10-02,22:15:00,Mashed Potatoes,Side,6.0,7,42.0,Cash,Delivery,101,Sarah,22,Wednesday,10,October,2,False,False,2024-10-02 22:00:00,Dinner,Weekday,Other record
2028,2024-11-23,17:30:00,Chocolate Lava Cake,Dessert,8.0,9,72.0,Mobile Payment,Dine-In,104,Carlos,17,Saturday,11,November,5,True,True,2024-11-23 17:00:00,Dinner,Weekend,High-value record
2029,2024-04-13,15:45:00,Mashed Potatoes,Side,6.0,7,42.0,Credit Card,Takeaway,102,Jake,15,Saturday,4,April,5,True,False,2024-04-13 15:00:00,Lunch,Weekend,Other record
2030,2024-03-27,16:00:00,Filet Mignon,Entree,2.0,42,84.0,Mobile Payment,Takeaway,105,Nina,16,Wednesday,3,March,2,False,True,2024-03-27 16:00:00,Lunch,Weekday,High-value record
2031,2024-12-24,21:30:00,Cabernet Sauvignon,Beverage,11.0,16,176.0,Cash,Takeaway,105,Nina,21,Tuesday,12,December,1,False,True,2024-12-24 21:00:00,Dinner,Weekday,High-value record
2032,2024-12-22,12:15:00,Filet Mignon,Entree,1.0,42,42.0,Mobile Payment,Delivery,104,Carlos,12,Sunday,12,December,6,True,False,2024-12-22 12:00:00,Lunch,Weekend,Other record
2033,2024-05-14,13:30:00,Cabernet Sauvignon,Beverage,4.0,16,64.0,Credit Card,Dine-In,104,Carlos,13,Tuesday,5,May,1,False,True,2024-05-14 13:00:00,Lunch,Weekday,High-value record
2034,2024-02-23,22:30:00,Chocolate Lava Cake,Dessert,9.0,9,81.0,Cash,Takeaway,102,Jake,22,Friday,2,February,4,False,True,2024-02-23 22:00:00,Dinner,Weekday,High-value record
2035,2024-08-14,11:15:00,Cabernet Sauvignon,Beverage,2.0,16,32.0,Mobile Payment,Takeaway,101,Sarah,11,Wednesday,8,August,2,False,False,2024-08-14 11:00:00,Lunch,Weekday,Other record
2036,2024-09-10,14:15:00,Caesar Salad,Appetizer,2.0,10,20.0,Credit Card,Delivery,102,Jake,14,Tuesday,9,September,1,False,False,2024-09-10 14:00:00,Lunch,Weekday,Other record
2037,2024-03-15,11:30:00,Caesar Salad,Appetizer,2.0,10,20.0,Mobile Payment,Takeaway,104,Carlos,11,Friday,3,March,4,False,False,2024-03-15 11:00:00,Lunch,Weekday,Other record
2038,2024-07-31,19:15:00,Grilled Asparagus,Side,3.0,8,24.0,Mobile Payment,Delivery,104,Carlos,19,Wednesday,7,July,2,False,False,2024-07-31 19:00:00,Dinner,Weekday,Other record
2039,2024-11-17,20:45:00,Truffle Fries,Side,6.0,8,48.0,Mobile Payment,Takeaway,103,Emily,20,Sunday,11,November,6,True,False,2024-11-17 20:00:00,Dinner,Weekend,Other record
2040,2024-08-08,16:30:00,Caesar Salad,Appetizer,4.0,10,40.0,Mobile Payment,Takeaway,101,Sarah,16,Thursday,8,August,3,False,False,2024-08-08 16:00:00,Lunch,Weekday,Other record
2041,2024-12-20,13:30:00,Truffle Fries,Side,3.0,8,24.0,Mobile Payment,Delivery,102,Jake,13,Friday,12,December,4,False,False,2024-12-20 13:00:00,Lunch,Weekday,Other record
2042,2024-02-19,19:45:00,Cabernet Sauvignon,Beverage,5.0,16,80.0,Cash,Delivery,102,Jake,19,Monday,2,February,0,False,True,2024-02-19 19:00:00,Dinner,Weekday,High-value record
2043,2024-06-27,22:15:00,Old Fashioned,Beverage,6.0,12,72.0,Mobile Payment,Dine-In,104,Carlos,22,Thursday,6,June,3,False,True,2024-06-27 22:00:00,Dinner,Weekday,High-value record
2044,2024-11-12,18:45:00,Chocolate Lava Cake,Dessert,8.0,9,72.0,Cash,Dine-In,101,Sarah,18,Tuesday,11,November,1,False,True,2024-11-12 18:00:00,Dinner,Weekday,High-value record
2045,2024-10-13,18:00:00,Mashed Potatoes,Side,8.0,7,56.0,Mobile Payment,Dine-In,101,Sarah,18,Sunday,10,October,6,True,False,2024-10-13 18:00:00,Dinner,Weekend,Other record
2046,2024-12-15,16:00:00,Truffle Fries,Side,3.0,8,24.0,Mobile Payment,Takeaway,101,Sarah,16,Sunday,12,December,6,True,False,2024-12-15 16:00:00,Lunch,Weekend,Other record
2047,2024-12-31,20:45:00,Grilled Asparagus,Side,5.2,8,41.6,Credit Card,Dine-In,104,Carlos,20,Tuesday,12,December,1,False,False,2024-12-31 20:00:00,Dinner,Weekday,Other record
2048,2024-06-07,19:30:00,Mashed Potatoes,Side,4.0,7,28.0,Mobile Payment,Delivery,104,Carlos,19,Friday,6,June,4,False,False,2024-06-07 19:00:00,Dinner,Weekday,Other record
2049,2024-03-14,19:30:00,Ribeye Steak,Entree,8.0,35,280.0,Cash,Delivery,103,Emily,19,Thursday,3,March,3,False,True,2024-03-14 19:00:00,Dinner,Weekday,High-value record
2050,2024-10-27,12:00:00,Chocolate Lava Cake,Dessert,1.0,9,9.0,Mobile Payment,Takeaway,102,Jake,12,Sunday,10,October,6,True,False,2024-10-27 12:00:00,Lunch,Weekend,Other record
2051,2024-04-09,14:15:00,New York Strip,Entree,1.0,38,38.0,Mobile Payment,Takeaway,101,Sarah,14,Tuesday,4,April,1,False,False,2024-04-09 14:00:00,Lunch,Weekday,Other record
2052,2024-06-18,12:00:00,Grilled Asparagus,Side,6.0,8,48.0,Mobile Payment,Delivery,104,Carlos,12,Tuesday,6,June,1,False,False,2024-06-18 12:00:00,Lunch,Weekday,Other record
2053,2024-07-27,17:45:00,New York Strip,Entree,7.0,38,266.0,Cash,Dine-In,103,Emily,17,Saturday,7,July,5,True,True,2024-07-27 17:00:00,Dinner,Weekend,High-value record
2054,2024-06-30,13:45:00,Shrimp Cocktail,Appetizer,4.0,14,56.0,Cash,Dine-In,103,Emily,13,Sunday,6,June,6,True,False,2024-06-30 13:00:00,Lunch,Weekend,Other record
2055,2024-07-24,14:15:00,Mashed Potatoes,Side,1.0,7,7.0,Credit Card,Takeaway,101,Sarah,14,Wednesday,7,July,2,False,False,2024-07-24 14:00:00,Lunch,Weekday,Other record
2056,2024-09-25,15:00:00,Chocolate Lava Cake,Dessert,1.0,9,9.0,Mobile Payment,Dine-In,103,Emily,15,Wednesday,9,September,2,False,False,2024-09-25 15:00:00,Lunch,Weekday,Other record
2057,2024-02-18,13:00:00,Cabernet Sauvignon,Beverage,1.0,16,16.0,Cash,Takeaway,104,Carlos,13,Sunday,2,February,6,True,False,2024-02-18 13:00:00,Lunch,Weekend,Other record
2058,2024-06-05,11:30:00,Filet Mignon,Entree,2.0,42,84.0,Cash,Delivery,105,Nina,11,Wednesday,6,June,2,False,True,2024-06-05 11:00:00,Lunch,Weekday,High-value record
2059,2024-09-12,13:15:00,Mashed Potatoes,Side,1.0,7,7.0,Mobile Payment,Dine-In,105,Nina,13,Thursday,9,September,3,False,False,2024-09-12 13:00:00,Lunch,Weekday,Other record
2060,2024-07-10,20:15:00,Old Fashioned,Beverage,5.0,12,60.0,Mobile Payment,Dine-In,104,Carlos,20,Wednesday,7,July,2,False,False,2024-07-10 20:00:00,Dinner,Weekday,Other record
2061,2024-01-16,20:00:00,Cabernet Sauvignon,Beverage,2.0,16,32.0,Credit Card,Takeaway,101,Sarah,20,Tuesday,1,January,1,False,False,2024-01-16 20:00:00,Dinner,Weekday,Other record
2062,2024-06-27,21:15:00,Chocolate Lava Cake,Dessert,12.0,9,108.0,Cash,Dine-In,104,Carlos,21,Thursday,6,June,3,False,True,2024-06-27 21:00:00,Dinner,Weekday,High-value record
2063,2024-04-08,20:15:00,Chocolate Lava Cake,Dessert,5.0,9,45.0,Credit Card,Delivery,105,Nina,20,Monday,4,April,0,False,False,2024-04-08 20:00:00,Dinner,Weekday,Other record
2064,2024-07-18,18:00:00,Bourbon BBQ Burger,Entree,9.0,22,198.0,Cash,Takeaway,102,Jake,18,Thursday,7,July,3,False,True,2024-07-18 18:00:00,Dinner,Weekday,High-value record
2065,2024-07-06,13:15:00,Old Fashioned,Beverage,3.0,12,36.0,Credit Card,Dine-In,103,Emily,13,Saturday,7,July,5,True,False,2024-07-06 13:00:00,Lunch,Weekend,Other record
2066,2024-01-31,18:00:00,Cabernet Sauvignon,Beverage,2.0,16,32.0,Mobile Payment,Delivery,103,Emily,18,Wednesday,1,January,2,False,False,2024-01-31 18:00:00,Dinner,Weekday,Other record
2067,2024-09-26,20:45:00,Cabernet Sauvignon,Beverage,3.0,16,48.0,Credit Card,Takeaway,102,Jake,20,Thursday,9,September,3,False,False,2024-09-26 20:00:00,Dinner,Weekday,Other record
2068,2024-08-17,14:30:00,Bourbon BBQ Burger,Entree,7.0,22,154.0,Credit Card,Takeaway,104,Carlos,14,Saturday,8,August,5,True,True,2024-08-17 14:00:00,Lunch,Weekend,High-value record
2069,2024-02-12,18:00:00,Old Fashioned,Beverage,2.0,12,24.0,Credit Card,Delivery,104,Carlos,18,Monday,2,February,0,False,False,2024-02-12 18:00:00,Dinner,Weekday,Other record
2070,2024-11-08,17:30:00,Old Fashioned,Beverage,5.0,12,60.0,Mobile Payment,Delivery,101,Sarah,17,Friday,11,November,4,False,False,2024-11-08 17:00:00,Dinner,Weekday,Other record
2071,2024-09-27,11:15:00,Filet Mignon,Entree,5.0,42,210.0,Mobile Payment,Delivery,105,Nina,11,Friday,9,September,4,False,True,2024-09-27 11:00:00,Lunch,Weekday,High-value record
2072,2024-10-04,13:30:00,Truffle Fries,Side,2.0,8,16.0,Mobile Payment,Dine-In,101,Sarah,13,Friday,10,October,4,False,False,2024-10-04 13:00:00,Lunch,Weekday,Other record
2073,2024-06-04,17:15:00,Mashed Potatoes,Side,12.0,7,84.0,Cash,Delivery,104,Carlos,17,Tuesday,6,June,1,False,True,2024-06-04 17:00:00,Dinner,Weekday,High-value record
2074,2024-09-17,19:15:00,Cabernet Sauvignon,Beverage,7.0,16,112.0,Mobile Payment,Delivery,101,Sarah,19,Tuesday,9,September,1,False,True,2024-09-17 19:00:00,Dinner,Weekday,High-value record
2075,2024-04-19,12:45:00,New York Strip,Entree,3.0,38,114.0,Mobile Payment,Takeaway,101,Sarah,12,Friday,4,April,4,False,True,2024-04-19 12:00:00,Lunch,Weekday,High-value record
2076,2024-12-31,14:45:00,Caesar Salad,Appetizer,7.8,10,78.0,Mobile Payment,Delivery,101,Sarah,14,Tuesday,12,December,1,False,True,2024-12-31 14:00:00,Lunch,Weekday,High-value record
2077,2024-01-24,17:15:00,Truffle Fries,Side,2.0,8,16.0,Credit Card,Dine-In,102,Jake,17,Wednesday,1,January,2,False,False,2024-01-24 17:00:00,Dinner,Weekday,Other record
2078,2024-12-03,16:15:00,Grilled Asparagus,Side,2.0,8,16.0,Credit Card,Takeaway,101,Sarah,16,Tuesday,12,December,1,False,False,2024-12-03 16:00:00,Lunch,Weekday,Other record
2079,2024-03-20,13:15:00,Chocolate Lava Cake,Dessert,3.0,9,27.0,Credit Card,Delivery,105,Nina,13,Wednesday,3,March,2,False,False,2024-03-20 13:00:00,Lunch,Weekday,Other record
2080,2024-12-29,21:30:00,Caesar Salad,Appetizer,7.0,10,70.0,Credit Card,Delivery,101,Sarah,21,Sunday,12,December,6,True,True,2024-12-29 21:00:00,Dinner,Weekend,High-value record
2081,2024-07-31,17:45:00,Shrimp Cocktail,Appetizer,5.0,14,70.0,Credit Card,Takeaway,105,Nina,17,Wednesday,7,July,2,False,True,2024-07-31 17:00:00,Dinner,Weekday,High-value record
2082,2024-01-06,21:45:00,Ribeye Steak,Entree,7.0,35,245.0,Cash,Delivery,102,Jake,21,Saturday,1,January,5,True,True,2024-01-06 21:00:00,Dinner,Weekend,High-value record
2083,2024-02-06,21:00:00,Filet Mignon,Entree,4.0,42,168.0,Credit Card,Dine-In,102,Jake,21,Tuesday,2,February,1,False,True,2024-02-06 21:00:00,Dinner,Weekday,High-value record
2084,2024-10-01,16:15:00,Truffle Fries,Side,3.0,8,24.0,Mobile Payment,Delivery,104,Carlos,16,Tuesday,10,October,1,False,False,2024-10-01 16:00:00,Lunch,Weekday,Other record
2085,2024-05-25,19:30:00,Shrimp Cocktail,Appetizer,9.0,14,126.0,Credit Card,Dine-In,101,Sarah,19,Saturday,5,May,5,True,True,2024-05-25 19:00:00,Dinner,Weekend,High-value record
2086,2024-07-21,14:00:00,Cabernet Sauvignon,Beverage,4.0,16,64.0,Cash,Dine-In,105,Nina,14,Sunday,7,July,6,True,True,2024-07-21 14:00:00,Lunch,Weekend,High-value record
2087,2024-01-19,18:45:00,Filet Mignon,Entree,2.0,42,84.0,Cash,Dine-In,104,Carlos,18,Friday,1,January,4,False,True,2024-01-19 18:00:00,Dinner,Weekday,High-value record
2088,2024-04-04,12:00:00,Caesar Salad,Appetizer,4.0,10,40.0,Mobile Payment,Takeaway,104,Carlos,12,Thursday,4,April,3,False,False,2024-04-04 12:00:00,Lunch,Weekday,Other record
2089,2024-03-14,18:00:00,Bourbon BBQ Burger,Entree,11.0,22,242.0,Cash,Dine-In,103,Emily,18,Thursday,3,March,3,False,True,2024-03-14 18:00:00,Dinner,Weekday,High-value record
2090,2024-01-23,20:00:00,New York Strip,Entree,6.0,38,228.0,Credit Card,Dine-In,103,Emily,20,Tuesday,1,January,1,False,True,2024-01-23 20:00:00,Dinner,Weekday,High-value record
2091,2024-08-24,14:00:00,Grilled Asparagus,Side,8.0,8,64.0,Cash,Takeaway,105,Nina,14,Saturday,8,August,5,True,True,2024-08-24 14:00:00,Lunch,Weekend,High-value record
2092,2024-02-02,14:15:00,Bourbon BBQ Burger,Entree,3.0,22,66.0,Credit Card,Delivery,104,Carlos,14,Friday,2,February,4,False,True,2024-02-02 14:00:00,Lunch,Weekday,High-value record
2093,2024-01-13,18:00:00,Caesar Salad,Appetizer,9.0,10,90.0,Mobile Payment,Takeaway,105,Nina,18,Saturday,1,January,5,True,True,2024-01-13 18:00:00,Dinner,Weekend,High-value record
2094,2024-03-23,13:30:00,Ribeye Steak,Entree,1.0,35,35.0,Mobile Payment,Dine-In,104,Carlos,13,Saturday,3,March,5,True,False,2024-03-23 13:00:00,Lunch,Weekend,Other record
2095,2024-09-22,19:00:00,Chocolate Lava Cake,Dessert,4.0,9,36.0,Mobile Payment,Takeaway,103,Emily,19,Sunday,9,September,6,True,False,2024-09-22 19:00:00,Dinner,Weekend,Other record
2096,2024-01-20,13:00:00,Bourbon BBQ Burger,Entree,4.0,22,88.0,Cash,Takeaway,101,Sarah,13,Saturday,1,January,5,True,True,2024-01-20 13:00:00,Lunch,Weekend,High-value record
2097,2024-10-15,11:45:00,Chocolate Lava Cake,Dessert,1.0,9,9.0,Cash,Delivery,101,Sarah,11,Tuesday,10,October,1,False,False,2024-10-15 11:00:00,Lunch,Weekday,Other record
2098,2024-10-15,19:00:00,Ribeye Steak,Entree,8.0,35,280.0,Mobile Payment,Delivery,104,Carlos,19,Tuesday,10,October,1,False,True,2024-10-15 19:00:00,Dinner,Weekday,High-value record
2099,2024-05-24,21:45:00,Old Fashioned,Beverage,4.0,12,48.0,Mobile Payment,Takeaway,105,Nina,21,Friday,5,May,4,False,False,2024-05-24 21:00:00,Dinner,Weekday,Other record
2100,2024-05-08,16:45:00,Old Fashioned,Beverage,2.0,12,24.0,Credit Card,Delivery,103,Emily,16,Wednesday,5,May,2,False,False,2024-05-08 16:00:00,Lunch,Weekday,Other record
2101,2024-04-24,13:30:00,Bourbon BBQ Burger,Entree,2.0,22,44.0,Credit Card,Takeaway,102,Jake,13,Wednesday,4,April,2,False,False,2024-04-24 13:00:00,Lunch,Weekday,Other record
2102,2024-07-07,22:00:00,Grilled Asparagus,Side,6.0,8,48.0,Cash,Dine-In,104,Carlos,22,Sunday,7,July,6,True,False,2024-07-07 22:00:00,Dinner,Weekend,Other record
2103,2024-07-29,22:15:00,Grilled Asparagus,Side,4.0,8,32.0,Mobile Payment,Takeaway,102,Jake,22,Monday,7,July,0,False,False,2024-07-29 22:00:00,Dinner,Weekday,Other record
2104,2024-07-26,17:45:00,Old Fashioned,Beverage,8.0,12,96.0,Credit Card,Takeaway,104,Carlos,17,Friday,7,July,4,False,True,2024-07-26 17:00:00,Dinner,Weekday,High-value record
2105,2024-07-05,16:30:00,Bourbon BBQ Burger,Entree,6.0,22,132.0,Cash,Delivery,105,Nina,16,Friday,7,July,4,False,True,2024-07-05 16:00:00,Lunch,Weekday,High-value record
2106,2024-04-15,14:15:00,Truffle Fries,Side,2.0,8,16.0,Mobile Payment,Dine-In,105,Nina,14,Monday,4,April,0,False,False,2024-04-15 14:00:00,Lunch,Weekday,Other record
2107,2024-07-05,18:45:00,Mashed Potatoes,Side,6.0,7,42.0,Cash,Takeaway,102,Jake,18,Friday,7,July,4,False,False,2024-07-05 18:00:00,Dinner,Weekday,Other record
2108,2024-08-28,12:45:00,Shrimp Cocktail,Appetizer,4.0,14,56.0,Credit Card,Dine-In,102,Jake,12,Wednesday,8,August,2,False,False,2024-08-28 12:00:00,Lunch,Weekday,Other record
2109,2024-04-21,16:15:00,Bourbon BBQ Burger,Entree,4.0,22,88.0,Mobile Payment,Takeaway,102,Jake,16,Sunday,4,April,6,True,True,2024-04-21 16:00:00,Lunch,Weekend,High-value record
2110,2024-08-14,11:15:00,Grilled Asparagus,Side,6.0,8,48.0,Mobile Payment,Dine-In,103,Emily,11,Wednesday,8,August,2,False,False,2024-08-14 11:00:00,Lunch,Weekday,Other record
2111,2024-12-14,20:15:00,Bourbon BBQ Burger,Entree,7.0,22,154.0,Mobile Payment,Dine-In,102,Jake,20,Saturday,12,December,5,True,True,2024-12-14 20:00:00,Dinner,Weekend,High-value record
2112,2024-07-29,16:45:00,Caesar Salad,Appetizer,2.0,10,20.0,Credit Card,Takeaway,105,Nina,16,Monday,7,July,0,False,False,2024-07-29 16:00:00,Lunch,Weekday,Other record
2113,2024-11-09,19:00:00,Bourbon BBQ Burger,Entree,2.0,22,44.0,Cash,Dine-In,101,Sarah,19,Saturday,11,November,5,True,False,2024-11-09 19:00:00,Dinner,Weekend,Other record
2114,2024-01-05,11:30:00,Filet Mignon,Entree,4.0,42,168.0,Credit Card,Dine-In,102,Jake,11,Friday,1,January,4,False,True,2024-01-05 11:00:00,Lunch,Weekday,High-value record
2115,2024-04-19,15:00:00,Mashed Potatoes,Side,6.0,7,42.0,Credit Card,Delivery,104,Carlos,15,Friday,4,April,4,False,False,2024-04-19 15:00:00,Lunch,Weekday,Other record
2116,2024-08-31,16:15:00,Shrimp Cocktail,Appetizer,6.0,14,84.0,Cash,Delivery,102,Jake,16,Saturday,8,August,5,True,True,2024-08-31 16:00:00,Lunch,Weekend,High-value record
2117,2024-03-18,13:45:00,Filet Mignon,Entree,5.0,42,210.0,Mobile Payment,Takeaway,102,Jake,13,Monday,3,March,0,False,True,2024-03-18 13:00:00,Lunch,Weekday,High-value record
2118,2024-10-14,19:45:00,Truffle Fries,Side,6.0,8,48.0,Mobile Payment,Dine-In,101,Sarah,19,Monday,10,October,0,False,False,2024-10-14 19:00:00,Dinner,Weekday,Other record
2119,2024-12-05,13:45:00,Filet Mignon,Entree,1.0,42,42.0,Cash,Takeaway,104,Carlos,13,Thursday,12,December,3,False,False,2024-12-05 13:00:00,Lunch,Weekday,Other record
2120,2024-07-13,18:15:00,Ribeye Steak,Entree,9.0,35,315.0,Mobile Payment,Takeaway,104,Carlos,18,Saturday,7,July,5,True,True,2024-07-13 18:00:00,Dinner,Weekend,High-value record
2121,2024-10-26,20:15:00,Old Fashioned,Beverage,2.0,12,24.0,Credit Card,Delivery,105,Nina,20,Saturday,10,October,5,True,False,2024-10-26 20:00:00,Dinner,Weekend,Other record
2122,2024-06-25,16:00:00,Mashed Potatoes,Side,1.0,7,7.0,Cash,Dine-In,105,Nina,16,Tuesday,6,June,1,False,False,2024-06-25 16:00:00,Lunch,Weekday,Other record
2123,2024-06-02,21:45:00,New York Strip,Entree,2.0,38,76.0,Mobile Payment,Dine-In,103,Emily,21,Sunday,6,June,6,True,True,2024-06-02 21:00:00,Dinner,Weekend,High-value record
2124,2024-05-29,22:00:00,Mashed Potatoes,Side,10.0,7,70.0,Credit Card,Dine-In,105,Nina,22,Wednesday,5,May,2,False,True,2024-05-29 22:00:00,Dinner,Weekday,High-value record
2125,2024-10-29,17:15:00,Mashed Potatoes,Side,6.0,7,42.0,Cash,Delivery,103,Emily,17,Tuesday,10,October,1,False,False,2024-10-29 17:00:00,Dinner,Weekday,Other record
2126,2024-09-23,11:45:00,Mashed Potatoes,Side,2.0,7,14.0,Cash,Delivery,102,Jake,11,Monday,9,September,0,False,False,2024-09-23 11:00:00,Lunch,Weekday,Other record
2127,2024-12-24,15:30:00,Old Fashioned,Beverage,4.0,12,48.0,Credit Card,Dine-In,103,Emily,15,Tuesday,12,December,1,False,False,2024-12-24 15:00:00,Lunch,Weekday,Other record
2128,2024-12-02,18:00:00,Mashed Potatoes,Side,11.0,7,77.0,Cash,Dine-In,105,Nina,18,Monday,12,December,0,False,True,2024-12-02 18:00:00,Dinner,Weekday,High-value record
2129,2024-01-06,22:00:00,Shrimp Cocktail,Appetizer,9.0,14,126.0,Cash,Takeaway,104,Carlos,22,Saturday,1,January,5,True,True,2024-01-06 22:00:00,Dinner,Weekend,High-value record
2130,2024-07-17,11:30:00,Truffle Fries,Side,4.0,8,32.0,Credit Card,Takeaway,105,Nina,11,Wednesday,7,July,2,False,False,2024-07-17 11:00:00,Lunch,Weekday,Other record
2131,2024-08-05,17:30:00,New York Strip,Entree,7.0,38,266.0,Mobile Payment,Takeaway,105,Nina,17,Monday,8,August,0,False,True,2024-08-05 17:00:00,Dinner,Weekday,High-value record
2132,2024-04-08,18:30:00,Shrimp Cocktail,Appetizer,2.0,14,28.0,Credit Card,Delivery,101,Sarah,18,Monday,4,April,0,False,False,2024-04-08 18:00:00,Dinner,Weekday,Other record
2133,2024-12-07,16:00:00,Ribeye Steak,Entree,4.0,35,140.0,Cash,Dine-In,101,Sarah,16,Saturday,12,December,5,True,True,2024-12-07 16:00:00,Lunch,Weekend,High-value record
2134,2024-03-31,16:00:00,New York Strip,Entree,4.0,38,152.0,Cash,Dine-In,101,Sarah,16,Sunday,3,March,6,True,True,2024-03-31 16:00:00,Lunch,Weekend,High-value record
2135,2024-01-05,22:00:00,Truffle Fries,Side,5.0,8,40.0,Mobile Payment,Dine-In,102,Jake,22,Friday,1,January,4,False,False,2024-01-05 22:00:00,Dinner,Weekday,Other record
2136,2024-10-25,21:45:00,Bourbon BBQ Burger,Entree,6.0,22,132.0,Mobile Payment,Dine-In,105,Nina,21,Friday,10,October,4,False,True,2024-10-25 21:00:00,Dinner,Weekday,High-value record
2137,2024-03-03,11:15:00,Caesar Salad,Appetizer,1.0,10,10.0,Cash,Dine-In,101,Sarah,11,Sunday,3,March,6,True,False,2024-03-03 11:00:00,Lunch,Weekend,Other record
2138,2024-01-02,17:15:00,Caesar Salad,Appetizer,2.0,10,20.0,Mobile Payment,Dine-In,104,Carlos,17,Tuesday,1,January,1,False,False,2024-01-02 17:00:00,Dinner,Weekday,Other record
2139,2024-06-13,21:15:00,Old Fashioned,Beverage,4.0,12,48.0,Mobile Payment,Takeaway,105,Nina,21,Thursday,6,June,3,False,False,2024-06-13 21:00:00,Dinner,Weekday,Other record
2140,2024-12-27,13:45:00,Shrimp Cocktail,Appetizer,7.0,14,98.0,Cash,Takeaway,102,Jake,13,Friday,12,December,4,False,True,2024-12-27 13:00:00,Lunch,Weekday,High-value record
2141,2024-09-16,11:00:00,New York Strip,Entree,2.0,38,76.0,Credit Card,Dine-In,105,Nina,11,Monday,9,September,0,False,True,2024-09-16 11:00:00,Lunch,Weekday,High-value record
2142,2024-10-21,14:00:00,Truffle Fries,Side,1.0,8,8.0,Cash,Dine-In,103,Emily,14,Monday,10,October,0,False,False,2024-10-21 14:00:00,Lunch,Weekday,Other record
2143,2024-04-26,13:45:00,Bourbon BBQ Burger,Entree,8.0,22,176.0,Credit Card,Delivery,104,Carlos,13,Friday,4,April,4,False,True,2024-04-26 13:00:00,Lunch,Weekday,High-value record
2144,2024-09-16,21:30:00,Caesar Salad,Appetizer,7.0,10,70.0,Credit Card,Takeaway,102,Jake,21,Monday,9,September,0,False,True,2024-09-16 21:00:00,Dinner,Weekday,High-value record
2145,2024-09-28,11:30:00,Shrimp Cocktail,Appetizer,4.0,14,56.0,Cash,Dine-In,101,Sarah,11,Saturday,9,September,5,True,False,2024-09-28 11:00:00,Lunch,Weekend,Other record
2146,2024-09-09,16:00:00,Chocolate Lava Cake,Dessert,4.0,9,36.0,Cash,Delivery,104,Carlos,16,Monday,9,September,0,False,False,2024-09-09 16:00:00,Lunch,Weekday,Other record
2147,2024-01-07,22:00:00,Mashed Potatoes,Side,11.0,7,77.0,Credit Card,Delivery,105,Nina,22,Sunday,1,January,6,True,True,2024-01-07 22:00:00,Dinner,Weekend,High-value record
2148,2024-12-13,12:30:00,Truffle Fries,Side,5.0,8,40.0,Credit Card,Takeaway,104,Carlos,12,Friday,12,December,4,False,False,2024-12-13 12:00:00,Lunch,Weekday,Other record
2149,2024-07-08,18:30:00,Old Fashioned,Beverage,7.0,12,84.0,Mobile Payment,Delivery,102,Jake,18,Monday,7,July,0,False,True,2024-07-08 18:00:00,Dinner,Weekday,High-value record
2150,2024-04-26,20:15:00,Ribeye Steak,Entree,5.0,35,175.0,Credit Card,Takeaway,104,Carlos,20,Friday,4,April,4,False,True,2024-04-26 20:00:00,Dinner,Weekday,High-value record
2151,2024-06-15,17:45:00,Old Fashioned,Beverage,7.0,12,84.0,Cash,Dine-In,104,Carlos,17,Saturday,6,June,5,True,True,2024-06-15 17:00:00,Dinner,Weekend,High-value record
2152,2024-08-02,11:15:00,Mashed Potatoes,Side,5.0,7,35.0,Mobile Payment,Dine-In,104,Carlos,11,Friday,8,August,4,False,False,2024-08-02 11:00:00,Lunch,Weekday,Other record
2153,2024-07-06,11:45:00,Bourbon BBQ Burger,Entree,4.0,22,88.0,Cash,Delivery,102,Jake,11,Saturday,7,July,5,True,True,2024-07-06 11:00:00,Lunch,Weekend,High-value record
2154,2024-04-21,12:00:00,Grilled Asparagus,Side,5.0,8,40.0,Cash,Takeaway,103,Emily,12,Sunday,4,April,6,True,False,2024-04-21 12:00:00,Lunch,Weekend,Other record
2155,2024-04-11,11:45:00,Grilled Asparagus,Side,2.0,8,16.0,Credit Card,Delivery,103,Emily,11,Thursday,4,April,3,False,False,2024-04-11 11:00:00,Lunch,Weekday,Other record
2156,2024-04-26,14:45:00,Chocolate Lava Cake,Dessert,6.0,9,54.0,Credit Card,Takeaway,102,Jake,14,Friday,4,April,4,False,False,2024-04-26 14:00:00,Lunch,Weekday,Other record
2157,2024-09-06,21:00:00,Mashed Potatoes,Side,2.0,7,14.0,Cash,Takeaway,104,Carlos,21,Friday,9,September,4,False,False,2024-09-06 21:00:00,Dinner,Weekday,Other record
2158,2024-11-07,15:15:00,Caesar Salad,Appetizer,6.0,10,60.0,Credit Card,Dine-In,104,Carlos,15,Thursday,11,November,3,False,False,2024-11-07 15:00:00,Lunch,Weekday,Other record
2159,2024-09-08,11:30:00,Bourbon BBQ Burger,Entree,2.0,22,44.0,Credit Card,Delivery,103,Emily,11,Sunday,9,September,6,True,False,2024-09-08 11:00:00,Lunch,Weekend,Other record
2160,2024-12-16,20:45:00,Chocolate Lava Cake,Dessert,2.0,9,18.0,Mobile Payment,Dine-In,105,Nina,20,Monday,12,December,0,False,False,2024-12-16 20:00:00,Dinner,Weekday,Other record
2161,2024-05-24,16:30:00,Truffle Fries,Side,3.0,8,24.0,Credit Card,Delivery,104,Carlos,16,Friday,5,May,4,False,False,2024-05-24 16:00:00,Lunch,Weekday,Other record
2162,2024-02-02,11:45:00,Mashed Potatoes,Side,7.0,7,49.0,Cash,Dine-In,103,Emily,11,Friday,2,February,4,False,False,2024-02-02 11:00:00,Lunch,Weekday,Other record
2163,2024-12-18,14:30:00,Bourbon BBQ Burger,Entree,4.0,22,88.0,Credit Card,Delivery,103,Emily,14,Wednesday,12,December,2,False,True,2024-12-18 14:00:00,Lunch,Weekday,High-value record
2164,2024-10-22,16:15:00,New York Strip,Entree,3.0,38,114.0,Mobile Payment,Delivery,102,Jake,16,Tuesday,10,October,1,False,True,2024-10-22 16:00:00,Lunch,Weekday,High-value record
2165,2024-12-28,20:15:00,Caesar Salad,Appetizer,7.0,10,70.0,Mobile Payment,Takeaway,101,Sarah,20,Saturday,12,December,5,True,True,2024-12-28 20:00:00,Dinner,Weekend,High-value record
2166,2024-06-09,19:00:00,Grilled Asparagus,Side,4.0,8,32.0,Mobile Payment,Takeaway,101,Sarah,19,Sunday,6,June,6,True,False,2024-06-09 19:00:00,Dinner,Weekend,Other record
2167,2024-09-27,18:45:00,Chocolate Lava Cake,Dessert,7.0,9,63.0,Cash,Takeaway,104,Carlos,18,Friday,9,September,4,False,True,2024-09-27 18:00:00,Dinner,Weekday,High-value record
2168,2024-04-08,15:15:00,Mashed Potatoes,Side,1.0,7,7.0,Credit Card,Dine-In,102,Jake,15,Monday,4,April,0,False,False,2024-04-08 15:00:00,Lunch,Weekday,Other record
2169,2024-11-20,11:30:00,Mashed Potatoes,Side,4.0,7,28.0,Credit Card,Delivery,102,Jake,11,Wednesday,11,November,2,False,False,2024-11-20 11:00:00,Lunch,Weekday,Other record
2170,2024-05-19,16:45:00,Mashed Potatoes,Side,5.0,7,35.0,Mobile Payment,Dine-In,102,Jake,16,Sunday,5,May,6,True,False,2024-05-19 16:00:00,Lunch,Weekend,Other record
2171,2024-11-01,20:00:00,Shrimp Cocktail,Appetizer,2.0,14,28.0,Mobile Payment,Dine-In,105,Nina,20,Friday,11,November,4,False,False,2024-11-01 20:00:00,Dinner,Weekday,Other record
2172,2024-09-15,15:15:00,Grilled Asparagus,Side,4.0,8,32.0,Mobile Payment,Dine-In,103,Emily,15,Sunday,9,September,6,True,False,2024-09-15 15:00:00,Lunch,Weekend,Other record
2173,2024-05-13,14:15:00,Shrimp Cocktail,Appetizer,1.0,14,14.0,Cash,Delivery,104,Carlos,14,Monday,5,May,0,False,False,2024-05-13 14:00:00,Lunch,Weekday,Other record
2174,2024-02-10,16:45:00,New York Strip,Entree,6.0,38,228.0,Mobile Payment,Takeaway,105,Nina,16,Saturday,2,February,5,True,True,2024-02-10 16:00:00,Lunch,Weekend,High-value record
2175,2024-03-21,20:45:00,Mashed Potatoes,Side,2.0,7,14.0,Credit Card,Takeaway,103,Emily,20,Thursday,3,March,3,False,False,2024-03-21 20:00:00,Dinner,Weekday,Other record
2176,2024-04-11,22:45:00,Shrimp Cocktail,Appetizer,4.0,14,56.0,Mobile Payment,Dine-In,103,Emily,22,Thursday,4,April,3,False,False,2024-04-11 22:00:00,Dinner,Weekday,Other record
2177,2024-01-09,12:00:00,Mashed Potatoes,Side,5.0,7,35.0,Credit Card,Takeaway,102,Jake,12,Tuesday,1,January,1,False,False,2024-01-09 12:00:00,Lunch,Weekday,Other record
2178,2024-06-10,22:45:00,Cabernet Sauvignon,Beverage,2.0,16,32.0,Mobile Payment,Takeaway,103,Emily,22,Monday,6,June,0,False,False,2024-06-10 22:00:00,Dinner,Weekday,Other record
2179,2024-07-21,13:30:00,Chocolate Lava Cake,Dessert,1.0,9,9.0,Mobile Payment,Takeaway,103,Emily,13,Sunday,7,July,6,True,False,2024-07-21 13:00:00,Lunch,Weekend,Other record
2180,2024-10-16,20:00:00,Cabernet Sauvignon,Beverage,2.0,16,32.0,Mobile Payment,Delivery,102,Jake,20,Wednesday,10,October,2,False,False,2024-10-16 20:00:00,Dinner,Weekday,Other record
2181,2024-09-11,12:00:00,New York Strip,Entree,2.0,38,76.0,Cash,Delivery,102,Jake,12,Wednesday,9,September,2,False,True,2024-09-11 12:00:00,Lunch,Weekday,High-value record
2182,2024-12-31,14:00:00,Mashed Potatoes,Side,3.9,7,27.3,Credit Card,Dine-In,104,Carlos,14,Tuesday,12,December,1,False,False,2024-12-31 14:00:00,Lunch,Weekday,Other record
2183,2024-06-24,12:45:00,Grilled Asparagus,Side,5.0,8,40.0,Cash,Delivery,104,Carlos,12,Monday,6,June,0,False,False,2024-06-24 12:00:00,Lunch,Weekday,Other record
2184,2024-11-24,17:15:00,Cabernet Sauvignon,Beverage,2.0,16,32.0,Cash,Takeaway,102,Jake,17,Sunday,11,November,6,True,False,2024-11-24 17:00:00,Dinner,Weekend,Other record
2185,2024-02-29,15:15:00,Caesar Salad,Appetizer,1.0,10,10.0,Mobile Payment,Delivery,105,Nina,15,Thursday,2,February,3,False,False,2024-02-29 15:00:00,Lunch,Weekday,Other record
2186,2024-01-13,11:15:00,Old Fashioned,Beverage,2.0,12,24.0,Cash,Dine-In,102,Jake,11,Saturday,1,January,5,True,False,2024-01-13 11:00:00,Lunch,Weekend,Other record
2187,2024-03-19,13:30:00,Mashed Potatoes,Side,5.0,7,35.0,Mobile Payment,Delivery,104,Carlos,13,Tuesday,3,March,1,False,False,2024-03-19 13:00:00,Lunch,Weekday,Other record
2188,2024-01-10,19:30:00,Old Fashioned,Beverage,2.0,12,24.0,Mobile Payment,Delivery,104,Carlos,19,Wednesday,1,January,2,False,False,2024-01-10 19:00:00,Dinner,Weekday,Other record
2189,2024-10-08,12:00:00,Caesar Salad,Appetizer,5.0,10,50.0,Cash,Dine-In,102,Jake,12,Tuesday,10,October,1,False,False,2024-10-08 12:00:00,Lunch,Weekday,Other record
2190,2024-10-25,18:00:00,Mashed Potatoes,Side,2.0,7,14.0,Mobile Payment,Takeaway,105,Nina,18,Friday,10,October,4,False,False,2024-10-25 18:00:00,Dinner,Weekday,Other record
2191,2024-03-25,17:15:00,New York Strip,Entree,9.0,38,342.0,Cash,Delivery,105,Nina,17,Monday,3,March,0,False,True,2024-03-25 17:00:00,Dinner,Weekday,High-value record
2192,2024-05-24,15:30:00,Cabernet Sauvignon,Beverage,6.0,16,96.0,Cash,Dine-In,105,Nina,15,Friday,5,May,4,False,True,2024-05-24 15:00:00,Lunch,Weekday,High-value record
2193,2024-05-11,16:15:00,Mashed Potatoes,Side,6.0,7,42.0,Credit Card,Dine-In,103,Emily,16,Saturday,5,May,5,True,False,2024-05-11 16:00:00,Lunch,Weekend,Other record
2194,2024-08-19,11:45:00,Chocolate Lava Cake,Dessert,5.0,9,45.0,Credit Card,Dine-In,102,Jake,11,Monday,8,August,0,False,False,2024-08-19 11:00:00,Lunch,Weekday,Other record
2195,2024-02-27,11:45:00,Filet Mignon,Entree,2.0,42,84.0,Cash,Delivery,103,Emily,11,Tuesday,2,February,1,False,True,2024-02-27 11:00:00,Lunch,Weekday,High-value record
2196,2024-12-19,21:15:00,Chocolate Lava Cake,Dessert,6.0,9,54.0,Credit Card,Takeaway,101,Sarah,21,Thursday,12,December,3,False,False,2024-12-19 21:00:00,Dinner,Weekday,Other record
2197,2024-11-27,21:15:00,Chocolate Lava Cake,Dessert,6.0,9,54.0,Cash,Delivery,101,Sarah,21,Wednesday,11,November,2,False,False,2024-11-27 21:00:00,Dinner,Weekday,Other record
2198,2024-06-07,11:15:00,New York Strip,Entree,5.0,38,190.0,Cash,Takeaway,104,Carlos,11,Friday,6,June,4,False,True,2024-06-07 11:00:00,Lunch,Weekday,High-value record
2199,2024-06-16,18:45:00,Chocolate Lava Cake,Dessert,5.0,9,45.0,Credit Card,Takeaway,105,Nina,18,Sunday,6,June,6,True,False,2024-06-16 18:00:00,Dinner,Weekend,Other record
2200,2024-11-01,15:15:00,Filet Mignon,Entree,8.0,42,336.0,Cash,Dine-In,101,Sarah,15,Friday,11,November,4,False,True,2024-11-01 15:00:00,Lunch,Weekday,High-value record
2201,2024-11-13,11:00:00,Shrimp Cocktail,Appetizer,1.0,14,14.0,Credit Card,Takeaway,104,Carlos,11,Wednesday,11,November,2,False,False,2024-11-13 11:00:00,Lunch,Weekday,Other record
2202,2024-10-17,13:00:00,Ribeye Steak,Entree,3.0,35,105.0,Cash,Delivery,102,Jake,13,Thursday,10,October,3,False,True,2024-10-17 13:00:00,Lunch,Weekday,High-value record
2203,2024-08-04,22:30:00,Filet Mignon,Entree,5.0,42,210.0,Credit Card,Delivery,101,Sarah,22,Sunday,8,August,6,True,True,2024-08-04 22:00:00,Dinner,Weekend,High-value record
2204,2024-06-01,11:00:00,Shrimp Cocktail,Appetizer,3.0,14,42.0,Credit Card,Takeaway,102,Jake,11,Saturday,6,June,5,True,False,2024-06-01 11:00:00,Lunch,Weekend,Other record
2205,2024-03-02,21:00:00,Old Fashioned,Beverage,3.0,12,36.0,Cash,Dine-In,101,Sarah,21,Saturday,3,March,5,True,False,2024-03-02 21:00:00,Dinner,Weekend,Other record
2206,2024-04-30,18:30:00,Shrimp Cocktail,Appetizer,2.0,14,28.0,Mobile Payment,Delivery,104,Carlos,18,Tuesday,4,April,1,False,False,2024-04-30 18:00:00,Dinner,Weekday,Other record
2207,2024-02-02,22:15:00,Caesar Salad,Appetizer,2.0,10,20.0,Credit Card,Delivery,104,Carlos,22,Friday,2,February,4,False,False,2024-02-02 22:00:00,Dinner,Weekday,Other record
2208,2024-01-16,11:45:00,Grilled Asparagus,Side,4.0,8,32.0,Credit Card,Dine-In,101,Sarah,11,Tuesday,1,January,1,False,False,2024-01-16 11:00:00,Lunch,Weekday,Other record
2209,2024-10-22,11:00:00,Shrimp Cocktail,Appetizer,3.0,14,42.0,Mobile Payment,Takeaway,102,Jake,11,Tuesday,10,October,1,False,False,2024-10-22 11:00:00,Lunch,Weekday,Other record
2210,2024-05-16,11:30:00,Caesar Salad,Appetizer,2.0,10,20.0,Mobile Payment,Takeaway,101,Sarah,11,Thursday,5,May,3,False,False,2024-05-16 11:00:00,Lunch,Weekday,Other record
2211,2024-11-28,11:45:00,Cabernet Sauvignon,Beverage,3.6,16,57.6,Cash,Delivery,101,Sarah,11,Thursday,11,November,3,False,False,2024-11-28 11:00:00,Lunch,Weekday,Other record
2212,2024-05-26,16:00:00,Chocolate Lava Cake,Dessert,3.0,9,27.0,Credit Card,Takeaway,105,Nina,16,Sunday,5,May,6,True,False,2024-05-26 16:00:00,Lunch,Weekend,Other record
2213,2024-03-24,16:30:00,Truffle Fries,Side,5.0,8,40.0,Mobile Payment,Dine-In,103,Emily,16,Sunday,3,March,6,True,False,2024-03-24 16:00:00,Lunch,Weekend,Other record
2214,2024-11-23,16:45:00,New York Strip,Entree,10.0,38,380.0,Credit Card,Takeaway,104,Carlos,16,Saturday,11,November,5,True,True,2024-11-23 16:00:00,Lunch,Weekend,High-value record
2215,2024-06-26,15:15:00,Bourbon BBQ Burger,Entree,4.0,22,88.0,Mobile Payment,Delivery,104,Carlos,15,Wednesday,6,June,2,False,True,2024-06-26 15:00:00,Lunch,Weekday,High-value record
2216,2024-07-03,17:00:00,Chocolate Lava Cake,Dessert,6.0,9,54.0,Cash,Takeaway,103,Emily,17,Wednesday,7,July,2,False,False,2024-07-03 17:00:00,Dinner,Weekday,Other record
2217,2024-11-26,18:45:00,Cabernet Sauvignon,Beverage,5.0,16,80.0,Cash,Takeaway,105,Nina,18,Tuesday,11,November,1,False,True,2024-11-26 18:00:00,Dinner,Weekday,High-value record
2218,2024-11-16,13:30:00,Cabernet Sauvignon,Beverage,4.0,16,64.0,Mobile Payment,Dine-In,102,Jake,13,Saturday,11,November,5,True,True,2024-11-16 13:00:00,Lunch,Weekend,High-value record
2219,2024-12-20,17:00:00,Grilled Asparagus,Side,2.0,8,16.0,Mobile Payment,Delivery,101,Sarah,17,Friday,12,December,4,False,False,2024-12-20 17:00:00,Dinner,Weekday,Other record
2220,2024-09-23,12:00:00,Shrimp Cocktail,Appetizer,4.0,14,56.0,Mobile Payment,Dine-In,102,Jake,12,Monday,9,September,0,False,False,2024-09-23 12:00:00,Lunch,Weekday,Other record
2221,2024-12-16,22:30:00,Old Fashioned,Beverage,2.0,12,24.0,Credit Card,Delivery,103,Emily,22,Monday,12,December,0,False,False,2024-12-16 22:00:00,Dinner,Weekday,Other record
2222,2024-10-07,17:45:00,Caesar Salad,Appetizer,9.0,10,90.0,Credit Card,Delivery,104,Carlos,17,Monday,10,October,0,False,True,2024-10-07 17:00:00,Dinner,Weekday,High-value record
2223,2024-12-18,12:15:00,Bourbon BBQ Burger,Entree,4.0,22,88.0,Cash,Delivery,102,Jake,12,Wednesday,12,December,2,False,True,2024-12-18 12:00:00,Lunch,Weekday,High-value record
2224,2024-01-01,19:00:00,Old Fashioned,Beverage,6.0,12,72.0,Cash,Delivery,103,Emily,19,Monday,1,January,0,False,True,2024-01-01 19:00:00,Dinner,Weekday,High-value record
2225,2024-05-03,17:30:00,Caesar Salad,Appetizer,10.0,10,100.0,Mobile Payment,Dine-In,102,Jake,17,Friday,5,May,4,False,True,2024-05-03 17:00:00,Dinner,Weekday,High-value record
2226,2024-01-13,11:00:00,Shrimp Cocktail,Appetizer,2.0,14,28.0,Cash,Dine-In,101,Sarah,11,Saturday,1,January,5,True,False,2024-01-13 11:00:00,Lunch,Weekend,Other record
2227,2024-02-04,15:45:00,Filet Mignon,Entree,4.0,42,168.0,Credit Card,Delivery,104,Carlos,15,Sunday,2,February,6,True,True,2024-02-04 15:00:00,Lunch,Weekend,High-value record
2228,2024-01-06,22:30:00,Mashed Potatoes,Side,8.0,7,56.0,Credit Card,Dine-In,103,Emily,22,Saturday,1,January,5,True,False,2024-01-06 22:00:00,Dinner,Weekend,Other record
2229,2024-08-07,20:45:00,Bourbon BBQ Burger,Entree,10.0,22,220.0,Mobile Payment,Dine-In,104,Carlos,20,Wednesday,8,August,2,False,True,2024-08-07 20:00:00,Dinner,Weekday,High-value record
2230,2024-01-17,18:30:00,Mashed Potatoes,Side,2.0,7,14.0,Credit Card,Delivery,104,Carlos,18,Wednesday,1,January,2,False,False,2024-01-17 18:00:00,Dinner,Weekday,Other record
2231,2024-07-15,19:00:00,Grilled Asparagus,Side,10.0,8,80.0,Mobile Payment,Takeaway,104,Carlos,19,Monday,7,July,0,False,True,2024-07-15 19:00:00,Dinner,Weekday,High-value record
2232,2024-01-14,17:00:00,Old Fashioned,Beverage,2.0,12,24.0,Credit Card,Takeaway,105,Nina,17,Sunday,1,January,6,True,False,2024-01-14 17:00:00,Dinner,Weekend,Other record
2233,2024-02-17,12:15:00,Truffle Fries,Side,1.0,8,8.0,Credit Card,Takeaway,103,Emily,12,Saturday,2,February,5,True,False,2024-02-17 12:00:00,Lunch,Weekend,Other record
2234,2024-05-03,20:45:00,Ribeye Steak,Entree,7.0,35,245.0,Credit Card,Delivery,104,Carlos,20,Friday,5,May,4,False,True,2024-05-03 20:00:00,Dinner,Weekday,High-value record
2235,2024-04-20,20:45:00,Filet Mignon,Entree,2.0,42,84.0,Mobile Payment,Dine-In,105,Nina,20,Saturday,4,April,5,True,True,2024-04-20 20:00:00,Dinner,Weekend,High-value record
2236,2024-12-11,11:45:00,Filet Mignon,Entree,6.0,42,252.0,Cash,Takeaway,103,Emily,11,Wednesday,12,December,2,False,True,2024-12-11 11:00:00,Lunch,Weekday,High-value record
2237,2024-12-22,20:45:00,Cabernet Sauvignon,Beverage,2.0,16,32.0,Credit Card,Delivery,101,Sarah,20,Sunday,12,December,6,True,False,2024-12-22 20:00:00,Dinner,Weekend,Other record
2238,2024-12-23,19:45:00,New York Strip,Entree,7.0,38,266.0,Credit Card,Dine-In,101,Sarah,19,Monday,12,December,0,False,True,2024-12-23 19:00:00,Dinner,Weekday,High-value record
2239,2024-05-28,20:30:00,Grilled Asparagus,Side,2.0,8,16.0,Mobile Payment,Dine-In,101,Sarah,20,Tuesday,5,May,1,False,False,2024-05-28 20:00:00,Dinner,Weekday,Other record
2240,2024-04-11,18:45:00,Caesar Salad,Appetizer,2.0,10,20.0,Credit Card,Delivery,102,Jake,18,Thursday,4,April,3,False,False,2024-04-11 18:00:00,Dinner,Weekday,Other record
2241,2024-07-11,11:30:00,New York Strip,Entree,2.0,38,76.0,Credit Card,Delivery,105,Nina,11,Thursday,7,July,3,False,True,2024-07-11 11:00:00,Lunch,Weekday,High-value record
2242,2024-09-09,14:45:00,Truffle Fries,Side,1.0,8,8.0,Cash,Dine-In,102,Jake,14,Monday,9,September,0,False,False,2024-09-09 14:00:00,Lunch,Weekday,Other record
2243,2024-03-08,22:00:00,Old Fashioned,Beverage,7.0,12,84.0,Credit Card,Delivery,104,Carlos,22,Friday,3,March,4,False,True,2024-03-08 22:00:00,Dinner,Weekday,High-value record
2244,2024-01-11,22:30:00,Bourbon BBQ Burger,Entree,9.0,22,198.0,Cash,Takeaway,104,Carlos,22,Thursday,1,January,3,False,True,2024-01-11 22:00:00,Dinner,Weekday,High-value record
2245,2024-01-18,15:45:00,Cabernet Sauvignon,Beverage,4.0,16,64.0,Cash,Dine-In,101,Sarah,15,Thursday,1,January,3,False,True,2024-01-18 15:00:00,Lunch,Weekday,High-value record
2246,2024-05-14,21:30:00,Old Fashioned,Beverage,8.0,12,96.0,Mobile Payment,Dine-In,102,Jake,21,Tuesday,5,May,1,False,True,2024-05-14 21:00:00,Dinner,Weekday,High-value record
2247,2024-03-02,11:15:00,Filet Mignon,Entree,9.0,42,378.0,Cash,Delivery,102,Jake,11,Saturday,3,March,5,True,True,2024-03-02 11:00:00,Lunch,Weekend,High-value record
2248,2024-08-16,21:30:00,Cabernet Sauvignon,Beverage,6.0,16,96.0,Credit Card,Dine-In,102,Jake,21,Friday,8,August,4,False,True,2024-08-16 21:00:00,Dinner,Weekday,High-value record
2249,2024-10-25,17:00:00,Cabernet Sauvignon,Beverage,2.0,16,32.0,Cash,Dine-In,102,Jake,17,Friday,10,October,4,False,False,2024-10-25 17:00:00,Dinner,Weekday,Other record
2250,2024-06-02,13:45:00,Ribeye Steak,Entree,3.0,35,105.0,Cash,Delivery,101,Sarah,13,Sunday,6,June,6,True,True,2024-06-02 13:00:00,Lunch,Weekend,High-value record
2251,2024-02-27,19:30:00,Chocolate Lava Cake,Dessert,12.0,9,108.0,Cash,Takeaway,102,Jake,19,Tuesday,2,February,1,False,True,2024-02-27 19:00:00,Dinner,Weekday,High-value record
2252,2024-06-12,14:45:00,Caesar Salad,Appetizer,2.0,10,20.0,Mobile Payment,Takeaway,104,Carlos,14,Wednesday,6,June,2,False,False,2024-06-12 14:00:00,Lunch,Weekday,Other record
2253,2024-09-02,14:00:00,New York Strip,Entree,5.0,38,190.0,Mobile Payment,Delivery,105,Nina,14,Monday,9,September,0,False,True,2024-09-02 14:00:00,Lunch,Weekday,High-value record
2254,2024-02-06,13:15:00,Cabernet Sauvignon,Beverage,2.0,16,32.0,Cash,Takeaway,105,Nina,13,Tuesday,2,February,1,False,False,2024-02-06 13:00:00,Lunch,Weekday,Other record
2255,2024-02-07,20:15:00,Caesar Salad,Appetizer,7.0,10,70.0,Mobile Payment,Takeaway,102,Jake,20,Wednesday,2,February,2,False,True,2024-02-07 20:00:00,Dinner,Weekday,High-value record
2256,2024-05-14,17:00:00,Grilled Asparagus,Side,2.0,8,16.0,Credit Card,Takeaway,101,Sarah,17,Tuesday,5,May,1,False,False,2024-05-14 17:00:00,Dinner,Weekday,Other record
2257,2024-04-08,21:30:00,Grilled Asparagus,Side,7.0,8,56.0,Mobile Payment,Dine-In,102,Jake,21,Monday,4,April,0,False,False,2024-04-08 21:00:00,Dinner,Weekday,Other record
2258,2024-09-02,20:45:00,Bourbon BBQ Burger,Entree,3.0,22,66.0,Cash,Delivery,105,Nina,20,Monday,9,September,0,False,True,2024-09-02 20:00:00,Dinner,Weekday,High-value record
2259,2024-05-27,18:00:00,Grilled Asparagus,Side,9.0,8,72.0,Cash,Takeaway,101,Sarah,18,Monday,5,May,0,False,True,2024-05-27 18:00:00,Dinner,Weekday,High-value record
2260,2024-10-14,12:15:00,Bourbon BBQ Burger,Entree,1.0,22,22.0,Credit Card,Takeaway,104,Carlos,12,Monday,10,October,0,False,False,2024-10-14 12:00:00,Lunch,Weekday,Other record
2261,2024-05-23,18:30:00,Shrimp Cocktail,Appetizer,10.0,14,140.0,Mobile Payment,Takeaway,103,Emily,18,Thursday,5,May,3,False,True,2024-05-23 18:00:00,Dinner,Weekday,High-value record
2262,2024-08-28,19:45:00,Grilled Asparagus,Side,11.0,8,88.0,Mobile Payment,Delivery,105,Nina,19,Wednesday,8,August,2,False,True,2024-08-28 19:00:00,Dinner,Weekday,High-value record
2263,2024-11-02,21:15:00,Old Fashioned,Beverage,5.0,12,60.0,Cash,Delivery,104,Carlos,21,Saturday,11,November,5,True,False,2024-11-02 21:00:00,Dinner,Weekend,Other record
2264,2024-06-24,19:00:00,Shrimp Cocktail,Appetizer,6.0,14,84.0,Credit Card,Takeaway,105,Nina,19,Monday,6,June,0,False,True,2024-06-24 19:00:00,Dinner,Weekday,High-value record
2265,2024-09-19,14:30:00,Mashed Potatoes,Side,2.0,7,14.0,Mobile Payment,Dine-In,103,Emily,14,Thursday,9,September,3,False,False,2024-09-19 14:00:00,Lunch,Weekday,Other record
2266,2024-06-05,14:30:00,Cabernet Sauvignon,Beverage,4.0,16,64.0,Credit Card,Takeaway,105,Nina,14,Wednesday,6,June,2,False,True,2024-06-05 14:00:00,Lunch,Weekday,High-value record
2267,2024-08-05,21:15:00,Chocolate Lava Cake,Dessert,4.0,9,36.0,Mobile Payment,Takeaway,102,Jake,21,Monday,8,August,0,False,False,2024-08-05 21:00:00,Dinner,Weekday,Other record
2268,2024-12-17,21:30:00,Truffle Fries,Side,10.0,8,80.0,Mobile Payment,Takeaway,102,Jake,21,Tuesday,12,December,1,False,True,2024-12-17 21:00:00,Dinner,Weekday,High-value record
2269,2024-08-24,20:15:00,Filet Mignon,Entree,7.0,42,294.0,Mobile Payment,Dine-In,102,Jake,20,Saturday,8,August,5,True,True,2024-08-24 20:00:00,Dinner,Weekend,High-value record
2270,2024-11-02,21:30:00,New York Strip,Entree,9.0,38,342.0,Credit Card,Dine-In,104,Carlos,21,Saturday,11,November,5,True,True,2024-11-02 21:00:00,Dinner,Weekend,High-value record
2271,2024-09-04,22:30:00,Chocolate Lava Cake,Dessert,9.0,9,81.0,Mobile Payment,Takeaway,102,Jake,22,Wednesday,9,September,2,False,True,2024-09-04 22:00:00,Dinner,Weekday,High-value record
2272,2024-05-10,20:00:00,Shrimp Cocktail,Appetizer,2.0,14,28.0,Credit Card,Delivery,104,Carlos,20,Friday,5,May,4,False,False,2024-05-10 20:00:00,Dinner,Weekday,Other record
2273,2024-01-02,12:15:00,Shrimp Cocktail,Appetizer,4.0,14,56.0,Credit Card,Delivery,105,Nina,12,Tuesday,1,January,1,False,False,2024-01-02 12:00:00,Lunch,Weekday,Other record
2274,2024-05-21,19:45:00,Caesar Salad,Appetizer,7.0,10,70.0,Cash,Takeaway,104,Carlos,19,Tuesday,5,May,1,False,True,2024-05-21 19:00:00,Dinner,Weekday,High-value record
2275,2024-10-31,12:45:00,Grilled Asparagus,Side,4.0,8,32.0,Credit Card,Dine-In,102,Jake,12,Thursday,10,October,3,False,False,2024-10-31 12:00:00,Lunch,Weekday,Other record
2276,2024-04-02,12:30:00,Ribeye Steak,Entree,1.0,35,35.0,Cash,Takeaway,101,Sarah,12,Tuesday,4,April,1,False,False,2024-04-02 12:00:00,Lunch,Weekday,Other record
2277,2024-10-07,19:30:00,New York Strip,Entree,2.0,38,76.0,Mobile Payment,Delivery,104,Carlos,19,Monday,10,October,0,False,True,2024-10-07 19:00:00,Dinner,Weekday,High-value record
2278,2024-04-14,11:00:00,Ribeye Steak,Entree,1.0,35,35.0,Credit Card,Delivery,103,Emily,11,Sunday,4,April,6,True,False,2024-04-14 11:00:00,Lunch,Weekend,Other record
2279,2024-05-25,17:15:00,Caesar Salad,Appetizer,4.0,10,40.0,Mobile Payment,Delivery,105,Nina,17,Saturday,5,May,5,True,False,2024-05-25 17:00:00,Dinner,Weekend,Other record
2280,2024-05-16,19:30:00,Caesar Salad,Appetizer,4.0,10,40.0,Cash,Delivery,105,Nina,19,Thursday,5,May,3,False,False,2024-05-16 19:00:00,Dinner,Weekday,Other record
2281,2024-06-11,14:15:00,Grilled Asparagus,Side,2.0,8,16.0,Mobile Payment,Delivery,101,Sarah,14,Tuesday,6,June,1,False,False,2024-06-11 14:00:00,Lunch,Weekday,Other record
2282,2024-03-23,12:30:00,Old Fashioned,Beverage,2.0,12,24.0,Cash,Dine-In,104,Carlos,12,Saturday,3,March,5,True,False,2024-03-23 12:00:00,Lunch,Weekend,Other record
2283,2024-04-23,14:45:00,Chocolate Lava Cake,Dessert,2.0,9,18.0,Cash,Dine-In,103,Emily,14,Tuesday,4,April,1,False,False,2024-04-23 14:00:00,Lunch,Weekday,Other record
2284,2024-02-24,11:15:00,Bourbon BBQ Burger,Entree,6.0,22,132.0,Credit Card,Delivery,105,Nina,11,Saturday,2,February,5,True,True,2024-02-24 11:00:00,Lunch,Weekend,High-value record
2285,2024-07-16,18:15:00,Caesar Salad,Appetizer,2.0,10,20.0,Cash,Takeaway,104,Carlos,18,Tuesday,7,July,1,False,False,2024-07-16 18:00:00,Dinner,Weekday,Other record
2286,2024-08-14,13:45:00,Chocolate Lava Cake,Dessert,4.0,9,36.0,Cash,Delivery,103,Emily,13,Wednesday,8,August,2,False,False,2024-08-14 13:00:00,Lunch,Weekday,Other record
2287,2024-04-15,21:45:00,Grilled Asparagus,Side,11.0,8,88.0,Credit Card,Takeaway,101,Sarah,21,Monday,4,April,0,False,True,2024-04-15 21:00:00,Dinner,Weekday,High-value record
2288,2024-09-12,19:45:00,Old Fashioned,Beverage,10.0,12,120.0,Cash,Takeaway,102,Jake,19,Thursday,9,September,3,False,True,2024-09-12 19:00:00,Dinner,Weekday,High-value record
2289,2024-12-26,12:45:00,New York Strip,Entree,4.0,38,152.0,Cash,Dine-In,103,Emily,12,Thursday,12,December,3,False,True,2024-12-26 12:00:00,Lunch,Weekday,High-value record
2290,2024-06-29,17:30:00,Caesar Salad,Appetizer,7.0,10,70.0,Cash,Takeaway,105,Nina,17,Saturday,6,June,5,True,True,2024-06-29 17:00:00,Dinner,Weekend,High-value record
2291,2024-08-28,11:15:00,Bourbon BBQ Burger,Entree,1.0,22,22.0,Credit Card,Delivery,101,Sarah,11,Wednesday,8,August,2,False,False,2024-08-28 11:00:00,Lunch,Weekday,Other record
2292,2024-07-18,20:30:00,Mashed Potatoes,Side,7.0,7,49.0,Cash,Takeaway,104,Carlos,20,Thursday,7,July,3,False,False,2024-07-18 20:00:00,Dinner,Weekday,Other record
2293,2024-08-16,17:00:00,Grilled Asparagus,Side,6.0,8,48.0,Credit Card,Dine-In,103,Emily,17,Friday,8,August,4,False,False,2024-08-16 17:00:00,Dinner,Weekday,Other record
2294,2024-07-06,15:45:00,New York Strip,Entree,3.0,38,114.0,Cash,Delivery,105,Nina,15,Saturday,7,July,5,True,True,2024-07-06 15:00:00,Lunch,Weekend,High-value record
2295,2024-11-02,19:15:00,Ribeye Steak,Entree,7.0,35,245.0,Credit Card,Dine-In,102,Jake,19,Saturday,11,November,5,True,True,2024-11-02 19:00:00,Dinner,Weekend,High-value record
2296,2024-02-16,22:15:00,Filet Mignon,Entree,9.0,42,378.0,Mobile Payment,Delivery,101,Sarah,22,Friday,2,February,4,False,True,2024-02-16 22:00:00,Dinner,Weekday,High-value record
2297,2024-05-08,12:30:00,Old Fashioned,Beverage,2.0,12,24.0,Credit Card,Dine-In,104,Carlos,12,Wednesday,5,May,2,False,False,2024-05-08 12:00:00,Lunch,Weekday,Other record
2298,2024-05-22,13:15:00,Grilled Asparagus,Side,4.0,8,32.0,Cash,Delivery,101,Sarah,13,Wednesday,5,May,2,False,False,2024-05-22 13:00:00,Lunch,Weekday,Other record
2299,2024-04-28,12:00:00,Chocolate Lava Cake,Dessert,2.0,9,18.0,Credit Card,Delivery,104,Carlos,12,Sunday,4,April,6,True,False,2024-04-28 12:00:00,Lunch,Weekend,Other record
2300,2024-08-04,13:15:00,Ribeye Steak,Entree,2.0,35,70.0,Mobile Payment,Delivery,101,Sarah,13,Sunday,8,August,6,True,True,2024-08-04 13:00:00,Lunch,Weekend,High-value record
2301,2024-02-04,12:30:00,New York Strip,Entree,5.0,38,190.0,Cash,Takeaway,105,Nina,12,Sunday,2,February,6,True,True,2024-02-04 12:00:00,Lunch,Weekend,High-value record
2302,2024-07-07,22:15:00,New York Strip,Entree,11.0,38,418.0,Cash,Dine-In,101,Sarah,22,Sunday,7,July,6,True,True,2024-07-07 22:00:00,Dinner,Weekend,High-value record
2303,2024-06-15,13:30:00,Cabernet Sauvignon,Beverage,2.0,16,32.0,Mobile Payment,Delivery,101,Sarah,13,Saturday,6,June,5,True,False,2024-06-15 13:00:00,Lunch,Weekend,Other record
2304,2024-07-20,13:15:00,Ribeye Steak,Entree,8.0,35,280.0,Cash,Dine-In,102,Jake,13,Saturday,7,July,5,True,True,2024-07-20 13:00:00,Lunch,Weekend,High-value record
2305,2024-11-07,16:30:00,Old Fashioned,Beverage,2.0,12,24.0,Credit Card,Dine-In,101,Sarah,16,Thursday,11,November,3,False,False,2024-11-07 16:00:00,Lunch,Weekday,Other record
2306,2024-12-31,14:15:00,Bourbon BBQ Burger,Entree,7.8,22,171.6,Cash,Dine-In,104,Carlos,14,Tuesday,12,December,1,False,True,2024-12-31 14:00:00,Lunch,Weekday,High-value record
2307,2024-03-10,11:30:00,Old Fashioned,Beverage,4.0,12,48.0,Credit Card,Delivery,104,Carlos,11,Sunday,3,March,6,True,False,2024-03-10 11:00:00,Lunch,Weekend,Other record
2308,2024-10-08,19:45:00,Cabernet Sauvignon,Beverage,9.0,16,144.0,Mobile Payment,Delivery,103,Emily,19,Tuesday,10,October,1,False,True,2024-10-08 19:00:00,Dinner,Weekday,High-value record
2309,2024-11-06,20:45:00,Shrimp Cocktail,Appetizer,9.0,14,126.0,Credit Card,Dine-In,105,Nina,20,Wednesday,11,November,2,False,True,2024-11-06 20:00:00,Dinner,Weekday,High-value record
2310,2024-09-12,13:00:00,Caesar Salad,Appetizer,1.0,10,10.0,Mobile Payment,Takeaway,103,Emily,13,Thursday,9,September,3,False,False,2024-09-12 13:00:00,Lunch,Weekday,Other record
2311,2024-02-29,20:45:00,Grilled Asparagus,Side,7.0,8,56.0,Credit Card,Takeaway,101,Sarah,20,Thursday,2,February,3,False,False,2024-02-29 20:00:00,Dinner,Weekday,Other record
2312,2024-06-10,18:15:00,Ribeye Steak,Entree,4.0,35,140.0,Credit Card,Delivery,102,Jake,18,Monday,6,June,0,False,True,2024-06-10 18:00:00,Dinner,Weekday,High-value record
2313,2024-08-18,20:15:00,Bourbon BBQ Burger,Entree,7.0,22,154.0,Credit Card,Dine-In,102,Jake,20,Sunday,8,August,6,True,True,2024-08-18 20:00:00,Dinner,Weekend,High-value record
2314,2024-01-09,14:45:00,Shrimp Cocktail,Appetizer,4.0,14,56.0,Credit Card,Takeaway,104,Carlos,14,Tuesday,1,January,1,False,False,2024-01-09 14:00:00,Lunch,Weekday,Other record
2315,2024-07-09,14:45:00,New York Strip,Entree,3.0,38,114.0,Cash,Dine-In,102,Jake,14,Tuesday,7,July,1,False,True,2024-07-09 14:00:00,Lunch,Weekday,High-value record
2316,2024-11-23,12:30:00,Mashed Potatoes,Side,2.0,7,14.0,Credit Card,Takeaway,104,Carlos,12,Saturday,11,November,5,True,False,2024-11-23 12:00:00,Lunch,Weekend,Other record
2317,2024-11-30,17:00:00,Chocolate Lava Cake,Dessert,6.0,9,54.0,Credit Card,Delivery,105,Nina,17,Saturday,11,November,5,True,False,2024-11-30 17:00:00,Dinner,Weekend,Other record
2318,2024-09-01,11:45:00,Filet Mignon,Entree,3.0,42,126.0,Credit Card,Dine-In,103,Emily,11,Sunday,9,September,6,True,True,2024-09-01 11:00:00,Lunch,Weekend,High-value record
2319,2024-09-16,13:00:00,Filet Mignon,Entree,2.0,42,84.0,Mobile Payment,Delivery,105,Nina,13,Monday,9,September,0,False,True,2024-09-16 13:00:00,Lunch,Weekday,High-value record
2320,2024-05-18,11:00:00,Cabernet Sauvignon,Beverage,4.0,16,64.0,Mobile Payment,Delivery,103,Emily,11,Saturday,5,May,5,True,True,2024-05-18 11:00:00,Lunch,Weekend,High-value record
2321,2024-01-13,18:45:00,Mashed Potatoes,Side,10.0,7,70.0,Credit Card,Takeaway,105,Nina,18,Saturday,1,January,5,True,True,2024-01-13 18:00:00,Dinner,Weekend,High-value record
2322,2024-06-16,15:30:00,Ribeye Steak,Entree,4.0,35,140.0,Mobile Payment,Dine-In,104,Carlos,15,Sunday,6,June,6,True,True,2024-06-16 15:00:00,Lunch,Weekend,High-value record
2323,2024-09-06,17:00:00,Bourbon BBQ Burger,Entree,11.0,22,242.0,Mobile Payment,Delivery,105,Nina,17,Friday,9,September,4,False,True,2024-09-06 17:00:00,Dinner,Weekday,High-value record
2324,2024-09-16,12:15:00,Grilled Asparagus,Side,3.0,8,24.0,Mobile Payment,Delivery,104,Carlos,12,Monday,9,September,0,False,False,2024-09-16 12:00:00,Lunch,Weekday,Other record
2325,2024-11-21,15:15:00,New York Strip,Entree,2.0,38,76.0,Cash,Delivery,104,Carlos,15,Thursday,11,November,3,False,True,2024-11-21 15:00:00,Lunch,Weekday,High-value record
2326,2024-05-21,17:15:00,Ribeye Steak,Entree,2.0,35,70.0,Credit Card,Dine-In,102,Jake,17,Tuesday,5,May,1,False,True,2024-05-21 17:00:00,Dinner,Weekday,High-value record
2327,2024-04-09,17:15:00,Grilled Asparagus,Side,4.0,8,32.0,Credit Card,Delivery,105,Nina,17,Tuesday,4,April,1,False,False,2024-04-09 17:00:00,Dinner,Weekday,Other record
2328,2024-05-10,14:00:00,Filet Mignon,Entree,4.0,42,168.0,Cash,Takeaway,104,Carlos,14,Friday,5,May,4,False,True,2024-05-10 14:00:00,Lunch,Weekday,High-value record
2329,2024-02-03,14:45:00,New York Strip,Entree,7.0,38,266.0,Cash,Dine-In,104,Carlos,14,Saturday,2,February,5,True,True,2024-02-03 14:00:00,Lunch,Weekend,High-value record
2330,2024-06-24,20:30:00,Old Fashioned,Beverage,7.0,12,84.0,Mobile Payment,Delivery,105,Nina,20,Monday,6,June,0,False,True,2024-06-24 20:00:00,Dinner,Weekday,High-value record
2331,2024-06-18,21:30:00,Cabernet Sauvignon,Beverage,3.0,16,48.0,Mobile Payment,Delivery,105,Nina,21,Tuesday,6,June,1,False,False,2024-06-18 21:00:00,Dinner,Weekday,Other record
2332,2024-09-23,21:30:00,Chocolate Lava Cake,Dessert,4.0,9,36.0,Cash,Dine-In,104,Carlos,21,Monday,9,September,0,False,False,2024-09-23 21:00:00,Dinner,Weekday,Other record
2333,2024-09-04,15:30:00,Cabernet Sauvignon,Beverage,3.0,16,48.0,Credit Card,Delivery,104,Carlos,15,Wednesday,9,September,2,False,False,2024-09-04 15:00:00,Lunch,Weekday,Other record
2334,2024-01-27,20:30:00,Shrimp Cocktail,Appetizer,2.0,14,28.0,Cash,Delivery,102,Jake,20,Saturday,1,January,5,True,False,2024-01-27 20:00:00,Dinner,Weekend,Other record
2335,2024-04-22,14:45:00,New York Strip,Entree,1.0,38,38.0,Mobile Payment,Delivery,105,Nina,14,Monday,4,April,0,False,False,2024-04-22 14:00:00,Lunch,Weekday,Other record
2336,2024-07-04,17:45:00,Grilled Asparagus,Side,10.0,8,80.0,Credit Card,Takeaway,101,Sarah,17,Thursday,7,July,3,False,True,2024-07-04 17:00:00,Dinner,Weekday,High-value record
2337,2024-05-04,13:45:00,Bourbon BBQ Burger,Entree,2.0,22,44.0,Credit Card,Dine-In,104,Carlos,13,Saturday,5,May,5,True,False,2024-05-04 13:00:00,Lunch,Weekend,Other record
2338,2024-07-26,17:15:00,Grilled Asparagus,Side,7.0,8,56.0,Cash,Takeaway,103,Emily,17,Friday,7,July,4,False,False,2024-07-26 17:00:00,Dinner,Weekday,Other record
2339,2024-03-01,15:15:00,Old Fashioned,Beverage,6.0,12,72.0,Credit Card,Delivery,102,Jake,15,Friday,3,March,4,False,True,2024-03-01 15:00:00,Lunch,Weekday,High-value record
2340,2024-07-26,17:15:00,Shrimp Cocktail,Appetizer,4.0,14,56.0,Mobile Payment,Dine-In,103,Emily,17,Friday,7,July,4,False,False,2024-07-26 17:00:00,Dinner,Weekday,Other record
2341,2024-03-22,20:30:00,Chocolate Lava Cake,Dessert,8.0,9,72.0,Cash,Dine-In,101,Sarah,20,Friday,3,March,4,False,True,2024-03-22 20:00:00,Dinner,Weekday,High-value record
2342,2024-02-12,22:00:00,New York Strip,Entree,11.0,38,418.0,Credit Card,Takeaway,101,Sarah,22,Monday,2,February,0,False,True,2024-02-12 22:00:00,Dinner,Weekday,High-value record
2343,2024-12-23,21:15:00,Ribeye Steak,Entree,2.0,35,70.0,Credit Card,Dine-In,101,Sarah,21,Monday,12,December,0,False,True,2024-12-23 21:00:00,Dinner,Weekday,High-value record
2344,2024-03-09,15:30:00,Bourbon BBQ Burger,Entree,5.0,22,110.0,Mobile Payment,Delivery,101,Sarah,15,Saturday,3,March,5,True,True,2024-03-09 15:00:00,Lunch,Weekend,High-value record
2345,2024-01-21,13:30:00,Mashed Potatoes,Side,1.0,7,7.0,Cash,Delivery,101,Sarah,13,Sunday,1,January,6,True,False,2024-01-21 13:00:00,Lunch,Weekend,Other record
2346,2024-01-21,20:00:00,Caesar Salad,Appetizer,5.0,10,50.0,Credit Card,Takeaway,101,Sarah,20,Sunday,1,January,6,True,False,2024-01-21 20:00:00,Dinner,Weekend,Other record
2347,2024-05-16,20:30:00,Chocolate Lava Cake,Dessert,11.0,9,99.0,Cash,Delivery,103,Emily,20,Thursday,5,May,3,False,True,2024-05-16 20:00:00,Dinner,Weekday,High-value record
2348,2024-03-11,12:45:00,Chocolate Lava Cake,Dessert,3.0,9,27.0,Cash,Delivery,105,Nina,12,Monday,3,March,0,False,False,2024-03-11 12:00:00,Lunch,Weekday,Other record
2349,2024-02-19,18:15:00,Truffle Fries,Side,7.0,8,56.0,Cash,Takeaway,103,Emily,18,Monday,2,February,0,False,False,2024-02-19 18:00:00,Dinner,Weekday,Other record
2350,2024-12-06,13:45:00,Old Fashioned,Beverage,5.0,12,60.0,Mobile Payment,Takeaway,103,Emily,13,Friday,12,December,4,False,False,2024-12-06 13:00:00,Lunch,Weekday,Other record
2351,2024-11-30,22:45:00,Grilled Asparagus,Side,3.0,8,24.0,Credit Card,Delivery,103,Emily,22,Saturday,11,November,5,True,False,2024-11-30 22:00:00,Dinner,Weekend,Other record
2352,2024-04-17,14:45:00,New York Strip,Entree,2.0,38,76.0,Cash,Dine-In,101,Sarah,14,Wednesday,4,April,2,False,True,2024-04-17 14:00:00,Lunch,Weekday,High-value record
2353,2024-10-27,12:15:00,Filet Mignon,Entree,3.0,42,126.0,Cash,Dine-In,101,Sarah,12,Sunday,10,October,6,True,True,2024-10-27 12:00:00,Lunch,Weekend,High-value record
2354,2024-05-24,16:30:00,Chocolate Lava Cake,Dessert,3.0,9,27.0,Mobile Payment,Takeaway,104,Carlos,16,Friday,5,May,4,False,False,2024-05-24 16:00:00,Lunch,Weekday,Other record
2355,2024-07-28,12:30:00,Truffle Fries,Side,2.0,8,16.0,Credit Card,Delivery,101,Sarah,12,Sunday,7,July,6,True,False,2024-07-28 12:00:00,Lunch,Weekend,Other record
2356,2024-07-05,13:45:00,Caesar Salad,Appetizer,4.0,10,40.0,Cash,Dine-In,101,Sarah,13,Friday,7,July,4,False,False,2024-07-05 13:00:00,Lunch,Weekday,Other record
2357,2024-05-09,17:15:00,Old Fashioned,Beverage,7.0,12,84.0,Mobile Payment,Takeaway,103,Emily,17,Thursday,5,May,3,False,True,2024-05-09 17:00:00,Dinner,Weekday,High-value record
2358,2024-08-18,13:30:00,Truffle Fries,Side,4.0,8,32.0,Mobile Payment,Takeaway,105,Nina,13,Sunday,8,August,6,True,False,2024-08-18 13:00:00,Lunch,Weekend,Other record
2359,2024-12-24,13:00:00,New York Strip,Entree,3.0,38,114.0,Credit Card,Dine-In,104,Carlos,13,Tuesday,12,December,1,False,True,2024-12-24 13:00:00,Lunch,Weekday,High-value record
2360,2024-06-20,13:00:00,New York Strip,Entree,2.0,38,76.0,Mobile Payment,Delivery,104,Carlos,13,Thursday,6,June,3,False,True,2024-06-20 13:00:00,Lunch,Weekday,High-value record
2361,2024-05-22,14:15:00,Grilled Asparagus,Side,1.0,8,8.0,Cash,Delivery,103,Emily,14,Wednesday,5,May,2,False,False,2024-05-22 14:00:00,Lunch,Weekday,Other record
2362,2024-12-30,16:30:00,Mashed Potatoes,Side,1.0,7,7.0,Cash,Takeaway,105,Nina,16,Monday,12,December,0,False,False,2024-12-30 16:00:00,Lunch,Weekday,Other record
2363,2024-04-13,14:15:00,Mashed Potatoes,Side,9.0,7,63.0,Credit Card,Delivery,104,Carlos,14,Saturday,4,April,5,True,True,2024-04-13 14:00:00,Lunch,Weekend,High-value record
2364,2024-09-27,20:15:00,Grilled Asparagus,Side,2.0,8,16.0,Credit Card,Delivery,105,Nina,20,Friday,9,September,4,False,False,2024-09-27 20:00:00,Dinner,Weekday,Other record
2365,2024-10-07,15:45:00,Ribeye Steak,Entree,3.0,35,105.0,Credit Card,Dine-In,104,Carlos,15,Monday,10,October,0,False,True,2024-10-07 15:00:00,Lunch,Weekday,High-value record
2366,2024-10-28,21:00:00,Old Fashioned,Beverage,7.0,12,84.0,Credit Card,Delivery,105,Nina,21,Monday,10,October,0,False,True,2024-10-28 21:00:00,Dinner,Weekday,High-value record
2367,2024-04-28,16:15:00,Old Fashioned,Beverage,3.0,12,36.0,Credit Card,Delivery,101,Sarah,16,Sunday,4,April,6,True,False,2024-04-28 16:00:00,Lunch,Weekend,Other record
2368,2024-04-27,21:30:00,Grilled Asparagus,Side,7.0,8,56.0,Cash,Delivery,102,Jake,21,Saturday,4,April,5,True,False,2024-04-27 21:00:00,Dinner,Weekend,Other record
2369,2024-01-21,14:45:00,Caesar Salad,Appetizer,3.0,10,30.0,Cash,Takeaway,101,Sarah,14,Sunday,1,January,6,True,False,2024-01-21 14:00:00,Lunch,Weekend,Other record
2370,2024-02-08,15:45:00,Ribeye Steak,Entree,6.0,35,210.0,Mobile Payment,Delivery,103,Emily,15,Thursday,2,February,3,False,True,2024-02-08 15:00:00,Lunch,Weekday,High-value record
2371,2024-11-03,21:00:00,Old Fashioned,Beverage,9.0,12,108.0,Cash,Delivery,105,Nina,21,Sunday,11,November,6,True,True,2024-11-03 21:00:00,Dinner,Weekend,High-value record
2372,2024-05-27,12:15:00,Grilled Asparagus,Side,5.0,8,40.0,Mobile Payment,Takeaway,102,Jake,12,Monday,5,May,0,False,False,2024-05-27 12:00:00,Lunch,Weekday,Other record
2373,2024-10-06,21:15:00,Ribeye Steak,Entree,7.0,35,245.0,Cash,Takeaway,102,Jake,21,Sunday,10,October,6,True,True,2024-10-06 21:00:00,Dinner,Weekend,High-value record
2374,2024-09-02,11:00:00,New York Strip,Entree,3.0,38,114.0,Cash,Delivery,103,Emily,11,Monday,9,September,0,False,True,2024-09-02 11:00:00,Lunch,Weekday,High-value record
2375,2024-12-09,15:45:00,New York Strip,Entree,4.0,38,152.0,Cash,Delivery,102,Jake,15,Monday,12,December,0,False,True,2024-12-09 15:00:00,Lunch,Weekday,High-value record
2376,2024-07-04,12:30:00,Shrimp Cocktail,Appetizer,6.0,14,84.0,Mobile Payment,Delivery,101,Sarah,12,Thursday,7,July,3,False,True,2024-07-04 12:00:00,Lunch,Weekday,High-value record
2377,2024-02-09,13:00:00,Ribeye Steak,Entree,3.0,35,105.0,Cash,Takeaway,102,Jake,13,Friday,2,February,4,False,True,2024-02-09 13:00:00,Lunch,Weekday,High-value record
2378,2024-02-28,18:30:00,Filet Mignon,Entree,10.0,42,420.0,Mobile Payment,Takeaway,105,Nina,18,Wednesday,2,February,2,False,True,2024-02-28 18:00:00,Dinner,Weekday,High-value record
2379,2024-03-03,18:30:00,Filet Mignon,Entree,5.0,42,210.0,Cash,Takeaway,102,Jake,18,Sunday,3,March,6,True,True,2024-03-03 18:00:00,Dinner,Weekend,High-value record
2380,2024-07-17,14:30:00,Truffle Fries,Side,1.0,8,8.0,Mobile Payment,Dine-In,101,Sarah,14,Wednesday,7,July,2,False,False,2024-07-17 14:00:00,Lunch,Weekday,Other record
2381,2024-03-24,13:30:00,New York Strip,Entree,6.0,38,228.0,Mobile Payment,Delivery,102,Jake,13,Sunday,3,March,6,True,True,2024-03-24 13:00:00,Lunch,Weekend,High-value record
2382,2024-09-02,21:30:00,Ribeye Steak,Entree,7.0,35,245.0,Credit Card,Takeaway,101,Sarah,21,Monday,9,September,0,False,True,2024-09-02 21:00:00,Dinner,Weekday,High-value record
2383,2024-09-19,17:15:00,New York Strip,Entree,4.0,38,152.0,Mobile Payment,Delivery,104,Carlos,17,Thursday,9,September,3,False,True,2024-09-19 17:00:00,Dinner,Weekday,High-value record
2384,2024-10-27,22:00:00,Truffle Fries,Side,3.0,8,24.0,Mobile Payment,Takeaway,105,Nina,22,Sunday,10,October,6,True,False,2024-10-27 22:00:00,Dinner,Weekend,Other record
2385,2024-08-22,17:30:00,Bourbon BBQ Burger,Entree,7.0,22,154.0,Cash,Dine-In,101,Sarah,17,Thursday,8,August,3,False,True,2024-08-22 17:00:00,Dinner,Weekday,High-value record
2386,2024-08-19,14:00:00,Chocolate Lava Cake,Dessert,3.0,9,27.0,Cash,Delivery,103,Emily,14,Monday,8,August,0,False,False,2024-08-19 14:00:00,Lunch,Weekday,Other record
2387,2024-11-28,16:45:00,Truffle Fries,Side,1.2,8,9.6,Credit Card,Takeaway,101,Sarah,16,Thursday,11,November,3,False,False,2024-11-28 16:00:00,Lunch,Weekday,Other record
2388,2024-03-09,12:00:00,Chocolate Lava Cake,Dessert,3.0,9,27.0,Credit Card,Takeaway,105,Nina,12,Saturday,3,March,5,True,False,2024-03-09 12:00:00,Lunch,Weekend,Other record
2389,2024-10-09,22:30:00,Filet Mignon,Entree,10.0,42,420.0,Cash,Delivery,103,Emily,22,Wednesday,10,October,2,False,True,2024-10-09 22:00:00,Dinner,Weekday,High-value record
2390,2024-05-05,15:45:00,Shrimp Cocktail,Appetizer,1.0,14,14.0,Cash,Dine-In,103,Emily,15,Sunday,5,May,6,True,False,2024-05-05 15:00:00,Lunch,Weekend,Other record
2391,2024-12-06,13:30:00,Grilled Asparagus,Side,3.0,8,24.0,Credit Card,Takeaway,104,Carlos,13,Friday,12,December,4,False,False,2024-12-06 13:00:00,Lunch,Weekday,Other record
2392,2024-02-08,19:30:00,Filet Mignon,Entree,8.0,42,336.0,Credit Card,Delivery,103,Emily,19,Thursday,2,February,3,False,True,2024-02-08 19:00:00,Dinner,Weekday,High-value record
2393,2024-07-27,11:00:00,Shrimp Cocktail,Appetizer,4.0,14,56.0,Cash,Delivery,101,Sarah,11,Saturday,7,July,5,True,False,2024-07-27 11:00:00,Lunch,Weekend,Other record
2394,2024-03-11,19:00:00,Mashed Potatoes,Side,2.0,7,14.0,Cash,Takeaway,103,Emily,19,Monday,3,March,0,False,False,2024-03-11 19:00:00,Dinner,Weekday,Other record
2395,2024-06-11,12:15:00,Chocolate Lava Cake,Dessert,2.0,9,18.0,Mobile Payment,Dine-In,102,Jake,12,Tuesday,6,June,1,False,False,2024-06-11 12:00:00,Lunch,Weekday,Other record
2396,2024-01-26,15:30:00,Cabernet Sauvignon,Beverage,8.0,16,128.0,Cash,Delivery,105,Nina,15,Friday,1,January,4,False,True,2024-01-26 15:00:00,Lunch,Weekday,High-value record
2397,2024-10-22,22:30:00,Cabernet Sauvignon,Beverage,6.0,16,96.0,Cash,Takeaway,101,Sarah,22,Tuesday,10,October,1,False,True,2024-10-22 22:00:00,Dinner,Weekday,High-value record
2398,2024-06-08,17:00:00,Bourbon BBQ Burger,Entree,6.0,22,132.0,Credit Card,Delivery,101,Sarah,17,Saturday,6,June,5,True,True,2024-06-08 17:00:00,Dinner,Weekend,High-value record
2399,2024-03-11,12:00:00,Chocolate Lava Cake,Dessert,1.0,9,9.0,Cash,Takeaway,101,Sarah,12,Monday,3,March,0,False,False,2024-03-11 12:00:00,Lunch,Weekday,Other record
2400,2024-08-28,16:45:00,Cabernet Sauvignon,Beverage,1.0,16,16.0,Credit Card,Dine-In,105,Nina,16,Wednesday,8,August,2,False,False,2024-08-28 16:00:00,Lunch,Weekday,Other record
2401,2024-10-14,14:00:00,Mashed Potatoes,Side,2.0,7,14.0,Cash,Delivery,105,Nina,14,Monday,10,October,0,False,False,2024-10-14 14:00:00,Lunch,Weekday,Other record
2402,2024-12-24,12:00:00,Old Fashioned,Beverage,2.0,12,24.0,Mobile Payment,Delivery,102,Jake,12,Tuesday,12,December,1,False,False,2024-12-24 12:00:00,Lunch,Weekday,Other record
2403,2024-03-27,22:15:00,Grilled Asparagus,Side,2.0,8,16.0,Mobile Payment,Delivery,103,Emily,22,Wednesday,3,March,2,False,False,2024-03-27 22:00:00,Dinner,Weekday,Other record
2404,2024-10-22,22:15:00,Old Fashioned,Beverage,9.0,12,108.0,Cash,Dine-In,104,Carlos,22,Tuesday,10,October,1,False,True,2024-10-22 22:00:00,Dinner,Weekday,High-value record
2405,2024-04-18,20:45:00,Caesar Salad,Appetizer,9.0,10,90.0,Credit Card,Takeaway,102,Jake,20,Thursday,4,April,3,False,True,2024-04-18 20:00:00,Dinner,Weekday,High-value record
2406,2024-07-26,20:45:00,Chocolate Lava Cake,Dessert,7.0,9,63.0,Credit Card,Dine-In,105,Nina,20,Friday,7,July,4,False,True,2024-07-26 20:00:00,Dinner,Weekday,High-value record
2407,2024-03-04,22:45:00,Shrimp Cocktail,Appetizer,12.0,14,168.0,Credit Card,Dine-In,101,Sarah,22,Monday,3,March,0,False,True,2024-03-04 22:00:00,Dinner,Weekday,High-value record
2408,2024-07-26,20:15:00,Truffle Fries,Side,5.0,8,40.0,Mobile Payment,Dine-In,105,Nina,20,Friday,7,July,4,False,False,2024-07-26 20:00:00,Dinner,Weekday,Other record
2409,2024-04-04,21:00:00,Bourbon BBQ Burger,Entree,4.0,22,88.0,Cash,Delivery,101,Sarah,21,Thursday,4,April,3,False,True,2024-04-04 21:00:00,Dinner,Weekday,High-value record
2410,2024-04-28,14:00:00,Truffle Fries,Side,1.0,8,8.0,Mobile Payment,Takeaway,102,Jake,14,Sunday,4,April,6,True,False,2024-04-28 14:00:00,Lunch,Weekend,Other record
2411,2024-04-21,15:00:00,Chocolate Lava Cake,Dessert,1.0,9,9.0,Mobile Payment,Dine-In,101,Sarah,15,Sunday,4,April,6,True,False,2024-04-21 15:00:00,Lunch,Weekend,Other record
2412,2024-12-22,11:45:00,Filet Mignon,Entree,3.0,42,126.0,Cash,Takeaway,102,Jake,11,Sunday,12,December,6,True,True,2024-12-22 11:00:00,Lunch,Weekend,High-value record
2413,2024-03-16,22:00:00,Mashed Potatoes,Side,6.0,7,42.0,Credit Card,Takeaway,105,Nina,22,Saturday,3,March,5,True,False,2024-03-16 22:00:00,Dinner,Weekend,Other record
2414,2024-12-14,15:45:00,Bourbon BBQ Burger,Entree,4.0,22,88.0,Mobile Payment,Dine-In,102,Jake,15,Saturday,12,December,5,True,True,2024-12-14 15:00:00,Lunch,Weekend,High-value record
2415,2024-07-18,16:15:00,Bourbon BBQ Burger,Entree,2.0,22,44.0,Credit Card,Takeaway,103,Emily,16,Thursday,7,July,3,False,False,2024-07-18 16:00:00,Lunch,Weekday,Other record
2416,2024-08-11,11:30:00,Ribeye Steak,Entree,4.0,35,140.0,Credit Card,Dine-In,101,Sarah,11,Sunday,8,August,6,True,True,2024-08-11 11:00:00,Lunch,Weekend,High-value record
2417,2024-01-31,22:45:00,Cabernet Sauvignon,Beverage,5.0,16,80.0,Cash,Takeaway,101,Sarah,22,Wednesday,1,January,2,False,True,2024-01-31 22:00:00,Dinner,Weekday,High-value record
2418,2024-05-27,13:30:00,Shrimp Cocktail,Appetizer,2.0,14,28.0,Credit Card,Dine-In,104,Carlos,13,Monday,5,May,0,False,False,2024-05-27 13:00:00,Lunch,Weekday,Other record
2419,2024-09-28,12:45:00,Mashed Potatoes,Side,6.0,7,42.0,Mobile Payment,Dine-In,104,Carlos,12,Saturday,9,September,5,True,False,2024-09-28 12:00:00,Lunch,Weekend,Other record
2420,2024-04-12,22:30:00,Old Fashioned,Beverage,9.0,12,108.0,Credit Card,Dine-In,104,Carlos,22,Friday,4,April,4,False,True,2024-04-12 22:00:00,Dinner,Weekday,High-value record
2421,2024-04-22,18:15:00,Ribeye Steak,Entree,5.0,35,175.0,Mobile Payment,Takeaway,104,Carlos,18,Monday,4,April,0,False,True,2024-04-22 18:00:00,Dinner,Weekday,High-value record
2422,2024-04-22,19:15:00,Filet Mignon,Entree,6.0,42,252.0,Mobile Payment,Takeaway,105,Nina,19,Monday,4,April,0,False,True,2024-04-22 19:00:00,Dinner,Weekday,High-value record
2423,2024-05-10,22:00:00,Shrimp Cocktail,Appetizer,12.0,14,168.0,Credit Card,Delivery,104,Carlos,22,Friday,5,May,4,False,True,2024-05-10 22:00:00,Dinner,Weekday,High-value record
2424,2024-01-11,12:00:00,Caesar Salad,Appetizer,4.0,10,40.0,Credit Card,Dine-In,105,Nina,12,Thursday,1,January,3,False,False,2024-01-11 12:00:00,Lunch,Weekday,Other record
2425,2024-11-10,20:15:00,Bourbon BBQ Burger,Entree,6.0,22,132.0,Mobile Payment,Dine-In,102,Jake,20,Sunday,11,November,6,True,True,2024-11-10 20:00:00,Dinner,Weekend,High-value record
2426,2024-01-11,16:45:00,Chocolate Lava Cake,Dessert,3.0,9,27.0,Cash,Takeaway,102,Jake,16,Thursday,1,January,3,False,False,2024-01-11 16:00:00,Lunch,Weekday,Other record
2427,2024-04-05,12:30:00,Truffle Fries,Side,7.0,8,56.0,Credit Card,Delivery,103,Emily,12,Friday,4,April,4,False,False,2024-04-05 12:00:00,Lunch,Weekday,Other record
2428,2024-10-27,14:45:00,Bourbon BBQ Burger,Entree,5.0,22,110.0,Mobile Payment,Delivery,103,Emily,14,Sunday,10,October,6,True,True,2024-10-27 14:00:00,Lunch,Weekend,High-value record
2429,2024-02-19,17:45:00,Chocolate Lava Cake,Dessert,4.0,9,36.0,Cash,Takeaway,101,Sarah,17,Monday,2,February,0,False,False,2024-02-19 17:00:00,Dinner,Weekday,Other record
2430,2024-06-21,16:45:00,Caesar Salad,Appetizer,6.0,10,60.0,Credit Card,Takeaway,102,Jake,16,Friday,6,June,4,False,False,2024-06-21 16:00:00,Lunch,Weekday,Other record
2431,2024-08-08,19:00:00,Truffle Fries,Side,2.0,8,16.0,Cash,Delivery,102,Jake,19,Thursday,8,August,3,False,False,2024-08-08 19:00:00,Dinner,Weekday,Other record
2432,2024-04-28,17:00:00,Caesar Salad,Appetizer,7.0,10,70.0,Credit Card,Delivery,101,Sarah,17,Sunday,4,April,6,True,True,2024-04-28 17:00:00,Dinner,Weekend,High-value record
2433,2024-02-22,21:45:00,Truffle Fries,Side,4.0,8,32.0,Cash,Delivery,102,Jake,21,Thursday,2,February,3,False,False,2024-02-22 21:00:00,Dinner,Weekday,Other record
2434,2024-04-21,16:00:00,Ribeye Steak,Entree,3.0,35,105.0,Cash,Delivery,104,Carlos,16,Sunday,4,April,6,True,True,2024-04-21 16:00:00,Lunch,Weekend,High-value record
2435,2024-03-02,15:45:00,Caesar Salad,Appetizer,2.0,10,20.0,Credit Card,Dine-In,105,Nina,15,Saturday,3,March,5,True,False,2024-03-02 15:00:00,Lunch,Weekend,Other record
2436,2024-03-01,12:30:00,Chocolate Lava Cake,Dessert,9.0,9,81.0,Mobile Payment,Delivery,102,Jake,12,Friday,3,March,4,False,True,2024-03-01 12:00:00,Lunch,Weekday,High-value record
2437,2024-01-23,18:30:00,Cabernet Sauvignon,Beverage,4.0,16,64.0,Mobile Payment,Delivery,101,Sarah,18,Tuesday,1,January,1,False,True,2024-01-23 18:00:00,Dinner,Weekday,High-value record
2438,2024-09-07,14:45:00,Mashed Potatoes,Side,2.0,7,14.0,Cash,Delivery,105,Nina,14,Saturday,9,September,5,True,False,2024-09-07 14:00:00,Lunch,Weekend,Other record
2439,2024-04-27,20:30:00,Ribeye Steak,Entree,7.0,35,245.0,Mobile Payment,Takeaway,103,Emily,20,Saturday,4,April,5,True,True,2024-04-27 20:00:00,Dinner,Weekend,High-value record
2440,2024-08-19,19:15:00,Ribeye Steak,Entree,2.0,35,70.0,Mobile Payment,Delivery,101,Sarah,19,Monday,8,August,0,False,True,2024-08-19 19:00:00,Dinner,Weekday,High-value record
2441,2024-12-07,15:15:00,New York Strip,Entree,3.0,38,114.0,Cash,Delivery,101,Sarah,15,Saturday,12,December,5,True,True,2024-12-07 15:00:00,Lunch,Weekend,High-value record
2442,2024-04-01,14:15:00,Caesar Salad,Appetizer,2.0,10,20.0,Credit Card,Takeaway,101,Sarah,14,Monday,4,April,0,False,False,2024-04-01 14:00:00,Lunch,Weekday,Other record
2443,2024-12-04,18:15:00,Chocolate Lava Cake,Dessert,4.0,9,36.0,Cash,Dine-In,102,Jake,18,Wednesday,12,December,2,False,False,2024-12-04 18:00:00,Dinner,Weekday,Other record
2444,2024-07-06,21:30:00,Bourbon BBQ Burger,Entree,7.0,22,154.0,Cash,Delivery,101,Sarah,21,Saturday,7,July,5,True,True,2024-07-06 21:00:00,Dinner,Weekend,High-value record
2445,2024-03-22,18:45:00,Ribeye Steak,Entree,3.0,35,105.0,Credit Card,Dine-In,105,Nina,18,Friday,3,March,4,False,True,2024-03-22 18:00:00,Dinner,Weekday,High-value record
2446,2024-03-30,21:45:00,Filet Mignon,Entree,2.0,42,84.0,Cash,Dine-In,101,Sarah,21,Saturday,3,March,5,True,True,2024-03-30 21:00:00,Dinner,Weekend,High-value record
2447,2024-03-19,17:00:00,Grilled Asparagus,Side,5.0,8,40.0,Mobile Payment,Dine-In,103,Emily,17,Tuesday,3,March,1,False,False,2024-03-19 17:00:00,Dinner,Weekday,Other record
2448,2024-12-31,19:30:00,Old Fashioned,Beverage,5.2,12,62.4,Mobile Payment,Delivery,105,Nina,19,Tuesday,12,December,1,False,True,2024-12-31 19:00:00,Dinner,Weekday,High-value record
2449,2024-04-20,18:45:00,New York Strip,Entree,10.0,38,380.0,Credit Card,Takeaway,103,Emily,18,Saturday,4,April,5,True,True,2024-04-20 18:00:00,Dinner,Weekend,High-value record
2450,2024-05-13,20:15:00,Truffle Fries,Side,2.0,8,16.0,Cash,Takeaway,103,Emily,20,Monday,5,May,0,False,False,2024-05-13 20:00:00,Dinner,Weekday,Other record
2451,2024-07-11,19:45:00,Filet Mignon,Entree,11.0,42,462.0,Cash,Delivery,102,Jake,19,Thursday,7,July,3,False,True,2024-07-11 19:00:00,Dinner,Weekday,High-value record
2452,2024-01-28,14:00:00,Cabernet Sauvignon,Beverage,4.0,16,64.0,Credit Card,Delivery,105,Nina,14,Sunday,1,January,6,True,True,2024-01-28 14:00:00,Lunch,Weekend,High-value record
2453,2024-12-30,22:15:00,Ribeye Steak,Entree,11.0,35,385.0,Cash,Delivery,102,Jake,22,Monday,12,December,0,False,True,2024-12-30 22:00:00,Dinner,Weekday,High-value record
2454,2024-03-05,14:00:00,Cabernet Sauvignon,Beverage,5.0,16,80.0,Mobile Payment,Dine-In,102,Jake,14,Tuesday,3,March,1,False,True,2024-03-05 14:00:00,Lunch,Weekday,High-value record
2455,2024-10-02,19:00:00,Mashed Potatoes,Side,11.0,7,77.0,Mobile Payment,Dine-In,103,Emily,19,Wednesday,10,October,2,False,True,2024-10-02 19:00:00,Dinner,Weekday,High-value record
2456,2024-05-13,16:15:00,New York Strip,Entree,1.0,38,38.0,Credit Card,Takeaway,102,Jake,16,Monday,5,May,0,False,False,2024-05-13 16:00:00,Lunch,Weekday,Other record
2457,2024-03-12,14:00:00,Cabernet Sauvignon,Beverage,2.0,16,32.0,Mobile Payment,Takeaway,101,Sarah,14,Tuesday,3,March,1,False,False,2024-03-12 14:00:00,Lunch,Weekday,Other record
2458,2024-08-04,22:00:00,Truffle Fries,Side,7.0,8,56.0,Credit Card,Dine-In,103,Emily,22,Sunday,8,August,6,True,False,2024-08-04 22:00:00,Dinner,Weekend,Other record
2459,2024-06-21,11:00:00,Ribeye Steak,Entree,1.0,35,35.0,Mobile Payment,Delivery,101,Sarah,11,Friday,6,June,4,False,False,2024-06-21 11:00:00,Lunch,Weekday,Other record
2460,2024-01-16,12:30:00,New York Strip,Entree,6.0,38,228.0,Cash,Dine-In,102,Jake,12,Tuesday,1,January,1,False,True,2024-01-16 12:00:00,Lunch,Weekday,High-value record
2461,2024-09-03,12:45:00,Cabernet Sauvignon,Beverage,3.0,16,48.0,Cash,Delivery,105,Nina,12,Tuesday,9,September,1,False,False,2024-09-03 12:00:00,Lunch,Weekday,Other record
2462,2024-01-14,22:15:00,Mashed Potatoes,Side,6.0,7,42.0,Credit Card,Delivery,101,Sarah,22,Sunday,1,January,6,True,False,2024-01-14 22:00:00,Dinner,Weekend,Other record
2463,2024-09-15,21:30:00,Shrimp Cocktail,Appetizer,5.0,14,70.0,Cash,Dine-In,105,Nina,21,Sunday,9,September,6,True,True,2024-09-15 21:00:00,Dinner,Weekend,High-value record
2464,2024-03-16,20:45:00,Shrimp Cocktail,Appetizer,7.0,14,98.0,Mobile Payment,Dine-In,102,Jake,20,Saturday,3,March,5,True,True,2024-03-16 20:00:00,Dinner,Weekend,High-value record
2465,2024-03-30,15:00:00,Mashed Potatoes,Side,7.0,7,49.0,Credit Card,Dine-In,105,Nina,15,Saturday,3,March,5,True,False,2024-03-30 15:00:00,Lunch,Weekend,Other record
2466,2024-08-10,18:00:00,Ribeye Steak,Entree,11.0,35,385.0,Cash,Dine-In,103,Emily,18,Saturday,8,August,5,True,True,2024-08-10 18:00:00,Dinner,Weekend,High-value record
2467,2024-05-05,17:30:00,Bourbon BBQ Burger,Entree,6.0,22,132.0,Cash,Takeaway,105,Nina,17,Sunday,5,May,6,True,True,2024-05-05 17:00:00,Dinner,Weekend,High-value record
2468,2024-05-20,19:15:00,Grilled Asparagus,Side,8.0,8,64.0,Mobile Payment,Dine-In,102,Jake,19,Monday,5,May,0,False,True,2024-05-20 19:00:00,Dinner,Weekday,High-value record
2469,2024-07-30,13:30:00,Cabernet Sauvignon,Beverage,2.0,16,32.0,Credit Card,Takeaway,101,Sarah,13,Tuesday,7,July,1,False,False,2024-07-30 13:00:00,Lunch,Weekday,Other record
2470,2024-07-06,15:15:00,Chocolate Lava Cake,Dessert,8.0,9,72.0,Mobile Payment,Dine-In,105,Nina,15,Saturday,7,July,5,True,True,2024-07-06 15:00:00,Lunch,Weekend,High-value record
2471,2024-12-31,11:45:00,Ribeye Steak,Entree,5.2,35,182.0,Cash,Dine-In,104,Carlos,11,Tuesday,12,December,1,False,True,2024-12-31 11:00:00,Lunch,Weekday,High-value record
2472,2024-11-04,20:45:00,Chocolate Lava Cake,Dessert,5.0,9,45.0,Cash,Delivery,105,Nina,20,Monday,11,November,0,False,False,2024-11-04 20:00:00,Dinner,Weekday,Other record
2473,2024-04-04,13:00:00,Ribeye Steak,Entree,3.0,35,105.0,Cash,Dine-In,104,Carlos,13,Thursday,4,April,3,False,True,2024-04-04 13:00:00,Lunch,Weekday,High-value record
2474,2024-05-09,19:00:00,Cabernet Sauvignon,Beverage,11.0,16,176.0,Mobile Payment,Dine-In,103,Emily,19,Thursday,5,May,3,False,True,2024-05-09 19:00:00,Dinner,Weekday,High-value record
2475,2024-11-16,22:30:00,Bourbon BBQ Burger,Entree,3.0,22,66.0,Mobile Payment,Takeaway,104,Carlos,22,Saturday,11,November,5,True,True,2024-11-16 22:00:00,Dinner,Weekend,High-value record
2476,2024-05-07,19:15:00,Grilled Asparagus,Side,4.0,8,32.0,Mobile Payment,Delivery,101,Sarah,19,Tuesday,5,May,1,False,False,2024-05-07 19:00:00,Dinner,Weekday,Other record
2477,2024-07-23,15:15:00,New York Strip,Entree,1.0,38,38.0,Cash,Delivery,104,Carlos,15,Tuesday,7,July,1,False,False,2024-07-23 15:00:00,Lunch,Weekday,Other record
2478,2024-11-12,21:30:00,Truffle Fries,Side,3.0,8,24.0,Mobile Payment,Delivery,103,Emily,21,Tuesday,11,November,1,False,False,2024-11-12 21:00:00,Dinner,Weekday,Other record
2479,2024-07-27,15:15:00,Ribeye Steak,Entree,3.0,35,105.0,Credit Card,Delivery,102,Jake,15,Saturday,7,July,5,True,True,2024-07-27 15:00:00,Lunch,Weekend,High-value record
2480,2024-07-07,22:45:00,Caesar Salad,Appetizer,2.0,10,20.0,Credit Card,Takeaway,101,Sarah,22,Sunday,7,July,6,True,False,2024-07-07 22:00:00,Dinner,Weekend,Other record
2481,2024-08-24,11:45:00,Shrimp Cocktail,Appetizer,7.0,14,98.0,Cash,Takeaway,103,Emily,11,Saturday,8,August,5,True,True,2024-08-24 11:00:00,Lunch,Weekend,High-value record
2482,2024-05-28,11:15:00,Grilled Asparagus,Side,2.0,8,16.0,Mobile Payment,Delivery,103,Emily,11,Tuesday,5,May,1,False,False,2024-05-28 11:00:00,Lunch,Weekday,Other record
2483,2024-06-23,19:15:00,Shrimp Cocktail,Appetizer,4.0,14,56.0,Mobile Payment,Dine-In,101,Sarah,19,Sunday,6,June,6,True,False,2024-06-23 19:00:00,Dinner,Weekend,Other record
2484,2024-08-28,17:30:00,Grilled Asparagus,Side,7.0,8,56.0,Credit Card,Delivery,105,Nina,17,Wednesday,8,August,2,False,False,2024-08-28 17:00:00,Dinner,Weekday,Other record
2485,2024-09-28,19:00:00,Caesar Salad,Appetizer,2.0,10,20.0,Credit Card,Dine-In,105,Nina,19,Saturday,9,September,5,True,False,2024-09-28 19:00:00,Dinner,Weekend,Other record
2486,2024-12-23,19:15:00,Shrimp Cocktail,Appetizer,6.0,14,84.0,Mobile Payment,Dine-In,104,Carlos,19,Monday,12,December,0,False,True,2024-12-23 19:00:00,Dinner,Weekday,High-value record
2487,2024-11-08,22:00:00,Bourbon BBQ Burger,Entree,6.0,22,132.0,Cash,Takeaway,101,Sarah,22,Friday,11,November,4,False,True,2024-11-08 22:00:00,Dinner,Weekday,High-value record
2488,2024-05-29,14:15:00,Caesar Salad,Appetizer,2.0,10,20.0,Credit Card,Dine-In,105,Nina,14,Wednesday,5,May,2,False,False,2024-05-29 14:00:00,Lunch,Weekday,Other record
2489,2024-05-11,20:30:00,Truffle Fries,Side,2.0,8,16.0,Credit Card,Delivery,102,Jake,20,Saturday,5,May,5,True,False,2024-05-11 20:00:00,Dinner,Weekend,Other record
2490,2024-03-13,12:00:00,Filet Mignon,Entree,6.0,42,252.0,Credit Card,Delivery,104,Carlos,12,Wednesday,3,March,2,False,True,2024-03-13 12:00:00,Lunch,Weekday,High-value record
2491,2024-03-04,19:00:00,Chocolate Lava Cake,Dessert,5.0,9,45.0,Cash,Delivery,101,Sarah,19,Monday,3,March,0,False,False,2024-03-04 19:00:00,Dinner,Weekday,Other record
2492,2024-11-19,21:15:00,Old Fashioned,Beverage,5.0,12,60.0,Cash,Takeaway,103,Emily,21,Tuesday,11,November,1,False,False,2024-11-19 21:00:00,Dinner,Weekday,Other record
2493,2024-04-25,11:45:00,Ribeye Steak,Entree,1.0,35,35.0,Cash,Delivery,105,Nina,11,Thursday,4,April,3,False,False,2024-04-25 11:00:00,Lunch,Weekday,Other record
2494,2024-09-11,16:45:00,Filet Mignon,Entree,4.0,42,168.0,Mobile Payment,Takeaway,105,Nina,16,Wednesday,9,September,2,False,True,2024-09-11 16:00:00,Lunch,Weekday,High-value record
2495,2024-09-25,11:00:00,New York Strip,Entree,2.0,38,76.0,Cash,Dine-In,105,Nina,11,Wednesday,9,September,2,False,True,2024-09-25 11:00:00,Lunch,Weekday,High-value record
2496,2024-02-24,16:45:00,Filet Mignon,Entree,9.0,42,378.0,Cash,Delivery,105,Nina,16,Saturday,2,February,5,True,True,2024-02-24 16:00:00,Lunch,Weekend,High-value record
2497,2024-01-07,14:45:00,Mashed Potatoes,Side,4.0,7,28.0,Mobile Payment,Delivery,104,Carlos,14,Sunday,1,January,6,True,False,2024-01-07 14:00:00,Lunch,Weekend,Other record
2498,2024-05-15,22:30:00,Chocolate Lava Cake,Dessert,2.0,9,18.0,Mobile Payment,Takeaway,101,Sarah,22,Wednesday,5,May,2,False,False,2024-05-15 22:00:00,Dinner,Weekday,Other record
2499,2024-11-13,21:15:00,Grilled Asparagus,Side,7.0,8,56.0,Mobile Payment,Takeaway,102,Jake,21,Wednesday,11,November,2,False,False,2024-11-13 21:00:00,Dinner,Weekday,Other record
2500,2024-01-30,12:30:00,Chocolate Lava Cake,Dessert,1.0,9,9.0,Cash,Delivery,105,Nina,12,Tuesday,1,January,1,False,False,2024-01-30 12:00:00,Lunch,Weekday,Other record
2501,2024-05-26,12:30:00,Caesar Salad,Appetizer,2.0,10,20.0,Credit Card,Delivery,104,Carlos,12,Sunday,5,May,6,True,False,2024-05-26 12:00:00,Lunch,Weekend,Other record
2502,2024-06-24,11:15:00,Grilled Asparagus,Side,2.0,8,16.0,Cash,Delivery,102,Jake,11,Monday,6,June,0,False,False,2024-06-24 11:00:00,Lunch,Weekday,Other record
2503,2024-04-20,20:15:00,Filet Mignon,Entree,4.0,42,168.0,Credit Card,Takeaway,103,Emily,20,Saturday,4,April,5,True,True,2024-04-20 20:00:00,Dinner,Weekend,High-value record
2504,2024-06-21,17:00:00,Filet Mignon,Entree,5.0,42,210.0,Cash,Delivery,103,Emily,17,Friday,6,June,4,False,True,2024-06-21 17:00:00,Dinner,Weekday,High-value record
2505,2024-03-07,19:45:00,Truffle Fries,Side,2.0,8,16.0,Credit Card,Delivery,101,Sarah,19,Thursday,3,March,3,False,False,2024-03-07 19:00:00,Dinner,Weekday,Other record
2506,2024-06-21,14:45:00,Grilled Asparagus,Side,6.0,8,48.0,Credit Card,Delivery,101,Sarah,14,Friday,6,June,4,False,False,2024-06-21 14:00:00,Lunch,Weekday,Other record
2507,2024-09-22,22:00:00,Filet Mignon,Entree,4.0,42,168.0,Credit Card,Dine-In,101,Sarah,22,Sunday,9,September,6,True,True,2024-09-22 22:00:00,Dinner,Weekend,High-value record
2508,2024-04-08,11:15:00,Mashed Potatoes,Side,5.0,7,35.0,Credit Card,Delivery,101,Sarah,11,Monday,4,April,0,False,False,2024-04-08 11:00:00,Lunch,Weekday,Other record
2509,2024-01-14,17:15:00,Bourbon BBQ Burger,Entree,9.0,22,198.0,Cash,Takeaway,102,Jake,17,Sunday,1,January,6,True,True,2024-01-14 17:00:00,Dinner,Weekend,High-value record
2510,2024-02-21,13:15:00,Shrimp Cocktail,Appetizer,3.0,14,42.0,Credit Card,Dine-In,104,Carlos,13,Wednesday,2,February,2,False,False,2024-02-21 13:00:00,Lunch,Weekday,Other record
2511,2024-09-17,19:15:00,Grilled Asparagus,Side,9.0,8,72.0,Cash,Takeaway,104,Carlos,19,Tuesday,9,September,1,False,True,2024-09-17 19:00:00,Dinner,Weekday,High-value record
2512,2024-08-05,19:15:00,Chocolate Lava Cake,Dessert,5.0,9,45.0,Mobile Payment,Takeaway,103,Emily,19,Monday,8,August,0,False,False,2024-08-05 19:00:00,Dinner,Weekday,Other record
2513,2024-01-21,12:15:00,Shrimp Cocktail,Appetizer,5.0,14,70.0,Cash,Delivery,104,Carlos,12,Sunday,1,January,6,True,True,2024-01-21 12:00:00,Lunch,Weekend,High-value record
2514,2024-04-09,16:30:00,Caesar Salad,Appetizer,5.0,10,50.0,Mobile Payment,Delivery,105,Nina,16,Tuesday,4,April,1,False,False,2024-04-09 16:00:00,Lunch,Weekday,Other record
2515,2024-03-10,17:00:00,Caesar Salad,Appetizer,4.0,10,40.0,Mobile Payment,Takeaway,105,Nina,17,Sunday,3,March,6,True,False,2024-03-10 17:00:00,Dinner,Weekend,Other record
2516,2024-03-04,11:00:00,Bourbon BBQ Burger,Entree,3.0,22,66.0,Credit Card,Delivery,101,Sarah,11,Monday,3,March,0,False,True,2024-03-04 11:00:00,Lunch,Weekday,High-value record
2517,2024-11-06,11:30:00,Chocolate Lava Cake,Dessert,5.0,9,45.0,Mobile Payment,Dine-In,103,Emily,11,Wednesday,11,November,2,False,False,2024-11-06 11:00:00,Lunch,Weekday,Other record
2518,2024-05-26,20:15:00,Ribeye Steak,Entree,9.0,35,315.0,Credit Card,Delivery,102,Jake,20,Sunday,5,May,6,True,True,2024-05-26 20:00:00,Dinner,Weekend,High-value record
2519,2024-07-25,20:45:00,Chocolate Lava Cake,Dessert,9.0,9,81.0,Credit Card,Delivery,103,Emily,20,Thursday,7,July,3,False,True,2024-07-25 20:00:00,Dinner,Weekday,High-value record
2520,2024-10-09,21:45:00,Filet Mignon,Entree,10.0,42,420.0,Credit Card,Dine-In,105,Nina,21,Wednesday,10,October,2,False,True,2024-10-09 21:00:00,Dinner,Weekday,High-value record
2521,2024-07-06,20:45:00,Bourbon BBQ Burger,Entree,10.0,22,220.0,Cash,Dine-In,103,Emily,20,Saturday,7,July,5,True,True,2024-07-06 20:00:00,Dinner,Weekend,High-value record
2522,2024-10-16,12:30:00,Ribeye Steak,Entree,5.0,35,175.0,Credit Card,Delivery,105,Nina,12,Wednesday,10,October,2,False,True,2024-10-16 12:00:00,Lunch,Weekday,High-value record
2523,2024-04-09,13:15:00,Filet Mignon,Entree,2.0,42,84.0,Cash,Takeaway,102,Jake,13,Tuesday,4,April,1,False,True,2024-04-09 13:00:00,Lunch,Weekday,High-value record
2524,2024-08-08,17:00:00,Grilled Asparagus,Side,12.0,8,96.0,Mobile Payment,Dine-In,105,Nina,17,Thursday,8,August,3,False,True,2024-08-08 17:00:00,Dinner,Weekday,High-value record
2525,2024-08-30,13:45:00,Bourbon BBQ Burger,Entree,2.0,22,44.0,Credit Card,Takeaway,101,Sarah,13,Friday,8,August,4,False,False,2024-08-30 13:00:00,Lunch,Weekday,Other record
2526,2024-11-24,18:15:00,Truffle Fries,Side,4.0,8,32.0,Credit Card,Delivery,102,Jake,18,Sunday,11,November,6,True,False,2024-11-24 18:00:00,Dinner,Weekend,Other record
2527,2024-09-23,20:15:00,Mashed Potatoes,Side,11.0,7,77.0,Credit Card,Delivery,102,Jake,20,Monday,9,September,0,False,True,2024-09-23 20:00:00,Dinner,Weekday,High-value record
2528,2024-09-23,13:00:00,Shrimp Cocktail,Appetizer,1.0,14,14.0,Credit Card,Takeaway,101,Sarah,13,Monday,9,September,0,False,False,2024-09-23 13:00:00,Lunch,Weekday,Other record
2529,2024-03-13,22:45:00,Mashed Potatoes,Side,2.0,7,14.0,Mobile Payment,Dine-In,104,Carlos,22,Wednesday,3,March,2,False,False,2024-03-13 22:00:00,Dinner,Weekday,Other record
2530,2024-10-29,16:15:00,Grilled Asparagus,Side,3.0,8,24.0,Cash,Delivery,104,Carlos,16,Tuesday,10,October,1,False,False,2024-10-29 16:00:00,Lunch,Weekday,Other record
2531,2024-10-20,17:30:00,Grilled Asparagus,Side,2.0,8,16.0,Cash,Dine-In,105,Nina,17,Sunday,10,October,6,True,False,2024-10-20 17:00:00,Dinner,Weekend,Other record
2532,2024-09-03,17:00:00,Bourbon BBQ Burger,Entree,3.0,22,66.0,Cash,Delivery,103,Emily,17,Tuesday,9,September,1,False,True,2024-09-03 17:00:00,Dinner,Weekday,High-value record
2533,2024-10-19,16:00:00,Shrimp Cocktail,Appetizer,3.0,14,42.0,Credit Card,Takeaway,105,Nina,16,Saturday,10,October,5,True,False,2024-10-19 16:00:00,Lunch,Weekend,Other record
2534,2024-03-17,14:30:00,Cabernet Sauvignon,Beverage,3.0,16,48.0,Mobile Payment,Dine-In,101,Sarah,14,Sunday,3,March,6,True,False,2024-03-17 14:00:00,Lunch,Weekend,Other record
2535,2024-03-25,18:15:00,Ribeye Steak,Entree,2.0,35,70.0,Mobile Payment,Delivery,104,Carlos,18,Monday,3,March,0,False,True,2024-03-25 18:00:00,Dinner,Weekday,High-value record
2536,2024-11-03,17:45:00,Filet Mignon,Entree,2.0,42,84.0,Cash,Takeaway,105,Nina,17,Sunday,11,November,6,True,True,2024-11-03 17:00:00,Dinner,Weekend,High-value record
2537,2024-04-13,12:00:00,Bourbon BBQ Burger,Entree,4.0,22,88.0,Mobile Payment,Takeaway,101,Sarah,12,Saturday,4,April,5,True,True,2024-04-13 12:00:00,Lunch,Weekend,High-value record
2538,2024-01-25,12:45:00,Cabernet Sauvignon,Beverage,1.0,16,16.0,Mobile Payment,Delivery,103,Emily,12,Thursday,1,January,3,False,False,2024-01-25 12:00:00,Lunch,Weekday,Other record
2539,2024-02-11,15:00:00,Truffle Fries,Side,3.0,8,24.0,Cash,Takeaway,104,Carlos,15,Sunday,2,February,6,True,False,2024-02-11 15:00:00,Lunch,Weekend,Other record
2540,2024-03-31,21:15:00,Chocolate Lava Cake,Dessert,8.0,9,72.0,Mobile Payment,Takeaway,102,Jake,21,Sunday,3,March,6,True,True,2024-03-31 21:00:00,Dinner,Weekend,High-value record
2541,2024-01-26,22:30:00,Caesar Salad,Appetizer,6.0,10,60.0,Credit Card,Dine-In,104,Carlos,22,Friday,1,January,4,False,False,2024-01-26 22:00:00,Dinner,Weekday,Other record
2542,2024-08-13,18:30:00,Grilled Asparagus,Side,5.0,8,40.0,Cash,Delivery,104,Carlos,18,Tuesday,8,August,1,False,False,2024-08-13 18:00:00,Dinner,Weekday,Other record
2543,2024-03-12,22:45:00,Grilled Asparagus,Side,4.0,8,32.0,Mobile Payment,Dine-In,103,Emily,22,Tuesday,3,March,1,False,False,2024-03-12 22:00:00,Dinner,Weekday,Other record
2544,2024-01-10,19:00:00,Truffle Fries,Side,8.0,8,64.0,Mobile Payment,Delivery,104,Carlos,19,Wednesday,1,January,2,False,True,2024-01-10 19:00:00,Dinner,Weekday,High-value record
2545,2024-07-15,11:15:00,Chocolate Lava Cake,Dessert,5.0,9,45.0,Cash,Takeaway,101,Sarah,11,Monday,7,July,0,False,False,2024-07-15 11:00:00,Lunch,Weekday,Other record
2546,2024-07-22,19:30:00,Filet Mignon,Entree,4.0,42,168.0,Cash,Dine-In,104,Carlos,19,Monday,7,July,0,False,True,2024-07-22 19:00:00,Dinner,Weekday,High-value record
2547,2024-04-28,12:15:00,Mashed Potatoes,Side,4.0,7,28.0,Mobile Payment,Dine-In,102,Jake,12,Sunday,4,April,6,True,False,2024-04-28 12:00:00,Lunch,Weekend,Other record
2548,2024-06-25,17:00:00,Old Fashioned,Beverage,9.0,12,108.0,Cash,Takeaway,101,Sarah,17,Tuesday,6,June,1,False,True,2024-06-25 17:00:00,Dinner,Weekday,High-value record
2549,2024-04-14,13:00:00,Filet Mignon,Entree,6.0,42,252.0,Cash,Dine-In,104,Carlos,13,Sunday,4,April,6,True,True,2024-04-14 13:00:00,Lunch,Weekend,High-value record
2550,2024-02-27,14:45:00,Caesar Salad,Appetizer,4.0,10,40.0,Mobile Payment,Takeaway,102,Jake,14,Tuesday,2,February,1,False,False,2024-02-27 14:00:00,Lunch,Weekday,Other record
2551,2024-08-27,18:30:00,Grilled Asparagus,Side,2.0,8,16.0,Cash,Dine-In,104,Carlos,18,Tuesday,8,August,1,False,False,2024-08-27 18:00:00,Dinner,Weekday,Other record
2552,2024-02-08,21:30:00,Shrimp Cocktail,Appetizer,6.0,14,84.0,Mobile Payment,Dine-In,102,Jake,21,Thursday,2,February,3,False,True,2024-02-08 21:00:00,Dinner,Weekday,High-value record
2553,2024-10-23,16:00:00,New York Strip,Entree,3.0,38,114.0,Credit Card,Delivery,101,Sarah,16,Wednesday,10,October,2,False,True,2024-10-23 16:00:00,Lunch,Weekday,High-value record
2554,2024-02-18,17:30:00,Shrimp Cocktail,Appetizer,2.0,14,28.0,Cash,Takeaway,102,Jake,17,Sunday,2,February,6,True,False,2024-02-18 17:00:00,Dinner,Weekend,Other record
2555,2024-12-15,15:00:00,Grilled Asparagus,Side,4.0,8,32.0,Mobile Payment,Dine-In,102,Jake,15,Sunday,12,December,6,True,False,2024-12-15 15:00:00,Lunch,Weekend,Other record
2556,2024-08-25,22:45:00,Bourbon BBQ Burger,Entree,9.0,22,198.0,Cash,Dine-In,101,Sarah,22,Sunday,8,August,6,True,True,2024-08-25 22:00:00,Dinner,Weekend,High-value record
2557,2024-01-08,13:00:00,Old Fashioned,Beverage,5.0,12,60.0,Mobile Payment,Dine-In,101,Sarah,13,Monday,1,January,0,False,False,2024-01-08 13:00:00,Lunch,Weekday,Other record
2558,2024-11-17,14:30:00,Cabernet Sauvignon,Beverage,4.0,16,64.0,Cash,Delivery,105,Nina,14,Sunday,11,November,6,True,True,2024-11-17 14:00:00,Lunch,Weekend,High-value record
2559,2024-06-23,22:45:00,Truffle Fries,Side,10.0,8,80.0,Credit Card,Dine-In,104,Carlos,22,Sunday,6,June,6,True,True,2024-06-23 22:00:00,Dinner,Weekend,High-value record
2560,2024-04-28,19:15:00,Filet Mignon,Entree,11.0,42,462.0,Cash,Delivery,103,Emily,19,Sunday,4,April,6,True,True,2024-04-28 19:00:00,Dinner,Weekend,High-value record
2561,2024-07-28,11:30:00,Caesar Salad,Appetizer,5.0,10,50.0,Credit Card,Delivery,101,Sarah,11,Sunday,7,July,6,True,False,2024-07-28 11:00:00,Lunch,Weekend,Other record
2562,2024-09-09,22:45:00,Grilled Asparagus,Side,2.0,8,16.0,Credit Card,Takeaway,101,Sarah,22,Monday,9,September,0,False,False,2024-09-09 22:00:00,Dinner,Weekday,Other record
2563,2024-07-25,18:15:00,Grilled Asparagus,Side,11.0,8,88.0,Cash,Dine-In,103,Emily,18,Thursday,7,July,3,False,True,2024-07-25 18:00:00,Dinner,Weekday,High-value record
2564,2024-01-02,17:15:00,Filet Mignon,Entree,4.0,42,168.0,Cash,Dine-In,103,Emily,17,Tuesday,1,January,1,False,True,2024-01-02 17:00:00,Dinner,Weekday,High-value record
2565,2024-06-16,21:15:00,Filet Mignon,Entree,7.0,42,294.0,Mobile Payment,Delivery,103,Emily,21,Sunday,6,June,6,True,True,2024-06-16 21:00:00,Dinner,Weekend,High-value record
2566,2024-01-08,16:45:00,Filet Mignon,Entree,3.0,42,126.0,Credit Card,Delivery,102,Jake,16,Monday,1,January,0,False,True,2024-01-08 16:00:00,Lunch,Weekday,High-value record
2567,2024-02-07,19:15:00,Filet Mignon,Entree,12.0,42,504.0,Cash,Takeaway,105,Nina,19,Wednesday,2,February,2,False,True,2024-02-07 19:00:00,Dinner,Weekday,High-value record
2568,2024-07-22,18:00:00,Cabernet Sauvignon,Beverage,8.0,16,128.0,Mobile Payment,Delivery,103,Emily,18,Monday,7,July,0,False,True,2024-07-22 18:00:00,Dinner,Weekday,High-value record
2569,2024-04-30,17:30:00,Cabernet Sauvignon,Beverage,2.0,16,32.0,Cash,Dine-In,101,Sarah,17,Tuesday,4,April,1,False,False,2024-04-30 17:00:00,Dinner,Weekday,Other record
2570,2024-06-18,11:15:00,Bourbon BBQ Burger,Entree,5.0,22,110.0,Credit Card,Delivery,105,Nina,11,Tuesday,6,June,1,False,True,2024-06-18 11:00:00,Lunch,Weekday,High-value record
2571,2024-12-20,15:30:00,Bourbon BBQ Burger,Entree,3.0,22,66.0,Credit Card,Delivery,103,Emily,15,Friday,12,December,4,False,True,2024-12-20 15:00:00,Lunch,Weekday,High-value record
2572,2024-11-08,19:00:00,Bourbon BBQ Burger,Entree,2.0,22,44.0,Credit Card,Takeaway,104,Carlos,19,Friday,11,November,4,False,False,2024-11-08 19:00:00,Dinner,Weekday,Other record
2573,2024-11-16,19:45:00,Ribeye Steak,Entree,7.0,35,245.0,Cash,Takeaway,102,Jake,19,Saturday,11,November,5,True,True,2024-11-16 19:00:00,Dinner,Weekend,High-value record
2574,2024-04-30,19:45:00,Old Fashioned,Beverage,8.0,12,96.0,Credit Card,Dine-In,105,Nina,19,Tuesday,4,April,1,False,True,2024-04-30 19:00:00,Dinner,Weekday,High-value record
2575,2024-12-02,13:00:00,Chocolate Lava Cake,Dessert,4.0,9,36.0,Credit Card,Takeaway,101,Sarah,13,Monday,12,December,0,False,False,2024-12-02 13:00:00,Lunch,Weekday,Other record
2576,2024-11-10,12:45:00,Old Fashioned,Beverage,4.0,12,48.0,Mobile Payment,Takeaway,104,Carlos,12,Sunday,11,November,6,True,False,2024-11-10 12:00:00,Lunch,Weekend,Other record
2577,2024-10-04,13:45:00,Cabernet Sauvignon,Beverage,6.0,16,96.0,Mobile Payment,Dine-In,102,Jake,13,Friday,10,October,4,False,True,2024-10-04 13:00:00,Lunch,Weekday,High-value record
2578,2024-06-12,19:15:00,Old Fashioned,Beverage,2.0,12,24.0,Mobile Payment,Delivery,103,Emily,19,Wednesday,6,June,2,False,False,2024-06-12 19:00:00,Dinner,Weekday,Other record
2579,2024-12-14,19:00:00,Grilled Asparagus,Side,5.0,8,40.0,Mobile Payment,Delivery,102,Jake,19,Saturday,12,December,5,True,False,2024-12-14 19:00:00,Dinner,Weekend,Other record
2580,2024-07-07,11:30:00,Ribeye Steak,Entree,2.0,35,70.0,Credit Card,Takeaway,105,Nina,11,Sunday,7,July,6,True,True,2024-07-07 11:00:00,Lunch,Weekend,High-value record
2581,2024-06-18,21:45:00,Chocolate Lava Cake,Dessert,2.0,9,18.0,Cash,Delivery,101,Sarah,21,Tuesday,6,June,1,False,False,2024-06-18 21:00:00,Dinner,Weekday,Other record
2582,2024-03-26,15:15:00,Truffle Fries,Side,3.0,8,24.0,Credit Card,Takeaway,103,Emily,15,Tuesday,3,March,1,False,False,2024-03-26 15:00:00,Lunch,Weekday,Other record
2583,2024-04-03,19:45:00,Old Fashioned,Beverage,11.0,12,132.0,Credit Card,Dine-In,102,Jake,19,Wednesday,4,April,2,False,True,2024-04-03 19:00:00,Dinner,Weekday,High-value record
2584,2024-06-29,20:30:00,New York Strip,Entree,5.0,38,190.0,Mobile Payment,Dine-In,105,Nina,20,Saturday,6,June,5,True,True,2024-06-29 20:00:00,Dinner,Weekend,High-value record
2585,2024-10-21,15:45:00,Caesar Salad,Appetizer,2.0,10,20.0,Mobile Payment,Delivery,101,Sarah,15,Monday,10,October,0,False,False,2024-10-21 15:00:00,Lunch,Weekday,Other record
2586,2024-06-23,17:15:00,Shrimp Cocktail,Appetizer,2.0,14,28.0,Mobile Payment,Delivery,103,Emily,17,Sunday,6,June,6,True,False,2024-06-23 17:00:00,Dinner,Weekend,Other record
2587,2024-04-05,19:30:00,Truffle Fries,Side,8.0,8,64.0,Cash,Takeaway,104,Carlos,19,Friday,4,April,4,False,True,2024-04-05 19:00:00,Dinner,Weekday,High-value record
2588,2024-03-26,20:15:00,Grilled Asparagus,Side,9.0,8,72.0,Cash,Delivery,102,Jake,20,Tuesday,3,March,1,False,True,2024-03-26 20:00:00,Dinner,Weekday,High-value record
2589,2024-06-24,19:30:00,Filet Mignon,Entree,4.0,42,168.0,Mobile Payment,Dine-In,105,Nina,19,Monday,6,June,0,False,True,2024-06-24 19:00:00,Dinner,Weekday,High-value record
2590,2024-12-29,17:30:00,Mashed Potatoes,Side,2.0,7,14.0,Mobile Payment,Takeaway,105,Nina,17,Sunday,12,December,6,True,False,2024-12-29 17:00:00,Dinner,Weekend,Other record
2591,2024-05-14,17:30:00,Ribeye Steak,Entree,10.0,35,350.0,Credit Card,Takeaway,103,Emily,17,Tuesday,5,May,1,False,True,2024-05-14 17:00:00,Dinner,Weekday,High-value record
2592,2024-05-13,14:00:00,Caesar Salad,Appetizer,3.0,10,30.0,Mobile Payment,Delivery,101,Sarah,14,Monday,5,May,0,False,False,2024-05-13 14:00:00,Lunch,Weekday,Other record
2593,2024-12-11,19:00:00,Filet Mignon,Entree,8.0,42,336.0,Mobile Payment,Takeaway,102,Jake,19,Wednesday,12,December,2,False,True,2024-12-11 19:00:00,Dinner,Weekday,High-value record
2594,2024-01-25,14:30:00,Chocolate Lava Cake,Dessert,2.0,9,18.0,Credit Card,Dine-In,101,Sarah,14,Thursday,1,January,3,False,False,2024-01-25 14:00:00,Lunch,Weekday,Other record
2595,2024-07-05,14:45:00,Shrimp Cocktail,Appetizer,1.0,14,14.0,Credit Card,Takeaway,104,Carlos,14,Friday,7,July,4,False,False,2024-07-05 14:00:00,Lunch,Weekday,Other record
2596,2024-02-25,16:30:00,Caesar Salad,Appetizer,1.0,10,10.0,Cash,Delivery,102,Jake,16,Sunday,2,February,6,True,False,2024-02-25 16:00:00,Lunch,Weekend,Other record
2597,2024-07-06,20:15:00,Grilled Asparagus,Side,9.0,8,72.0,Mobile Payment,Delivery,101,Sarah,20,Saturday,7,July,5,True,True,2024-07-06 20:00:00,Dinner,Weekend,High-value record
2598,2024-05-01,17:45:00,Mashed Potatoes,Side,2.0,7,14.0,Cash,Delivery,103,Emily,17,Wednesday,5,May,2,False,False,2024-05-01 17:00:00,Dinner,Weekday,Other record
2599,2024-03-17,22:00:00,Shrimp Cocktail,Appetizer,2.0,14,28.0,Cash,Takeaway,102,Jake,22,Sunday,3,March,6,True,False,2024-03-17 22:00:00,Dinner,Weekend,Other record
2600,2024-08-21,17:00:00,Truffle Fries,Side,9.0,8,72.0,Mobile Payment,Takeaway,105,Nina,17,Wednesday,8,August,2,False,True,2024-08-21 17:00:00,Dinner,Weekday,High-value record
2601,2024-01-31,20:15:00,Old Fashioned,Beverage,2.0,12,24.0,Credit Card,Takeaway,102,Jake,20,Wednesday,1,January,2,False,False,2024-01-31 20:00:00,Dinner,Weekday,Other record
2602,2024-04-30,19:30:00,Grilled Asparagus,Side,4.0,8,32.0,Cash,Takeaway,105,Nina,19,Tuesday,4,April,1,False,False,2024-04-30 19:00:00,Dinner,Weekday,Other record
2603,2024-08-07,17:00:00,Mashed Potatoes,Side,11.0,7,77.0,Mobile Payment,Takeaway,104,Carlos,17,Wednesday,8,August,2,False,True,2024-08-07 17:00:00,Dinner,Weekday,High-value record
2604,2024-10-02,18:30:00,Shrimp Cocktail,Appetizer,3.0,14,42.0,Cash,Takeaway,103,Emily,18,Wednesday,10,October,2,False,False,2024-10-02 18:00:00,Dinner,Weekday,Other record
2605,2024-09-18,16:30:00,Cabernet Sauvignon,Beverage,3.0,16,48.0,Mobile Payment,Delivery,104,Carlos,16,Wednesday,9,September,2,False,False,2024-09-18 16:00:00,Lunch,Weekday,Other record
2606,2024-07-05,16:30:00,New York Strip,Entree,7.0,38,266.0,Cash,Takeaway,105,Nina,16,Friday,7,July,4,False,True,2024-07-05 16:00:00,Lunch,Weekday,High-value record
2607,2024-03-01,12:45:00,Mashed Potatoes,Side,1.0,7,7.0,Cash,Dine-In,101,Sarah,12,Friday,3,March,4,False,False,2024-03-01 12:00:00,Lunch,Weekday,Other record
2608,2024-01-22,13:30:00,Mashed Potatoes,Side,2.0,7,14.0,Mobile Payment,Delivery,102,Jake,13,Monday,1,January,0,False,False,2024-01-22 13:00:00,Lunch,Weekday,Other record
2609,2024-02-07,14:15:00,Bourbon BBQ Burger,Entree,1.0,22,22.0,Credit Card,Takeaway,101,Sarah,14,Wednesday,2,February,2,False,False,2024-02-07 14:00:00,Lunch,Weekday,Other record
2610,2024-04-16,11:30:00,Mashed Potatoes,Side,4.0,7,28.0,Cash,Delivery,102,Jake,11,Tuesday,4,April,1,False,False,2024-04-16 11:00:00,Lunch,Weekday,Other record
2611,2024-11-20,21:45:00,Cabernet Sauvignon,Beverage,4.0,16,64.0,Mobile Payment,Dine-In,103,Emily,21,Wednesday,11,November,2,False,True,2024-11-20 21:00:00,Dinner,Weekday,High-value record
2612,2024-06-04,15:45:00,Grilled Asparagus,Side,5.0,8,40.0,Mobile Payment,Delivery,104,Carlos,15,Tuesday,6,June,1,False,False,2024-06-04 15:00:00,Lunch,Weekday,Other record
2613,2024-03-14,18:15:00,Grilled Asparagus,Side,7.0,8,56.0,Mobile Payment,Takeaway,103,Emily,18,Thursday,3,March,3,False,False,2024-03-14 18:00:00,Dinner,Weekday,Other record
2614,2024-11-25,17:15:00,Truffle Fries,Side,2.0,8,16.0,Cash,Takeaway,105,Nina,17,Monday,11,November,0,False,False,2024-11-25 17:00:00,Dinner,Weekday,Other record
2615,2024-12-26,13:30:00,Shrimp Cocktail,Appetizer,2.0,14,28.0,Cash,Delivery,102,Jake,13,Thursday,12,December,3,False,False,2024-12-26 13:00:00,Lunch,Weekday,Other record
2616,2024-03-29,22:00:00,Truffle Fries,Side,3.0,8,24.0,Cash,Dine-In,102,Jake,22,Friday,3,March,4,False,False,2024-03-29 22:00:00,Dinner,Weekday,Other record
2617,2024-04-12,20:15:00,Bourbon BBQ Burger,Entree,2.0,22,44.0,Mobile Payment,Takeaway,105,Nina,20,Friday,4,April,4,False,False,2024-04-12 20:00:00,Dinner,Weekday,Other record
2618,2024-02-17,11:45:00,Truffle Fries,Side,2.0,8,16.0,Cash,Delivery,102,Jake,11,Saturday,2,February,5,True,False,2024-02-17 11:00:00,Lunch,Weekend,Other record
2619,2024-07-31,15:45:00,New York Strip,Entree,2.0,38,76.0,Mobile Payment,Delivery,104,Carlos,15,Wednesday,7,July,2,False,True,2024-07-31 15:00:00,Lunch,Weekday,High-value record
2620,2024-06-25,11:15:00,Old Fashioned,Beverage,4.0,12,48.0,Mobile Payment,Delivery,101,Sarah,11,Tuesday,6,June,1,False,False,2024-06-25 11:00:00,Lunch,Weekday,Other record
2621,2024-12-06,18:15:00,New York Strip,Entree,7.0,38,266.0,Credit Card,Takeaway,103,Emily,18,Friday,12,December,4,False,True,2024-12-06 18:00:00,Dinner,Weekday,High-value record
2622,2024-05-13,22:30:00,Cabernet Sauvignon,Beverage,7.0,16,112.0,Credit Card,Dine-In,104,Carlos,22,Monday,5,May,0,False,True,2024-05-13 22:00:00,Dinner,Weekday,High-value record
2623,2024-03-20,20:00:00,Mashed Potatoes,Side,4.0,7,28.0,Mobile Payment,Dine-In,105,Nina,20,Wednesday,3,March,2,False,False,2024-03-20 20:00:00,Dinner,Weekday,Other record
2624,2024-12-08,22:45:00,Grilled Asparagus,Side,8.0,8,64.0,Cash,Delivery,101,Sarah,22,Sunday,12,December,6,True,True,2024-12-08 22:00:00,Dinner,Weekend,High-value record
2625,2024-07-19,11:15:00,Truffle Fries,Side,7.0,8,56.0,Cash,Delivery,104,Carlos,11,Friday,7,July,4,False,False,2024-07-19 11:00:00,Lunch,Weekday,Other record
2626,2024-03-30,12:45:00,Bourbon BBQ Burger,Entree,3.0,22,66.0,Cash,Takeaway,102,Jake,12,Saturday,3,March,5,True,True,2024-03-30 12:00:00,Lunch,Weekend,High-value record
2627,2024-10-16,21:15:00,Ribeye Steak,Entree,5.0,35,175.0,Cash,Dine-In,102,Jake,21,Wednesday,10,October,2,False,True,2024-10-16 21:00:00,Dinner,Weekday,High-value record
2628,2024-10-22,20:15:00,Truffle Fries,Side,7.0,8,56.0,Cash,Dine-In,104,Carlos,20,Tuesday,10,October,1,False,False,2024-10-22 20:00:00,Dinner,Weekday,Other record
2629,2024-06-16,21:00:00,Bourbon BBQ Burger,Entree,5.0,22,110.0,Cash,Delivery,105,Nina,21,Sunday,6,June,6,True,True,2024-06-16 21:00:00,Dinner,Weekend,High-value record
2630,2024-03-14,14:15:00,Mashed Potatoes,Side,3.0,7,21.0,Mobile Payment,Dine-In,105,Nina,14,Thursday,3,March,3,False,False,2024-03-14 14:00:00,Lunch,Weekday,Other record
2631,2024-10-03,14:30:00,Cabernet Sauvignon,Beverage,3.0,16,48.0,Credit Card,Takeaway,101,Sarah,14,Thursday,10,October,3,False,False,2024-10-03 14:00:00,Lunch,Weekday,Other record
2632,2024-09-07,22:45:00,Truffle Fries,Side,9.0,8,72.0,Cash,Dine-In,104,Carlos,22,Saturday,9,September,5,True,True,2024-09-07 22:00:00,Dinner,Weekend,High-value record
2633,2024-05-28,14:00:00,Chocolate Lava Cake,Dessert,2.0,9,18.0,Credit Card,Takeaway,105,Nina,14,Tuesday,5,May,1,False,False,2024-05-28 14:00:00,Lunch,Weekday,Other record
2634,2024-09-12,20:00:00,New York Strip,Entree,8.0,38,304.0,Mobile Payment,Delivery,104,Carlos,20,Thursday,9,September,3,False,True,2024-09-12 20:00:00,Dinner,Weekday,High-value record
2635,2024-01-02,13:15:00,Old Fashioned,Beverage,1.0,12,12.0,Cash,Dine-In,103,Emily,13,Tuesday,1,January,1,False,False,2024-01-02 13:00:00,Lunch,Weekday,Other record
2636,2024-05-06,21:45:00,Cabernet Sauvignon,Beverage,7.0,16,112.0,Mobile Payment,Dine-In,102,Jake,21,Monday,5,May,0,False,True,2024-05-06 21:00:00,Dinner,Weekday,High-value record
2637,2024-09-08,22:30:00,New York Strip,Entree,11.0,38,418.0,Mobile Payment,Delivery,102,Jake,22,Sunday,9,September,6,True,True,2024-09-08 22:00:00,Dinner,Weekend,High-value record
2638,2024-03-07,13:00:00,Bourbon BBQ Burger,Entree,1.0,22,22.0,Cash,Takeaway,104,Carlos,13,Thursday,3,March,3,False,False,2024-03-07 13:00:00,Lunch,Weekday,Other record
2639,2024-01-28,19:15:00,New York Strip,Entree,2.0,38,76.0,Cash,Takeaway,105,Nina,19,Sunday,1,January,6,True,True,2024-01-28 19:00:00,Dinner,Weekend,High-value record
2640,2024-09-07,20:45:00,Cabernet Sauvignon,Beverage,11.0,16,176.0,Mobile Payment,Delivery,104,Carlos,20,Saturday,9,September,5,True,True,2024-09-07 20:00:00,Dinner,Weekend,High-value record
2641,2024-06-27,21:15:00,Truffle Fries,Side,7.0,8,56.0,Mobile Payment,Delivery,103,Emily,21,Thursday,6,June,3,False,False,2024-06-27 21:00:00,Dinner,Weekday,Other record
2642,2024-04-04,14:45:00,Ribeye Steak,Entree,1.0,35,35.0,Cash,Dine-In,103,Emily,14,Thursday,4,April,3,False,False,2024-04-04 14:00:00,Lunch,Weekday,Other record
2643,2024-06-03,14:45:00,Bourbon BBQ Burger,Entree,1.0,22,22.0,Mobile Payment,Delivery,103,Emily,14,Monday,6,June,0,False,False,2024-06-03 14:00:00,Lunch,Weekday,Other record
2644,2024-02-26,18:00:00,Mashed Potatoes,Side,3.0,7,21.0,Cash,Delivery,105,Nina,18,Monday,2,February,0,False,False,2024-02-26 18:00:00,Dinner,Weekday,Other record
2645,2024-02-17,11:15:00,Bourbon BBQ Burger,Entree,7.0,22,154.0,Cash,Delivery,105,Nina,11,Saturday,2,February,5,True,True,2024-02-17 11:00:00,Lunch,Weekend,High-value record
2646,2024-06-27,21:00:00,Filet Mignon,Entree,7.0,42,294.0,Cash,Takeaway,103,Emily,21,Thursday,6,June,3,False,True,2024-06-27 21:00:00,Dinner,Weekday,High-value record
2647,2024-11-30,22:15:00,Ribeye Steak,Entree,11.0,35,385.0,Cash,Dine-In,105,Nina,22,Saturday,11,November,5,True,True,2024-11-30 22:00:00,Dinner,Weekend,High-value record
2648,2024-07-31,18:00:00,Caesar Salad,Appetizer,9.0,10,90.0,Credit Card,Dine-In,105,Nina,18,Wednesday,7,July,2,False,True,2024-07-31 18:00:00,Dinner,Weekday,High-value record
2649,2024-02-28,13:45:00,Ribeye Steak,Entree,2.0,35,70.0,Mobile Payment,Dine-In,101,Sarah,13,Wednesday,2,February,2,False,True,2024-02-28 13:00:00,Lunch,Weekday,High-value record
2650,2024-04-16,13:00:00,Bourbon BBQ Burger,Entree,4.0,22,88.0,Credit Card,Takeaway,102,Jake,13,Tuesday,4,April,1,False,True,2024-04-16 13:00:00,Lunch,Weekday,High-value record
2651,2024-01-28,12:00:00,Filet Mignon,Entree,1.0,42,42.0,Credit Card,Takeaway,101,Sarah,12,Sunday,1,January,6,True,False,2024-01-28 12:00:00,Lunch,Weekend,Other record
2652,2024-03-07,13:00:00,Filet Mignon,Entree,4.0,42,168.0,Mobile Payment,Dine-In,104,Carlos,13,Thursday,3,March,3,False,True,2024-03-07 13:00:00,Lunch,Weekday,High-value record
2653,2024-03-10,22:30:00,Bourbon BBQ Burger,Entree,9.0,22,198.0,Credit Card,Dine-In,102,Jake,22,Sunday,3,March,6,True,True,2024-03-10 22:00:00,Dinner,Weekend,High-value record
2654,2024-11-14,22:15:00,Ribeye Steak,Entree,7.0,35,245.0,Mobile Payment,Dine-In,104,Carlos,22,Thursday,11,November,3,False,True,2024-11-14 22:00:00,Dinner,Weekday,High-value record
2655,2024-07-13,16:15:00,Cabernet Sauvignon,Beverage,2.0,16,32.0,Mobile Payment,Dine-In,104,Carlos,16,Saturday,7,July,5,True,False,2024-07-13 16:00:00,Lunch,Weekend,Other record
2656,2024-11-29,21:30:00,Cabernet Sauvignon,Beverage,2.0,16,32.0,Cash,Takeaway,102,Jake,21,Friday,11,November,4,False,False,2024-11-29 21:00:00,Dinner,Weekday,Other record
2657,2024-02-21,12:30:00,Ribeye Steak,Entree,4.0,35,140.0,Mobile Payment,Takeaway,105,Nina,12,Wednesday,2,February,2,False,True,2024-02-21 12:00:00,Lunch,Weekday,High-value record
2658,2024-03-12,16:00:00,Chocolate Lava Cake,Dessert,2.0,9,18.0,Cash,Dine-In,105,Nina,16,Tuesday,3,March,1,False,False,2024-03-12 16:00:00,Lunch,Weekday,Other record
2659,2024-05-26,17:15:00,Ribeye Steak,Entree,9.0,35,315.0,Cash,Delivery,103,Emily,17,Sunday,5,May,6,True,True,2024-05-26 17:00:00,Dinner,Weekend,High-value record
2660,2024-06-28,22:45:00,Filet Mignon,Entree,2.0,42,84.0,Cash,Delivery,105,Nina,22,Friday,6,June,4,False,True,2024-06-28 22:00:00,Dinner,Weekday,High-value record
2661,2024-11-01,16:15:00,Truffle Fries,Side,6.0,8,48.0,Credit Card,Dine-In,101,Sarah,16,Friday,11,November,4,False,False,2024-11-01 16:00:00,Lunch,Weekday,Other record
2662,2024-04-27,18:00:00,New York Strip,Entree,6.0,38,228.0,Cash,Takeaway,103,Emily,18,Saturday,4,April,5,True,True,2024-04-27 18:00:00,Dinner,Weekend,High-value record
2663,2024-10-08,16:30:00,Grilled Asparagus,Side,3.0,8,24.0,Cash,Dine-In,101,Sarah,16,Tuesday,10,October,1,False,False,2024-10-08 16:00:00,Lunch,Weekday,Other record
2664,2024-05-12,12:15:00,Ribeye Steak,Entree,3.0,35,105.0,Credit Card,Dine-In,104,Carlos,12,Sunday,5,May,6,True,True,2024-05-12 12:00:00,Lunch,Weekend,High-value record
2665,2024-03-04,16:15:00,Old Fashioned,Beverage,2.0,12,24.0,Mobile Payment,Takeaway,103,Emily,16,Monday,3,March,0,False,False,2024-03-04 16:00:00,Lunch,Weekday,Other record
2666,2024-01-31,13:00:00,Old Fashioned,Beverage,1.0,12,12.0,Credit Card,Takeaway,105,Nina,13,Wednesday,1,January,2,False,False,2024-01-31 13:00:00,Lunch,Weekday,Other record
2667,2024-01-12,17:15:00,New York Strip,Entree,4.0,38,152.0,Credit Card,Delivery,101,Sarah,17,Friday,1,January,4,False,True,2024-01-12 17:00:00,Dinner,Weekday,High-value record
2668,2024-06-24,16:30:00,New York Strip,Entree,1.0,38,38.0,Cash,Delivery,103,Emily,16,Monday,6,June,0,False,False,2024-06-24 16:00:00,Lunch,Weekday,Other record
2669,2024-01-17,14:00:00,Filet Mignon,Entree,1.0,42,42.0,Mobile Payment,Takeaway,104,Carlos,14,Wednesday,1,January,2,False,False,2024-01-17 14:00:00,Lunch,Weekday,Other record
2670,2024-09-11,20:45:00,Mashed Potatoes,Side,8.0,7,56.0,Credit Card,Delivery,101,Sarah,20,Wednesday,9,September,2,False,False,2024-09-11 20:00:00,Dinner,Weekday,Other record
2671,2024-07-08,18:30:00,Mashed Potatoes,Side,6.0,7,42.0,Credit Card,Dine-In,102,Jake,18,Monday,7,July,0,False,False,2024-07-08 18:00:00,Dinner,Weekday,Other record
2672,2024-05-08,18:00:00,New York Strip,Entree,7.0,38,266.0,Credit Card,Takeaway,101,Sarah,18,Wednesday,5,May,2,False,True,2024-05-08 18:00:00,Dinner,Weekday,High-value record
2673,2024-02-26,11:00:00,Filet Mignon,Entree,6.0,42,252.0,Cash,Dine-In,102,Jake,11,Monday,2,February,0,False,True,2024-02-26 11:00:00,Lunch,Weekday,High-value record
2674,2024-01-14,22:45:00,Cabernet Sauvignon,Beverage,4.0,16,64.0,Cash,Takeaway,104,Carlos,22,Sunday,1,January,6,True,True,2024-01-14 22:00:00,Dinner,Weekend,High-value record
2675,2024-05-21,12:45:00,New York Strip,Entree,5.0,38,190.0,Mobile Payment,Dine-In,105,Nina,12,Tuesday,5,May,1,False,True,2024-05-21 12:00:00,Lunch,Weekday,High-value record
2676,2024-01-07,19:00:00,Truffle Fries,Side,7.0,8,56.0,Credit Card,Dine-In,102,Jake,19,Sunday,1,January,6,True,False,2024-01-07 19:00:00,Dinner,Weekend,Other record
2677,2024-10-30,11:00:00,Mashed Potatoes,Side,1.0,7,7.0,Credit Card,Dine-In,102,Jake,11,Wednesday,10,October,2,False,False,2024-10-30 11:00:00,Lunch,Weekday,Other record
2678,2024-09-17,11:45:00,Old Fashioned,Beverage,1.0,12,12.0,Cash,Dine-In,104,Carlos,11,Tuesday,9,September,1,False,False,2024-09-17 11:00:00,Lunch,Weekday,Other record
2679,2024-12-30,14:30:00,Filet Mignon,Entree,1.0,42,42.0,Credit Card,Takeaway,105,Nina,14,Monday,12,December,0,False,False,2024-12-30 14:00:00,Lunch,Weekday,Other record
2680,2024-05-21,18:30:00,Caesar Salad,Appetizer,7.0,10,70.0,Cash,Dine-In,102,Jake,18,Tuesday,5,May,1,False,True,2024-05-21 18:00:00,Dinner,Weekday,High-value record
2681,2024-01-13,11:45:00,New York Strip,Entree,5.0,38,190.0,Mobile Payment,Delivery,103,Emily,11,Saturday,1,January,5,True,True,2024-01-13 11:00:00,Lunch,Weekend,High-value record
2682,2024-08-16,17:45:00,Chocolate Lava Cake,Dessert,6.0,9,54.0,Credit Card,Dine-In,102,Jake,17,Friday,8,August,4,False,False,2024-08-16 17:00:00,Dinner,Weekday,Other record
2683,2024-03-02,19:00:00,Mashed Potatoes,Side,3.0,7,21.0,Mobile Payment,Dine-In,105,Nina,19,Saturday,3,March,5,True,False,2024-03-02 19:00:00,Dinner,Weekend,Other record
2684,2024-07-25,13:45:00,Shrimp Cocktail,Appetizer,3.0,14,42.0,Credit Card,Takeaway,102,Jake,13,Thursday,7,July,3,False,False,2024-07-25 13:00:00,Lunch,Weekday,Other record
2685,2024-02-10,16:00:00,Cabernet Sauvignon,Beverage,3.0,16,48.0,Cash,Delivery,104,Carlos,16,Saturday,2,February,5,True,False,2024-02-10 16:00:00,Lunch,Weekend,Other record
2686,2024-01-10,11:00:00,Shrimp Cocktail,Appetizer,4.0,14,56.0,Credit Card,Takeaway,101,Sarah,11,Wednesday,1,January,2,False,False,2024-01-10 11:00:00,Lunch,Weekday,Other record
2687,2024-06-08,16:00:00,Filet Mignon,Entree,2.0,42,84.0,Cash,Takeaway,105,Nina,16,Saturday,6,June,5,True,True,2024-06-08 16:00:00,Lunch,Weekend,High-value record
2688,2024-09-05,21:45:00,Filet Mignon,Entree,6.0,42,252.0,Cash,Dine-In,103,Emily,21,Thursday,9,September,3,False,True,2024-09-05 21:00:00,Dinner,Weekday,High-value record
2689,2024-10-26,14:00:00,Truffle Fries,Side,9.0,8,72.0,Mobile Payment,Delivery,103,Emily,14,Saturday,10,October,5,True,True,2024-10-26 14:00:00,Lunch,Weekend,High-value record
2690,2024-10-20,11:30:00,Caesar Salad,Appetizer,1.0,10,10.0,Credit Card,Dine-In,101,Sarah,11,Sunday,10,October,6,True,False,2024-10-20 11:00:00,Lunch,Weekend,Other record
2691,2024-05-10,20:00:00,Chocolate Lava Cake,Dessert,7.0,9,63.0,Mobile Payment,Delivery,104,Carlos,20,Friday,5,May,4,False,True,2024-05-10 20:00:00,Dinner,Weekday,High-value record
2692,2024-07-21,20:45:00,Bourbon BBQ Burger,Entree,4.0,22,88.0,Mobile Payment,Dine-In,102,Jake,20,Sunday,7,July,6,True,True,2024-07-21 20:00:00,Dinner,Weekend,High-value record
2693,2024-08-25,20:45:00,Bourbon BBQ Burger,Entree,2.0,22,44.0,Credit Card,Takeaway,105,Nina,20,Sunday,8,August,6,True,False,2024-08-25 20:00:00,Dinner,Weekend,Other record
2694,2024-10-11,22:30:00,Filet Mignon,Entree,9.0,42,378.0,Credit Card,Dine-In,102,Jake,22,Friday,10,October,4,False,True,2024-10-11 22:00:00,Dinner,Weekday,High-value record
2695,2024-04-20,18:30:00,Ribeye Steak,Entree,9.0,35,315.0,Credit Card,Delivery,103,Emily,18,Saturday,4,April,5,True,True,2024-04-20 18:00:00,Dinner,Weekend,High-value record
2696,2024-05-07,14:15:00,Mashed Potatoes,Side,5.0,7,35.0,Cash,Dine-In,105,Nina,14,Tuesday,5,May,1,False,False,2024-05-07 14:00:00,Lunch,Weekday,Other record
2697,2024-12-08,20:30:00,Chocolate Lava Cake,Dessert,12.0,9,108.0,Cash,Delivery,104,Carlos,20,Sunday,12,December,6,True,True,2024-12-08 20:00:00,Dinner,Weekend,High-value record
2698,2024-01-08,12:30:00,New York Strip,Entree,5.0,38,190.0,Mobile Payment,Dine-In,101,Sarah,12,Monday,1,January,0,False,True,2024-01-08 12:00:00,Lunch,Weekday,High-value record
2699,2024-04-19,18:00:00,Cabernet Sauvignon,Beverage,8.0,16,128.0,Mobile Payment,Dine-In,101,Sarah,18,Friday,4,April,4,False,True,2024-04-19 18:00:00,Dinner,Weekday,High-value record
2700,2024-02-15,17:00:00,New York Strip,Entree,2.0,38,76.0,Mobile Payment,Delivery,103,Emily,17,Thursday,2,February,3,False,True,2024-02-15 17:00:00,Dinner,Weekday,High-value record
2701,2024-02-18,19:00:00,Caesar Salad,Appetizer,5.0,10,50.0,Mobile Payment,Delivery,105,Nina,19,Sunday,2,February,6,True,False,2024-02-18 19:00:00,Dinner,Weekend,Other record
2702,2024-10-19,19:45:00,New York Strip,Entree,2.0,38,76.0,Cash,Takeaway,101,Sarah,19,Saturday,10,October,5,True,True,2024-10-19 19:00:00,Dinner,Weekend,High-value record
2703,2024-10-02,19:30:00,Bourbon BBQ Burger,Entree,12.0,22,264.0,Cash,Dine-In,105,Nina,19,Wednesday,10,October,2,False,True,2024-10-02 19:00:00,Dinner,Weekday,High-value record
2704,2024-07-23,15:30:00,Cabernet Sauvignon,Beverage,2.0,16,32.0,Cash,Dine-In,104,Carlos,15,Tuesday,7,July,1,False,False,2024-07-23 15:00:00,Lunch,Weekday,Other record
2705,2024-07-01,19:15:00,Chocolate Lava Cake,Dessert,10.0,9,90.0,Mobile Payment,Takeaway,104,Carlos,19,Monday,7,July,0,False,True,2024-07-01 19:00:00,Dinner,Weekday,High-value record
2706,2024-01-06,19:15:00,Ribeye Steak,Entree,2.0,35,70.0,Credit Card,Delivery,101,Sarah,19,Saturday,1,January,5,True,True,2024-01-06 19:00:00,Dinner,Weekend,High-value record
2707,2024-08-02,18:30:00,Old Fashioned,Beverage,2.0,12,24.0,Cash,Dine-In,104,Carlos,18,Friday,8,August,4,False,False,2024-08-02 18:00:00,Dinner,Weekday,Other record
2708,2024-10-15,12:30:00,Chocolate Lava Cake,Dessert,4.0,9,36.0,Cash,Delivery,101,Sarah,12,Tuesday,10,October,1,False,False,2024-10-15 12:00:00,Lunch,Weekday,Other record
2709,2024-03-21,19:45:00,Bourbon BBQ Burger,Entree,12.0,22,264.0,Credit Card,Dine-In,105,Nina,19,Thursday,3,March,3,False,True,2024-03-21 19:00:00,Dinner,Weekday,High-value record
2710,2024-12-09,17:15:00,Old Fashioned,Beverage,7.0,12,84.0,Mobile Payment,Delivery,104,Carlos,17,Monday,12,December,0,False,True,2024-12-09 17:00:00,Dinner,Weekday,High-value record
2711,2024-12-06,21:00:00,Shrimp Cocktail,Appetizer,2.0,14,28.0,Mobile Payment,Takeaway,102,Jake,21,Friday,12,December,4,False,False,2024-12-06 21:00:00,Dinner,Weekday,Other record
2712,2024-12-31,12:30:00,Filet Mignon,Entree,7.8,42,327.6,Credit Card,Dine-In,103,Emily,12,Tuesday,12,December,1,False,True,2024-12-31 12:00:00,Lunch,Weekday,High-value record
2713,2024-08-06,11:45:00,Cabernet Sauvignon,Beverage,2.0,16,32.0,Cash,Takeaway,103,Emily,11,Tuesday,8,August,1,False,False,2024-08-06 11:00:00,Lunch,Weekday,Other record
2714,2024-12-11,22:15:00,Mashed Potatoes,Side,6.0,7,42.0,Credit Card,Dine-In,104,Carlos,22,Wednesday,12,December,2,False,False,2024-12-11 22:00:00,Dinner,Weekday,Other record
2715,2024-10-24,21:45:00,New York Strip,Entree,6.0,38,228.0,Mobile Payment,Dine-In,105,Nina,21,Thursday,10,October,3,False,True,2024-10-24 21:00:00,Dinner,Weekday,High-value record
2716,2024-08-03,22:30:00,Chocolate Lava Cake,Dessert,9.0,9,81.0,Credit Card,Delivery,102,Jake,22,Saturday,8,August,5,True,True,2024-08-03 22:00:00,Dinner,Weekend,High-value record
2717,2024-05-15,20:45:00,Ribeye Steak,Entree,5.0,35,175.0,Credit Card,Delivery,103,Emily,20,Wednesday,5,May,2,False,True,2024-05-15 20:00:00,Dinner,Weekday,High-value record
2718,2024-03-18,12:45:00,Ribeye Steak,Entree,2.0,35,70.0,Mobile Payment,Takeaway,101,Sarah,12,Monday,3,March,0,False,True,2024-03-18 12:00:00,Lunch,Weekday,High-value record
2719,2024-07-16,13:15:00,Mashed Potatoes,Side,6.0,7,42.0,Cash,Delivery,104,Carlos,13,Tuesday,7,July,1,False,False,2024-07-16 13:00:00,Lunch,Weekday,Other record
2720,2024-05-20,19:15:00,Ribeye Steak,Entree,12.0,35,420.0,Mobile Payment,Dine-In,103,Emily,19,Monday,5,May,0,False,True,2024-05-20 19:00:00,Dinner,Weekday,High-value record
2721,2024-09-30,17:15:00,Chocolate Lava Cake,Dessert,2.0,9,18.0,Credit Card,Dine-In,103,Emily,17,Monday,9,September,0,False,False,2024-09-30 17:00:00,Dinner,Weekday,Other record
2722,2024-07-21,18:15:00,Cabernet Sauvignon,Beverage,8.0,16,128.0,Mobile Payment,Delivery,101,Sarah,18,Sunday,7,July,6,True,True,2024-07-21 18:00:00,Dinner,Weekend,High-value record
2723,2024-08-05,11:00:00,Filet Mignon,Entree,3.0,42,126.0,Cash,Dine-In,101,Sarah,11,Monday,8,August,0,False,True,2024-08-05 11:00:00,Lunch,Weekday,High-value record
2724,2024-10-27,22:15:00,Mashed Potatoes,Side,11.0,7,77.0,Mobile Payment,Dine-In,102,Jake,22,Sunday,10,October,6,True,True,2024-10-27 22:00:00,Dinner,Weekend,High-value record
2725,2024-12-31,17:00:00,Caesar Salad,Appetizer,6.5,10,65.0,Credit Card,Delivery,104,Carlos,17,Tuesday,12,December,1,False,True,2024-12-31 17:00:00,Dinner,Weekday,High-value record
2726,2024-01-01,16:15:00,Caesar Salad,Appetizer,1.2,10,12.0,Credit Card,Takeaway,105,Nina,16,Monday,1,January,0,False,False,2024-01-01 16:00:00,Lunch,Weekday,Other record
2727,2024-09-18,12:45:00,Mashed Potatoes,Side,1.0,7,7.0,Cash,Takeaway,103,Emily,12,Wednesday,9,September,2,False,False,2024-09-18 12:00:00,Lunch,Weekday,Other record
2728,2024-06-03,18:15:00,Shrimp Cocktail,Appetizer,2.0,14,28.0,Mobile Payment,Dine-In,104,Carlos,18,Monday,6,June,0,False,False,2024-06-03 18:00:00,Dinner,Weekday,Other record
2729,2024-06-11,21:00:00,Caesar Salad,Appetizer,5.0,10,50.0,Credit Card,Dine-In,105,Nina,21,Tuesday,6,June,1,False,False,2024-06-11 21:00:00,Dinner,Weekday,Other record
2730,2024-08-01,17:00:00,Old Fashioned,Beverage,7.0,12,84.0,Mobile Payment,Dine-In,105,Nina,17,Thursday,8,August,3,False,True,2024-08-01 17:00:00,Dinner,Weekday,High-value record
2731,2024-03-05,22:30:00,Chocolate Lava Cake,Dessert,12.0,9,108.0,Mobile Payment,Delivery,101,Sarah,22,Tuesday,3,March,1,False,True,2024-03-05 22:00:00,Dinner,Weekday,High-value record
2732,2024-10-06,19:00:00,Grilled Asparagus,Side,7.0,8,56.0,Mobile Payment,Dine-In,101,Sarah,19,Sunday,10,October,6,True,False,2024-10-06 19:00:00,Dinner,Weekend,Other record
2733,2024-05-19,12:45:00,Shrimp Cocktail,Appetizer,4.0,14,56.0,Mobile Payment,Dine-In,102,Jake,12,Sunday,5,May,6,True,False,2024-05-19 12:00:00,Lunch,Weekend,Other record
2734,2024-06-16,20:15:00,Grilled Asparagus,Side,7.0,8,56.0,Credit Card,Delivery,104,Carlos,20,Sunday,6,June,6,True,False,2024-06-16 20:00:00,Dinner,Weekend,Other record
2735,2024-11-11,21:15:00,Truffle Fries,Side,9.0,8,72.0,Credit Card,Delivery,105,Nina,21,Monday,11,November,0,False,True,2024-11-11 21:00:00,Dinner,Weekday,High-value record
2736,2024-10-08,18:30:00,Cabernet Sauvignon,Beverage,7.0,16,112.0,Mobile Payment,Takeaway,101,Sarah,18,Tuesday,10,October,1,False,True,2024-10-08 18:00:00,Dinner,Weekday,High-value record
2737,2024-06-16,16:30:00,Mashed Potatoes,Side,1.0,7,7.0,Cash,Dine-In,105,Nina,16,Sunday,6,June,6,True,False,2024-06-16 16:00:00,Lunch,Weekend,Other record
2738,2024-03-10,22:15:00,Ribeye Steak,Entree,8.0,35,280.0,Credit Card,Dine-In,104,Carlos,22,Sunday,3,March,6,True,True,2024-03-10 22:00:00,Dinner,Weekend,High-value record
2739,2024-12-21,11:30:00,Filet Mignon,Entree,2.0,42,84.0,Credit Card,Dine-In,104,Carlos,11,Saturday,12,December,5,True,True,2024-12-21 11:00:00,Lunch,Weekend,High-value record
2740,2024-12-15,22:00:00,Caesar Salad,Appetizer,10.0,10,100.0,Mobile Payment,Delivery,104,Carlos,22,Sunday,12,December,6,True,True,2024-12-15 22:00:00,Dinner,Weekend,High-value record
2741,2024-04-16,17:30:00,Caesar Salad,Appetizer,8.0,10,80.0,Mobile Payment,Delivery,102,Jake,17,Tuesday,4,April,1,False,True,2024-04-16 17:00:00,Dinner,Weekday,High-value record
2742,2024-02-21,19:30:00,Mashed Potatoes,Side,6.0,7,42.0,Mobile Payment,Dine-In,104,Carlos,19,Wednesday,2,February,2,False,False,2024-02-21 19:00:00,Dinner,Weekday,Other record
2743,2024-09-05,11:00:00,Ribeye Steak,Entree,6.0,35,210.0,Mobile Payment,Delivery,105,Nina,11,Thursday,9,September,3,False,True,2024-09-05 11:00:00,Lunch,Weekday,High-value record
2744,2024-06-03,13:30:00,Cabernet Sauvignon,Beverage,5.0,16,80.0,Credit Card,Dine-In,101,Sarah,13,Monday,6,June,0,False,True,2024-06-03 13:00:00,Lunch,Weekday,High-value record
2745,2024-05-30,17:45:00,Bourbon BBQ Burger,Entree,5.0,22,110.0,Mobile Payment,Delivery,105,Nina,17,Thursday,5,May,3,False,True,2024-05-30 17:00:00,Dinner,Weekday,High-value record
2746,2024-08-10,17:45:00,Grilled Asparagus,Side,2.0,8,16.0,Credit Card,Takeaway,103,Emily,17,Saturday,8,August,5,True,False,2024-08-10 17:00:00,Dinner,Weekend,Other record
2747,2024-03-23,11:30:00,Mashed Potatoes,Side,8.0,7,56.0,Credit Card,Takeaway,104,Carlos,11,Saturday,3,March,5,True,False,2024-03-23 11:00:00,Lunch,Weekend,Other record
2748,2024-06-23,19:00:00,Chocolate Lava Cake,Dessert,7.0,9,63.0,Credit Card,Takeaway,102,Jake,19,Sunday,6,June,6,True,True,2024-06-23 19:00:00,Dinner,Weekend,High-value record
2749,2024-04-08,19:00:00,Grilled Asparagus,Side,4.0,8,32.0,Cash,Takeaway,103,Emily,19,Monday,4,April,0,False,False,2024-04-08 19:00:00,Dinner,Weekday,Other record
2750,2024-07-26,17:15:00,Bourbon BBQ Burger,Entree,5.0,22,110.0,Credit Card,Takeaway,103,Emily,17,Friday,7,July,4,False,True,2024-07-26 17:00:00,Dinner,Weekday,High-value record
2751,2024-01-28,12:45:00,Bourbon BBQ Burger,Entree,3.0,22,66.0,Mobile Payment,Delivery,103,Emily,12,Sunday,1,January,6,True,True,2024-01-28 12:00:00,Lunch,Weekend,High-value record
2752,2024-04-27,11:00:00,Truffle Fries,Side,8.0,8,64.0,Cash,Dine-In,101,Sarah,11,Saturday,4,April,5,True,True,2024-04-27 11:00:00,Lunch,Weekend,High-value record
2753,2024-03-30,13:30:00,New York Strip,Entree,6.0,38,228.0,Credit Card,Takeaway,104,Carlos,13,Saturday,3,March,5,True,True,2024-03-30 13:00:00,Lunch,Weekend,High-value record
2754,2024-06-08,17:15:00,Mashed Potatoes,Side,9.0,7,63.0,Cash,Takeaway,101,Sarah,17,Saturday,6,June,5,True,True,2024-06-08 17:00:00,Dinner,Weekend,High-value record
2755,2024-02-23,12:15:00,Shrimp Cocktail,Appetizer,1.0,14,14.0,Cash,Takeaway,105,Nina,12,Friday,2,February,4,False,False,2024-02-23 12:00:00,Lunch,Weekday,Other record
2756,2024-05-08,19:45:00,Ribeye Steak,Entree,2.0,35,70.0,Mobile Payment,Dine-In,101,Sarah,19,Wednesday,5,May,2,False,True,2024-05-08 19:00:00,Dinner,Weekday,High-value record
2757,2024-08-30,20:45:00,Old Fashioned,Beverage,9.0,12,108.0,Mobile Payment,Dine-In,102,Jake,20,Friday,8,August,4,False,True,2024-08-30 20:00:00,Dinner,Weekday,High-value record
2758,2024-02-10,13:30:00,Old Fashioned,Beverage,2.0,12,24.0,Credit Card,Takeaway,102,Jake,13,Saturday,2,February,5,True,False,2024-02-10 13:00:00,Lunch,Weekend,Other record
2759,2024-07-28,15:15:00,Bourbon BBQ Burger,Entree,4.0,22,88.0,Cash,Dine-In,101,Sarah,15,Sunday,7,July,6,True,True,2024-07-28 15:00:00,Lunch,Weekend,High-value record
2760,2024-03-25,11:15:00,Cabernet Sauvignon,Beverage,3.0,16,48.0,Cash,Delivery,104,Carlos,11,Monday,3,March,0,False,False,2024-03-25 11:00:00,Lunch,Weekday,Other record
2761,2024-06-24,14:45:00,Mashed Potatoes,Side,6.0,7,42.0,Mobile Payment,Takeaway,105,Nina,14,Monday,6,June,0,False,False,2024-06-24 14:00:00,Lunch,Weekday,Other record
2762,2024-01-25,18:30:00,Bourbon BBQ Burger,Entree,4.0,22,88.0,Credit Card,Takeaway,105,Nina,18,Thursday,1,January,3,False,True,2024-01-25 18:00:00,Dinner,Weekday,High-value record
2763,2024-03-30,15:15:00,Filet Mignon,Entree,10.0,42,420.0,Mobile Payment,Dine-In,105,Nina,15,Saturday,3,March,5,True,True,2024-03-30 15:00:00,Lunch,Weekend,High-value record
2764,2024-06-15,15:30:00,Shrimp Cocktail,Appetizer,2.0,14,28.0,Cash,Delivery,104,Carlos,15,Saturday,6,June,5,True,False,2024-06-15 15:00:00,Lunch,Weekend,Other record
2765,2024-05-10,15:30:00,Shrimp Cocktail,Appetizer,7.0,14,98.0,Credit Card,Delivery,102,Jake,15,Friday,5,May,4,False,True,2024-05-10 15:00:00,Lunch,Weekday,High-value record
2766,2024-04-10,12:00:00,New York Strip,Entree,2.0,38,76.0,Cash,Delivery,104,Carlos,12,Wednesday,4,April,2,False,True,2024-04-10 12:00:00,Lunch,Weekday,High-value record
2767,2024-05-26,19:45:00,Bourbon BBQ Burger,Entree,11.0,22,242.0,Mobile Payment,Dine-In,104,Carlos,19,Sunday,5,May,6,True,True,2024-05-26 19:00:00,Dinner,Weekend,High-value record
2768,2024-08-12,17:15:00,Caesar Salad,Appetizer,7.0,10,70.0,Mobile Payment,Delivery,102,Jake,17,Monday,8,August,0,False,True,2024-08-12 17:00:00,Dinner,Weekday,High-value record
2769,2024-09-07,13:00:00,Caesar Salad,Appetizer,8.0,10,80.0,Mobile Payment,Takeaway,102,Jake,13,Saturday,9,September,5,True,True,2024-09-07 13:00:00,Lunch,Weekend,High-value record
2770,2024-02-07,18:30:00,Truffle Fries,Side,2.0,8,16.0,Mobile Payment,Delivery,101,Sarah,18,Wednesday,2,February,2,False,False,2024-02-07 18:00:00,Dinner,Weekday,Other record
2771,2024-02-04,20:45:00,Caesar Salad,Appetizer,2.0,10,20.0,Credit Card,Takeaway,102,Jake,20,Sunday,2,February,6,True,False,2024-02-04 20:00:00,Dinner,Weekend,Other record
2772,2024-01-17,17:15:00,Mashed Potatoes,Side,12.0,7,84.0,Mobile Payment,Dine-In,103,Emily,17,Wednesday,1,January,2,False,True,2024-01-17 17:00:00,Dinner,Weekday,High-value record
2773,2024-11-15,14:30:00,Caesar Salad,Appetizer,4.0,10,40.0,Cash,Dine-In,101,Sarah,14,Friday,11,November,4,False,False,2024-11-15 14:00:00,Lunch,Weekday,Other record
2774,2024-09-20,12:45:00,Old Fashioned,Beverage,6.0,12,72.0,Mobile Payment,Takeaway,105,Nina,12,Friday,9,September,4,False,True,2024-09-20 12:00:00,Lunch,Weekday,High-value record
2775,2024-02-04,17:30:00,New York Strip,Entree,6.0,38,228.0,Credit Card,Takeaway,103,Emily,17,Sunday,2,February,6,True,True,2024-02-04 17:00:00,Dinner,Weekend,High-value record
2776,2024-05-13,15:45:00,Ribeye Steak,Entree,5.0,35,175.0,Cash,Delivery,103,Emily,15,Monday,5,May,0,False,True,2024-05-13 15:00:00,Lunch,Weekday,High-value record
2777,2024-12-18,12:45:00,Chocolate Lava Cake,Dessert,5.0,9,45.0,Cash,Takeaway,105,Nina,12,Wednesday,12,December,2,False,False,2024-12-18 12:00:00,Lunch,Weekday,Other record
2778,2024-02-24,11:30:00,Caesar Salad,Appetizer,9.0,10,90.0,Cash,Dine-In,105,Nina,11,Saturday,2,February,5,True,True,2024-02-24 11:00:00,Lunch,Weekend,High-value record
2779,2024-08-21,19:30:00,Cabernet Sauvignon,Beverage,7.0,16,112.0,Mobile Payment,Delivery,105,Nina,19,Wednesday,8,August,2,False,True,2024-08-21 19:00:00,Dinner,Weekday,High-value record
2780,2024-08-05,20:15:00,Truffle Fries,Side,10.0,8,80.0,Cash,Takeaway,103,Emily,20,Monday,8,August,0,False,True,2024-08-05 20:00:00,Dinner,Weekday,High-value record
2781,2024-09-03,20:15:00,Old Fashioned,Beverage,2.0,12,24.0,Credit Card,Takeaway,102,Jake,20,Tuesday,9,September,1,False,False,2024-09-03 20:00:00,Dinner,Weekday,Other record
2782,2024-05-09,17:15:00,Ribeye Steak,Entree,2.0,35,70.0,Mobile Payment,Delivery,105,Nina,17,Thursday,5,May,3,False,True,2024-05-09 17:00:00,Dinner,Weekday,High-value record
2783,2024-07-14,22:30:00,New York Strip,Entree,6.0,38,228.0,Cash,Dine-In,105,Nina,22,Sunday,7,July,6,True,True,2024-07-14 22:00:00,Dinner,Weekend,High-value record
2784,2024-11-28,14:45:00,New York Strip,Entree,7.2,38,273.6,Cash,Dine-In,105,Nina,14,Thursday,11,November,3,False,True,2024-11-28 14:00:00,Lunch,Weekday,High-value record
2785,2024-02-22,13:00:00,Bourbon BBQ Burger,Entree,6.0,22,132.0,Credit Card,Dine-In,104,Carlos,13,Thursday,2,February,3,False,True,2024-02-22 13:00:00,Lunch,Weekday,High-value record
2786,2024-03-21,20:15:00,New York Strip,Entree,9.0,38,342.0,Mobile Payment,Dine-In,105,Nina,20,Thursday,3,March,3,False,True,2024-03-21 20:00:00,Dinner,Weekday,High-value record
2787,2024-10-12,14:15:00,New York Strip,Entree,2.0,38,76.0,Cash,Dine-In,101,Sarah,14,Saturday,10,October,5,True,True,2024-10-12 14:00:00,Lunch,Weekend,High-value record
2788,2024-04-04,14:15:00,Ribeye Steak,Entree,1.0,35,35.0,Cash,Delivery,105,Nina,14,Thursday,4,April,3,False,False,2024-04-04 14:00:00,Lunch,Weekday,Other record
2789,2024-07-16,18:45:00,Grilled Asparagus,Side,2.0,8,16.0,Cash,Dine-In,105,Nina,18,Tuesday,7,July,1,False,False,2024-07-16 18:00:00,Dinner,Weekday,Other record
2790,2024-11-19,20:45:00,Truffle Fries,Side,7.0,8,56.0,Cash,Dine-In,105,Nina,20,Tuesday,11,November,1,False,False,2024-11-19 20:00:00,Dinner,Weekday,Other record
2791,2024-02-12,15:15:00,Mashed Potatoes,Side,4.0,7,28.0,Cash,Takeaway,101,Sarah,15,Monday,2,February,0,False,False,2024-02-12 15:00:00,Lunch,Weekday,Other record
2792,2024-04-30,19:30:00,Mashed Potatoes,Side,4.0,7,28.0,Mobile Payment,Dine-In,105,Nina,19,Tuesday,4,April,1,False,False,2024-04-30 19:00:00,Dinner,Weekday,Other record
2793,2024-09-18,11:45:00,Shrimp Cocktail,Appetizer,4.0,14,56.0,Mobile Payment,Delivery,102,Jake,11,Wednesday,9,September,2,False,False,2024-09-18 11:00:00,Lunch,Weekday,Other record
2794,2024-04-09,16:30:00,Grilled Asparagus,Side,5.0,8,40.0,Credit Card,Delivery,101,Sarah,16,Tuesday,4,April,1,False,False,2024-04-09 16:00:00,Lunch,Weekday,Other record
2795,2024-01-18,11:15:00,Truffle Fries,Side,1.0,8,8.0,Credit Card,Takeaway,102,Jake,11,Thursday,1,January,3,False,False,2024-01-18 11:00:00,Lunch,Weekday,Other record
2796,2024-01-02,16:30:00,Mashed Potatoes,Side,5.0,7,35.0,Credit Card,Takeaway,101,Sarah,16,Tuesday,1,January,1,False,False,2024-01-02 16:00:00,Lunch,Weekday,Other record
2797,2024-06-18,11:00:00,Grilled Asparagus,Side,5.0,8,40.0,Mobile Payment,Takeaway,104,Carlos,11,Tuesday,6,June,1,False,False,2024-06-18 11:00:00,Lunch,Weekday,Other record
2798,2024-05-17,12:00:00,Ribeye Steak,Entree,7.0,35,245.0,Credit Card,Takeaway,101,Sarah,12,Friday,5,May,4,False,True,2024-05-17 12:00:00,Lunch,Weekday,High-value record
2799,2024-12-28,12:15:00,Shrimp Cocktail,Appetizer,2.0,14,28.0,Credit Card,Delivery,103,Emily,12,Saturday,12,December,5,True,False,2024-12-28 12:00:00,Lunch,Weekend,Other record
2800,2024-02-21,17:30:00,Chocolate Lava Cake,Dessert,9.0,9,81.0,Cash,Delivery,105,Nina,17,Wednesday,2,February,2,False,True,2024-02-21 17:00:00,Dinner,Weekday,High-value record
2801,2024-01-08,16:15:00,Grilled Asparagus,Side,4.0,8,32.0,Mobile Payment,Dine-In,103,Emily,16,Monday,1,January,0,False,False,2024-01-08 16:00:00,Lunch,Weekday,Other record
2802,2024-10-10,13:45:00,Cabernet Sauvignon,Beverage,4.0,16,64.0,Mobile Payment,Delivery,104,Carlos,13,Thursday,10,October,3,False,True,2024-10-10 13:00:00,Lunch,Weekday,High-value record
2803,2024-03-22,17:45:00,Ribeye Steak,Entree,9.0,35,315.0,Cash,Delivery,104,Carlos,17,Friday,3,March,4,False,True,2024-03-22 17:00:00,Dinner,Weekday,High-value record
2804,2024-10-12,19:00:00,Old Fashioned,Beverage,12.0,12,144.0,Mobile Payment,Delivery,104,Carlos,19,Saturday,10,October,5,True,True,2024-10-12 19:00:00,Dinner,Weekend,High-value record
2805,2024-11-10,12:30:00,Ribeye Steak,Entree,3.0,35,105.0,Mobile Payment,Takeaway,102,Jake,12,Sunday,11,November,6,True,True,2024-11-10 12:00:00,Lunch,Weekend,High-value record
2806,2024-07-04,18:00:00,Chocolate Lava Cake,Dessert,7.0,9,63.0,Credit Card,Dine-In,105,Nina,18,Thursday,7,July,3,False,True,2024-07-04 18:00:00,Dinner,Weekday,High-value record
2807,2024-05-01,13:00:00,Filet Mignon,Entree,2.0,42,84.0,Credit Card,Delivery,103,Emily,13,Wednesday,5,May,2,False,True,2024-05-01 13:00:00,Lunch,Weekday,High-value record
2808,2024-08-20,21:15:00,Grilled Asparagus,Side,2.0,8,16.0,Credit Card,Dine-In,105,Nina,21,Tuesday,8,August,1,False,False,2024-08-20 21:00:00,Dinner,Weekday,Other record
2809,2024-01-03,20:30:00,New York Strip,Entree,2.0,38,76.0,Credit Card,Takeaway,103,Emily,20,Wednesday,1,January,2,False,True,2024-01-03 20:00:00,Dinner,Weekday,High-value record
2810,2024-09-18,16:00:00,Old Fashioned,Beverage,4.0,12,48.0,Credit Card,Takeaway,101,Sarah,16,Wednesday,9,September,2,False,False,2024-09-18 16:00:00,Lunch,Weekday,Other record
2811,2024-12-09,22:15:00,Old Fashioned,Beverage,6.0,12,72.0,Credit Card,Delivery,102,Jake,22,Monday,12,December,0,False,True,2024-12-09 22:00:00,Dinner,Weekday,High-value record
2812,2024-02-08,12:15:00,Shrimp Cocktail,Appetizer,1.0,14,14.0,Mobile Payment,Delivery,105,Nina,12,Thursday,2,February,3,False,False,2024-02-08 12:00:00,Lunch,Weekday,Other record
2813,2024-07-25,13:45:00,Shrimp Cocktail,Appetizer,2.0,14,28.0,Cash,Dine-In,105,Nina,13,Thursday,7,July,3,False,False,2024-07-25 13:00:00,Lunch,Weekday,Other record
2814,2024-09-01,16:00:00,Old Fashioned,Beverage,1.0,12,12.0,Mobile Payment,Takeaway,103,Emily,16,Sunday,9,September,6,True,False,2024-09-01 16:00:00,Lunch,Weekend,Other record
2815,2024-05-16,13:00:00,Cabernet Sauvignon,Beverage,4.0,16,64.0,Mobile Payment,Takeaway,103,Emily,13,Thursday,5,May,3,False,True,2024-05-16 13:00:00,Lunch,Weekday,High-value record
2816,2024-09-05,11:30:00,Grilled Asparagus,Side,6.0,8,48.0,Cash,Dine-In,105,Nina,11,Thursday,9,September,3,False,False,2024-09-05 11:00:00,Lunch,Weekday,Other record
2817,2024-03-13,13:30:00,Old Fashioned,Beverage,1.0,12,12.0,Mobile Payment,Delivery,101,Sarah,13,Wednesday,3,March,2,False,False,2024-03-13 13:00:00,Lunch,Weekday,Other record
2818,2024-01-26,12:45:00,Caesar Salad,Appetizer,5.0,10,50.0,Credit Card,Takeaway,101,Sarah,12,Friday,1,January,4,False,False,2024-01-26 12:00:00,Lunch,Weekday,Other record
2819,2024-08-23,13:15:00,New York Strip,Entree,5.0,38,190.0,Credit Card,Dine-In,105,Nina,13,Friday,8,August,4,False,True,2024-08-23 13:00:00,Lunch,Weekday,High-value record
2820,2024-03-24,19:30:00,Truffle Fries,Side,7.0,8,56.0,Cash,Dine-In,101,Sarah,19,Sunday,3,March,6,True,False,2024-03-24 19:00:00,Dinner,Weekend,Other record
2821,2024-09-05,19:15:00,New York Strip,Entree,5.0,38,190.0,Mobile Payment,Takeaway,102,Jake,19,Thursday,9,September,3,False,True,2024-09-05 19:00:00,Dinner,Weekday,High-value record
2822,2024-02-16,13:45:00,Filet Mignon,Entree,7.0,42,294.0,Mobile Payment,Takeaway,101,Sarah,13,Friday,2,February,4,False,True,2024-02-16 13:00:00,Lunch,Weekday,High-value record
2823,2024-09-03,12:00:00,Mashed Potatoes,Side,6.0,7,42.0,Mobile Payment,Delivery,101,Sarah,12,Tuesday,9,September,1,False,False,2024-09-03 12:00:00,Lunch,Weekday,Other record
2824,2024-02-16,12:30:00,Ribeye Steak,Entree,8.0,35,280.0,Cash,Takeaway,101,Sarah,12,Friday,2,February,4,False,True,2024-02-16 12:00:00,Lunch,Weekday,High-value record
2825,2024-12-02,12:30:00,New York Strip,Entree,4.0,38,152.0,Cash,Delivery,101,Sarah,12,Monday,12,December,0,False,True,2024-12-02 12:00:00,Lunch,Weekday,High-value record
2826,2024-07-04,14:45:00,Ribeye Steak,Entree,4.0,35,140.0,Cash,Dine-In,101,Sarah,14,Thursday,7,July,3,False,True,2024-07-04 14:00:00,Lunch,Weekday,High-value record
2827,2024-01-17,18:00:00,Grilled Asparagus,Side,9.0,8,72.0,Credit Card,Delivery,101,Sarah,18,Wednesday,1,January,2,False,True,2024-01-17 18:00:00,Dinner,Weekday,High-value record
2828,2024-01-03,18:30:00,Truffle Fries,Side,2.0,8,16.0,Mobile Payment,Delivery,103,Emily,18,Wednesday,1,January,2,False,False,2024-01-03 18:00:00,Dinner,Weekday,Other record
2829,2024-10-14,22:30:00,Truffle Fries,Side,5.0,8,40.0,Cash,Delivery,102,Jake,22,Monday,10,October,0,False,False,2024-10-14 22:00:00,Dinner,Weekday,Other record
2830,2024-10-17,19:45:00,Grilled Asparagus,Side,10.0,8,80.0,Mobile Payment,Delivery,102,Jake,19,Thursday,10,October,3,False,True,2024-10-17 19:00:00,Dinner,Weekday,High-value record
2831,2024-07-30,16:15:00,Chocolate Lava Cake,Dessert,3.0,9,27.0,Credit Card,Takeaway,101,Sarah,16,Tuesday,7,July,1,False,False,2024-07-30 16:00:00,Lunch,Weekday,Other record
2832,2024-07-30,22:00:00,Chocolate Lava Cake,Dessert,10.0,9,90.0,Cash,Takeaway,102,Jake,22,Tuesday,7,July,1,False,True,2024-07-30 22:00:00,Dinner,Weekday,High-value record
2833,2024-06-08,19:00:00,Caesar Salad,Appetizer,2.0,10,20.0,Cash,Takeaway,103,Emily,19,Saturday,6,June,5,True,False,2024-06-08 19:00:00,Dinner,Weekend,Other record
2834,2024-01-24,13:30:00,Cabernet Sauvignon,Beverage,5.0,16,80.0,Credit Card,Dine-In,102,Jake,13,Wednesday,1,January,2,False,True,2024-01-24 13:00:00,Lunch,Weekday,High-value record
2835,2024-02-05,18:30:00,Caesar Salad,Appetizer,6.0,10,60.0,Credit Card,Takeaway,105,Nina,18,Monday,2,February,0,False,False,2024-02-05 18:00:00,Dinner,Weekday,Other record
2836,2024-05-03,16:15:00,Grilled Asparagus,Side,8.0,8,64.0,Cash,Takeaway,103,Emily,16,Friday,5,May,4,False,True,2024-05-03 16:00:00,Lunch,Weekday,High-value record
2837,2024-10-06,17:00:00,Truffle Fries,Side,8.0,8,64.0,Credit Card,Dine-In,105,Nina,17,Sunday,10,October,6,True,True,2024-10-06 17:00:00,Dinner,Weekend,High-value record
2838,2024-10-07,14:30:00,Shrimp Cocktail,Appetizer,4.0,14,56.0,Mobile Payment,Dine-In,105,Nina,14,Monday,10,October,0,False,False,2024-10-07 14:00:00,Lunch,Weekday,Other record
2839,2024-06-04,13:30:00,Caesar Salad,Appetizer,4.0,10,40.0,Mobile Payment,Takeaway,104,Carlos,13,Tuesday,6,June,1,False,False,2024-06-04 13:00:00,Lunch,Weekday,Other record
2840,2024-03-11,19:00:00,Mashed Potatoes,Side,7.0,7,49.0,Cash,Takeaway,104,Carlos,19,Monday,3,March,0,False,False,2024-03-11 19:00:00,Dinner,Weekday,Other record
2841,2024-05-21,22:00:00,Grilled Asparagus,Side,5.0,8,40.0,Credit Card,Delivery,103,Emily,22,Tuesday,5,May,1,False,False,2024-05-21 22:00:00,Dinner,Weekday,Other record
2842,2024-06-29,12:30:00,Grilled Asparagus,Side,3.0,8,24.0,Cash,Delivery,102,Jake,12,Saturday,6,June,5,True,False,2024-06-29 12:00:00,Lunch,Weekend,Other record
2843,2024-01-05,20:00:00,Cabernet Sauvignon,Beverage,5.0,16,80.0,Credit Card,Dine-In,101,Sarah,20,Friday,1,January,4,False,True,2024-01-05 20:00:00,Dinner,Weekday,High-value record
2844,2024-09-09,21:30:00,Truffle Fries,Side,2.0,8,16.0,Mobile Payment,Delivery,101,Sarah,21,Monday,9,September,0,False,False,2024-09-09 21:00:00,Dinner,Weekday,Other record
2845,2024-04-29,12:00:00,Filet Mignon,Entree,4.0,42,168.0,Mobile Payment,Takeaway,101,Sarah,12,Monday,4,April,0,False,True,2024-04-29 12:00:00,Lunch,Weekday,High-value record
2846,2024-11-03,21:00:00,New York Strip,Entree,7.0,38,266.0,Credit Card,Delivery,104,Carlos,21,Sunday,11,November,6,True,True,2024-11-03 21:00:00,Dinner,Weekend,High-value record
2847,2024-12-15,17:00:00,Bourbon BBQ Burger,Entree,4.0,22,88.0,Cash,Delivery,101,Sarah,17,Sunday,12,December,6,True,True,2024-12-15 17:00:00,Dinner,Weekend,High-value record
2848,2024-07-26,22:30:00,Caesar Salad,Appetizer,6.0,10,60.0,Credit Card,Delivery,101,Sarah,22,Friday,7,July,4,False,False,2024-07-26 22:00:00,Dinner,Weekday,Other record
2849,2024-12-15,13:00:00,Filet Mignon,Entree,2.0,42,84.0,Cash,Takeaway,103,Emily,13,Sunday,12,December,6,True,True,2024-12-15 13:00:00,Lunch,Weekend,High-value record
2850,2024-10-16,16:00:00,Ribeye Steak,Entree,2.0,35,70.0,Credit Card,Delivery,101,Sarah,16,Wednesday,10,October,2,False,True,2024-10-16 16:00:00,Lunch,Weekday,High-value record
2851,2024-02-10,16:00:00,Mashed Potatoes,Side,4.0,7,28.0,Mobile Payment,Dine-In,103,Emily,16,Saturday,2,February,5,True,False,2024-02-10 16:00:00,Lunch,Weekend,Other record
2852,2024-12-01,21:30:00,Old Fashioned,Beverage,10.0,12,120.0,Credit Card,Dine-In,104,Carlos,21,Sunday,12,December,6,True,True,2024-12-01 21:00:00,Dinner,Weekend,High-value record
2853,2024-05-24,11:45:00,Filet Mignon,Entree,7.0,42,294.0,Mobile Payment,Dine-In,102,Jake,11,Friday,5,May,4,False,True,2024-05-24 11:00:00,Lunch,Weekday,High-value record
2854,2024-08-25,20:00:00,Mashed Potatoes,Side,10.0,7,70.0,Mobile Payment,Takeaway,101,Sarah,20,Sunday,8,August,6,True,True,2024-08-25 20:00:00,Dinner,Weekend,High-value record
2855,2024-04-28,21:00:00,Ribeye Steak,Entree,2.0,35,70.0,Credit Card,Takeaway,105,Nina,21,Sunday,4,April,6,True,True,2024-04-28 21:00:00,Dinner,Weekend,High-value record
2856,2024-04-20,15:00:00,Caesar Salad,Appetizer,10.0,10,100.0,Cash,Dine-In,103,Emily,15,Saturday,4,April,5,True,True,2024-04-20 15:00:00,Lunch,Weekend,High-value record
2857,2024-06-27,13:00:00,Caesar Salad,Appetizer,5.0,10,50.0,Cash,Delivery,105,Nina,13,Thursday,6,June,3,False,False,2024-06-27 13:00:00,Lunch,Weekday,Other record
2858,2024-12-23,15:00:00,Filet Mignon,Entree,5.0,42,210.0,Credit Card,Delivery,105,Nina,15,Monday,12,December,0,False,True,2024-12-23 15:00:00,Lunch,Weekday,High-value record
2859,2024-02-18,14:30:00,Chocolate Lava Cake,Dessert,5.0,9,45.0,Cash,Delivery,103,Emily,14,Sunday,2,February,6,True,False,2024-02-18 14:00:00,Lunch,Weekend,Other record
2860,2024-06-26,14:30:00,Bourbon BBQ Burger,Entree,5.0,22,110.0,Credit Card,Dine-In,101,Sarah,14,Wednesday,6,June,2,False,True,2024-06-26 14:00:00,Lunch,Weekday,High-value record
2861,2024-07-04,17:00:00,Ribeye Steak,Entree,2.0,35,70.0,Credit Card,Takeaway,105,Nina,17,Thursday,7,July,3,False,True,2024-07-04 17:00:00,Dinner,Weekday,High-value record
2862,2024-10-22,11:00:00,Grilled Asparagus,Side,5.0,8,40.0,Credit Card,Delivery,101,Sarah,11,Tuesday,10,October,1,False,False,2024-10-22 11:00:00,Lunch,Weekday,Other record
2863,2024-02-07,19:45:00,Truffle Fries,Side,8.0,8,64.0,Credit Card,Takeaway,101,Sarah,19,Wednesday,2,February,2,False,True,2024-02-07 19:00:00,Dinner,Weekday,High-value record
2864,2024-12-22,14:45:00,Cabernet Sauvignon,Beverage,3.0,16,48.0,Mobile Payment,Delivery,102,Jake,14,Sunday,12,December,6,True,False,2024-12-22 14:00:00,Lunch,Weekend,Other record
2865,2024-04-21,21:15:00,Chocolate Lava Cake,Dessert,6.0,9,54.0,Credit Card,Delivery,103,Emily,21,Sunday,4,April,6,True,False,2024-04-21 21:00:00,Dinner,Weekend,Other record
2866,2024-04-25,11:00:00,Grilled Asparagus,Side,4.0,8,32.0,Credit Card,Takeaway,102,Jake,11,Thursday,4,April,3,False,False,2024-04-25 11:00:00,Lunch,Weekday,Other record
2867,2024-06-20,16:00:00,Caesar Salad,Appetizer,2.0,10,20.0,Mobile Payment,Takeaway,101,Sarah,16,Thursday,6,June,3,False,False,2024-06-20 16:00:00,Lunch,Weekday,Other record
2868,2024-02-07,18:15:00,Grilled Asparagus,Side,5.0,8,40.0,Credit Card,Dine-In,104,Carlos,18,Wednesday,2,February,2,False,False,2024-02-07 18:00:00,Dinner,Weekday,Other record
2869,2024-04-04,15:00:00,Old Fashioned,Beverage,5.0,12,60.0,Credit Card,Dine-In,105,Nina,15,Thursday,4,April,3,False,False,2024-04-04 15:00:00,Lunch,Weekday,Other record
2870,2024-02-01,21:15:00,Bourbon BBQ Burger,Entree,11.0,22,242.0,Mobile Payment,Dine-In,102,Jake,21,Thursday,2,February,3,False,True,2024-02-01 21:00:00,Dinner,Weekday,High-value record
2871,2024-04-23,15:30:00,Filet Mignon,Entree,1.0,42,42.0,Cash,Delivery,101,Sarah,15,Tuesday,4,April,1,False,False,2024-04-23 15:00:00,Lunch,Weekday,Other record
2872,2024-10-19,11:45:00,Bourbon BBQ Burger,Entree,2.0,22,44.0,Credit Card,Dine-In,101,Sarah,11,Saturday,10,October,5,True,False,2024-10-19 11:00:00,Lunch,Weekend,Other record
2873,2024-11-22,19:45:00,Cabernet Sauvignon,Beverage,5.0,16,80.0,Cash,Dine-In,102,Jake,19,Friday,11,November,4,False,True,2024-11-22 19:00:00,Dinner,Weekday,High-value record
2874,2024-02-29,12:45:00,Grilled Asparagus,Side,5.0,8,40.0,Cash,Dine-In,105,Nina,12,Thursday,2,February,3,False,False,2024-02-29 12:00:00,Lunch,Weekday,Other record
2875,2024-01-04,15:30:00,Old Fashioned,Beverage,3.0,12,36.0,Mobile Payment,Delivery,105,Nina,15,Thursday,1,January,3,False,False,2024-01-04 15:00:00,Lunch,Weekday,Other record
2876,2024-08-18,16:15:00,Filet Mignon,Entree,2.0,42,84.0,Mobile Payment,Delivery,105,Nina,16,Sunday,8,August,6,True,True,2024-08-18 16:00:00,Lunch,Weekend,High-value record
2877,2024-08-04,15:15:00,Grilled Asparagus,Side,1.0,8,8.0,Cash,Dine-In,104,Carlos,15,Sunday,8,August,6,True,False,2024-08-04 15:00:00,Lunch,Weekend,Other record
2878,2024-12-09,13:00:00,Truffle Fries,Side,2.0,8,16.0,Credit Card,Takeaway,103,Emily,13,Monday,12,December,0,False,False,2024-12-09 13:00:00,Lunch,Weekday,Other record
2879,2024-09-23,13:00:00,Shrimp Cocktail,Appetizer,4.0,14,56.0,Credit Card,Dine-In,105,Nina,13,Monday,9,September,0,False,False,2024-09-23 13:00:00,Lunch,Weekday,Other record
2880,2024-03-05,11:45:00,Filet Mignon,Entree,1.0,42,42.0,Credit Card,Dine-In,102,Jake,11,Tuesday,3,March,1,False,False,2024-03-05 11:00:00,Lunch,Weekday,Other record
2881,2024-12-31,19:00:00,New York Strip,Entree,5.2,38,197.6,Credit Card,Delivery,102,Jake,19,Tuesday,12,December,1,False,True,2024-12-31 19:00:00,Dinner,Weekday,High-value record
2882,2024-02-20,21:15:00,Filet Mignon,Entree,6.0,42,252.0,Mobile Payment,Dine-In,105,Nina,21,Tuesday,2,February,1,False,True,2024-02-20 21:00:00,Dinner,Weekday,High-value record
2883,2024-10-20,18:00:00,Bourbon BBQ Burger,Entree,6.0,22,132.0,Mobile Payment,Dine-In,104,Carlos,18,Sunday,10,October,6,True,True,2024-10-20 18:00:00,Dinner,Weekend,High-value record
2884,2024-02-24,12:45:00,Caesar Salad,Appetizer,9.0,10,90.0,Credit Card,Takeaway,105,Nina,12,Saturday,2,February,5,True,True,2024-02-24 12:00:00,Lunch,Weekend,High-value record
2885,2024-10-08,12:30:00,Chocolate Lava Cake,Dessert,4.0,9,36.0,Mobile Payment,Takeaway,102,Jake,12,Tuesday,10,October,1,False,False,2024-10-08 12:00:00,Lunch,Weekday,Other record
2886,2024-12-26,22:00:00,Grilled Asparagus,Side,10.0,8,80.0,Mobile Payment,Dine-In,101,Sarah,22,Thursday,12,December,3,False,True,2024-12-26 22:00:00,Dinner,Weekday,High-value record
2887,2024-06-22,14:45:00,Cabernet Sauvignon,Beverage,10.0,16,160.0,Cash,Dine-In,105,Nina,14,Saturday,6,June,5,True,True,2024-06-22 14:00:00,Lunch,Weekend,High-value record
2888,2024-07-11,20:15:00,Cabernet Sauvignon,Beverage,8.0,16,128.0,Credit Card,Dine-In,105,Nina,20,Thursday,7,July,3,False,True,2024-07-11 20:00:00,Dinner,Weekday,High-value record
2889,2024-05-21,16:30:00,Ribeye Steak,Entree,1.0,35,35.0,Mobile Payment,Dine-In,102,Jake,16,Tuesday,5,May,1,False,False,2024-05-21 16:00:00,Lunch,Weekday,Other record
2890,2024-09-01,13:00:00,Ribeye Steak,Entree,2.0,35,70.0,Mobile Payment,Dine-In,105,Nina,13,Sunday,9,September,6,True,True,2024-09-01 13:00:00,Lunch,Weekend,High-value record
2891,2024-05-30,19:15:00,Bourbon BBQ Burger,Entree,4.0,22,88.0,Cash,Delivery,102,Jake,19,Thursday,5,May,3,False,True,2024-05-30 19:00:00,Dinner,Weekday,High-value record
2892,2024-01-31,15:00:00,Shrimp Cocktail,Appetizer,3.0,14,42.0,Credit Card,Takeaway,102,Jake,15,Wednesday,1,January,2,False,False,2024-01-31 15:00:00,Lunch,Weekday,Other record
2893,2024-03-08,22:00:00,Filet Mignon,Entree,8.0,42,336.0,Credit Card,Delivery,105,Nina,22,Friday,3,March,4,False,True,2024-03-08 22:00:00,Dinner,Weekday,High-value record
2894,2024-12-29,14:00:00,Bourbon BBQ Burger,Entree,2.0,22,44.0,Mobile Payment,Delivery,101,Sarah,14,Sunday,12,December,6,True,False,2024-12-29 14:00:00,Lunch,Weekend,Other record
2895,2024-03-06,11:15:00,Ribeye Steak,Entree,3.0,35,105.0,Mobile Payment,Delivery,102,Jake,11,Wednesday,3,March,2,False,True,2024-03-06 11:00:00,Lunch,Weekday,High-value record
2896,2024-04-22,13:15:00,Truffle Fries,Side,4.0,8,32.0,Credit Card,Takeaway,102,Jake,13,Monday,4,April,0,False,False,2024-04-22 13:00:00,Lunch,Weekday,Other record
2897,2024-12-22,12:15:00,Mashed Potatoes,Side,2.0,7,14.0,Cash,Dine-In,105,Nina,12,Sunday,12,December,6,True,False,2024-12-22 12:00:00,Lunch,Weekend,Other record
2898,2024-02-17,17:30:00,Ribeye Steak,Entree,9.0,35,315.0,Credit Card,Takeaway,102,Jake,17,Saturday,2,February,5,True,True,2024-02-17 17:00:00,Dinner,Weekend,High-value record
2899,2024-01-02,21:00:00,Mashed Potatoes,Side,12.0,7,84.0,Cash,Takeaway,104,Carlos,21,Tuesday,1,January,1,False,True,2024-01-02 21:00:00,Dinner,Weekday,High-value record
2900,2024-08-23,16:45:00,Chocolate Lava Cake,Dessert,1.0,9,9.0,Mobile Payment,Delivery,102,Jake,16,Friday,8,August,4,False,False,2024-08-23 16:00:00,Lunch,Weekday,Other record
2901,2024-03-08,12:00:00,Bourbon BBQ Burger,Entree,2.0,22,44.0,Mobile Payment,Dine-In,104,Carlos,12,Friday,3,March,4,False,False,2024-03-08 12:00:00,Lunch,Weekday,Other record
2902,2024-12-15,21:00:00,Old Fashioned,Beverage,5.0,12,60.0,Credit Card,Delivery,101,Sarah,21,Sunday,12,December,6,True,False,2024-12-15 21:00:00,Dinner,Weekend,Other record
2903,2024-03-22,20:15:00,Filet Mignon,Entree,2.0,42,84.0,Credit Card,Dine-In,105,Nina,20,Friday,3,March,4,False,True,2024-03-22 20:00:00,Dinner,Weekday,High-value record
2904,2024-05-21,12:45:00,Grilled Asparagus,Side,2.0,8,16.0,Cash,Delivery,101,Sarah,12,Tuesday,5,May,1,False,False,2024-05-21 12:00:00,Lunch,Weekday,Other record
2905,2024-04-13,12:45:00,Old Fashioned,Beverage,2.0,12,24.0,Mobile Payment,Dine-In,103,Emily,12,Saturday,4,April,5,True,False,2024-04-13 12:00:00,Lunch,Weekend,Other record
2906,2024-07-26,19:30:00,Grilled Asparagus,Side,7.0,8,56.0,Credit Card,Dine-In,104,Carlos,19,Friday,7,July,4,False,False,2024-07-26 19:00:00,Dinner,Weekday,Other record
2907,2024-04-29,22:45:00,New York Strip,Entree,2.0,38,76.0,Mobile Payment,Delivery,104,Carlos,22,Monday,4,April,0,False,True,2024-04-29 22:00:00,Dinner,Weekday,High-value record
2908,2024-07-04,16:00:00,Shrimp Cocktail,Appetizer,5.0,14,70.0,Credit Card,Takeaway,103,Emily,16,Thursday,7,July,3,False,True,2024-07-04 16:00:00,Lunch,Weekday,High-value record
2909,2024-12-01,11:45:00,Grilled Asparagus,Side,4.0,8,32.0,Cash,Delivery,103,Emily,11,Sunday,12,December,6,True,False,2024-12-01 11:00:00,Lunch,Weekend,Other record
2910,2024-11-05,14:15:00,Chocolate Lava Cake,Dessert,4.0,9,36.0,Credit Card,Dine-In,103,Emily,14,Tuesday,11,November,1,False,False,2024-11-05 14:00:00,Lunch,Weekday,Other record
2911,2024-11-27,20:45:00,New York Strip,Entree,7.0,38,266.0,Cash,Dine-In,102,Jake,20,Wednesday,11,November,2,False,True,2024-11-27 20:00:00,Dinner,Weekday,High-value record
2912,2024-07-16,13:45:00,Filet Mignon,Entree,1.0,42,42.0,Credit Card,Dine-In,103,Emily,13,Tuesday,7,July,1,False,False,2024-07-16 13:00:00,Lunch,Weekday,Other record
2913,2024-04-20,17:15:00,Truffle Fries,Side,6.0,8,48.0,Mobile Payment,Delivery,103,Emily,17,Saturday,4,April,5,True,False,2024-04-20 17:00:00,Dinner,Weekend,Other record
2914,2024-05-16,21:15:00,Filet Mignon,Entree,11.0,42,462.0,Mobile Payment,Delivery,101,Sarah,21,Thursday,5,May,3,False,True,2024-05-16 21:00:00,Dinner,Weekday,High-value record
2915,2024-09-30,22:45:00,Chocolate Lava Cake,Dessert,9.0,9,81.0,Cash,Delivery,105,Nina,22,Monday,9,September,0,False,True,2024-09-30 22:00:00,Dinner,Weekday,High-value record
2916,2024-07-27,13:15:00,Truffle Fries,Side,5.0,8,40.0,Mobile Payment,Dine-In,105,Nina,13,Saturday,7,July,5,True,False,2024-07-27 13:00:00,Lunch,Weekend,Other record
2917,2024-10-19,21:45:00,Shrimp Cocktail,Appetizer,5.0,14,70.0,Cash,Delivery,103,Emily,21,Saturday,10,October,5,True,True,2024-10-19 21:00:00,Dinner,Weekend,High-value record
2918,2024-05-02,13:30:00,Old Fashioned,Beverage,2.0,12,24.0,Credit Card,Delivery,101,Sarah,13,Thursday,5,May,3,False,False,2024-05-02 13:00:00,Lunch,Weekday,Other record
2919,2024-07-05,19:15:00,Caesar Salad,Appetizer,5.0,10,50.0,Credit Card,Dine-In,101,Sarah,19,Friday,7,July,4,False,False,2024-07-05 19:00:00,Dinner,Weekday,Other record
2920,2024-12-19,14:00:00,Filet Mignon,Entree,3.0,42,126.0,Mobile Payment,Delivery,104,Carlos,14,Thursday,12,December,3,False,True,2024-12-19 14:00:00,Lunch,Weekday,High-value record
2921,2024-07-26,11:30:00,Truffle Fries,Side,5.0,8,40.0,Credit Card,Takeaway,104,Carlos,11,Friday,7,July,4,False,False,2024-07-26 11:00:00,Lunch,Weekday,Other record
2922,2024-12-19,20:30:00,Old Fashioned,Beverage,6.0,12,72.0,Credit Card,Takeaway,105,Nina,20,Thursday,12,December,3,False,True,2024-12-19 20:00:00,Dinner,Weekday,High-value record
2923,2024-12-30,22:30:00,Truffle Fries,Side,5.0,8,40.0,Cash,Takeaway,102,Jake,22,Monday,12,December,0,False,False,2024-12-30 22:00:00,Dinner,Weekday,Other record
2924,2024-08-11,16:45:00,Shrimp Cocktail,Appetizer,3.0,14,42.0,Credit Card,Delivery,105,Nina,16,Sunday,8,August,6,True,False,2024-08-11 16:00:00,Lunch,Weekend,Other record
2925,2024-09-14,17:00:00,Grilled Asparagus,Side,3.0,8,24.0,Credit Card,Dine-In,101,Sarah,17,Saturday,9,September,5,True,False,2024-09-14 17:00:00,Dinner,Weekend,Other record
2926,2024-03-31,16:30:00,Mashed Potatoes,Side,1.0,7,7.0,Mobile Payment,Delivery,101,Sarah,16,Sunday,3,March,6,True,False,2024-03-31 16:00:00,Lunch,Weekend,Other record
2927,2024-10-20,16:30:00,Cabernet Sauvignon,Beverage,1.0,16,16.0,Credit Card,Dine-In,104,Carlos,16,Sunday,10,October,6,True,False,2024-10-20 16:00:00,Lunch,Weekend,Other record
2928,2024-11-01,13:30:00,Mashed Potatoes,Side,8.0,7,56.0,Credit Card,Takeaway,103,Emily,13,Friday,11,November,4,False,False,2024-11-01 13:00:00,Lunch,Weekday,Other record
2929,2024-08-16,13:00:00,Caesar Salad,Appetizer,2.0,10,20.0,Credit Card,Takeaway,102,Jake,13,Friday,8,August,4,False,False,2024-08-16 13:00:00,Lunch,Weekday,Other record
2930,2024-05-02,16:00:00,Shrimp Cocktail,Appetizer,2.0,14,28.0,Credit Card,Dine-In,103,Emily,16,Thursday,5,May,3,False,False,2024-05-02 16:00:00,Lunch,Weekday,Other record
2931,2024-01-27,21:30:00,Bourbon BBQ Burger,Entree,12.0,22,264.0,Mobile Payment,Dine-In,102,Jake,21,Saturday,1,January,5,True,True,2024-01-27 21:00:00,Dinner,Weekend,High-value record
2932,2024-03-21,17:00:00,Shrimp Cocktail,Appetizer,7.0,14,98.0,Credit Card,Dine-In,101,Sarah,17,Thursday,3,March,3,False,True,2024-03-21 17:00:00,Dinner,Weekday,High-value record
2933,2024-08-19,20:45:00,Caesar Salad,Appetizer,10.0,10,100.0,Cash,Dine-In,101,Sarah,20,Monday,8,August,0,False,True,2024-08-19 20:00:00,Dinner,Weekday,High-value record
2934,2024-01-16,19:00:00,Old Fashioned,Beverage,12.0,12,144.0,Credit Card,Dine-In,102,Jake,19,Tuesday,1,January,1,False,True,2024-01-16 19:00:00,Dinner,Weekday,High-value record
2935,2024-03-02,12:30:00,Truffle Fries,Side,9.0,8,72.0,Credit Card,Dine-In,105,Nina,12,Saturday,3,March,5,True,True,2024-03-02 12:00:00,Lunch,Weekend,High-value record
2936,2024-05-23,16:15:00,Caesar Salad,Appetizer,3.0,10,30.0,Mobile Payment,Takeaway,102,Jake,16,Thursday,5,May,3,False,False,2024-05-23 16:00:00,Lunch,Weekday,Other record
2937,2024-08-09,19:45:00,Shrimp Cocktail,Appetizer,5.0,14,70.0,Mobile Payment,Delivery,104,Carlos,19,Friday,8,August,4,False,True,2024-08-09 19:00:00,Dinner,Weekday,High-value record
2938,2024-01-25,12:45:00,Caesar Salad,Appetizer,2.0,10,20.0,Mobile Payment,Delivery,101,Sarah,12,Thursday,1,January,3,False,False,2024-01-25 12:00:00,Lunch,Weekday,Other record
2939,2024-12-20,19:45:00,Mashed Potatoes,Side,5.0,7,35.0,Cash,Takeaway,104,Carlos,19,Friday,12,December,4,False,False,2024-12-20 19:00:00,Dinner,Weekday,Other record
2940,2024-08-19,13:45:00,Grilled Asparagus,Side,3.0,8,24.0,Credit Card,Dine-In,102,Jake,13,Monday,8,August,0,False,False,2024-08-19 13:00:00,Lunch,Weekday,Other record
2941,2024-08-27,11:00:00,Shrimp Cocktail,Appetizer,1.0,14,14.0,Mobile Payment,Dine-In,103,Emily,11,Tuesday,8,August,1,False,False,2024-08-27 11:00:00,Lunch,Weekday,Other record
2942,2024-03-19,18:00:00,Ribeye Steak,Entree,6.0,35,210.0,Credit Card,Delivery,105,Nina,18,Tuesday,3,March,1,False,True,2024-03-19 18:00:00,Dinner,Weekday,High-value record
2943,2024-12-03,11:00:00,Ribeye Steak,Entree,2.0,35,70.0,Credit Card,Delivery,102,Jake,11,Tuesday,12,December,1,False,True,2024-12-03 11:00:00,Lunch,Weekday,High-value record
2944,2024-03-06,12:30:00,New York Strip,Entree,3.0,38,114.0,Credit Card,Delivery,102,Jake,12,Wednesday,3,March,2,False,True,2024-03-06 12:00:00,Lunch,Weekday,High-value record
2945,2024-03-02,17:00:00,Chocolate Lava Cake,Dessert,7.0,9,63.0,Cash,Delivery,101,Sarah,17,Saturday,3,March,5,True,True,2024-03-02 17:00:00,Dinner,Weekend,High-value record
2946,2024-04-21,17:00:00,Old Fashioned,Beverage,5.0,12,60.0,Cash,Dine-In,101,Sarah,17,Sunday,4,April,6,True,False,2024-04-21 17:00:00,Dinner,Weekend,Other record
2947,2024-04-11,17:30:00,Mashed Potatoes,Side,4.0,7,28.0,Mobile Payment,Takeaway,102,Jake,17,Thursday,4,April,3,False,False,2024-04-11 17:00:00,Dinner,Weekday,Other record
2948,2024-01-14,20:15:00,Chocolate Lava Cake,Dessert,9.0,9,81.0,Cash,Takeaway,102,Jake,20,Sunday,1,January,6,True,True,2024-01-14 20:00:00,Dinner,Weekend,High-value record
2949,2024-07-10,20:30:00,Bourbon BBQ Burger,Entree,5.0,22,110.0,Cash,Dine-In,102,Jake,20,Wednesday,7,July,2,False,True,2024-07-10 20:00:00,Dinner,Weekday,High-value record
2950,2024-03-18,21:45:00,Caesar Salad,Appetizer,12.0,10,120.0,Cash,Delivery,105,Nina,21,Monday,3,March,0,False,True,2024-03-18 21:00:00,Dinner,Weekday,High-value record
2951,2024-11-07,13:00:00,Shrimp Cocktail,Appetizer,3.0,14,42.0,Credit Card,Delivery,102,Jake,13,Thursday,11,November,3,False,False,2024-11-07 13:00:00,Lunch,Weekday,Other record
2952,2024-06-30,14:15:00,Caesar Salad,Appetizer,3.0,10,30.0,Credit Card,Dine-In,105,Nina,14,Sunday,6,June,6,True,False,2024-06-30 14:00:00,Lunch,Weekend,Other record
2953,2024-06-28,11:45:00,Grilled Asparagus,Side,1.0,8,8.0,Cash,Delivery,104,Carlos,11,Friday,6,June,4,False,False,2024-06-28 11:00:00,Lunch,Weekday,Other record
2954,2024-01-24,19:15:00,Grilled Asparagus,Side,9.0,8,72.0,Credit Card,Dine-In,105,Nina,19,Wednesday,1,January,2,False,True,2024-01-24 19:00:00,Dinner,Weekday,High-value record
2955,2024-03-22,14:45:00,Ribeye Steak,Entree,1.0,35,35.0,Cash,Takeaway,101,Sarah,14,Friday,3,March,4,False,False,2024-03-22 14:00:00,Lunch,Weekday,Other record
2956,2024-03-20,17:00:00,Mashed Potatoes,Side,9.0,7,63.0,Cash,Delivery,105,Nina,17,Wednesday,3,March,2,False,True,2024-03-20 17:00:00,Dinner,Weekday,High-value record
2957,2024-11-19,13:00:00,Old Fashioned,Beverage,4.0,12,48.0,Mobile Payment,Takeaway,105,Nina,13,Tuesday,11,November,1,False,False,2024-11-19 13:00:00,Lunch,Weekday,Other record
2958,2024-05-12,17:45:00,Caesar Salad,Appetizer,7.5,10,75.0,Credit Card,Takeaway,102,Jake,17,Sunday,5,May,6,True,True,2024-05-12 17:00:00,Dinner,Weekend,High-value record
2959,2024-03-15,14:15:00,Truffle Fries,Side,3.0,8,24.0,Cash,Dine-In,105,Nina,14,Friday,3,March,4,False,False,2024-03-15 14:00:00,Lunch,Weekday,Other record
2960,2024-01-09,21:00:00,Chocolate Lava Cake,Dessert,6.0,9,54.0,Credit Card,Dine-In,103,Emily,21,Tuesday,1,January,1,False,False,2024-01-09 21:00:00,Dinner,Weekday,Other record
2961,2024-10-13,21:15:00,Truffle Fries,Side,4.0,8,32.0,Cash,Delivery,103,Emily,21,Sunday,10,October,6,True,False,2024-10-13 21:00:00,Dinner,Weekend,Other record
2962,2024-07-26,11:45:00,New York Strip,Entree,8.0,38,304.0,Credit Card,Dine-In,103,Emily,11,Friday,7,July,4,False,True,2024-07-26 11:00:00,Lunch,Weekday,High-value record
2963,2024-12-01,11:45:00,Caesar Salad,Appetizer,3.0,10,30.0,Cash,Dine-In,101,Sarah,11,Sunday,12,December,6,True,False,2024-12-01 11:00:00,Lunch,Weekend,Other record
2964,2024-09-29,11:30:00,Grilled Asparagus,Side,5.0,8,40.0,Credit Card,Dine-In,102,Jake,11,Sunday,9,September,6,True,False,2024-09-29 11:00:00,Lunch,Weekend,Other record
2965,2024-01-04,18:30:00,Caesar Salad,Appetizer,10.0,10,100.0,Credit Card,Dine-In,105,Nina,18,Thursday,1,January,3,False,True,2024-01-04 18:00:00,Dinner,Weekday,High-value record
2966,2024-06-14,13:00:00,Bourbon BBQ Burger,Entree,2.0,22,44.0,Cash,Takeaway,102,Jake,13,Friday,6,June,4,False,False,2024-06-14 13:00:00,Lunch,Weekday,Other record
2967,2024-07-24,21:00:00,Cabernet Sauvignon,Beverage,7.0,16,112.0,Mobile Payment,Takeaway,102,Jake,21,Wednesday,7,July,2,False,True,2024-07-24 21:00:00,Dinner,Weekday,High-value record
2968,2024-10-19,22:45:00,Bourbon BBQ Burger,Entree,6.0,22,132.0,Credit Card,Dine-In,103,Emily,22,Saturday,10,October,5,True,True,2024-10-19 22:00:00,Dinner,Weekend,High-value record
2969,2024-05-21,18:00:00,Mashed Potatoes,Side,7.0,7,49.0,Credit Card,Delivery,101,Sarah,18,Tuesday,5,May,1,False,False,2024-05-21 18:00:00,Dinner,Weekday,Other record
2970,2024-03-30,21:00:00,Mashed Potatoes,Side,2.0,7,14.0,Credit Card,Delivery,103,Emily,21,Saturday,3,March,5,True,False,2024-03-30 21:00:00,Dinner,Weekend,Other record
2971,2024-02-06,12:30:00,Mashed Potatoes,Side,4.0,7,28.0,Credit Card,Dine-In,105,Nina,12,Tuesday,2,February,1,False,False,2024-02-06 12:00:00,Lunch,Weekday,Other record
2972,2024-12-09,12:45:00,Chocolate Lava Cake,Dessert,2.0,9,18.0,Mobile Payment,Takeaway,104,Carlos,12,Monday,12,December,0,False,False,2024-12-09 12:00:00,Lunch,Weekday,Other record
2973,2024-10-07,18:30:00,New York Strip,Entree,2.0,38,76.0,Credit Card,Dine-In,102,Jake,18,Monday,10,October,0,False,True,2024-10-07 18:00:00,Dinner,Weekday,High-value record
2974,2024-01-10,15:15:00,Grilled Asparagus,Side,2.0,8,16.0,Mobile Payment,Dine-In,101,Sarah,15,Wednesday,1,January,2,False,False,2024-01-10 15:00:00,Lunch,Weekday,Other record
2975,2024-11-14,21:45:00,Filet Mignon,Entree,4.0,42,168.0,Mobile Payment,Delivery,101,Sarah,21,Thursday,11,November,3,False,True,2024-11-14 21:00:00,Dinner,Weekday,High-value record
2976,2024-03-17,15:00:00,Caesar Salad,Appetizer,6.0,10,60.0,Cash,Delivery,104,Carlos,15,Sunday,3,March,6,True,False,2024-03-17 15:00:00,Lunch,Weekend,Other record
2977,2024-11-13,17:45:00,Cabernet Sauvignon,Beverage,11.0,16,176.0,Mobile Payment,Takeaway,104,Carlos,17,Wednesday,11,November,2,False,True,2024-11-13 17:00:00,Dinner,Weekday,High-value record
2978,2024-01-19,20:45:00,Caesar Salad,Appetizer,2.0,10,20.0,Cash,Takeaway,104,Carlos,20,Friday,1,January,4,False,False,2024-01-19 20:00:00,Dinner,Weekday,Other record
2979,2024-09-04,14:00:00,Chocolate Lava Cake,Dessert,2.0,9,18.0,Cash,Takeaway,104,Carlos,14,Wednesday,9,September,2,False,False,2024-09-04 14:00:00,Lunch,Weekday,Other record
2980,2024-12-11,11:45:00,Mashed Potatoes,Side,5.0,7,35.0,Mobile Payment,Delivery,105,Nina,11,Wednesday,12,December,2,False,False,2024-12-11 11:00:00,Lunch,Weekday,Other record
2981,2024-08-31,21:45:00,Mashed Potatoes,Side,4.0,7,28.0,Mobile Payment,Dine-In,105,Nina,21,Saturday,8,August,5,True,False,2024-08-31 21:00:00,Dinner,Weekend,Other record
2982,2024-12-23,22:30:00,Caesar Salad,Appetizer,2.0,10,20.0,Mobile Payment,Dine-In,104,Carlos,22,Monday,12,December,0,False,False,2024-12-23 22:00:00,Dinner,Weekday,Other record
2983,2024-06-17,15:15:00,Ribeye Steak,Entree,4.0,35,140.0,Mobile Payment,Delivery,105,Nina,15,Monday,6,June,0,False,True,2024-06-17 15:00:00,Lunch,Weekday,High-value record
2984,2024-11-22,16:15:00,Caesar Salad,Appetizer,2.0,10,20.0,Cash,Dine-In,102,Jake,16,Friday,11,November,4,False,False,2024-11-22 16:00:00,Lunch,Weekday,Other record
2985,2024-03-02,20:00:00,Mashed Potatoes,Side,2.0,7,14.0,Credit Card,Takeaway,104,Carlos,20,Saturday,3,March,5,True,False,2024-03-02 20:00:00,Dinner,Weekend,Other record
2986,2024-05-19,15:45:00,Shrimp Cocktail,Appetizer,4.0,14,56.0,Cash,Delivery,101,Sarah,15,Sunday,5,May,6,True,False,2024-05-19 15:00:00,Lunch,Weekend,Other record
2987,2024-01-01,13:45:00,Cabernet Sauvignon,Beverage,6.0,16,96.0,Credit Card,Takeaway,103,Emily,13,Monday,1,January,0,False,True,2024-01-01 13:00:00,Lunch,Weekday,High-value record
2988,2024-10-05,21:45:00,Old Fashioned,Beverage,9.0,12,108.0,Credit Card,Delivery,104,Carlos,21,Saturday,10,October,5,True,True,2024-10-05 21:00:00,Dinner,Weekend,High-value record
2989,2024-10-30,18:30:00,Filet Mignon,Entree,9.0,42,378.0,Cash,Takeaway,103,Emily,18,Wednesday,10,October,2,False,True,2024-10-30 18:00:00,Dinner,Weekday,High-value record
2990,2024-08-06,22:00:00,Shrimp Cocktail,Appetizer,7.0,14,98.0,Cash,Dine-In,104,Carlos,22,Tuesday,8,August,1,False,True,2024-08-06 22:00:00,Dinner,Weekday,High-value record
2991,2024-05-05,16:30:00,Truffle Fries,Side,2.0,8,16.0,Credit Card,Dine-In,101,Sarah,16,Sunday,5,May,6,True,False,2024-05-05 16:00:00,Lunch,Weekend,Other record
2992,2024-10-28,22:45:00,Shrimp Cocktail,Appetizer,10.0,14,140.0,Credit Card,Delivery,102,Jake,22,Monday,10,October,0,False,True,2024-10-28 22:00:00,Dinner,Weekday,High-value record
2993,2024-08-25,18:00:00,Filet Mignon,Entree,11.0,42,462.0,Mobile Payment,Takeaway,102,Jake,18,Sunday,8,August,6,True,True,2024-08-25 18:00:00,Dinner,Weekend,High-value record
2994,2024-10-18,22:45:00,Caesar Salad,Appetizer,6.0,10,60.0,Cash,Dine-In,103,Emily,22,Friday,10,October,4,False,False,2024-10-18 22:00:00,Dinner,Weekday,Other record
2995,2024-10-30,18:00:00,New York Strip,Entree,6.0,38,228.0,Credit Card,Dine-In,102,Jake,18,Wednesday,10,October,2,False,True,2024-10-30 18:00:00,Dinner,Weekday,High-value record
2996,2024-09-27,13:45:00,Grilled Asparagus,Side,3.0,8,24.0,Credit Card,Takeaway,102,Jake,13,Friday,9,September,4,False,False,2024-09-27 13:00:00,Lunch,Weekday,Other record
2997,2024-02-10,16:30:00,Cabernet Sauvignon,Beverage,9.0,16,144.0,Mobile Payment,Delivery,103,Emily,16,Saturday,2,February,5,True,True,2024-02-10 16:00:00,Lunch,Weekend,High-value record
2998,2024-11-09,17:30:00,Shrimp Cocktail,Appetizer,9.0,14,126.0,Mobile Payment,Takeaway,102,Jake,17,Saturday,11,November,5,True,True,2024-11-09 17:00:00,Dinner,Weekend,High-value record
2999,2024-06-01,16:30:00,Shrimp Cocktail,Appetizer,4.0,14,56.0,Credit Card,Delivery,103,Emily,16,Saturday,6,June,5,True,False,2024-06-01 16:00:00,Lunch,Weekend,Other record
3000,2024-02-07,15:00:00,Grilled Asparagus,Side,5.0,8,40.0,Mobile Payment,Delivery,102,Jake,15,Wednesday,2,February,2,False,False,2024-02-07 15:00:00,Lunch,Weekday,Other record
3001,2024-11-07,14:30:00,Shrimp Cocktail,Appetizer,5.0,14,70.0,Credit Card,Takeaway,102,Jake,14,Thursday,11,November,3,False,True,2024-11-07 14:00:00,Lunch,Weekday,High-value record
3002,2024-10-21,15:45:00,Shrimp Cocktail,Appetizer,1.0,14,14.0,Mobile Payment,Delivery,105,Nina,15,Monday,10,October,0,False,False,2024-10-21 15:00:00,Lunch,Weekday,Other record
3003,2024-03-28,13:15:00,Ribeye Steak,Entree,4.0,35,140.0,Credit Card,Delivery,104,Carlos,13,Thursday,3,March,3,False,True,2024-03-28 13:00:00,Lunch,Weekday,High-value record
3004,2024-03-06,20:45:00,Truffle Fries,Side,5.0,8,40.0,Mobile Payment,Delivery,105,Nina,20,Wednesday,3,March,2,False,False,2024-03-06 20:00:00,Dinner,Weekday,Other record
3005,2024-11-24,19:30:00,Filet Mignon,Entree,3.0,42,126.0,Cash,Dine-In,101,Sarah,19,Sunday,11,November,6,True,True,2024-11-24 19:00:00,Dinner,Weekend,High-value record
3006,2024-10-19,18:15:00,Ribeye Steak,Entree,5.0,35,175.0,Cash,Takeaway,101,Sarah,18,Saturday,10,October,5,True,True,2024-10-19 18:00:00,Dinner,Weekend,High-value record
3007,2024-09-02,16:30:00,Cabernet Sauvignon,Beverage,3.0,16,48.0,Cash,Takeaway,104,Carlos,16,Monday,9,September,0,False,False,2024-09-02 16:00:00,Lunch,Weekday,Other record
3008,2024-07-08,16:45:00,Chocolate Lava Cake,Dessert,2.0,9,18.0,Cash,Dine-In,102,Jake,16,Monday,7,July,0,False,False,2024-07-08 16:00:00,Lunch,Weekday,Other record
3009,2024-01-06,11:30:00,Shrimp Cocktail,Appetizer,7.0,14,98.0,Credit Card,Takeaway,104,Carlos,11,Saturday,1,January,5,True,True,2024-01-06 11:00:00,Lunch,Weekend,High-value record
3010,2024-02-02,13:15:00,Chocolate Lava Cake,Dessert,2.0,9,18.0,Cash,Dine-In,103,Emily,13,Friday,2,February,4,False,False,2024-02-02 13:00:00,Lunch,Weekday,Other record
3011,2024-02-24,13:00:00,Caesar Salad,Appetizer,7.0,10,70.0,Credit Card,Takeaway,103,Emily,13,Saturday,2,February,5,True,True,2024-02-24 13:00:00,Lunch,Weekend,High-value record
3012,2024-09-27,22:45:00,Caesar Salad,Appetizer,6.0,10,60.0,Mobile Payment,Takeaway,104,Carlos,22,Friday,9,September,4,False,False,2024-09-27 22:00:00,Dinner,Weekday,Other record
3013,2024-01-02,19:45:00,Filet Mignon,Entree,10.0,42,420.0,Mobile Payment,Dine-In,101,Sarah,19,Tuesday,1,January,1,False,True,2024-01-02 19:00:00,Dinner,Weekday,High-value record
3014,2024-05-13,22:30:00,Cabernet Sauvignon,Beverage,6.0,16,96.0,Cash,Takeaway,103,Emily,22,Monday,5,May,0,False,True,2024-05-13 22:00:00,Dinner,Weekday,High-value record
3015,2024-07-22,17:15:00,Filet Mignon,Entree,2.0,42,84.0,Cash,Delivery,105,Nina,17,Monday,7,July,0,False,True,2024-07-22 17:00:00,Dinner,Weekday,High-value record
3016,2024-07-08,11:15:00,Shrimp Cocktail,Appetizer,2.0,14,28.0,Cash,Takeaway,102,Jake,11,Monday,7,July,0,False,False,2024-07-08 11:00:00,Lunch,Weekday,Other record
3017,2024-12-09,22:15:00,Ribeye Steak,Entree,4.0,35,140.0,Cash,Takeaway,104,Carlos,22,Monday,12,December,0,False,True,2024-12-09 22:00:00,Dinner,Weekday,High-value record
3018,2024-05-29,13:30:00,Grilled Asparagus,Side,2.0,8,16.0,Mobile Payment,Dine-In,101,Sarah,13,Wednesday,5,May,2,False,False,2024-05-29 13:00:00,Lunch,Weekday,Other record
3019,2024-06-03,14:45:00,Truffle Fries,Side,5.0,8,40.0,Credit Card,Delivery,104,Carlos,14,Monday,6,June,0,False,False,2024-06-03 14:00:00,Lunch,Weekday,Other record
3020,2024-10-03,11:00:00,Cabernet Sauvignon,Beverage,3.0,16,48.0,Mobile Payment,Delivery,102,Jake,11,Thursday,10,October,3,False,False,2024-10-03 11:00:00,Lunch,Weekday,Other record
3021,2024-10-18,15:45:00,Chocolate Lava Cake,Dessert,1.0,9,9.0,Cash,Delivery,101,Sarah,15,Friday,10,October,4,False,False,2024-10-18 15:00:00,Lunch,Weekday,Other record
3022,2024-11-27,21:45:00,Old Fashioned,Beverage,5.0,12,60.0,Cash,Takeaway,103,Emily,21,Wednesday,11,November,2,False,False,2024-11-27 21:00:00,Dinner,Weekday,Other record
3023,2024-04-06,11:30:00,Caesar Salad,Appetizer,6.0,10,60.0,Cash,Dine-In,102,Jake,11,Saturday,4,April,5,True,False,2024-04-06 11:00:00,Lunch,Weekend,Other record
3024,2024-10-01,16:00:00,New York Strip,Entree,2.0,38,76.0,Mobile Payment,Delivery,103,Emily,16,Tuesday,10,October,1,False,True,2024-10-01 16:00:00,Lunch,Weekday,High-value record
3025,2024-08-04,17:30:00,New York Strip,Entree,10.0,38,380.0,Credit Card,Delivery,102,Jake,17,Sunday,8,August,6,True,True,2024-08-04 17:00:00,Dinner,Weekend,High-value record
3026,2024-04-11,14:15:00,Cabernet Sauvignon,Beverage,2.0,16,32.0,Mobile Payment,Dine-In,101,Sarah,14,Thursday,4,April,3,False,False,2024-04-11 14:00:00,Lunch,Weekday,Other record
3027,2024-03-10,11:15:00,Mashed Potatoes,Side,4.0,7,28.0,Mobile Payment,Dine-In,102,Jake,11,Sunday,3,March,6,True,False,2024-03-10 11:00:00,Lunch,Weekend,Other record
3028,2024-04-14,11:15:00,Ribeye Steak,Entree,2.0,35,70.0,Cash,Takeaway,104,Carlos,11,Sunday,4,April,6,True,True,2024-04-14 11:00:00,Lunch,Weekend,High-value record
3029,2024-08-27,18:00:00,Truffle Fries,Side,2.0,8,16.0,Mobile Payment,Takeaway,104,Carlos,18,Tuesday,8,August,1,False,False,2024-08-27 18:00:00,Dinner,Weekday,Other record
3030,2024-07-05,11:45:00,Grilled Asparagus,Side,3.0,8,24.0,Credit Card,Delivery,105,Nina,11,Friday,7,July,4,False,False,2024-07-05 11:00:00,Lunch,Weekday,Other record
3031,2024-06-26,16:15:00,Truffle Fries,Side,1.0,8,8.0,Cash,Takeaway,103,Emily,16,Wednesday,6,June,2,False,False,2024-06-26 16:00:00,Lunch,Weekday,Other record
3032,2024-04-17,11:00:00,New York Strip,Entree,2.0,38,76.0,Mobile Payment,Delivery,105,Nina,11,Wednesday,4,April,2,False,True,2024-04-17 11:00:00,Lunch,Weekday,High-value record
3033,2024-05-12,18:15:00,Caesar Salad,Appetizer,3.0,10,30.0,Cash,Takeaway,102,Jake,18,Sunday,5,May,6,True,False,2024-05-12 18:00:00,Dinner,Weekend,Other record
3034,2024-01-24,13:30:00,Old Fashioned,Beverage,1.0,12,12.0,Mobile Payment,Delivery,101,Sarah,13,Wednesday,1,January,2,False,False,2024-01-24 13:00:00,Lunch,Weekday,Other record
3035,2024-02-16,18:15:00,New York Strip,Entree,4.0,38,152.0,Credit Card,Dine-In,103,Emily,18,Friday,2,February,4,False,True,2024-02-16 18:00:00,Dinner,Weekday,High-value record
3036,2024-01-30,18:45:00,Shrimp Cocktail,Appetizer,10.0,14,140.0,Credit Card,Delivery,101,Sarah,18,Tuesday,1,January,1,False,True,2024-01-30 18:00:00,Dinner,Weekday,High-value record
3037,2024-08-31,21:45:00,Mashed Potatoes,Side,7.0,7,49.0,Credit Card,Dine-In,105,Nina,21,Saturday,8,August,5,True,False,2024-08-31 21:00:00,Dinner,Weekend,Other record
3038,2024-11-03,13:30:00,Ribeye Steak,Entree,4.0,35,140.0,Credit Card,Delivery,105,Nina,13,Sunday,11,November,6,True,True,2024-11-03 13:00:00,Lunch,Weekend,High-value record
3039,2024-04-26,19:45:00,New York Strip,Entree,9.0,38,342.0,Mobile Payment,Dine-In,103,Emily,19,Friday,4,April,4,False,True,2024-04-26 19:00:00,Dinner,Weekday,High-value record
3040,2024-09-15,12:15:00,New York Strip,Entree,3.0,38,114.0,Mobile Payment,Dine-In,105,Nina,12,Sunday,9,September,6,True,True,2024-09-15 12:00:00,Lunch,Weekend,High-value record
3041,2024-12-18,16:45:00,Grilled Asparagus,Side,6.0,8,48.0,Credit Card,Delivery,103,Emily,16,Wednesday,12,December,2,False,False,2024-12-18 16:00:00,Lunch,Weekday,Other record
3042,2024-09-16,22:15:00,Caesar Salad,Appetizer,7.0,10,70.0,Cash,Delivery,102,Jake,22,Monday,9,September,0,False,True,2024-09-16 22:00:00,Dinner,Weekday,High-value record
3043,2024-08-19,20:00:00,New York Strip,Entree,2.0,38,76.0,Cash,Dine-In,101,Sarah,20,Monday,8,August,0,False,True,2024-08-19 20:00:00,Dinner,Weekday,High-value record
3044,2024-01-25,12:45:00,Cabernet Sauvignon,Beverage,1.0,16,16.0,Cash,Delivery,103,Emily,12,Thursday,1,January,3,False,False,2024-01-25 12:00:00,Lunch,Weekday,Other record
3045,2024-12-18,19:45:00,Truffle Fries,Side,12.0,8,96.0,Cash,Delivery,101,Sarah,19,Wednesday,12,December,2,False,True,2024-12-18 19:00:00,Dinner,Weekday,High-value record
3046,2024-08-20,11:45:00,Shrimp Cocktail,Appetizer,1.0,14,14.0,Mobile Payment,Dine-In,105,Nina,11,Tuesday,8,August,1,False,False,2024-08-20 11:00:00,Lunch,Weekday,Other record
3047,2024-03-18,16:00:00,Chocolate Lava Cake,Dessert,4.0,9,36.0,Mobile Payment,Takeaway,103,Emily,16,Monday,3,March,0,False,False,2024-03-18 16:00:00,Lunch,Weekday,Other record
3048,2024-04-01,20:30:00,Truffle Fries,Side,2.0,8,16.0,Credit Card,Dine-In,102,Jake,20,Monday,4,April,0,False,False,2024-04-01 20:00:00,Dinner,Weekday,Other record
3049,2024-03-30,13:45:00,Grilled Asparagus,Side,5.0,8,40.0,Cash,Dine-In,105,Nina,13,Saturday,3,March,5,True,False,2024-03-30 13:00:00,Lunch,Weekend,Other record
3050,2024-08-20,13:15:00,Ribeye Steak,Entree,3.0,35,105.0,Credit Card,Dine-In,102,Jake,13,Tuesday,8,August,1,False,True,2024-08-20 13:00:00,Lunch,Weekday,High-value record
3051,2024-02-27,17:15:00,Grilled Asparagus,Side,6.0,8,48.0,Mobile Payment,Takeaway,105,Nina,17,Tuesday,2,February,1,False,False,2024-02-27 17:00:00,Dinner,Weekday,Other record
3052,2024-11-26,17:15:00,Caesar Salad,Appetizer,2.0,10,20.0,Mobile Payment,Delivery,102,Jake,17,Tuesday,11,November,1,False,False,2024-11-26 17:00:00,Dinner,Weekday,Other record
3053,2024-04-13,15:30:00,Shrimp Cocktail,Appetizer,7.0,14,98.0,Cash,Takeaway,105,Nina,15,Saturday,4,April,5,True,True,2024-04-13 15:00:00,Lunch,Weekend,High-value record
3054,2024-09-22,18:30:00,Ribeye Steak,Entree,6.0,35,210.0,Credit Card,Dine-In,102,Jake,18,Sunday,9,September,6,True,True,2024-09-22 18:00:00,Dinner,Weekend,High-value record
3055,2024-01-06,16:45:00,Cabernet Sauvignon,Beverage,6.0,16,96.0,Cash,Delivery,103,Emily,16,Saturday,1,January,5,True,True,2024-01-06 16:00:00,Lunch,Weekend,High-value record
3056,2024-04-07,21:45:00,Old Fashioned,Beverage,6.0,12,72.0,Mobile Payment,Delivery,102,Jake,21,Sunday,4,April,6,True,True,2024-04-07 21:00:00,Dinner,Weekend,High-value record
3057,2024-07-22,17:15:00,New York Strip,Entree,11.0,38,418.0,Mobile Payment,Takeaway,104,Carlos,17,Monday,7,July,0,False,True,2024-07-22 17:00:00,Dinner,Weekday,High-value record
3058,2024-04-29,15:15:00,Old Fashioned,Beverage,4.0,12,48.0,Credit Card,Takeaway,102,Jake,15,Monday,4,April,0,False,False,2024-04-29 15:00:00,Lunch,Weekday,Other record
3059,2024-03-22,16:15:00,Ribeye Steak,Entree,7.0,35,245.0,Cash,Takeaway,103,Emily,16,Friday,3,March,4,False,True,2024-03-22 16:00:00,Lunch,Weekday,High-value record
3060,2024-10-04,12:15:00,Chocolate Lava Cake,Dessert,3.0,9,27.0,Cash,Delivery,103,Emily,12,Friday,10,October,4,False,False,2024-10-04 12:00:00,Lunch,Weekday,Other record
3061,2024-10-20,22:15:00,New York Strip,Entree,8.0,38,304.0,Credit Card,Dine-In,101,Sarah,22,Sunday,10,October,6,True,True,2024-10-20 22:00:00,Dinner,Weekend,High-value record
3062,2024-06-14,17:15:00,Ribeye Steak,Entree,4.0,35,140.0,Mobile Payment,Takeaway,103,Emily,17,Friday,6,June,4,False,True,2024-06-14 17:00:00,Dinner,Weekday,High-value record
3063,2024-12-06,22:45:00,Caesar Salad,Appetizer,7.0,10,70.0,Cash,Takeaway,102,Jake,22,Friday,12,December,4,False,True,2024-12-06 22:00:00,Dinner,Weekday,High-value record
3064,2024-11-26,17:15:00,Chocolate Lava Cake,Dessert,6.0,9,54.0,Mobile Payment,Dine-In,101,Sarah,17,Tuesday,11,November,1,False,False,2024-11-26 17:00:00,Dinner,Weekday,Other record
3065,2024-08-08,17:00:00,Mashed Potatoes,Side,6.0,7,42.0,Mobile Payment,Delivery,101,Sarah,17,Thursday,8,August,3,False,False,2024-08-08 17:00:00,Dinner,Weekday,Other record
3066,2024-11-26,21:30:00,Filet Mignon,Entree,4.0,42,168.0,Cash,Delivery,101,Sarah,21,Tuesday,11,November,1,False,True,2024-11-26 21:00:00,Dinner,Weekday,High-value record
3067,2024-04-24,21:00:00,Ribeye Steak,Entree,6.0,35,210.0,Mobile Payment,Delivery,102,Jake,21,Wednesday,4,April,2,False,True,2024-04-24 21:00:00,Dinner,Weekday,High-value record
3068,2024-12-26,13:00:00,Bourbon BBQ Burger,Entree,1.0,22,22.0,Cash,Dine-In,101,Sarah,13,Thursday,12,December,3,False,False,2024-12-26 13:00:00,Lunch,Weekday,Other record
3069,2024-03-29,12:30:00,Truffle Fries,Side,5.0,8,40.0,Mobile Payment,Delivery,101,Sarah,12,Friday,3,March,4,False,False,2024-03-29 12:00:00,Lunch,Weekday,Other record
3070,2024-12-30,16:15:00,Grilled Asparagus,Side,6.0,8,48.0,Credit Card,Delivery,104,Carlos,16,Monday,12,December,0,False,False,2024-12-30 16:00:00,Lunch,Weekday,Other record
3071,2024-07-24,15:00:00,Filet Mignon,Entree,6.0,42,252.0,Cash,Delivery,103,Emily,15,Wednesday,7,July,2,False,True,2024-07-24 15:00:00,Lunch,Weekday,High-value record
3072,2024-05-14,19:00:00,Grilled Asparagus,Side,6.0,8,48.0,Credit Card,Dine-In,101,Sarah,19,Tuesday,5,May,1,False,False,2024-05-14 19:00:00,Dinner,Weekday,Other record
3073,2024-01-22,17:15:00,Chocolate Lava Cake,Dessert,11.0,9,99.0,Credit Card,Takeaway,105,Nina,17,Monday,1,January,0,False,True,2024-01-22 17:00:00,Dinner,Weekday,High-value record
3074,2024-09-02,14:30:00,Cabernet Sauvignon,Beverage,2.0,16,32.0,Mobile Payment,Takeaway,104,Carlos,14,Monday,9,September,0,False,False,2024-09-02 14:00:00,Lunch,Weekday,Other record
3075,2024-05-24,17:30:00,Truffle Fries,Side,2.0,8,16.0,Mobile Payment,Takeaway,102,Jake,17,Friday,5,May,4,False,False,2024-05-24 17:00:00,Dinner,Weekday,Other record
3076,2024-04-21,15:15:00,Filet Mignon,Entree,4.0,42,168.0,Cash,Delivery,104,Carlos,15,Sunday,4,April,6,True,True,2024-04-21 15:00:00,Lunch,Weekend,High-value record
3077,2024-03-15,13:00:00,Caesar Salad,Appetizer,3.0,10,30.0,Cash,Takeaway,101,Sarah,13,Friday,3,March,4,False,False,2024-03-15 13:00:00,Lunch,Weekday,Other record
3078,2024-01-24,15:15:00,Chocolate Lava Cake,Dessert,2.0,9,18.0,Mobile Payment,Dine-In,101,Sarah,15,Wednesday,1,January,2,False,False,2024-01-24 15:00:00,Lunch,Weekday,Other record
3079,2024-05-24,22:45:00,Cabernet Sauvignon,Beverage,9.0,16,144.0,Mobile Payment,Dine-In,101,Sarah,22,Friday,5,May,4,False,True,2024-05-24 22:00:00,Dinner,Weekday,High-value record
3080,2024-08-29,20:45:00,New York Strip,Entree,7.0,38,266.0,Mobile Payment,Delivery,105,Nina,20,Thursday,8,August,3,False,True,2024-08-29 20:00:00,Dinner,Weekday,High-value record
3081,2024-11-09,15:00:00,Bourbon BBQ Burger,Entree,4.0,22,88.0,Mobile Payment,Delivery,102,Jake,15,Saturday,11,November,5,True,True,2024-11-09 15:00:00,Lunch,Weekend,High-value record
3082,2024-02-26,22:00:00,Ribeye Steak,Entree,5.0,35,175.0,Credit Card,Takeaway,104,Carlos,22,Monday,2,February,0,False,True,2024-02-26 22:00:00,Dinner,Weekday,High-value record
3083,2024-01-11,22:15:00,Truffle Fries,Side,2.0,8,16.0,Cash,Dine-In,103,Emily,22,Thursday,1,January,3,False,False,2024-01-11 22:00:00,Dinner,Weekday,Other record
3084,2024-04-10,22:15:00,Cabernet Sauvignon,Beverage,6.0,16,96.0,Cash,Delivery,104,Carlos,22,Wednesday,4,April,2,False,True,2024-04-10 22:00:00,Dinner,Weekday,High-value record
3085,2024-04-06,12:00:00,Mashed Potatoes,Side,2.0,7,14.0,Credit Card,Dine-In,103,Emily,12,Saturday,4,April,5,True,False,2024-04-06 12:00:00,Lunch,Weekend,Other record
3086,2024-05-05,19:15:00,Cabernet Sauvignon,Beverage,2.0,16,32.0,Credit Card,Delivery,102,Jake,19,Sunday,5,May,6,True,False,2024-05-05 19:00:00,Dinner,Weekend,Other record
3087,2024-08-01,20:15:00,Bourbon BBQ Burger,Entree,10.0,22,220.0,Mobile Payment,Dine-In,101,Sarah,20,Thursday,8,August,3,False,True,2024-08-01 20:00:00,Dinner,Weekday,High-value record
3088,2024-08-18,17:45:00,New York Strip,Entree,9.0,38,342.0,Credit Card,Dine-In,102,Jake,17,Sunday,8,August,6,True,True,2024-08-18 17:00:00,Dinner,Weekend,High-value record
3089,2024-03-31,19:15:00,Cabernet Sauvignon,Beverage,12.0,16,192.0,Credit Card,Delivery,102,Jake,19,Sunday,3,March,6,True,True,2024-03-31 19:00:00,Dinner,Weekend,High-value record
3090,2024-04-19,18:45:00,Truffle Fries,Side,2.0,8,16.0,Mobile Payment,Takeaway,101,Sarah,18,Friday,4,April,4,False,False,2024-04-19 18:00:00,Dinner,Weekday,Other record
3091,2024-11-19,19:45:00,New York Strip,Entree,9.0,38,342.0,Credit Card,Dine-In,102,Jake,19,Tuesday,11,November,1,False,True,2024-11-19 19:00:00,Dinner,Weekday,High-value record
3092,2024-08-10,19:30:00,Filet Mignon,Entree,2.0,42,84.0,Cash,Dine-In,102,Jake,19,Saturday,8,August,5,True,True,2024-08-10 19:00:00,Dinner,Weekend,High-value record
3093,2024-12-05,19:15:00,Caesar Salad,Appetizer,5.0,10,50.0,Mobile Payment,Delivery,102,Jake,19,Thursday,12,December,3,False,False,2024-12-05 19:00:00,Dinner,Weekday,Other record
3094,2024-02-20,21:15:00,Mashed Potatoes,Side,4.0,7,28.0,Credit Card,Delivery,105,Nina,21,Tuesday,2,February,1,False,False,2024-02-20 21:00:00,Dinner,Weekday,Other record
3095,2024-02-02,19:45:00,Mashed Potatoes,Side,2.0,7,14.0,Credit Card,Takeaway,104,Carlos,19,Friday,2,February,4,False,False,2024-02-02 19:00:00,Dinner,Weekday,Other record
3096,2024-07-16,12:00:00,Grilled Asparagus,Side,3.0,8,24.0,Mobile Payment,Dine-In,101,Sarah,12,Tuesday,7,July,1,False,False,2024-07-16 12:00:00,Lunch,Weekday,Other record
3097,2024-11-21,19:00:00,Bourbon BBQ Burger,Entree,7.0,22,154.0,Cash,Dine-In,105,Nina,19,Thursday,11,November,3,False,True,2024-11-21 19:00:00,Dinner,Weekday,High-value record
3098,2024-03-06,18:45:00,Grilled Asparagus,Side,2.0,8,16.0,Credit Card,Delivery,101,Sarah,18,Wednesday,3,March,2,False,False,2024-03-06 18:00:00,Dinner,Weekday,Other record
3099,2024-06-29,20:45:00,Chocolate Lava Cake,Dessert,8.0,9,72.0,Mobile Payment,Dine-In,105,Nina,20,Saturday,6,June,5,True,True,2024-06-29 20:00:00,Dinner,Weekend,High-value record
3100,2024-12-20,15:30:00,Bourbon BBQ Burger,Entree,5.0,22,110.0,Cash,Delivery,101,Sarah,15,Friday,12,December,4,False,True,2024-12-20 15:00:00,Lunch,Weekday,High-value record
3101,2024-03-18,22:45:00,Grilled Asparagus,Side,6.0,8,48.0,Mobile Payment,Takeaway,105,Nina,22,Monday,3,March,0,False,False,2024-03-18 22:00:00,Dinner,Weekday,Other record
3102,2024-07-15,13:30:00,Chocolate Lava Cake,Dessert,1.0,9,9.0,Cash,Takeaway,104,Carlos,13,Monday,7,July,0,False,False,2024-07-15 13:00:00,Lunch,Weekday,Other record
3103,2024-04-14,15:15:00,Mashed Potatoes,Side,3.0,7,21.0,Cash,Delivery,103,Emily,15,Sunday,4,April,6,True,False,2024-04-14 15:00:00,Lunch,Weekend,Other record
3104,2024-12-09,17:00:00,Old Fashioned,Beverage,6.0,12,72.0,Cash,Delivery,105,Nina,17,Monday,12,December,0,False,True,2024-12-09 17:00:00,Dinner,Weekday,High-value record
3105,2024-01-12,18:30:00,Bourbon BBQ Burger,Entree,8.0,22,176.0,Cash,Delivery,104,Carlos,18,Friday,1,January,4,False,True,2024-01-12 18:00:00,Dinner,Weekday,High-value record
3106,2024-08-04,20:30:00,Filet Mignon,Entree,8.0,42,336.0,Mobile Payment,Delivery,104,Carlos,20,Sunday,8,August,6,True,True,2024-08-04 20:00:00,Dinner,Weekend,High-value record
3107,2024-09-05,11:00:00,Cabernet Sauvignon,Beverage,5.0,16,80.0,Credit Card,Takeaway,104,Carlos,11,Thursday,9,September,3,False,True,2024-09-05 11:00:00,Lunch,Weekday,High-value record
3108,2024-05-10,19:30:00,Bourbon BBQ Burger,Entree,10.0,22,220.0,Mobile Payment,Takeaway,104,Carlos,19,Friday,5,May,4,False,True,2024-05-10 19:00:00,Dinner,Weekday,High-value record
3109,2024-05-21,12:15:00,Chocolate Lava Cake,Dessert,6.0,9,54.0,Credit Card,Dine-In,104,Carlos,12,Tuesday,5,May,1,False,False,2024-05-21 12:00:00,Lunch,Weekday,Other record
3110,2024-08-24,14:30:00,Old Fashioned,Beverage,9.0,12,108.0,Mobile Payment,Takeaway,102,Jake,14,Saturday,8,August,5,True,True,2024-08-24 14:00:00,Lunch,Weekend,High-value record
3111,2024-07-23,22:00:00,Grilled Asparagus,Side,5.0,8,40.0,Mobile Payment,Delivery,101,Sarah,22,Tuesday,7,July,1,False,False,2024-07-23 22:00:00,Dinner,Weekday,Other record
3112,2024-05-15,15:30:00,Ribeye Steak,Entree,5.0,35,175.0,Cash,Delivery,105,Nina,15,Wednesday,5,May,2,False,True,2024-05-15 15:00:00,Lunch,Weekday,High-value record
3113,2024-07-20,11:30:00,New York Strip,Entree,2.0,38,76.0,Cash,Dine-In,104,Carlos,11,Saturday,7,July,5,True,True,2024-07-20 11:00:00,Lunch,Weekend,High-value record
3114,2024-03-12,18:00:00,Grilled Asparagus,Side,9.0,8,72.0,Credit Card,Delivery,105,Nina,18,Tuesday,3,March,1,False,True,2024-03-12 18:00:00,Dinner,Weekday,High-value record
3115,2024-02-01,11:15:00,Shrimp Cocktail,Appetizer,4.0,14,56.0,Credit Card,Takeaway,105,Nina,11,Thursday,2,February,3,False,False,2024-02-01 11:00:00,Lunch,Weekday,Other record
3116,2024-02-23,14:00:00,Cabernet Sauvignon,Beverage,7.0,16,112.0,Mobile Payment,Delivery,102,Jake,14,Friday,2,February,4,False,True,2024-02-23 14:00:00,Lunch,Weekday,High-value record
3117,2024-12-06,11:30:00,Old Fashioned,Beverage,5.0,12,60.0,Mobile Payment,Delivery,105,Nina,11,Friday,12,December,4,False,False,2024-12-06 11:00:00,Lunch,Weekday,Other record
3118,2024-05-01,20:45:00,Shrimp Cocktail,Appetizer,2.0,14,28.0,Mobile Payment,Takeaway,104,Carlos,20,Wednesday,5,May,2,False,False,2024-05-01 20:00:00,Dinner,Weekday,Other record
3119,2024-05-01,11:15:00,Old Fashioned,Beverage,3.0,12,36.0,Cash,Dine-In,101,Sarah,11,Wednesday,5,May,2,False,False,2024-05-01 11:00:00,Lunch,Weekday,Other record
3120,2024-04-18,11:30:00,Truffle Fries,Side,4.0,8,32.0,Mobile Payment,Takeaway,101,Sarah,11,Thursday,4,April,3,False,False,2024-04-18 11:00:00,Lunch,Weekday,Other record
3121,2024-10-30,20:30:00,Bourbon BBQ Burger,Entree,4.0,22,88.0,Cash,Takeaway,104,Carlos,20,Wednesday,10,October,2,False,True,2024-10-30 20:00:00,Dinner,Weekday,High-value record
3122,2024-05-29,12:30:00,Chocolate Lava Cake,Dessert,2.0,9,18.0,Credit Card,Delivery,103,Emily,12,Wednesday,5,May,2,False,False,2024-05-29 12:00:00,Lunch,Weekday,Other record
3123,2024-08-09,18:00:00,Cabernet Sauvignon,Beverage,8.0,16,128.0,Mobile Payment,Dine-In,101,Sarah,18,Friday,8,August,4,False,True,2024-08-09 18:00:00,Dinner,Weekday,High-value record
3124,2024-09-28,18:15:00,Grilled Asparagus,Side,2.0,8,16.0,Cash,Dine-In,102,Jake,18,Saturday,9,September,5,True,False,2024-09-28 18:00:00,Dinner,Weekend,Other record
3125,2024-08-06,16:00:00,Ribeye Steak,Entree,2.0,35,70.0,Credit Card,Takeaway,103,Emily,16,Tuesday,8,August,1,False,True,2024-08-06 16:00:00,Lunch,Weekday,High-value record
3126,2024-05-09,13:00:00,Grilled Asparagus,Side,4.0,8,32.0,Credit Card,Delivery,103,Emily,13,Thursday,5,May,3,False,False,2024-05-09 13:00:00,Lunch,Weekday,Other record
3127,2024-08-04,19:45:00,Mashed Potatoes,Side,4.0,7,28.0,Credit Card,Dine-In,104,Carlos,19,Sunday,8,August,6,True,False,2024-08-04 19:00:00,Dinner,Weekend,Other record
3128,2024-03-13,13:00:00,Mashed Potatoes,Side,3.0,7,21.0,Mobile Payment,Delivery,104,Carlos,13,Wednesday,3,March,2,False,False,2024-03-13 13:00:00,Lunch,Weekday,Other record
3129,2024-09-01,13:30:00,Grilled Asparagus,Side,2.0,8,16.0,Cash,Dine-In,101,Sarah,13,Sunday,9,September,6,True,False,2024-09-01 13:00:00,Lunch,Weekend,Other record
3130,2024-11-07,11:30:00,Caesar Salad,Appetizer,2.0,10,20.0,Mobile Payment,Delivery,103,Emily,11,Thursday,11,November,3,False,False,2024-11-07 11:00:00,Lunch,Weekday,Other record
3131,2024-08-13,11:30:00,Old Fashioned,Beverage,3.0,12,36.0,Credit Card,Takeaway,103,Emily,11,Tuesday,8,August,1,False,False,2024-08-13 11:00:00,Lunch,Weekday,Other record
3132,2024-10-04,15:30:00,Mashed Potatoes,Side,8.0,7,56.0,Cash,Delivery,104,Carlos,15,Friday,10,October,4,False,False,2024-10-04 15:00:00,Lunch,Weekday,Other record
3133,2024-06-16,13:00:00,Caesar Salad,Appetizer,5.0,10,50.0,Cash,Takeaway,101,Sarah,13,Sunday,6,June,6,True,False,2024-06-16 13:00:00,Lunch,Weekend,Other record
3134,2024-09-07,12:15:00,Shrimp Cocktail,Appetizer,4.0,14,56.0,Mobile Payment,Takeaway,102,Jake,12,Saturday,9,September,5,True,False,2024-09-07 12:00:00,Lunch,Weekend,Other record
3135,2024-02-22,13:00:00,Ribeye Steak,Entree,2.0,35,70.0,Credit Card,Dine-In,102,Jake,13,Thursday,2,February,3,False,True,2024-02-22 13:00:00,Lunch,Weekday,High-value record
3136,2024-02-16,12:45:00,Caesar Salad,Appetizer,3.0,10,30.0,Mobile Payment,Takeaway,104,Carlos,12,Friday,2,February,4,False,False,2024-02-16 12:00:00,Lunch,Weekday,Other record
3137,2024-03-21,17:30:00,Cabernet Sauvignon,Beverage,10.0,16,160.0,Mobile Payment,Dine-In,105,Nina,17,Thursday,3,March,3,False,True,2024-03-21 17:00:00,Dinner,Weekday,High-value record
3138,2024-06-26,19:30:00,Truffle Fries,Side,6.0,8,48.0,Mobile Payment,Takeaway,102,Jake,19,Wednesday,6,June,2,False,False,2024-06-26 19:00:00,Dinner,Weekday,Other record
3139,2024-04-02,20:30:00,New York Strip,Entree,5.0,38,190.0,Cash,Delivery,103,Emily,20,Tuesday,4,April,1,False,True,2024-04-02 20:00:00,Dinner,Weekday,High-value record
3140,2024-02-21,17:00:00,Cabernet Sauvignon,Beverage,5.0,16,80.0,Credit Card,Takeaway,105,Nina,17,Wednesday,2,February,2,False,True,2024-02-21 17:00:00,Dinner,Weekday,High-value record
3141,2024-02-13,18:00:00,Ribeye Steak,Entree,7.0,35,245.0,Cash,Delivery,101,Sarah,18,Tuesday,2,February,1,False,True,2024-02-13 18:00:00,Dinner,Weekday,High-value record
3142,2024-07-04,15:00:00,Shrimp Cocktail,Appetizer,4.0,14,56.0,Credit Card,Takeaway,103,Emily,15,Thursday,7,July,3,False,False,2024-07-04 15:00:00,Lunch,Weekday,Other record
3143,2024-08-29,14:30:00,Bourbon BBQ Burger,Entree,2.0,22,44.0,Credit Card,Dine-In,103,Emily,14,Thursday,8,August,3,False,False,2024-08-29 14:00:00,Lunch,Weekday,Other record
3144,2024-08-12,19:30:00,Filet Mignon,Entree,9.0,42,378.0,Cash,Takeaway,105,Nina,19,Monday,8,August,0,False,True,2024-08-12 19:00:00,Dinner,Weekday,High-value record
3145,2024-06-02,22:45:00,Caesar Salad,Appetizer,6.0,10,60.0,Credit Card,Delivery,102,Jake,22,Sunday,6,June,6,True,False,2024-06-02 22:00:00,Dinner,Weekend,Other record
3146,2024-01-19,16:15:00,Old Fashioned,Beverage,6.0,12,72.0,Mobile Payment,Dine-In,102,Jake,16,Friday,1,January,4,False,True,2024-01-19 16:00:00,Lunch,Weekday,High-value record
3147,2024-04-09,12:15:00,Grilled Asparagus,Side,1.0,8,8.0,Cash,Delivery,102,Jake,12,Tuesday,4,April,1,False,False,2024-04-09 12:00:00,Lunch,Weekday,Other record
3148,2024-05-02,21:15:00,Grilled Asparagus,Side,2.0,8,16.0,Mobile Payment,Takeaway,105,Nina,21,Thursday,5,May,3,False,False,2024-05-02 21:00:00,Dinner,Weekday,Other record
3149,2024-09-30,13:00:00,Mashed Potatoes,Side,2.0,7,14.0,Credit Card,Delivery,104,Carlos,13,Monday,9,September,0,False,False,2024-09-30 13:00:00,Lunch,Weekday,Other record
3150,2024-04-10,11:30:00,Cabernet Sauvignon,Beverage,4.0,16,64.0,Cash,Takeaway,101,Sarah,11,Wednesday,4,April,2,False,True,2024-04-10 11:00:00,Lunch,Weekday,High-value record
3151,2024-06-09,13:00:00,Old Fashioned,Beverage,3.0,12,36.0,Credit Card,Takeaway,102,Jake,13,Sunday,6,June,6,True,False,2024-06-09 13:00:00,Lunch,Weekend,Other record
3152,2024-06-16,22:15:00,Old Fashioned,Beverage,9.0,12,108.0,Cash,Dine-In,105,Nina,22,Sunday,6,June,6,True,True,2024-06-16 22:00:00,Dinner,Weekend,High-value record
3153,2024-10-16,12:30:00,Grilled Asparagus,Side,3.0,8,24.0,Cash,Takeaway,103,Emily,12,Wednesday,10,October,2,False,False,2024-10-16 12:00:00,Lunch,Weekday,Other record
3154,2024-07-14,18:00:00,Truffle Fries,Side,8.0,8,64.0,Credit Card,Delivery,104,Carlos,18,Sunday,7,July,6,True,True,2024-07-14 18:00:00,Dinner,Weekend,High-value record
3155,2024-03-24,20:45:00,Chocolate Lava Cake,Dessert,2.0,9,18.0,Credit Card,Dine-In,102,Jake,20,Sunday,3,March,6,True,False,2024-03-24 20:00:00,Dinner,Weekend,Other record
3156,2024-07-21,13:30:00,Grilled Asparagus,Side,4.0,8,32.0,Credit Card,Takeaway,101,Sarah,13,Sunday,7,July,6,True,False,2024-07-21 13:00:00,Lunch,Weekend,Other record
3157,2024-11-08,20:00:00,Truffle Fries,Side,2.0,8,16.0,Cash,Dine-In,105,Nina,20,Friday,11,November,4,False,False,2024-11-08 20:00:00,Dinner,Weekday,Other record
3158,2024-10-31,19:30:00,Old Fashioned,Beverage,4.0,12,48.0,Mobile Payment,Dine-In,105,Nina,19,Thursday,10,October,3,False,False,2024-10-31 19:00:00,Dinner,Weekday,Other record
3159,2024-04-29,21:30:00,New York Strip,Entree,2.0,38,76.0,Mobile Payment,Dine-In,105,Nina,21,Monday,4,April,0,False,True,2024-04-29 21:00:00,Dinner,Weekday,High-value record
3160,2024-10-31,17:30:00,Shrimp Cocktail,Appetizer,4.0,14,56.0,Mobile Payment,Takeaway,104,Carlos,17,Thursday,10,October,3,False,False,2024-10-31 17:00:00,Dinner,Weekday,Other record
3161,2024-05-21,22:30:00,Chocolate Lava Cake,Dessert,12.0,9,108.0,Mobile Payment,Takeaway,105,Nina,22,Tuesday,5,May,1,False,True,2024-05-21 22:00:00,Dinner,Weekday,High-value record
3162,2024-07-08,18:15:00,Cabernet Sauvignon,Beverage,6.0,16,96.0,Credit Card,Takeaway,105,Nina,18,Monday,7,July,0,False,True,2024-07-08 18:00:00,Dinner,Weekday,High-value record
3163,2024-06-27,19:15:00,Cabernet Sauvignon,Beverage,2.0,16,32.0,Mobile Payment,Dine-In,102,Jake,19,Thursday,6,June,3,False,False,2024-06-27 19:00:00,Dinner,Weekday,Other record
3164,2024-03-14,12:45:00,Truffle Fries,Side,5.0,8,40.0,Credit Card,Delivery,105,Nina,12,Thursday,3,March,3,False,False,2024-03-14 12:00:00,Lunch,Weekday,Other record
3165,2024-11-07,21:00:00,New York Strip,Entree,5.0,38,190.0,Mobile Payment,Delivery,102,Jake,21,Thursday,11,November,3,False,True,2024-11-07 21:00:00,Dinner,Weekday,High-value record
3166,2024-11-23,20:45:00,Filet Mignon,Entree,9.0,42,378.0,Cash,Takeaway,105,Nina,20,Saturday,11,November,5,True,True,2024-11-23 20:00:00,Dinner,Weekend,High-value record
3167,2024-09-27,15:30:00,Mashed Potatoes,Side,2.0,7,14.0,Credit Card,Dine-In,104,Carlos,15,Friday,9,September,4,False,False,2024-09-27 15:00:00,Lunch,Weekday,Other record
3168,2024-09-11,13:45:00,Cabernet Sauvignon,Beverage,1.0,16,16.0,Cash,Dine-In,102,Jake,13,Wednesday,9,September,2,False,False,2024-09-11 13:00:00,Lunch,Weekday,Other record
3169,2024-11-22,11:15:00,Cabernet Sauvignon,Beverage,7.0,16,112.0,Credit Card,Takeaway,105,Nina,11,Friday,11,November,4,False,True,2024-11-22 11:00:00,Lunch,Weekday,High-value record
3170,2024-02-28,12:15:00,Chocolate Lava Cake,Dessert,5.0,9,45.0,Mobile Payment,Dine-In,103,Emily,12,Wednesday,2,February,2,False,False,2024-02-28 12:00:00,Lunch,Weekday,Other record
3171,2024-06-21,20:00:00,Ribeye Steak,Entree,11.0,35,385.0,Mobile Payment,Delivery,105,Nina,20,Friday,6,June,4,False,True,2024-06-21 20:00:00,Dinner,Weekday,High-value record
3172,2024-11-18,13:00:00,Old Fashioned,Beverage,5.0,12,60.0,Mobile Payment,Dine-In,103,Emily,13,Monday,11,November,0,False,False,2024-11-18 13:00:00,Lunch,Weekday,Other record
3173,2024-06-10,13:45:00,Grilled Asparagus,Side,4.0,8,32.0,Cash,Dine-In,103,Emily,13,Monday,6,June,0,False,False,2024-06-10 13:00:00,Lunch,Weekday,Other record
3174,2024-02-15,21:30:00,Truffle Fries,Side,12.0,8,96.0,Mobile Payment,Dine-In,104,Carlos,21,Thursday,2,February,3,False,True,2024-02-15 21:00:00,Dinner,Weekday,High-value record
3175,2024-01-07,21:30:00,Caesar Salad,Appetizer,4.0,10,40.0,Mobile Payment,Takeaway,101,Sarah,21,Sunday,1,January,6,True,False,2024-01-07 21:00:00,Dinner,Weekend,Other record
3176,2024-03-03,12:15:00,Chocolate Lava Cake,Dessert,1.0,9,9.0,Cash,Dine-In,105,Nina,12,Sunday,3,March,6,True,False,2024-03-03 12:00:00,Lunch,Weekend,Other record
3177,2024-03-05,20:45:00,Shrimp Cocktail,Appetizer,3.0,14,42.0,Mobile Payment,Takeaway,103,Emily,20,Tuesday,3,March,1,False,False,2024-03-05 20:00:00,Dinner,Weekday,Other record
3178,2024-03-03,14:45:00,Ribeye Steak,Entree,5.0,35,175.0,Cash,Delivery,105,Nina,14,Sunday,3,March,6,True,True,2024-03-03 14:00:00,Lunch,Weekend,High-value record
3179,2024-06-16,19:00:00,Cabernet Sauvignon,Beverage,2.0,16,32.0,Cash,Takeaway,103,Emily,19,Sunday,6,June,6,True,False,2024-06-16 19:00:00,Dinner,Weekend,Other record
3180,2024-02-01,13:30:00,Caesar Salad,Appetizer,4.0,10,40.0,Cash,Takeaway,101,Sarah,13,Thursday,2,February,3,False,False,2024-02-01 13:00:00,Lunch,Weekday,Other record
3181,2024-06-24,22:45:00,Caesar Salad,Appetizer,8.0,10,80.0,Credit Card,Dine-In,104,Carlos,22,Monday,6,June,0,False,True,2024-06-24 22:00:00,Dinner,Weekday,High-value record
3182,2024-02-10,14:30:00,Cabernet Sauvignon,Beverage,8.0,16,128.0,Credit Card,Delivery,102,Jake,14,Saturday,2,February,5,True,True,2024-02-10 14:00:00,Lunch,Weekend,High-value record
3183,2024-04-17,16:15:00,Chocolate Lava Cake,Dessert,1.0,9,9.0,Mobile Payment,Dine-In,103,Emily,16,Wednesday,4,April,2,False,False,2024-04-17 16:00:00,Lunch,Weekday,Other record
3184,2024-10-05,16:45:00,Filet Mignon,Entree,5.0,42,210.0,Mobile Payment,Takeaway,104,Carlos,16,Saturday,10,October,5,True,True,2024-10-05 16:00:00,Lunch,Weekend,High-value record
3185,2024-12-06,14:00:00,Bourbon BBQ Burger,Entree,5.0,22,110.0,Credit Card,Takeaway,102,Jake,14,Friday,12,December,4,False,True,2024-12-06 14:00:00,Lunch,Weekday,High-value record
3186,2024-10-26,18:15:00,Mashed Potatoes,Side,6.0,7,42.0,Cash,Dine-In,104,Carlos,18,Saturday,10,October,5,True,False,2024-10-26 18:00:00,Dinner,Weekend,Other record
3187,2024-05-28,14:45:00,Bourbon BBQ Burger,Entree,6.0,22,132.0,Cash,Delivery,102,Jake,14,Tuesday,5,May,1,False,True,2024-05-28 14:00:00,Lunch,Weekday,High-value record
3188,2024-09-17,14:45:00,Old Fashioned,Beverage,2.0,12,24.0,Credit Card,Dine-In,102,Jake,14,Tuesday,9,September,1,False,False,2024-09-17 14:00:00,Lunch,Weekday,Other record
3189,2024-10-05,20:45:00,Bourbon BBQ Burger,Entree,8.0,22,176.0,Credit Card,Dine-In,103,Emily,20,Saturday,10,October,5,True,True,2024-10-05 20:00:00,Dinner,Weekend,High-value record
3190,2024-05-07,15:15:00,Cabernet Sauvignon,Beverage,1.0,16,16.0,Credit Card,Takeaway,103,Emily,15,Tuesday,5,May,1,False,False,2024-05-07 15:00:00,Lunch,Weekday,Other record
3191,2024-02-05,22:45:00,Filet Mignon,Entree,2.0,42,84.0,Cash,Delivery,104,Carlos,22,Monday,2,February,0,False,True,2024-02-05 22:00:00,Dinner,Weekday,High-value record
3192,2024-06-14,21:15:00,Mashed Potatoes,Side,11.0,7,77.0,Mobile Payment,Takeaway,104,Carlos,21,Friday,6,June,4,False,True,2024-06-14 21:00:00,Dinner,Weekday,High-value record
3193,2024-05-15,11:30:00,Filet Mignon,Entree,1.0,42,42.0,Cash,Delivery,105,Nina,11,Wednesday,5,May,2,False,False,2024-05-15 11:00:00,Lunch,Weekday,Other record
3194,2024-10-06,11:15:00,Old Fashioned,Beverage,2.0,12,24.0,Cash,Takeaway,102,Jake,11,Sunday,10,October,6,True,False,2024-10-06 11:00:00,Lunch,Weekend,Other record
3195,2024-09-06,17:15:00,Grilled Asparagus,Side,4.0,8,32.0,Mobile Payment,Dine-In,103,Emily,17,Friday,9,September,4,False,False,2024-09-06 17:00:00,Dinner,Weekday,Other record
3196,2024-11-20,15:30:00,Old Fashioned,Beverage,1.0,12,12.0,Mobile Payment,Delivery,102,Jake,15,Wednesday,11,November,2,False,False,2024-11-20 15:00:00,Lunch,Weekday,Other record
3197,2024-10-30,16:15:00,Ribeye Steak,Entree,6.0,35,210.0,Credit Card,Delivery,101,Sarah,16,Wednesday,10,October,2,False,True,2024-10-30 16:00:00,Lunch,Weekday,High-value record
3198,2024-08-02,18:45:00,Shrimp Cocktail,Appetizer,11.0,14,154.0,Mobile Payment,Delivery,101,Sarah,18,Friday,8,August,4,False,True,2024-08-02 18:00:00,Dinner,Weekday,High-value record
3199,2024-10-18,13:15:00,Cabernet Sauvignon,Beverage,7.0,16,112.0,Credit Card,Delivery,105,Nina,13,Friday,10,October,4,False,True,2024-10-18 13:00:00,Lunch,Weekday,High-value record
3200,2024-08-20,15:30:00,Mashed Potatoes,Side,1.0,7,7.0,Mobile Payment,Dine-In,103,Emily,15,Tuesday,8,August,1,False,False,2024-08-20 15:00:00,Lunch,Weekday,Other record
3201,2024-10-02,22:45:00,New York Strip,Entree,8.0,38,304.0,Cash,Takeaway,103,Emily,22,Wednesday,10,October,2,False,True,2024-10-02 22:00:00,Dinner,Weekday,High-value record
3202,2024-04-10,11:45:00,Cabernet Sauvignon,Beverage,5.0,16,80.0,Cash,Dine-In,104,Carlos,11,Wednesday,4,April,2,False,True,2024-04-10 11:00:00,Lunch,Weekday,High-value record
3203,2024-05-18,22:00:00,Caesar Salad,Appetizer,7.0,10,70.0,Cash,Delivery,105,Nina,22,Saturday,5,May,5,True,True,2024-05-18 22:00:00,Dinner,Weekend,High-value record
3204,2024-09-24,12:45:00,Caesar Salad,Appetizer,6.0,10,60.0,Credit Card,Takeaway,103,Emily,12,Tuesday,9,September,1,False,False,2024-09-24 12:00:00,Lunch,Weekday,Other record
3205,2024-09-19,14:15:00,Caesar Salad,Appetizer,5.0,10,50.0,Credit Card,Takeaway,104,Carlos,14,Thursday,9,September,3,False,False,2024-09-19 14:00:00,Lunch,Weekday,Other record
3206,2024-01-08,15:00:00,Caesar Salad,Appetizer,1.0,10,10.0,Mobile Payment,Dine-In,105,Nina,15,Monday,1,January,0,False,False,2024-01-08 15:00:00,Lunch,Weekday,Other record
3207,2024-02-27,16:15:00,Cabernet Sauvignon,Beverage,5.0,16,80.0,Cash,Dine-In,105,Nina,16,Tuesday,2,February,1,False,True,2024-02-27 16:00:00,Lunch,Weekday,High-value record
3208,2024-03-06,17:15:00,Mashed Potatoes,Side,6.0,7,42.0,Cash,Dine-In,103,Emily,17,Wednesday,3,March,2,False,False,2024-03-06 17:00:00,Dinner,Weekday,Other record
3209,2024-02-04,21:15:00,Caesar Salad,Appetizer,2.0,10,20.0,Mobile Payment,Dine-In,103,Emily,21,Sunday,2,February,6,True,False,2024-02-04 21:00:00,Dinner,Weekend,Other record
3210,2024-08-18,18:15:00,Ribeye Steak,Entree,5.0,35,175.0,Credit Card,Dine-In,101,Sarah,18,Sunday,8,August,6,True,True,2024-08-18 18:00:00,Dinner,Weekend,High-value record
3211,2024-01-29,22:45:00,Truffle Fries,Side,9.0,8,72.0,Mobile Payment,Takeaway,101,Sarah,22,Monday,1,January,0,False,True,2024-01-29 22:00:00,Dinner,Weekday,High-value record
3212,2024-10-16,14:15:00,Shrimp Cocktail,Appetizer,4.0,14,56.0,Cash,Delivery,101,Sarah,14,Wednesday,10,October,2,False,False,2024-10-16 14:00:00,Lunch,Weekday,Other record
3213,2024-01-31,20:45:00,Truffle Fries,Side,11.0,8,88.0,Credit Card,Dine-In,102,Jake,20,Wednesday,1,January,2,False,True,2024-01-31 20:00:00,Dinner,Weekday,High-value record
3214,2024-03-14,15:45:00,Ribeye Steak,Entree,5.0,35,175.0,Mobile Payment,Delivery,105,Nina,15,Thursday,3,March,3,False,True,2024-03-14 15:00:00,Lunch,Weekday,High-value record
3215,2024-08-31,13:45:00,Shrimp Cocktail,Appetizer,9.0,14,126.0,Credit Card,Dine-In,102,Jake,13,Saturday,8,August,5,True,True,2024-08-31 13:00:00,Lunch,Weekend,High-value record
3216,2024-03-31,16:00:00,Old Fashioned,Beverage,3.0,12,36.0,Cash,Dine-In,103,Emily,16,Sunday,3,March,6,True,False,2024-03-31 16:00:00,Lunch,Weekend,Other record
3217,2024-01-08,15:15:00,New York Strip,Entree,4.0,38,152.0,Cash,Dine-In,105,Nina,15,Monday,1,January,0,False,True,2024-01-08 15:00:00,Lunch,Weekday,High-value record
3218,2024-11-14,11:00:00,Caesar Salad,Appetizer,3.0,10,30.0,Credit Card,Delivery,104,Carlos,11,Thursday,11,November,3,False,False,2024-11-14 11:00:00,Lunch,Weekday,Other record
3219,2024-02-20,22:45:00,Caesar Salad,Appetizer,2.0,10,20.0,Credit Card,Dine-In,102,Jake,22,Tuesday,2,February,1,False,False,2024-02-20 22:00:00,Dinner,Weekday,Other record
3220,2024-10-06,17:45:00,Truffle Fries,Side,4.0,8,32.0,Cash,Dine-In,101,Sarah,17,Sunday,10,October,6,True,False,2024-10-06 17:00:00,Dinner,Weekend,Other record
3221,2024-01-17,20:30:00,Caesar Salad,Appetizer,9.0,10,90.0,Credit Card,Delivery,102,Jake,20,Wednesday,1,January,2,False,True,2024-01-17 20:00:00,Dinner,Weekday,High-value record
3222,2024-02-05,20:30:00,Caesar Salad,Appetizer,7.0,10,70.0,Mobile Payment,Delivery,101,Sarah,20,Monday,2,February,0,False,True,2024-02-05 20:00:00,Dinner,Weekday,High-value record
3223,2024-01-06,16:45:00,Old Fashioned,Beverage,10.0,12,120.0,Credit Card,Dine-In,101,Sarah,16,Saturday,1,January,5,True,True,2024-01-06 16:00:00,Lunch,Weekend,High-value record
3224,2024-02-19,18:15:00,New York Strip,Entree,5.0,38,190.0,Mobile Payment,Dine-In,101,Sarah,18,Monday,2,February,0,False,True,2024-02-19 18:00:00,Dinner,Weekday,High-value record
3225,2024-08-24,14:45:00,Filet Mignon,Entree,4.0,42,168.0,Cash,Delivery,104,Carlos,14,Saturday,8,August,5,True,True,2024-08-24 14:00:00,Lunch,Weekend,High-value record
3226,2024-03-28,13:00:00,Filet Mignon,Entree,2.0,42,84.0,Mobile Payment,Takeaway,105,Nina,13,Thursday,3,March,3,False,True,2024-03-28 13:00:00,Lunch,Weekday,High-value record
3227,2024-01-22,22:45:00,Filet Mignon,Entree,7.0,42,294.0,Credit Card,Dine-In,102,Jake,22,Monday,1,January,0,False,True,2024-01-22 22:00:00,Dinner,Weekday,High-value record
3228,2024-03-02,11:30:00,Mashed Potatoes,Side,5.0,7,35.0,Mobile Payment,Takeaway,101,Sarah,11,Saturday,3,March,5,True,False,2024-03-02 11:00:00,Lunch,Weekend,Other record
3229,2024-09-10,12:15:00,Cabernet Sauvignon,Beverage,1.0,16,16.0,Credit Card,Dine-In,104,Carlos,12,Tuesday,9,September,1,False,False,2024-09-10 12:00:00,Lunch,Weekday,Other record
3230,2024-05-11,15:15:00,Grilled Asparagus,Side,2.0,8,16.0,Cash,Dine-In,103,Emily,15,Saturday,5,May,5,True,False,2024-05-11 15:00:00,Lunch,Weekend,Other record
3231,2024-05-30,13:15:00,Mashed Potatoes,Side,2.0,7,14.0,Cash,Delivery,104,Carlos,13,Thursday,5,May,3,False,False,2024-05-30 13:00:00,Lunch,Weekday,Other record
3232,2024-01-08,13:30:00,New York Strip,Entree,2.0,38,76.0,Mobile Payment,Takeaway,101,Sarah,13,Monday,1,January,0,False,True,2024-01-08 13:00:00,Lunch,Weekday,High-value record
3233,2024-03-13,22:00:00,Chocolate Lava Cake,Dessert,6.0,9,54.0,Credit Card,Delivery,104,Carlos,22,Wednesday,3,March,2,False,False,2024-03-13 22:00:00,Dinner,Weekday,Other record
3234,2024-08-30,13:45:00,Chocolate Lava Cake,Dessert,2.0,9,18.0,Cash,Delivery,102,Jake,13,Friday,8,August,4,False,False,2024-08-30 13:00:00,Lunch,Weekday,Other record
3235,2024-08-03,21:30:00,Mashed Potatoes,Side,2.0,7,14.0,Cash,Dine-In,104,Carlos,21,Saturday,8,August,5,True,False,2024-08-03 21:00:00,Dinner,Weekend,Other record
3236,2024-07-28,12:45:00,Chocolate Lava Cake,Dessert,3.0,9,27.0,Mobile Payment,Delivery,101,Sarah,12,Sunday,7,July,6,True,False,2024-07-28 12:00:00,Lunch,Weekend,Other record
3237,2024-12-12,13:30:00,Mashed Potatoes,Side,3.0,7,21.0,Mobile Payment,Delivery,103,Emily,13,Thursday,12,December,3,False,False,2024-12-12 13:00:00,Lunch,Weekday,Other record
3238,2024-02-27,17:00:00,New York Strip,Entree,2.0,38,76.0,Cash,Delivery,101,Sarah,17,Tuesday,2,February,1,False,True,2024-02-27 17:00:00,Dinner,Weekday,High-value record
3239,2024-06-12,19:00:00,New York Strip,Entree,8.0,38,304.0,Mobile Payment,Takeaway,103,Emily,19,Wednesday,6,June,2,False,True,2024-06-12 19:00:00,Dinner,Weekday,High-value record
3240,2024-11-06,19:45:00,Shrimp Cocktail,Appetizer,9.0,14,126.0,Mobile Payment,Takeaway,105,Nina,19,Wednesday,11,November,2,False,True,2024-11-06 19:00:00,Dinner,Weekday,High-value record
3241,2024-12-11,17:15:00,Caesar Salad,Appetizer,8.0,10,80.0,Credit Card,Dine-In,101,Sarah,17,Wednesday,12,December,2,False,True,2024-12-11 17:00:00,Dinner,Weekday,High-value record
3242,2024-09-13,19:30:00,Shrimp Cocktail,Appetizer,9.0,14,126.0,Credit Card,Dine-In,105,Nina,19,Friday,9,September,4,False,True,2024-09-13 19:00:00,Dinner,Weekday,High-value record
3243,2024-04-28,18:00:00,Chocolate Lava Cake,Dessert,2.0,9,18.0,Mobile Payment,Dine-In,104,Carlos,18,Sunday,4,April,6,True,False,2024-04-28 18:00:00,Dinner,Weekend,Other record
3244,2024-05-29,20:15:00,Filet Mignon,Entree,8.0,42,336.0,Credit Card,Dine-In,101,Sarah,20,Wednesday,5,May,2,False,True,2024-05-29 20:00:00,Dinner,Weekday,High-value record
3245,2024-07-25,20:15:00,Grilled Asparagus,Side,10.0,8,80.0,Mobile Payment,Delivery,102,Jake,20,Thursday,7,July,3,False,True,2024-07-25 20:00:00,Dinner,Weekday,High-value record
3246,2024-04-11,16:15:00,Shrimp Cocktail,Appetizer,5.0,14,70.0,Credit Card,Delivery,104,Carlos,16,Thursday,4,April,3,False,True,2024-04-11 16:00:00,Lunch,Weekday,High-value record
3247,2024-05-18,18:00:00,Cabernet Sauvignon,Beverage,3.0,16,48.0,Cash,Dine-In,105,Nina,18,Saturday,5,May,5,True,False,2024-05-18 18:00:00,Dinner,Weekend,Other record
3248,2024-09-27,17:30:00,Shrimp Cocktail,Appetizer,8.0,14,112.0,Cash,Dine-In,101,Sarah,17,Friday,9,September,4,False,True,2024-09-27 17:00:00,Dinner,Weekday,High-value record
3249,2024-03-27,12:15:00,Caesar Salad,Appetizer,4.0,10,40.0,Mobile Payment,Delivery,102,Jake,12,Wednesday,3,March,2,False,False,2024-03-27 12:00:00,Lunch,Weekday,Other record
3250,2024-01-08,16:30:00,Ribeye Steak,Entree,2.0,35,70.0,Cash,Dine-In,101,Sarah,16,Monday,1,January,0,False,True,2024-01-08 16:00:00,Lunch,Weekday,High-value record
3251,2024-01-11,11:45:00,Caesar Salad,Appetizer,3.0,10,30.0,Mobile Payment,Delivery,104,Carlos,11,Thursday,1,January,3,False,False,2024-01-11 11:00:00,Lunch,Weekday,Other record
3252,2024-08-20,14:00:00,Chocolate Lava Cake,Dessert,1.0,9,9.0,Cash,Delivery,105,Nina,14,Tuesday,8,August,1,False,False,2024-08-20 14:00:00,Lunch,Weekday,Other record
3253,2024-10-19,20:00:00,Filet Mignon,Entree,5.0,42,210.0,Cash,Takeaway,101,Sarah,20,Saturday,10,October,5,True,True,2024-10-19 20:00:00,Dinner,Weekend,High-value record
3254,2024-01-12,20:00:00,Grilled Asparagus,Side,10.0,8,80.0,Mobile Payment,Delivery,102,Jake,20,Friday,1,January,4,False,True,2024-01-12 20:00:00,Dinner,Weekday,High-value record
3255,2024-04-30,13:45:00,Caesar Salad,Appetizer,4.0,10,40.0,Mobile Payment,Delivery,105,Nina,13,Tuesday,4,April,1,False,False,2024-04-30 13:00:00,Lunch,Weekday,Other record
3256,2024-10-22,22:45:00,Truffle Fries,Side,9.0,8,72.0,Cash,Takeaway,101,Sarah,22,Tuesday,10,October,1,False,True,2024-10-22 22:00:00,Dinner,Weekday,High-value record
3257,2024-10-04,22:30:00,Shrimp Cocktail,Appetizer,10.0,14,140.0,Cash,Delivery,104,Carlos,22,Friday,10,October,4,False,True,2024-10-04 22:00:00,Dinner,Weekday,High-value record
3258,2024-09-02,15:45:00,Caesar Salad,Appetizer,1.0,10,10.0,Cash,Dine-In,105,Nina,15,Monday,9,September,0,False,False,2024-09-02 15:00:00,Lunch,Weekday,Other record
3259,2024-10-28,19:30:00,Bourbon BBQ Burger,Entree,4.0,22,88.0,Cash,Takeaway,101,Sarah,19,Monday,10,October,0,False,True,2024-10-28 19:00:00,Dinner,Weekday,High-value record
3260,2024-02-19,22:15:00,Old Fashioned,Beverage,2.0,12,24.0,Cash,Delivery,101,Sarah,22,Monday,2,February,0,False,False,2024-02-19 22:00:00,Dinner,Weekday,Other record
3261,2024-06-11,12:30:00,Truffle Fries,Side,3.0,8,24.0,Credit Card,Delivery,102,Jake,12,Tuesday,6,June,1,False,False,2024-06-11 12:00:00,Lunch,Weekday,Other record
3262,2024-10-20,15:15:00,Ribeye Steak,Entree,2.0,35,70.0,Mobile Payment,Takeaway,101,Sarah,15,Sunday,10,October,6,True,True,2024-10-20 15:00:00,Lunch,Weekend,High-value record
3263,2024-02-05,16:15:00,Mashed Potatoes,Side,2.0,7,14.0,Credit Card,Takeaway,104,Carlos,16,Monday,2,February,0,False,False,2024-02-05 16:00:00,Lunch,Weekday,Other record
3264,2024-01-16,18:30:00,Grilled Asparagus,Side,11.0,8,88.0,Mobile Payment,Delivery,103,Emily,18,Tuesday,1,January,1,False,True,2024-01-16 18:00:00,Dinner,Weekday,High-value record
3265,2024-05-25,20:30:00,Grilled Asparagus,Side,7.0,8,56.0,Credit Card,Dine-In,101,Sarah,20,Saturday,5,May,5,True,False,2024-05-25 20:00:00,Dinner,Weekend,Other record
3266,2024-02-18,11:15:00,Shrimp Cocktail,Appetizer,1.0,14,14.0,Cash,Delivery,105,Nina,11,Sunday,2,February,6,True,False,2024-02-18 11:00:00,Lunch,Weekend,Other record
3267,2024-02-16,22:15:00,New York Strip,Entree,3.0,38,114.0,Mobile Payment,Takeaway,105,Nina,22,Friday,2,February,4,False,True,2024-02-16 22:00:00,Dinner,Weekday,High-value record
3268,2024-05-27,11:15:00,Grilled Asparagus,Side,2.0,8,16.0,Cash,Delivery,103,Emily,11,Monday,5,May,0,False,False,2024-05-27 11:00:00,Lunch,Weekday,Other record
3269,2024-09-13,12:45:00,Shrimp Cocktail,Appetizer,4.0,14,56.0,Cash,Takeaway,102,Jake,12,Friday,9,September,4,False,False,2024-09-13 12:00:00,Lunch,Weekday,Other record
3270,2024-07-02,21:15:00,Grilled Asparagus,Side,6.0,8,48.0,Cash,Dine-In,103,Emily,21,Tuesday,7,July,1,False,False,2024-07-02 21:00:00,Dinner,Weekday,Other record
3271,2024-08-20,11:00:00,Shrimp Cocktail,Appetizer,1.0,14,14.0,Cash,Delivery,101,Sarah,11,Tuesday,8,August,1,False,False,2024-08-20 11:00:00,Lunch,Weekday,Other record
3272,2024-10-13,13:30:00,Filet Mignon,Entree,5.0,42,210.0,Cash,Delivery,104,Carlos,13,Sunday,10,October,6,True,True,2024-10-13 13:00:00,Lunch,Weekend,High-value record
3273,2024-02-05,21:15:00,Bourbon BBQ Burger,Entree,6.0,22,132.0,Credit Card,Delivery,101,Sarah,21,Monday,2,February,0,False,True,2024-02-05 21:00:00,Dinner,Weekday,High-value record
3274,2024-05-26,21:45:00,Filet Mignon,Entree,2.0,42,84.0,Cash,Takeaway,105,Nina,21,Sunday,5,May,6,True,True,2024-05-26 21:00:00,Dinner,Weekend,High-value record
3275,2024-03-29,14:00:00,Shrimp Cocktail,Appetizer,7.0,14,98.0,Credit Card,Dine-In,101,Sarah,14,Friday,3,March,4,False,True,2024-03-29 14:00:00,Lunch,Weekday,High-value record
3276,2024-02-13,13:15:00,Cabernet Sauvignon,Beverage,2.0,16,32.0,Credit Card,Dine-In,101,Sarah,13,Tuesday,2,February,1,False,False,2024-02-13 13:00:00,Lunch,Weekday,Other record
3277,2024-02-15,22:15:00,Caesar Salad,Appetizer,4.0,10,40.0,Mobile Payment,Delivery,104,Carlos,22,Thursday,2,February,3,False,False,2024-02-15 22:00:00,Dinner,Weekday,Other record
3278,2024-02-05,16:00:00,New York Strip,Entree,1.0,38,38.0,Mobile Payment,Takeaway,105,Nina,16,Monday,2,February,0,False,False,2024-02-05 16:00:00,Lunch,Weekday,Other record
3279,2024-07-10,11:45:00,Truffle Fries,Side,4.0,8,32.0,Credit Card,Takeaway,102,Jake,11,Wednesday,7,July,2,False,False,2024-07-10 11:00:00,Lunch,Weekday,Other record
3280,2024-05-12,15:45:00,Truffle Fries,Side,1.5,8,12.0,Credit Card,Delivery,102,Jake,15,Sunday,5,May,6,True,False,2024-05-12 15:00:00,Lunch,Weekend,Other record
3281,2024-03-14,18:45:00,Caesar Salad,Appetizer,5.0,10,50.0,Credit Card,Dine-In,101,Sarah,18,Thursday,3,March,3,False,False,2024-03-14 18:00:00,Dinner,Weekday,Other record
3282,2024-11-14,12:30:00,Caesar Salad,Appetizer,1.0,10,10.0,Credit Card,Takeaway,102,Jake,12,Thursday,11,November,3,False,False,2024-11-14 12:00:00,Lunch,Weekday,Other record
3283,2024-06-07,18:15:00,Shrimp Cocktail,Appetizer,5.0,14,70.0,Credit Card,Delivery,104,Carlos,18,Friday,6,June,4,False,True,2024-06-07 18:00:00,Dinner,Weekday,High-value record
3284,2024-02-12,18:45:00,Cabernet Sauvignon,Beverage,4.0,16,64.0,Cash,Takeaway,101,Sarah,18,Monday,2,February,0,False,True,2024-02-12 18:00:00,Dinner,Weekday,High-value record
3285,2024-12-13,13:45:00,Bourbon BBQ Burger,Entree,3.0,22,66.0,Credit Card,Takeaway,101,Sarah,13,Friday,12,December,4,False,True,2024-12-13 13:00:00,Lunch,Weekday,High-value record
3286,2024-09-17,17:45:00,Truffle Fries,Side,8.0,8,64.0,Credit Card,Delivery,104,Carlos,17,Tuesday,9,September,1,False,True,2024-09-17 17:00:00,Dinner,Weekday,High-value record
3287,2024-03-19,13:30:00,Filet Mignon,Entree,5.0,42,210.0,Credit Card,Takeaway,105,Nina,13,Tuesday,3,March,1,False,True,2024-03-19 13:00:00,Lunch,Weekday,High-value record
3288,2024-08-14,19:30:00,Chocolate Lava Cake,Dessert,6.0,9,54.0,Credit Card,Takeaway,101,Sarah,19,Wednesday,8,August,2,False,False,2024-08-14 19:00:00,Dinner,Weekday,Other record
3289,2024-12-05,13:00:00,Bourbon BBQ Burger,Entree,2.0,22,44.0,Credit Card,Dine-In,101,Sarah,13,Thursday,12,December,3,False,False,2024-12-05 13:00:00,Lunch,Weekday,Other record
3290,2024-07-30,12:30:00,Cabernet Sauvignon,Beverage,5.0,16,80.0,Credit Card,Takeaway,102,Jake,12,Tuesday,7,July,1,False,True,2024-07-30 12:00:00,Lunch,Weekday,High-value record
3291,2024-03-05,14:30:00,Shrimp Cocktail,Appetizer,2.0,14,28.0,Credit Card,Dine-In,103,Emily,14,Tuesday,3,March,1,False,False,2024-03-05 14:00:00,Lunch,Weekday,Other record
3292,2024-08-02,22:45:00,Cabernet Sauvignon,Beverage,4.0,16,64.0,Cash,Dine-In,101,Sarah,22,Friday,8,August,4,False,True,2024-08-02 22:00:00,Dinner,Weekday,High-value record
3293,2024-06-21,21:45:00,Shrimp Cocktail,Appetizer,10.0,14,140.0,Mobile Payment,Takeaway,102,Jake,21,Friday,6,June,4,False,True,2024-06-21 21:00:00,Dinner,Weekday,High-value record
3294,2024-07-01,15:15:00,Ribeye Steak,Entree,3.0,35,105.0,Mobile Payment,Delivery,103,Emily,15,Monday,7,July,0,False,True,2024-07-01 15:00:00,Lunch,Weekday,High-value record
3295,2024-05-24,21:00:00,Filet Mignon,Entree,2.0,42,84.0,Mobile Payment,Delivery,105,Nina,21,Friday,5,May,4,False,True,2024-05-24 21:00:00,Dinner,Weekday,High-value record
3296,2024-09-09,14:00:00,Cabernet Sauvignon,Beverage,2.0,16,32.0,Credit Card,Dine-In,101,Sarah,14,Monday,9,September,0,False,False,2024-09-09 14:00:00,Lunch,Weekday,Other record
3297,2024-12-08,17:15:00,Shrimp Cocktail,Appetizer,3.0,14,42.0,Credit Card,Delivery,105,Nina,17,Sunday,12,December,6,True,False,2024-12-08 17:00:00,Dinner,Weekend,Other record
3298,2024-05-27,19:15:00,Truffle Fries,Side,2.0,8,16.0,Mobile Payment,Delivery,103,Emily,19,Monday,5,May,0,False,False,2024-05-27 19:00:00,Dinner,Weekday,Other record
3299,2024-10-27,17:00:00,Grilled Asparagus,Side,7.0,8,56.0,Credit Card,Dine-In,103,Emily,17,Sunday,10,October,6,True,False,2024-10-27 17:00:00,Dinner,Weekend,Other record
3300,2024-02-20,12:00:00,New York Strip,Entree,1.0,38,38.0,Cash,Takeaway,103,Emily,12,Tuesday,2,February,1,False,False,2024-02-20 12:00:00,Lunch,Weekday,Other record
3301,2024-04-10,21:30:00,Filet Mignon,Entree,3.0,42,126.0,Cash,Dine-In,101,Sarah,21,Wednesday,4,April,2,False,True,2024-04-10 21:00:00,Dinner,Weekday,High-value record
3302,2024-12-28,17:00:00,Shrimp Cocktail,Appetizer,10.0,14,140.0,Mobile Payment,Delivery,104,Carlos,17,Saturday,12,December,5,True,True,2024-12-28 17:00:00,Dinner,Weekend,High-value record
3303,2024-01-03,14:45:00,New York Strip,Entree,1.0,38,38.0,Mobile Payment,Delivery,105,Nina,14,Wednesday,1,January,2,False,False,2024-01-03 14:00:00,Lunch,Weekday,Other record
3304,2024-07-16,11:00:00,Caesar Salad,Appetizer,2.0,10,20.0,Cash,Delivery,102,Jake,11,Tuesday,7,July,1,False,False,2024-07-16 11:00:00,Lunch,Weekday,Other record
3305,2024-02-23,20:45:00,Cabernet Sauvignon,Beverage,10.0,16,160.0,Mobile Payment,Delivery,101,Sarah,20,Friday,2,February,4,False,True,2024-02-23 20:00:00,Dinner,Weekday,High-value record
3306,2024-02-11,12:30:00,Ribeye Steak,Entree,1.0,35,35.0,Cash,Takeaway,104,Carlos,12,Sunday,2,February,6,True,False,2024-02-11 12:00:00,Lunch,Weekend,Other record
3307,2024-02-29,14:00:00,Truffle Fries,Side,4.0,8,32.0,Mobile Payment,Dine-In,105,Nina,14,Thursday,2,February,3,False,False,2024-02-29 14:00:00,Lunch,Weekday,Other record
3308,2024-08-26,21:45:00,Ribeye Steak,Entree,2.0,35,70.0,Mobile Payment,Takeaway,102,Jake,21,Monday,8,August,0,False,True,2024-08-26 21:00:00,Dinner,Weekday,High-value record
3309,2024-06-30,21:00:00,Truffle Fries,Side,10.0,8,80.0,Credit Card,Dine-In,105,Nina,21,Sunday,6,June,6,True,True,2024-06-30 21:00:00,Dinner,Weekend,High-value record
3310,2024-11-27,15:45:00,Cabernet Sauvignon,Beverage,3.0,16,48.0,Credit Card,Dine-In,101,Sarah,15,Wednesday,11,November,2,False,False,2024-11-27 15:00:00,Lunch,Weekday,Other record
3311,2024-02-09,14:45:00,Mashed Potatoes,Side,3.0,7,21.0,Credit Card,Delivery,102,Jake,14,Friday,2,February,4,False,False,2024-02-09 14:00:00,Lunch,Weekday,Other record
3312,2024-12-27,12:00:00,Old Fashioned,Beverage,3.0,12,36.0,Mobile Payment,Delivery,104,Carlos,12,Friday,12,December,4,False,False,2024-12-27 12:00:00,Lunch,Weekday,Other record
3313,2024-09-24,22:00:00,Old Fashioned,Beverage,4.0,12,48.0,Credit Card,Delivery,101,Sarah,22,Tuesday,9,September,1,False,False,2024-09-24 22:00:00,Dinner,Weekday,Other record
3314,2024-04-26,18:00:00,Grilled Asparagus,Side,2.0,8,16.0,Credit Card,Dine-In,105,Nina,18,Friday,4,April,4,False,False,2024-04-26 18:00:00,Dinner,Weekday,Other record
3315,2024-12-19,19:00:00,Chocolate Lava Cake,Dessert,7.0,9,63.0,Cash,Dine-In,102,Jake,19,Thursday,12,December,3,False,True,2024-12-19 19:00:00,Dinner,Weekday,High-value record
3316,2024-12-12,20:45:00,Shrimp Cocktail,Appetizer,8.0,14,112.0,Credit Card,Dine-In,105,Nina,20,Thursday,12,December,3,False,True,2024-12-12 20:00:00,Dinner,Weekday,High-value record
3317,2024-04-11,18:30:00,Caesar Salad,Appetizer,2.0,10,20.0,Credit Card,Takeaway,105,Nina,18,Thursday,4,April,3,False,False,2024-04-11 18:00:00,Dinner,Weekday,Other record
3318,2024-02-24,11:15:00,Shrimp Cocktail,Appetizer,10.0,14,140.0,Cash,Delivery,105,Nina,11,Saturday,2,February,5,True,True,2024-02-24 11:00:00,Lunch,Weekend,High-value record
3319,2024-07-06,16:45:00,Cabernet Sauvignon,Beverage,2.0,16,32.0,Cash,Dine-In,103,Emily,16,Saturday,7,July,5,True,False,2024-07-06 16:00:00,Lunch,Weekend,Other record
3320,2024-12-08,15:15:00,New York Strip,Entree,2.0,38,76.0,Credit Card,Dine-In,102,Jake,15,Sunday,12,December,6,True,True,2024-12-08 15:00:00,Lunch,Weekend,High-value record
3321,2024-03-03,17:00:00,Grilled Asparagus,Side,9.0,8,72.0,Mobile Payment,Takeaway,105,Nina,17,Sunday,3,March,6,True,True,2024-03-03 17:00:00,Dinner,Weekend,High-value record
3322,2024-06-29,18:30:00,Grilled Asparagus,Side,7.0,8,56.0,Cash,Takeaway,104,Carlos,18,Saturday,6,June,5,True,False,2024-06-29 18:00:00,Dinner,Weekend,Other record
3323,2024-12-15,21:30:00,Filet Mignon,Entree,7.0,42,294.0,Mobile Payment,Delivery,101,Sarah,21,Sunday,12,December,6,True,True,2024-12-15 21:00:00,Dinner,Weekend,High-value record
3324,2024-05-05,20:30:00,Truffle Fries,Side,4.0,8,32.0,Cash,Takeaway,101,Sarah,20,Sunday,5,May,6,True,False,2024-05-05 20:00:00,Dinner,Weekend,Other record
3325,2024-02-29,17:30:00,New York Strip,Entree,7.0,38,266.0,Cash,Dine-In,104,Carlos,17,Thursday,2,February,3,False,True,2024-02-29 17:00:00,Dinner,Weekday,High-value record
3326,2024-01-05,14:15:00,Mashed Potatoes,Side,1.0,7,7.0,Mobile Payment,Delivery,103,Emily,14,Friday,1,January,4,False,False,2024-01-05 14:00:00,Lunch,Weekday,Other record
3327,2024-03-21,15:15:00,Truffle Fries,Side,1.0,8,8.0,Mobile Payment,Delivery,102,Jake,15,Thursday,3,March,3,False,False,2024-03-21 15:00:00,Lunch,Weekday,Other record
3328,2024-10-22,13:30:00,Cabernet Sauvignon,Beverage,3.0,16,48.0,Mobile Payment,Dine-In,102,Jake,13,Tuesday,10,October,1,False,False,2024-10-22 13:00:00,Lunch,Weekday,Other record
3329,2024-01-13,11:30:00,Filet Mignon,Entree,7.0,42,294.0,Mobile Payment,Dine-In,101,Sarah,11,Saturday,1,January,5,True,True,2024-01-13 11:00:00,Lunch,Weekend,High-value record
3330,2024-06-10,14:00:00,New York Strip,Entree,1.0,38,38.0,Credit Card,Dine-In,104,Carlos,14,Monday,6,June,0,False,False,2024-06-10 14:00:00,Lunch,Weekday,Other record
3331,2024-08-31,22:30:00,Truffle Fries,Side,11.0,8,88.0,Credit Card,Delivery,103,Emily,22,Saturday,8,August,5,True,True,2024-08-31 22:00:00,Dinner,Weekend,High-value record
3332,2024-07-25,22:15:00,Caesar Salad,Appetizer,12.0,10,120.0,Credit Card,Dine-In,103,Emily,22,Thursday,7,July,3,False,True,2024-07-25 22:00:00,Dinner,Weekday,High-value record
3333,2024-10-08,12:00:00,Ribeye Steak,Entree,3.0,35,105.0,Cash,Dine-In,103,Emily,12,Tuesday,10,October,1,False,True,2024-10-08 12:00:00,Lunch,Weekday,High-value record
3334,2024-09-12,17:30:00,New York Strip,Entree,10.0,38,380.0,Mobile Payment,Delivery,104,Carlos,17,Thursday,9,September,3,False,True,2024-09-12 17:00:00,Dinner,Weekday,High-value record
3335,2024-03-03,16:45:00,Caesar Salad,Appetizer,5.0,10,50.0,Credit Card,Takeaway,101,Sarah,16,Sunday,3,March,6,True,False,2024-03-03 16:00:00,Lunch,Weekend,Other record
3336,2024-03-11,19:00:00,Old Fashioned,Beverage,9.0,12,108.0,Credit Card,Dine-In,102,Jake,19,Monday,3,March,0,False,True,2024-03-11 19:00:00,Dinner,Weekday,High-value record
3337,2024-04-29,20:30:00,Chocolate Lava Cake,Dessert,7.0,9,63.0,Mobile Payment,Dine-In,103,Emily,20,Monday,4,April,0,False,True,2024-04-29 20:00:00,Dinner,Weekday,High-value record
3338,2024-07-04,15:15:00,Grilled Asparagus,Side,1.0,8,8.0,Mobile Payment,Delivery,104,Carlos,15,Thursday,7,July,3,False,False,2024-07-04 15:00:00,Lunch,Weekday,Other record
3339,2024-03-23,14:45:00,Ribeye Steak,Entree,3.0,35,105.0,Credit Card,Takeaway,104,Carlos,14,Saturday,3,March,5,True,True,2024-03-23 14:00:00,Lunch,Weekend,High-value record
3340,2024-07-08,15:45:00,Old Fashioned,Beverage,5.0,12,60.0,Cash,Dine-In,103,Emily,15,Monday,7,July,0,False,False,2024-07-08 15:00:00,Lunch,Weekday,Other record
3341,2024-02-03,18:00:00,Ribeye Steak,Entree,8.0,35,280.0,Cash,Dine-In,105,Nina,18,Saturday,2,February,5,True,True,2024-02-03 18:00:00,Dinner,Weekend,High-value record
3342,2024-08-25,12:30:00,Grilled Asparagus,Side,3.0,8,24.0,Mobile Payment,Takeaway,105,Nina,12,Sunday,8,August,6,True,False,2024-08-25 12:00:00,Lunch,Weekend,Other record
3343,2024-11-24,14:45:00,Bourbon BBQ Burger,Entree,1.0,22,22.0,Cash,Dine-In,104,Carlos,14,Sunday,11,November,6,True,False,2024-11-24 14:00:00,Lunch,Weekend,Other record
3344,2024-06-11,15:15:00,Cabernet Sauvignon,Beverage,1.0,16,16.0,Cash,Takeaway,103,Emily,15,Tuesday,6,June,1,False,False,2024-06-11 15:00:00,Lunch,Weekday,Other record
3345,2024-02-07,15:30:00,Truffle Fries,Side,4.0,8,32.0,Mobile Payment,Dine-In,104,Carlos,15,Wednesday,2,February,2,False,False,2024-02-07 15:00:00,Lunch,Weekday,Other record
3346,2024-01-26,13:15:00,Mashed Potatoes,Side,5.0,7,35.0,Credit Card,Delivery,105,Nina,13,Friday,1,January,4,False,False,2024-01-26 13:00:00,Lunch,Weekday,Other record
3347,2024-07-25,13:45:00,New York Strip,Entree,4.0,38,152.0,Mobile Payment,Takeaway,101,Sarah,13,Thursday,7,July,3,False,True,2024-07-25 13:00:00,Lunch,Weekday,High-value record
3348,2024-08-17,17:45:00,Shrimp Cocktail,Appetizer,5.0,14,70.0,Cash,Takeaway,104,Carlos,17,Saturday,8,August,5,True,True,2024-08-17 17:00:00,Dinner,Weekend,High-value record
3349,2024-12-15,14:15:00,Old Fashioned,Beverage,1.0,12,12.0,Mobile Payment,Dine-In,103,Emily,14,Sunday,12,December,6,True,False,2024-12-15 14:00:00,Lunch,Weekend,Other record
3350,2024-04-16,22:45:00,Old Fashioned,Beverage,9.0,12,108.0,Mobile Payment,Dine-In,103,Emily,22,Tuesday,4,April,1,False,True,2024-04-16 22:00:00,Dinner,Weekday,High-value record
3351,2024-11-05,13:15:00,Cabernet Sauvignon,Beverage,5.0,16,80.0,Mobile Payment,Delivery,104,Carlos,13,Tuesday,11,November,1,False,True,2024-11-05 13:00:00,Lunch,Weekday,High-value record
3352,2024-11-06,11:45:00,Bourbon BBQ Burger,Entree,1.0,22,22.0,Credit Card,Delivery,105,Nina,11,Wednesday,11,November,2,False,False,2024-11-06 11:00:00,Lunch,Weekday,Other record
3353,2024-07-20,20:15:00,New York Strip,Entree,2.0,38,76.0,Mobile Payment,Takeaway,103,Emily,20,Saturday,7,July,5,True,True,2024-07-20 20:00:00,Dinner,Weekend,High-value record
3354,2024-04-30,15:00:00,Mashed Potatoes,Side,1.0,7,7.0,Mobile Payment,Delivery,105,Nina,15,Tuesday,4,April,1,False,False,2024-04-30 15:00:00,Lunch,Weekday,Other record
3355,2024-03-15,18:15:00,Chocolate Lava Cake,Dessert,9.0,9,81.0,Mobile Payment,Dine-In,103,Emily,18,Friday,3,March,4,False,True,2024-03-15 18:00:00,Dinner,Weekday,High-value record
3356,2024-11-01,18:45:00,Shrimp Cocktail,Appetizer,2.0,14,28.0,Credit Card,Dine-In,103,Emily,18,Friday,11,November,4,False,False,2024-11-01 18:00:00,Dinner,Weekday,Other record
3357,2024-07-29,18:00:00,Truffle Fries,Side,8.0,8,64.0,Mobile Payment,Delivery,104,Carlos,18,Monday,7,July,0,False,True,2024-07-29 18:00:00,Dinner,Weekday,High-value record
3358,2024-09-12,22:30:00,Mashed Potatoes,Side,6.0,7,42.0,Cash,Takeaway,101,Sarah,22,Thursday,9,September,3,False,False,2024-09-12 22:00:00,Dinner,Weekday,Other record
3359,2024-10-27,22:00:00,Caesar Salad,Appetizer,10.0,10,100.0,Credit Card,Dine-In,102,Jake,22,Sunday,10,October,6,True,True,2024-10-27 22:00:00,Dinner,Weekend,High-value record
3360,2024-09-01,14:45:00,Truffle Fries,Side,2.0,8,16.0,Credit Card,Delivery,102,Jake,14,Sunday,9,September,6,True,False,2024-09-01 14:00:00,Lunch,Weekend,Other record
3361,2024-04-02,11:15:00,New York Strip,Entree,2.0,38,76.0,Credit Card,Dine-In,101,Sarah,11,Tuesday,4,April,1,False,True,2024-04-02 11:00:00,Lunch,Weekday,High-value record
3362,2024-02-08,18:30:00,Bourbon BBQ Burger,Entree,9.0,22,198.0,Credit Card,Delivery,101,Sarah,18,Thursday,2,February,3,False,True,2024-02-08 18:00:00,Dinner,Weekday,High-value record
3363,2024-09-08,12:45:00,New York Strip,Entree,1.0,38,38.0,Credit Card,Dine-In,105,Nina,12,Sunday,9,September,6,True,False,2024-09-08 12:00:00,Lunch,Weekend,Other record
3364,2024-10-05,16:00:00,Shrimp Cocktail,Appetizer,6.0,14,84.0,Mobile Payment,Takeaway,105,Nina,16,Saturday,10,October,5,True,True,2024-10-05 16:00:00,Lunch,Weekend,High-value record
3365,2024-10-10,14:00:00,Mashed Potatoes,Side,2.0,7,14.0,Cash,Takeaway,105,Nina,14,Thursday,10,October,3,False,False,2024-10-10 14:00:00,Lunch,Weekday,Other record
3366,2024-01-05,14:15:00,New York Strip,Entree,2.0,38,76.0,Cash,Delivery,104,Carlos,14,Friday,1,January,4,False,True,2024-01-05 14:00:00,Lunch,Weekday,High-value record
3367,2024-10-18,19:00:00,Filet Mignon,Entree,5.0,42,210.0,Cash,Delivery,104,Carlos,19,Friday,10,October,4,False,True,2024-10-18 19:00:00,Dinner,Weekday,High-value record
3368,2024-05-17,18:00:00,Ribeye Steak,Entree,9.0,35,315.0,Mobile Payment,Dine-In,101,Sarah,18,Friday,5,May,4,False,True,2024-05-17 18:00:00,Dinner,Weekday,High-value record
3369,2024-08-18,18:00:00,Caesar Salad,Appetizer,2.0,10,20.0,Credit Card,Dine-In,104,Carlos,18,Sunday,8,August,6,True,False,2024-08-18 18:00:00,Dinner,Weekend,Other record
3370,2024-01-21,16:00:00,Ribeye Steak,Entree,3.0,35,105.0,Mobile Payment,Dine-In,102,Jake,16,Sunday,1,January,6,True,True,2024-01-21 16:00:00,Lunch,Weekend,High-value record
3371,2024-04-04,17:45:00,New York Strip,Entree,6.0,38,228.0,Credit Card,Takeaway,105,Nina,17,Thursday,4,April,3,False,True,2024-04-04 17:00:00,Dinner,Weekday,High-value record
3372,2024-04-24,12:45:00,New York Strip,Entree,4.0,38,152.0,Credit Card,Takeaway,104,Carlos,12,Wednesday,4,April,2,False,True,2024-04-24 12:00:00,Lunch,Weekday,High-value record
3373,2024-05-03,19:00:00,Cabernet Sauvignon,Beverage,4.0,16,64.0,Mobile Payment,Dine-In,104,Carlos,19,Friday,5,May,4,False,True,2024-05-03 19:00:00,Dinner,Weekday,High-value record
3374,2024-06-15,15:00:00,New York Strip,Entree,5.0,38,190.0,Mobile Payment,Delivery,105,Nina,15,Saturday,6,June,5,True,True,2024-06-15 15:00:00,Lunch,Weekend,High-value record
3375,2024-10-08,16:00:00,Truffle Fries,Side,6.0,8,48.0,Cash,Delivery,105,Nina,16,Tuesday,10,October,1,False,False,2024-10-08 16:00:00,Lunch,Weekday,Other record
3376,2024-04-25,13:45:00,Truffle Fries,Side,2.0,8,16.0,Credit Card,Dine-In,105,Nina,13,Thursday,4,April,3,False,False,2024-04-25 13:00:00,Lunch,Weekday,Other record
3377,2024-02-14,13:00:00,Grilled Asparagus,Side,2.4,8,19.2,Credit Card,Delivery,101,Sarah,13,Wednesday,2,February,2,False,False,2024-02-14 13:00:00,Lunch,Weekday,Other record
3378,2024-06-01,20:45:00,Ribeye Steak,Entree,4.0,35,140.0,Credit Card,Delivery,104,Carlos,20,Saturday,6,June,5,True,True,2024-06-01 20:00:00,Dinner,Weekend,High-value record
3379,2024-08-19,17:30:00,New York Strip,Entree,8.0,38,304.0,Cash,Delivery,103,Emily,17,Monday,8,August,0,False,True,2024-08-19 17:00:00,Dinner,Weekday,High-value record
3380,2024-07-01,14:45:00,Shrimp Cocktail,Appetizer,5.0,14,70.0,Mobile Payment,Delivery,105,Nina,14,Monday,7,July,0,False,True,2024-07-01 14:00:00,Lunch,Weekday,High-value record
3381,2024-07-10,11:45:00,Truffle Fries,Side,1.0,8,8.0,Mobile Payment,Delivery,104,Carlos,11,Wednesday,7,July,2,False,False,2024-07-10 11:00:00,Lunch,Weekday,Other record
3382,2024-06-03,11:45:00,Truffle Fries,Side,4.0,8,32.0,Credit Card,Takeaway,101,Sarah,11,Monday,6,June,0,False,False,2024-06-03 11:00:00,Lunch,Weekday,Other record
3383,2024-03-27,11:00:00,Bourbon BBQ Burger,Entree,1.0,22,22.0,Mobile Payment,Dine-In,105,Nina,11,Wednesday,3,March,2,False,False,2024-03-27 11:00:00,Lunch,Weekday,Other record
3384,2024-01-24,13:15:00,Filet Mignon,Entree,4.0,42,168.0,Credit Card,Dine-In,105,Nina,13,Wednesday,1,January,2,False,True,2024-01-24 13:00:00,Lunch,Weekday,High-value record
3385,2024-01-17,15:30:00,Cabernet Sauvignon,Beverage,5.0,16,80.0,Cash,Delivery,102,Jake,15,Wednesday,1,January,2,False,True,2024-01-17 15:00:00,Lunch,Weekday,High-value record
3386,2024-03-29,13:30:00,Caesar Salad,Appetizer,3.0,10,30.0,Cash,Dine-In,101,Sarah,13,Friday,3,March,4,False,False,2024-03-29 13:00:00,Lunch,Weekday,Other record
3387,2024-03-26,14:30:00,Filet Mignon,Entree,1.0,42,42.0,Cash,Takeaway,103,Emily,14,Tuesday,3,March,1,False,False,2024-03-26 14:00:00,Lunch,Weekday,Other record
3388,2024-06-25,11:00:00,Chocolate Lava Cake,Dessert,2.0,9,18.0,Credit Card,Takeaway,103,Emily,11,Tuesday,6,June,1,False,False,2024-06-25 11:00:00,Lunch,Weekday,Other record
3389,2024-12-15,11:15:00,Grilled Asparagus,Side,4.0,8,32.0,Mobile Payment,Delivery,105,Nina,11,Sunday,12,December,6,True,False,2024-12-15 11:00:00,Lunch,Weekend,Other record
3390,2024-05-25,22:15:00,Chocolate Lava Cake,Dessert,4.0,9,36.0,Cash,Dine-In,102,Jake,22,Saturday,5,May,5,True,False,2024-05-25 22:00:00,Dinner,Weekend,Other record
3391,2024-05-30,14:45:00,New York Strip,Entree,5.0,38,190.0,Credit Card,Dine-In,101,Sarah,14,Thursday,5,May,3,False,True,2024-05-30 14:00:00,Lunch,Weekday,High-value record
3392,2024-10-02,11:30:00,Chocolate Lava Cake,Dessert,6.0,9,54.0,Mobile Payment,Dine-In,101,Sarah,11,Wednesday,10,October,2,False,False,2024-10-02 11:00:00,Lunch,Weekday,Other record
3393,2024-03-05,15:30:00,Filet Mignon,Entree,2.0,42,84.0,Mobile Payment,Dine-In,104,Carlos,15,Tuesday,3,March,1,False,True,2024-03-05 15:00:00,Lunch,Weekday,High-value record
3394,2024-06-19,20:45:00,Mashed Potatoes,Side,9.0,7,63.0,Mobile Payment,Delivery,102,Jake,20,Wednesday,6,June,2,False,True,2024-06-19 20:00:00,Dinner,Weekday,High-value record
3395,2024-01-29,12:15:00,Caesar Salad,Appetizer,5.0,10,50.0,Credit Card,Dine-In,101,Sarah,12,Monday,1,January,0,False,False,2024-01-29 12:00:00,Lunch,Weekday,Other record
3396,2024-09-03,18:30:00,Chocolate Lava Cake,Dessert,5.0,9,45.0,Credit Card,Dine-In,101,Sarah,18,Tuesday,9,September,1,False,False,2024-09-03 18:00:00,Dinner,Weekday,Other record
3397,2024-01-08,17:15:00,Chocolate Lava Cake,Dessert,6.0,9,54.0,Mobile Payment,Dine-In,105,Nina,17,Monday,1,January,0,False,False,2024-01-08 17:00:00,Dinner,Weekday,Other record
3398,2024-04-14,18:30:00,Chocolate Lava Cake,Dessert,2.0,9,18.0,Mobile Payment,Dine-In,102,Jake,18,Sunday,4,April,6,True,False,2024-04-14 18:00:00,Dinner,Weekend,Other record
3399,2024-07-21,18:00:00,Truffle Fries,Side,4.0,8,32.0,Cash,Takeaway,103,Emily,18,Sunday,7,July,6,True,False,2024-07-21 18:00:00,Dinner,Weekend,Other record
3400,2024-04-28,22:45:00,New York Strip,Entree,7.0,38,266.0,Credit Card,Takeaway,103,Emily,22,Sunday,4,April,6,True,True,2024-04-28 22:00:00,Dinner,Weekend,High-value record
3401,2024-03-18,21:45:00,Shrimp Cocktail,Appetizer,9.0,14,126.0,Cash,Dine-In,101,Sarah,21,Monday,3,March,0,False,True,2024-03-18 21:00:00,Dinner,Weekday,High-value record
3402,2024-11-13,17:00:00,Old Fashioned,Beverage,4.0,12,48.0,Cash,Dine-In,105,Nina,17,Wednesday,11,November,2,False,False,2024-11-13 17:00:00,Dinner,Weekday,Other record
3403,2024-10-30,13:30:00,Mashed Potatoes,Side,2.0,7,14.0,Credit Card,Dine-In,102,Jake,13,Wednesday,10,October,2,False,False,2024-10-30 13:00:00,Lunch,Weekday,Other record
3404,2024-03-26,22:00:00,Filet Mignon,Entree,5.0,42,210.0,Mobile Payment,Dine-In,103,Emily,22,Tuesday,3,March,1,False,True,2024-03-26 22:00:00,Dinner,Weekday,High-value record
3405,2024-06-30,11:30:00,Filet Mignon,Entree,3.0,42,126.0,Cash,Delivery,102,Jake,11,Sunday,6,June,6,True,True,2024-06-30 11:00:00,Lunch,Weekend,High-value record
3406,2024-02-21,20:00:00,Shrimp Cocktail,Appetizer,3.0,14,42.0,Mobile Payment,Dine-In,105,Nina,20,Wednesday,2,February,2,False,False,2024-02-21 20:00:00,Dinner,Weekday,Other record
3407,2024-08-14,18:45:00,Bourbon BBQ Burger,Entree,4.0,22,88.0,Credit Card,Takeaway,105,Nina,18,Wednesday,8,August,2,False,True,2024-08-14 18:00:00,Dinner,Weekday,High-value record
3408,2024-03-05,16:30:00,New York Strip,Entree,2.0,38,76.0,Cash,Delivery,105,Nina,16,Tuesday,3,March,1,False,True,2024-03-05 16:00:00,Lunch,Weekday,High-value record
3409,2024-04-30,22:30:00,Bourbon BBQ Burger,Entree,5.0,22,110.0,Mobile Payment,Delivery,101,Sarah,22,Tuesday,4,April,1,False,True,2024-04-30 22:00:00,Dinner,Weekday,High-value record
3410,2024-10-29,13:00:00,Shrimp Cocktail,Appetizer,5.0,14,70.0,Credit Card,Takeaway,101,Sarah,13,Tuesday,10,October,1,False,True,2024-10-29 13:00:00,Lunch,Weekday,High-value record
3411,2024-08-08,18:45:00,Chocolate Lava Cake,Dessert,4.0,9,36.0,Cash,Dine-In,102,Jake,18,Thursday,8,August,3,False,False,2024-08-08 18:00:00,Dinner,Weekday,Other record
3412,2024-10-28,20:45:00,Mashed Potatoes,Side,2.0,7,14.0,Credit Card,Delivery,101,Sarah,20,Monday,10,October,0,False,False,2024-10-28 20:00:00,Dinner,Weekday,Other record
3413,2024-03-25,16:45:00,Truffle Fries,Side,4.0,8,32.0,Mobile Payment,Takeaway,104,Carlos,16,Monday,3,March,0,False,False,2024-03-25 16:00:00,Lunch,Weekday,Other record
3414,2024-05-20,11:30:00,Bourbon BBQ Burger,Entree,6.0,22,132.0,Credit Card,Delivery,105,Nina,11,Monday,5,May,0,False,True,2024-05-20 11:00:00,Lunch,Weekday,High-value record
3415,2024-09-28,14:15:00,Mashed Potatoes,Side,7.0,7,49.0,Mobile Payment,Takeaway,102,Jake,14,Saturday,9,September,5,True,False,2024-09-28 14:00:00,Lunch,Weekend,Other record
3416,2024-07-26,13:00:00,Truffle Fries,Side,8.0,8,64.0,Credit Card,Takeaway,104,Carlos,13,Friday,7,July,4,False,True,2024-07-26 13:00:00,Lunch,Weekday,High-value record
3417,2024-03-05,21:15:00,Mashed Potatoes,Side,7.0,7,49.0,Cash,Delivery,103,Emily,21,Tuesday,3,March,1,False,False,2024-03-05 21:00:00,Dinner,Weekday,Other record
3418,2024-07-10,12:45:00,New York Strip,Entree,5.0,38,190.0,Cash,Dine-In,102,Jake,12,Wednesday,7,July,2,False,True,2024-07-10 12:00:00,Lunch,Weekday,High-value record
3419,2024-06-28,11:00:00,Cabernet Sauvignon,Beverage,2.0,16,32.0,Credit Card,Delivery,104,Carlos,11,Friday,6,June,4,False,False,2024-06-28 11:00:00,Lunch,Weekday,Other record
3420,2024-03-27,15:45:00,New York Strip,Entree,6.0,38,228.0,Credit Card,Dine-In,105,Nina,15,Wednesday,3,March,2,False,True,2024-03-27 15:00:00,Lunch,Weekday,High-value record
3421,2024-05-08,13:00:00,Filet Mignon,Entree,2.0,42,84.0,Cash,Dine-In,103,Emily,13,Wednesday,5,May,2,False,True,2024-05-08 13:00:00,Lunch,Weekday,High-value record
3422,2024-02-14,15:15:00,Chocolate Lava Cake,Dessert,1.2,9,10.8,Cash,Delivery,104,Carlos,15,Wednesday,2,February,2,False,False,2024-02-14 15:00:00,Lunch,Weekday,Other record
3423,2024-07-20,13:45:00,Ribeye Steak,Entree,3.0,35,105.0,Credit Card,Takeaway,101,Sarah,13,Saturday,7,July,5,True,True,2024-07-20 13:00:00,Lunch,Weekend,High-value record
3424,2024-05-14,16:00:00,Chocolate Lava Cake,Dessert,3.0,9,27.0,Credit Card,Dine-In,102,Jake,16,Tuesday,5,May,1,False,False,2024-05-14 16:00:00,Lunch,Weekday,Other record
3425,2024-02-04,18:30:00,Bourbon BBQ Burger,Entree,2.0,22,44.0,Cash,Delivery,102,Jake,18,Sunday,2,February,6,True,False,2024-02-04 18:00:00,Dinner,Weekend,Other record
3426,2024-11-10,12:00:00,Truffle Fries,Side,1.0,8,8.0,Mobile Payment,Dine-In,102,Jake,12,Sunday,11,November,6,True,False,2024-11-10 12:00:00,Lunch,Weekend,Other record
3427,2024-07-08,14:15:00,New York Strip,Entree,2.0,38,76.0,Credit Card,Takeaway,101,Sarah,14,Monday,7,July,0,False,True,2024-07-08 14:00:00,Lunch,Weekday,High-value record
3428,2024-02-14,20:15:00,Grilled Asparagus,Side,2.4,8,19.2,Mobile Payment,Dine-In,104,Carlos,20,Wednesday,2,February,2,False,False,2024-02-14 20:00:00,Dinner,Weekday,Other record
3429,2024-01-11,19:15:00,Old Fashioned,Beverage,8.0,12,96.0,Mobile Payment,Dine-In,103,Emily,19,Thursday,1,January,3,False,True,2024-01-11 19:00:00,Dinner,Weekday,High-value record
3430,2024-07-23,15:45:00,Filet Mignon,Entree,4.0,42,168.0,Cash,Takeaway,104,Carlos,15,Tuesday,7,July,1,False,True,2024-07-23 15:00:00,Lunch,Weekday,High-value record
3431,2024-03-07,17:30:00,Caesar Salad,Appetizer,10.0,10,100.0,Mobile Payment,Takeaway,101,Sarah,17,Thursday,3,March,3,False,True,2024-03-07 17:00:00,Dinner,Weekday,High-value record
3432,2024-01-08,20:30:00,Caesar Salad,Appetizer,8.0,10,80.0,Cash,Dine-In,103,Emily,20,Monday,1,January,0,False,True,2024-01-08 20:00:00,Dinner,Weekday,High-value record
3433,2024-08-04,12:45:00,Grilled Asparagus,Side,2.0,8,16.0,Cash,Delivery,101,Sarah,12,Sunday,8,August,6,True,False,2024-08-04 12:00:00,Lunch,Weekend,Other record
3434,2024-04-15,14:45:00,Filet Mignon,Entree,1.0,42,42.0,Mobile Payment,Delivery,103,Emily,14,Monday,4,April,0,False,False,2024-04-15 14:00:00,Lunch,Weekday,Other record
3435,2024-05-24,22:00:00,Grilled Asparagus,Side,6.0,8,48.0,Cash,Dine-In,101,Sarah,22,Friday,5,May,4,False,False,2024-05-24 22:00:00,Dinner,Weekday,Other record
3436,2024-07-18,16:30:00,Shrimp Cocktail,Appetizer,1.0,14,14.0,Mobile Payment,Dine-In,104,Carlos,16,Thursday,7,July,3,False,False,2024-07-18 16:00:00,Lunch,Weekday,Other record
3437,2024-04-01,18:45:00,Bourbon BBQ Burger,Entree,8.0,22,176.0,Mobile Payment,Takeaway,104,Carlos,18,Monday,4,April,0,False,True,2024-04-01 18:00:00,Dinner,Weekday,High-value record
3438,2024-08-03,11:45:00,Truffle Fries,Side,3.0,8,24.0,Credit Card,Delivery,103,Emily,11,Saturday,8,August,5,True,False,2024-08-03 11:00:00,Lunch,Weekend,Other record
3439,2024-04-02,20:00:00,Shrimp Cocktail,Appetizer,9.0,14,126.0,Cash,Takeaway,103,Emily,20,Tuesday,4,April,1,False,True,2024-04-02 20:00:00,Dinner,Weekday,High-value record
3440,2024-06-23,12:45:00,Ribeye Steak,Entree,1.0,35,35.0,Credit Card,Delivery,105,Nina,12,Sunday,6,June,6,True,False,2024-06-23 12:00:00,Lunch,Weekend,Other record
3441,2024-10-16,14:15:00,Shrimp Cocktail,Appetizer,2.0,14,28.0,Cash,Dine-In,103,Emily,14,Wednesday,10,October,2,False,False,2024-10-16 14:00:00,Lunch,Weekday,Other record
3442,2024-10-13,14:45:00,Shrimp Cocktail,Appetizer,3.0,14,42.0,Credit Card,Dine-In,104,Carlos,14,Sunday,10,October,6,True,False,2024-10-13 14:00:00,Lunch,Weekend,Other record
3443,2024-03-27,14:30:00,Mashed Potatoes,Side,4.0,7,28.0,Credit Card,Dine-In,105,Nina,14,Wednesday,3,March,2,False,False,2024-03-27 14:00:00,Lunch,Weekday,Other record
3444,2024-07-18,20:30:00,Old Fashioned,Beverage,9.0,12,108.0,Cash,Dine-In,103,Emily,20,Thursday,7,July,3,False,True,2024-07-18 20:00:00,Dinner,Weekday,High-value record
3445,2024-05-30,19:30:00,Truffle Fries,Side,4.0,8,32.0,Credit Card,Dine-In,104,Carlos,19,Thursday,5,May,3,False,False,2024-05-30 19:00:00,Dinner,Weekday,Other record
3446,2024-10-13,20:00:00,Shrimp Cocktail,Appetizer,9.0,14,126.0,Cash,Dine-In,105,Nina,20,Sunday,10,October,6,True,True,2024-10-13 20:00:00,Dinner,Weekend,High-value record
3447,2024-08-10,22:30:00,Filet Mignon,Entree,2.0,42,84.0,Cash,Delivery,103,Emily,22,Saturday,8,August,5,True,True,2024-08-10 22:00:00,Dinner,Weekend,High-value record
3448,2024-04-26,19:30:00,Bourbon BBQ Burger,Entree,5.0,22,110.0,Credit Card,Delivery,103,Emily,19,Friday,4,April,4,False,True,2024-04-26 19:00:00,Dinner,Weekday,High-value record
3449,2024-03-30,12:45:00,Truffle Fries,Side,4.0,8,32.0,Cash,Takeaway,105,Nina,12,Saturday,3,March,5,True,False,2024-03-30 12:00:00,Lunch,Weekend,Other record
3450,2024-11-04,11:00:00,Chocolate Lava Cake,Dessert,2.0,9,18.0,Credit Card,Delivery,101,Sarah,11,Monday,11,November,0,False,False,2024-11-04 11:00:00,Lunch,Weekday,Other record
3451,2024-05-14,21:45:00,Ribeye Steak,Entree,6.0,35,210.0,Credit Card,Delivery,104,Carlos,21,Tuesday,5,May,1,False,True,2024-05-14 21:00:00,Dinner,Weekday,High-value record
3452,2024-02-18,15:15:00,Old Fashioned,Beverage,5.0,12,60.0,Mobile Payment,Takeaway,103,Emily,15,Sunday,2,February,6,True,False,2024-02-18 15:00:00,Lunch,Weekend,Other record
3453,2024-04-18,18:00:00,Grilled Asparagus,Side,8.0,8,64.0,Cash,Delivery,104,Carlos,18,Thursday,4,April,3,False,True,2024-04-18 18:00:00,Dinner,Weekday,High-value record
3454,2024-11-29,16:45:00,Shrimp Cocktail,Appetizer,6.0,14,84.0,Credit Card,Dine-In,104,Carlos,16,Friday,11,November,4,False,True,2024-11-29 16:00:00,Lunch,Weekday,High-value record
3455,2024-04-29,17:00:00,Mashed Potatoes,Side,5.0,7,35.0,Mobile Payment,Dine-In,105,Nina,17,Monday,4,April,0,False,False,2024-04-29 17:00:00,Dinner,Weekday,Other record
3456,2024-07-09,19:00:00,Ribeye Steak,Entree,4.0,35,140.0,Credit Card,Takeaway,102,Jake,19,Tuesday,7,July,1,False,True,2024-07-09 19:00:00,Dinner,Weekday,High-value record
3457,2024-10-22,12:00:00,Cabernet Sauvignon,Beverage,3.0,16,48.0,Credit Card,Dine-In,104,Carlos,12,Tuesday,10,October,1,False,False,2024-10-22 12:00:00,Lunch,Weekday,Other record
3458,2024-11-28,19:45:00,Ribeye Steak,Entree,8.4,35,294.0,Cash,Takeaway,104,Carlos,19,Thursday,11,November,3,False,True,2024-11-28 19:00:00,Dinner,Weekday,High-value record
3459,2024-08-07,11:30:00,Ribeye Steak,Entree,2.0,35,70.0,Mobile Payment,Dine-In,104,Carlos,11,Wednesday,8,August,2,False,True,2024-08-07 11:00:00,Lunch,Weekday,High-value record
3460,2024-05-16,17:15:00,Caesar Salad,Appetizer,2.0,10,20.0,Credit Card,Takeaway,104,Carlos,17,Thursday,5,May,3,False,False,2024-05-16 17:00:00,Dinner,Weekday,Other record
3461,2024-12-06,14:00:00,Grilled Asparagus,Side,7.0,8,56.0,Mobile Payment,Dine-In,105,Nina,14,Friday,12,December,4,False,False,2024-12-06 14:00:00,Lunch,Weekday,Other record
3462,2024-03-10,13:15:00,Grilled Asparagus,Side,4.0,8,32.0,Credit Card,Delivery,103,Emily,13,Sunday,3,March,6,True,False,2024-03-10 13:00:00,Lunch,Weekend,Other record
3463,2024-02-11,20:00:00,Cabernet Sauvignon,Beverage,9.0,16,144.0,Mobile Payment,Delivery,105,Nina,20,Sunday,2,February,6,True,True,2024-02-11 20:00:00,Dinner,Weekend,High-value record
3464,2024-08-08,16:15:00,Cabernet Sauvignon,Beverage,4.0,16,64.0,Mobile Payment,Delivery,101,Sarah,16,Thursday,8,August,3,False,True,2024-08-08 16:00:00,Lunch,Weekday,High-value record
3465,2024-07-17,18:15:00,Chocolate Lava Cake,Dessert,8.0,9,72.0,Cash,Takeaway,102,Jake,18,Wednesday,7,July,2,False,True,2024-07-17 18:00:00,Dinner,Weekday,High-value record
3466,2024-12-22,19:45:00,Grilled Asparagus,Side,2.0,8,16.0,Mobile Payment,Takeaway,103,Emily,19,Sunday,12,December,6,True,False,2024-12-22 19:00:00,Dinner,Weekend,Other record
3467,2024-01-12,21:30:00,Chocolate Lava Cake,Dessert,5.0,9,45.0,Cash,Dine-In,104,Carlos,21,Friday,1,January,4,False,False,2024-01-12 21:00:00,Dinner,Weekday,Other record
3468,2024-01-31,15:45:00,Truffle Fries,Side,1.0,8,8.0,Mobile Payment,Takeaway,104,Carlos,15,Wednesday,1,January,2,False,False,2024-01-31 15:00:00,Lunch,Weekday,Other record
3469,2024-01-16,17:45:00,Caesar Salad,Appetizer,3.0,10,30.0,Cash,Dine-In,104,Carlos,17,Tuesday,1,January,1,False,False,2024-01-16 17:00:00,Dinner,Weekday,Other record
3470,2024-03-24,20:00:00,Old Fashioned,Beverage,5.0,12,60.0,Mobile Payment,Delivery,102,Jake,20,Sunday,3,March,6,True,False,2024-03-24 20:00:00,Dinner,Weekend,Other record
3471,2024-09-17,20:00:00,Bourbon BBQ Burger,Entree,11.0,22,242.0,Mobile Payment,Dine-In,104,Carlos,20,Tuesday,9,September,1,False,True,2024-09-17 20:00:00,Dinner,Weekday,High-value record
3472,2024-03-02,19:15:00,Grilled Asparagus,Side,5.0,8,40.0,Cash,Dine-In,104,Carlos,19,Saturday,3,March,5,True,False,2024-03-02 19:00:00,Dinner,Weekend,Other record
3473,2024-02-16,18:00:00,Cabernet Sauvignon,Beverage,8.0,16,128.0,Credit Card,Delivery,103,Emily,18,Friday,2,February,4,False,True,2024-02-16 18:00:00,Dinner,Weekday,High-value record
3474,2024-03-28,17:30:00,New York Strip,Entree,2.0,38,76.0,Cash,Delivery,105,Nina,17,Thursday,3,March,3,False,True,2024-03-28 17:00:00,Dinner,Weekday,High-value record
3475,2024-10-01,21:15:00,Filet Mignon,Entree,4.0,42,168.0,Credit Card,Takeaway,105,Nina,21,Tuesday,10,October,1,False,True,2024-10-01 21:00:00,Dinner,Weekday,High-value record
3476,2024-12-20,11:00:00,Shrimp Cocktail,Appetizer,5.0,14,70.0,Mobile Payment,Delivery,104,Carlos,11,Friday,12,December,4,False,True,2024-12-20 11:00:00,Lunch,Weekday,High-value record
3477,2024-08-18,11:45:00,Chocolate Lava Cake,Dessert,2.0,9,18.0,Cash,Delivery,103,Emily,11,Sunday,8,August,6,True,False,2024-08-18 11:00:00,Lunch,Weekend,Other record
3478,2024-10-02,18:15:00,Ribeye Steak,Entree,6.0,35,210.0,Credit Card,Delivery,105,Nina,18,Wednesday,10,October,2,False,True,2024-10-02 18:00:00,Dinner,Weekday,High-value record
3479,2024-03-24,15:15:00,Cabernet Sauvignon,Beverage,6.0,16,96.0,Mobile Payment,Takeaway,102,Jake,15,Sunday,3,March,6,True,True,2024-03-24 15:00:00,Lunch,Weekend,High-value record
3480,2024-01-28,22:15:00,Truffle Fries,Side,2.0,8,16.0,Credit Card,Delivery,105,Nina,22,Sunday,1,January,6,True,False,2024-01-28 22:00:00,Dinner,Weekend,Other record
3481,2024-02-27,17:45:00,Cabernet Sauvignon,Beverage,2.0,16,32.0,Credit Card,Delivery,104,Carlos,17,Tuesday,2,February,1,False,False,2024-02-27 17:00:00,Dinner,Weekday,Other record
3482,2024-11-24,15:15:00,Bourbon BBQ Burger,Entree,1.0,22,22.0,Credit Card,Delivery,105,Nina,15,Sunday,11,November,6,True,False,2024-11-24 15:00:00,Lunch,Weekend,Other record
3483,2024-10-23,11:00:00,Grilled Asparagus,Side,4.0,8,32.0,Mobile Payment,Delivery,102,Jake,11,Wednesday,10,October,2,False,False,2024-10-23 11:00:00,Lunch,Weekday,Other record
3484,2024-11-30,19:00:00,Mashed Potatoes,Side,2.0,7,14.0,Cash,Takeaway,101,Sarah,19,Saturday,11,November,5,True,False,2024-11-30 19:00:00,Dinner,Weekend,Other record
3485,2024-02-28,18:00:00,Chocolate Lava Cake,Dessert,5.0,9,45.0,Credit Card,Delivery,103,Emily,18,Wednesday,2,February,2,False,False,2024-02-28 18:00:00,Dinner,Weekday,Other record
3486,2024-01-22,18:00:00,Caesar Salad,Appetizer,2.0,10,20.0,Mobile Payment,Delivery,105,Nina,18,Monday,1,January,0,False,False,2024-01-22 18:00:00,Dinner,Weekday,Other record
3487,2024-01-17,19:00:00,Old Fashioned,Beverage,4.0,12,48.0,Credit Card,Dine-In,105,Nina,19,Wednesday,1,January,2,False,False,2024-01-17 19:00:00,Dinner,Weekday,Other record
3488,2024-03-25,20:45:00,Cabernet Sauvignon,Beverage,4.0,16,64.0,Mobile Payment,Takeaway,103,Emily,20,Monday,3,March,0,False,True,2024-03-25 20:00:00,Dinner,Weekday,High-value record
3489,2024-09-26,16:00:00,Bourbon BBQ Burger,Entree,1.0,22,22.0,Credit Card,Dine-In,105,Nina,16,Thursday,9,September,3,False,False,2024-09-26 16:00:00,Lunch,Weekday,Other record
3490,2024-09-16,21:30:00,Chocolate Lava Cake,Dessert,5.0,9,45.0,Mobile Payment,Delivery,104,Carlos,21,Monday,9,September,0,False,False,2024-09-16 21:00:00,Dinner,Weekday,Other record
3491,2024-11-19,15:00:00,Filet Mignon,Entree,4.0,42,168.0,Mobile Payment,Dine-In,104,Carlos,15,Tuesday,11,November,1,False,True,2024-11-19 15:00:00,Lunch,Weekday,High-value record
3492,2024-10-30,21:00:00,Truffle Fries,Side,11.0,8,88.0,Credit Card,Dine-In,102,Jake,21,Wednesday,10,October,2,False,True,2024-10-30 21:00:00,Dinner,Weekday,High-value record
3493,2024-08-29,17:45:00,New York Strip,Entree,2.0,38,76.0,Mobile Payment,Dine-In,105,Nina,17,Thursday,8,August,3,False,True,2024-08-29 17:00:00,Dinner,Weekday,High-value record
3494,2024-03-09,11:15:00,Chocolate Lava Cake,Dessert,2.0,9,18.0,Credit Card,Dine-In,102,Jake,11,Saturday,3,March,5,True,False,2024-03-09 11:00:00,Lunch,Weekend,Other record
3495,2024-08-03,14:30:00,Shrimp Cocktail,Appetizer,6.0,14,84.0,Cash,Takeaway,105,Nina,14,Saturday,8,August,5,True,True,2024-08-03 14:00:00,Lunch,Weekend,High-value record
3496,2024-07-14,21:15:00,Bourbon BBQ Burger,Entree,7.0,22,154.0,Credit Card,Delivery,104,Carlos,21,Sunday,7,July,6,True,True,2024-07-14 21:00:00,Dinner,Weekend,High-value record
3497,2024-01-04,12:15:00,Ribeye Steak,Entree,2.0,35,70.0,Mobile Payment,Delivery,102,Jake,12,Thursday,1,January,3,False,True,2024-01-04 12:00:00,Lunch,Weekday,High-value record
3498,2024-06-01,13:30:00,Caesar Salad,Appetizer,8.0,10,80.0,Mobile Payment,Dine-In,105,Nina,13,Saturday,6,June,5,True,True,2024-06-01 13:00:00,Lunch,Weekend,High-value record
3499,2024-02-16,13:15:00,Old Fashioned,Beverage,5.0,12,60.0,Cash,Dine-In,102,Jake,13,Friday,2,February,4,False,False,2024-02-16 13:00:00,Lunch,Weekday,Other record
3500,2024-10-09,15:45:00,Grilled Asparagus,Side,1.0,8,8.0,Cash,Delivery,104,Carlos,15,Wednesday,10,October,2,False,False,2024-10-09 15:00:00,Lunch,Weekday,Other record
3501,2024-11-28,18:00:00,New York Strip,Entree,7.2,38,273.6,Cash,Takeaway,103,Emily,18,Thursday,11,November,3,False,True,2024-11-28 18:00:00,Dinner,Weekday,High-value record
3502,2024-03-09,22:30:00,Ribeye Steak,Entree,5.0,35,175.0,Credit Card,Dine-In,104,Carlos,22,Saturday,3,March,5,True,True,2024-03-09 22:00:00,Dinner,Weekend,High-value record
3503,2024-05-10,19:00:00,Truffle Fries,Side,9.0,8,72.0,Credit Card,Takeaway,103,Emily,19,Friday,5,May,4,False,True,2024-05-10 19:00:00,Dinner,Weekday,High-value record
3504,2024-12-13,11:15:00,Grilled Asparagus,Side,4.0,8,32.0,Mobile Payment,Delivery,102,Jake,11,Friday,12,December,4,False,False,2024-12-13 11:00:00,Lunch,Weekday,Other record
3505,2024-03-01,16:45:00,Old Fashioned,Beverage,3.0,12,36.0,Mobile Payment,Takeaway,103,Emily,16,Friday,3,March,4,False,False,2024-03-01 16:00:00,Lunch,Weekday,Other record
3506,2024-12-30,17:45:00,New York Strip,Entree,4.0,38,152.0,Cash,Dine-In,104,Carlos,17,Monday,12,December,0,False,True,2024-12-30 17:00:00,Dinner,Weekday,High-value record
3507,2024-01-20,17:45:00,Old Fashioned,Beverage,10.0,12,120.0,Mobile Payment,Delivery,104,Carlos,17,Saturday,1,January,5,True,True,2024-01-20 17:00:00,Dinner,Weekend,High-value record
3508,2024-05-25,20:00:00,New York Strip,Entree,5.0,38,190.0,Mobile Payment,Takeaway,105,Nina,20,Saturday,5,May,5,True,True,2024-05-25 20:00:00,Dinner,Weekend,High-value record
3509,2024-09-05,21:15:00,New York Strip,Entree,2.0,38,76.0,Credit Card,Dine-In,105,Nina,21,Thursday,9,September,3,False,True,2024-09-05 21:00:00,Dinner,Weekday,High-value record
3510,2024-09-25,17:15:00,New York Strip,Entree,9.0,38,342.0,Mobile Payment,Delivery,102,Jake,17,Wednesday,9,September,2,False,True,2024-09-25 17:00:00,Dinner,Weekday,High-value record
3511,2024-01-06,17:45:00,Grilled Asparagus,Side,2.0,8,16.0,Credit Card,Delivery,105,Nina,17,Saturday,1,January,5,True,False,2024-01-06 17:00:00,Dinner,Weekend,Other record
3512,2024-07-27,13:15:00,Mashed Potatoes,Side,7.0,7,49.0,Mobile Payment,Delivery,105,Nina,13,Saturday,7,July,5,True,False,2024-07-27 13:00:00,Lunch,Weekend,Other record
3513,2024-12-02,13:15:00,Caesar Salad,Appetizer,2.0,10,20.0,Mobile Payment,Delivery,104,Carlos,13,Monday,12,December,0,False,False,2024-12-02 13:00:00,Lunch,Weekday,Other record
3514,2024-07-23,19:45:00,Truffle Fries,Side,8.0,8,64.0,Credit Card,Delivery,102,Jake,19,Tuesday,7,July,1,False,True,2024-07-23 19:00:00,Dinner,Weekday,High-value record
3515,2024-07-09,17:00:00,Shrimp Cocktail,Appetizer,2.0,14,28.0,Cash,Takeaway,105,Nina,17,Tuesday,7,July,1,False,False,2024-07-09 17:00:00,Dinner,Weekday,Other record
3516,2024-03-29,11:30:00,Chocolate Lava Cake,Dessert,4.0,9,36.0,Cash,Takeaway,102,Jake,11,Friday,3,March,4,False,False,2024-03-29 11:00:00,Lunch,Weekday,Other record
3517,2024-11-04,19:15:00,Chocolate Lava Cake,Dessert,2.0,9,18.0,Cash,Dine-In,104,Carlos,19,Monday,11,November,0,False,False,2024-11-04 19:00:00,Dinner,Weekday,Other record
3518,2024-01-06,11:00:00,Filet Mignon,Entree,5.0,42,210.0,Credit Card,Dine-In,104,Carlos,11,Saturday,1,January,5,True,True,2024-01-06 11:00:00,Lunch,Weekend,High-value record
3519,2024-07-23,13:00:00,Shrimp Cocktail,Appetizer,2.0,14,28.0,Cash,Takeaway,105,Nina,13,Tuesday,7,July,1,False,False,2024-07-23 13:00:00,Lunch,Weekday,Other record
3520,2024-02-06,14:30:00,Filet Mignon,Entree,1.0,42,42.0,Cash,Delivery,105,Nina,14,Tuesday,2,February,1,False,False,2024-02-06 14:00:00,Lunch,Weekday,Other record
3521,2024-09-10,16:15:00,Bourbon BBQ Burger,Entree,4.0,22,88.0,Credit Card,Dine-In,101,Sarah,16,Tuesday,9,September,1,False,True,2024-09-10 16:00:00,Lunch,Weekday,High-value record
3522,2024-10-29,20:45:00,Bourbon BBQ Burger,Entree,7.0,22,154.0,Mobile Payment,Takeaway,103,Emily,20,Tuesday,10,October,1,False,True,2024-10-29 20:00:00,Dinner,Weekday,High-value record
3523,2024-03-22,22:15:00,Shrimp Cocktail,Appetizer,2.0,14,28.0,Credit Card,Delivery,102,Jake,22,Friday,3,March,4,False,False,2024-03-22 22:00:00,Dinner,Weekday,Other record
3524,2024-01-29,19:15:00,Caesar Salad,Appetizer,7.0,10,70.0,Cash,Dine-In,105,Nina,19,Monday,1,January,0,False,True,2024-01-29 19:00:00,Dinner,Weekday,High-value record
3525,2024-09-05,17:45:00,Chocolate Lava Cake,Dessert,2.0,9,18.0,Mobile Payment,Takeaway,105,Nina,17,Thursday,9,September,3,False,False,2024-09-05 17:00:00,Dinner,Weekday,Other record
3526,2024-11-13,17:15:00,Chocolate Lava Cake,Dessert,9.0,9,81.0,Cash,Delivery,103,Emily,17,Wednesday,11,November,2,False,True,2024-11-13 17:00:00,Dinner,Weekday,High-value record
3527,2024-07-24,19:15:00,Ribeye Steak,Entree,2.0,35,70.0,Credit Card,Delivery,103,Emily,19,Wednesday,7,July,2,False,True,2024-07-24 19:00:00,Dinner,Weekday,High-value record
3528,2024-05-05,21:00:00,Old Fashioned,Beverage,11.0,12,132.0,Credit Card,Takeaway,101,Sarah,21,Sunday,5,May,6,True,True,2024-05-05 21:00:00,Dinner,Weekend,High-value record
3529,2024-09-26,17:30:00,Old Fashioned,Beverage,4.0,12,48.0,Mobile Payment,Delivery,103,Emily,17,Thursday,9,September,3,False,False,2024-09-26 17:00:00,Dinner,Weekday,Other record
3530,2024-01-04,15:15:00,Shrimp Cocktail,Appetizer,4.0,14,56.0,Credit Card,Dine-In,102,Jake,15,Thursday,1,January,3,False,False,2024-01-04 15:00:00,Lunch,Weekday,Other record
3531,2024-06-11,14:00:00,Bourbon BBQ Burger,Entree,2.0,22,44.0,Credit Card,Delivery,105,Nina,14,Tuesday,6,June,1,False,False,2024-06-11 14:00:00,Lunch,Weekday,Other record
3532,2024-06-10,17:00:00,Ribeye Steak,Entree,2.0,35,70.0,Credit Card,Takeaway,104,Carlos,17,Monday,6,June,0,False,True,2024-06-10 17:00:00,Dinner,Weekday,High-value record
3533,2024-04-10,21:15:00,Filet Mignon,Entree,9.0,42,378.0,Credit Card,Dine-In,102,Jake,21,Wednesday,4,April,2,False,True,2024-04-10 21:00:00,Dinner,Weekday,High-value record
3534,2024-08-02,12:15:00,Ribeye Steak,Entree,3.0,35,105.0,Mobile Payment,Takeaway,105,Nina,12,Friday,8,August,4,False,True,2024-08-02 12:00:00,Lunch,Weekday,High-value record
3535,2024-10-25,20:00:00,Chocolate Lava Cake,Dessert,4.0,9,36.0,Mobile Payment,Takeaway,102,Jake,20,Friday,10,October,4,False,False,2024-10-25 20:00:00,Dinner,Weekday,Other record
3536,2024-04-17,18:00:00,Caesar Salad,Appetizer,7.0,10,70.0,Mobile Payment,Dine-In,103,Emily,18,Wednesday,4,April,2,False,True,2024-04-17 18:00:00,Dinner,Weekday,High-value record
3537,2024-06-07,15:45:00,Shrimp Cocktail,Appetizer,8.0,14,112.0,Mobile Payment,Dine-In,103,Emily,15,Friday,6,June,4,False,True,2024-06-07 15:00:00,Lunch,Weekday,High-value record
3538,2024-09-09,17:00:00,Old Fashioned,Beverage,9.0,12,108.0,Credit Card,Dine-In,102,Jake,17,Monday,9,September,0,False,True,2024-09-09 17:00:00,Dinner,Weekday,High-value record
3539,2024-06-10,12:00:00,Truffle Fries,Side,5.0,8,40.0,Credit Card,Takeaway,101,Sarah,12,Monday,6,June,0,False,False,2024-06-10 12:00:00,Lunch,Weekday,Other record
3540,2024-11-07,12:45:00,Bourbon BBQ Burger,Entree,1.0,22,22.0,Mobile Payment,Delivery,103,Emily,12,Thursday,11,November,3,False,False,2024-11-07 12:00:00,Lunch,Weekday,Other record
3541,2024-02-15,18:15:00,Bourbon BBQ Burger,Entree,3.0,22,66.0,Mobile Payment,Delivery,103,Emily,18,Thursday,2,February,3,False,True,2024-02-15 18:00:00,Dinner,Weekday,High-value record
3542,2024-02-10,15:30:00,Grilled Asparagus,Side,3.0,8,24.0,Credit Card,Dine-In,105,Nina,15,Saturday,2,February,5,True,False,2024-02-10 15:00:00,Lunch,Weekend,Other record
3543,2024-02-07,19:30:00,Cabernet Sauvignon,Beverage,2.0,16,32.0,Credit Card,Takeaway,105,Nina,19,Wednesday,2,February,2,False,False,2024-02-07 19:00:00,Dinner,Weekday,Other record
3544,2024-02-10,22:00:00,Mashed Potatoes,Side,8.0,7,56.0,Credit Card,Takeaway,105,Nina,22,Saturday,2,February,5,True,False,2024-02-10 22:00:00,Dinner,Weekend,Other record
3545,2024-07-19,21:30:00,Caesar Salad,Appetizer,9.0,10,90.0,Mobile Payment,Dine-In,104,Carlos,21,Friday,7,July,4,False,True,2024-07-19 21:00:00,Dinner,Weekday,High-value record
3546,2024-01-25,21:45:00,Old Fashioned,Beverage,2.0,12,24.0,Cash,Takeaway,101,Sarah,21,Thursday,1,January,3,False,False,2024-01-25 21:00:00,Dinner,Weekday,Other record
3547,2024-10-27,14:00:00,Truffle Fries,Side,3.0,8,24.0,Credit Card,Takeaway,101,Sarah,14,Sunday,10,October,6,True,False,2024-10-27 14:00:00,Lunch,Weekend,Other record
3548,2024-10-03,15:00:00,Caesar Salad,Appetizer,5.0,10,50.0,Mobile Payment,Delivery,102,Jake,15,Thursday,10,October,3,False,False,2024-10-03 15:00:00,Lunch,Weekday,Other record
3549,2024-04-01,12:00:00,Bourbon BBQ Burger,Entree,2.0,22,44.0,Mobile Payment,Takeaway,104,Carlos,12,Monday,4,April,0,False,False,2024-04-01 12:00:00,Lunch,Weekday,Other record
3550,2024-03-23,22:00:00,Caesar Salad,Appetizer,11.0,10,110.0,Credit Card,Delivery,105,Nina,22,Saturday,3,March,5,True,True,2024-03-23 22:00:00,Dinner,Weekend,High-value record
3551,2024-07-23,21:30:00,Bourbon BBQ Burger,Entree,2.0,22,44.0,Mobile Payment,Takeaway,105,Nina,21,Tuesday,7,July,1,False,False,2024-07-23 21:00:00,Dinner,Weekday,Other record
3552,2024-10-03,11:15:00,Grilled Asparagus,Side,3.0,8,24.0,Cash,Delivery,103,Emily,11,Thursday,10,October,3,False,False,2024-10-03 11:00:00,Lunch,Weekday,Other record
3553,2024-02-16,17:30:00,Truffle Fries,Side,7.0,8,56.0,Mobile Payment,Delivery,102,Jake,17,Friday,2,February,4,False,False,2024-02-16 17:00:00,Dinner,Weekday,Other record
3554,2024-04-14,22:15:00,Mashed Potatoes,Side,7.0,7,49.0,Cash,Dine-In,101,Sarah,22,Sunday,4,April,6,True,False,2024-04-14 22:00:00,Dinner,Weekend,Other record
3555,2024-04-07,20:45:00,Shrimp Cocktail,Appetizer,5.0,14,70.0,Cash,Delivery,105,Nina,20,Sunday,4,April,6,True,True,2024-04-07 20:00:00,Dinner,Weekend,High-value record
3556,2024-01-28,17:45:00,Ribeye Steak,Entree,11.0,35,385.0,Mobile Payment,Delivery,105,Nina,17,Sunday,1,January,6,True,True,2024-01-28 17:00:00,Dinner,Weekend,High-value record
3557,2024-09-04,11:15:00,Ribeye Steak,Entree,1.0,35,35.0,Mobile Payment,Delivery,105,Nina,11,Wednesday,9,September,2,False,False,2024-09-04 11:00:00,Lunch,Weekday,Other record
3558,2024-02-17,19:30:00,Caesar Salad,Appetizer,2.0,10,20.0,Cash,Dine-In,102,Jake,19,Saturday,2,February,5,True,False,2024-02-17 19:00:00,Dinner,Weekend,Other record
3559,2024-07-18,17:00:00,Filet Mignon,Entree,5.0,42,210.0,Mobile Payment,Takeaway,105,Nina,17,Thursday,7,July,3,False,True,2024-07-18 17:00:00,Dinner,Weekday,High-value record
3560,2024-06-22,19:00:00,Mashed Potatoes,Side,4.0,7,28.0,Credit Card,Dine-In,102,Jake,19,Saturday,6,June,5,True,False,2024-06-22 19:00:00,Dinner,Weekend,Other record
3561,2024-12-02,12:00:00,Chocolate Lava Cake,Dessert,4.0,9,36.0,Cash,Takeaway,104,Carlos,12,Monday,12,December,0,False,False,2024-12-02 12:00:00,Lunch,Weekday,Other record
3562,2024-12-16,21:15:00,New York Strip,Entree,2.0,38,76.0,Credit Card,Dine-In,105,Nina,21,Monday,12,December,0,False,True,2024-12-16 21:00:00,Dinner,Weekday,High-value record
3563,2024-08-28,21:00:00,Old Fashioned,Beverage,8.0,12,96.0,Credit Card,Takeaway,103,Emily,21,Wednesday,8,August,2,False,True,2024-08-28 21:00:00,Dinner,Weekday,High-value record
3564,2024-05-31,18:00:00,Cabernet Sauvignon,Beverage,4.0,16,64.0,Mobile Payment,Dine-In,101,Sarah,18,Friday,5,May,4,False,True,2024-05-31 18:00:00,Dinner,Weekday,High-value record
3565,2024-08-15,12:30:00,Grilled Asparagus,Side,1.0,8,8.0,Mobile Payment,Delivery,103,Emily,12,Thursday,8,August,3,False,False,2024-08-15 12:00:00,Lunch,Weekday,Other record
3566,2024-05-04,20:30:00,Grilled Asparagus,Side,8.0,8,64.0,Credit Card,Takeaway,102,Jake,20,Saturday,5,May,5,True,True,2024-05-04 20:00:00,Dinner,Weekend,High-value record
3567,2024-07-27,13:15:00,Mashed Potatoes,Side,11.0,7,77.0,Credit Card,Dine-In,103,Emily,13,Saturday,7,July,5,True,True,2024-07-27 13:00:00,Lunch,Weekend,High-value record
3568,2024-04-28,11:15:00,Truffle Fries,Side,3.0,8,24.0,Cash,Delivery,105,Nina,11,Sunday,4,April,6,True,False,2024-04-28 11:00:00,Lunch,Weekend,Other record
3569,2024-06-03,11:15:00,Mashed Potatoes,Side,4.0,7,28.0,Mobile Payment,Takeaway,101,Sarah,11,Monday,6,June,0,False,False,2024-06-03 11:00:00,Lunch,Weekday,Other record
3570,2024-04-20,17:45:00,Ribeye Steak,Entree,5.0,35,175.0,Cash,Takeaway,102,Jake,17,Saturday,4,April,5,True,True,2024-04-20 17:00:00,Dinner,Weekend,High-value record
3571,2024-01-22,17:45:00,Caesar Salad,Appetizer,9.0,10,90.0,Cash,Takeaway,101,Sarah,17,Monday,1,January,0,False,True,2024-01-22 17:00:00,Dinner,Weekday,High-value record
3572,2024-03-07,22:00:00,Bourbon BBQ Burger,Entree,7.0,22,154.0,Credit Card,Dine-In,105,Nina,22,Thursday,3,March,3,False,True,2024-03-07 22:00:00,Dinner,Weekday,High-value record
3573,2024-10-06,20:00:00,Ribeye Steak,Entree,4.0,35,140.0,Mobile Payment,Dine-In,105,Nina,20,Sunday,10,October,6,True,True,2024-10-06 20:00:00,Dinner,Weekend,High-value record
3574,2024-03-01,13:00:00,Truffle Fries,Side,2.0,8,16.0,Mobile Payment,Dine-In,102,Jake,13,Friday,3,March,4,False,False,2024-03-01 13:00:00,Lunch,Weekday,Other record
3575,2024-07-05,13:00:00,Chocolate Lava Cake,Dessert,5.0,9,45.0,Credit Card,Dine-In,102,Jake,13,Friday,7,July,4,False,False,2024-07-05 13:00:00,Lunch,Weekday,Other record
3576,2024-08-23,16:45:00,Truffle Fries,Side,9.0,8,72.0,Credit Card,Dine-In,101,Sarah,16,Friday,8,August,4,False,True,2024-08-23 16:00:00,Lunch,Weekday,High-value record
3577,2024-10-21,21:15:00,Grilled Asparagus,Side,2.0,8,16.0,Cash,Delivery,105,Nina,21,Monday,10,October,0,False,False,2024-10-21 21:00:00,Dinner,Weekday,Other record
3578,2024-08-08,11:15:00,Old Fashioned,Beverage,3.0,12,36.0,Credit Card,Takeaway,103,Emily,11,Thursday,8,August,3,False,False,2024-08-08 11:00:00,Lunch,Weekday,Other record
3579,2024-05-11,15:15:00,Ribeye Steak,Entree,5.0,35,175.0,Credit Card,Delivery,105,Nina,15,Saturday,5,May,5,True,True,2024-05-11 15:00:00,Lunch,Weekend,High-value record
3580,2024-11-05,15:30:00,Mashed Potatoes,Side,2.0,7,14.0,Mobile Payment,Dine-In,101,Sarah,15,Tuesday,11,November,1,False,False,2024-11-05 15:00:00,Lunch,Weekday,Other record
3581,2024-10-12,11:00:00,Truffle Fries,Side,9.0,8,72.0,Mobile Payment,Takeaway,103,Emily,11,Saturday,10,October,5,True,True,2024-10-12 11:00:00,Lunch,Weekend,High-value record
3582,2024-11-18,16:15:00,Shrimp Cocktail,Appetizer,3.0,14,42.0,Credit Card,Takeaway,104,Carlos,16,Monday,11,November,0,False,False,2024-11-18 16:00:00,Lunch,Weekday,Other record
3583,2024-03-21,13:30:00,New York Strip,Entree,1.0,38,38.0,Credit Card,Delivery,104,Carlos,13,Thursday,3,March,3,False,False,2024-03-21 13:00:00,Lunch,Weekday,Other record
3584,2024-01-27,16:45:00,Grilled Asparagus,Side,2.0,8,16.0,Cash,Takeaway,101,Sarah,16,Saturday,1,January,5,True,False,2024-01-27 16:00:00,Lunch,Weekend,Other record
3585,2024-08-03,13:30:00,Cabernet Sauvignon,Beverage,8.0,16,128.0,Cash,Takeaway,101,Sarah,13,Saturday,8,August,5,True,True,2024-08-03 13:00:00,Lunch,Weekend,High-value record
3586,2024-05-31,18:15:00,Grilled Asparagus,Side,8.0,8,64.0,Cash,Dine-In,102,Jake,18,Friday,5,May,4,False,True,2024-05-31 18:00:00,Dinner,Weekday,High-value record
3587,2024-06-29,12:30:00,Cabernet Sauvignon,Beverage,6.0,16,96.0,Cash,Dine-In,103,Emily,12,Saturday,6,June,5,True,True,2024-06-29 12:00:00,Lunch,Weekend,High-value record
3588,2024-04-11,21:00:00,Filet Mignon,Entree,7.0,42,294.0,Cash,Delivery,101,Sarah,21,Thursday,4,April,3,False,True,2024-04-11 21:00:00,Dinner,Weekday,High-value record
3589,2024-08-04,18:00:00,Mashed Potatoes,Side,8.0,7,56.0,Cash,Takeaway,105,Nina,18,Sunday,8,August,6,True,False,2024-08-04 18:00:00,Dinner,Weekend,Other record
3590,2024-08-13,20:00:00,Mashed Potatoes,Side,4.0,7,28.0,Cash,Takeaway,103,Emily,20,Tuesday,8,August,1,False,False,2024-08-13 20:00:00,Dinner,Weekday,Other record
3591,2024-02-08,14:15:00,Chocolate Lava Cake,Dessert,3.0,9,27.0,Credit Card,Takeaway,105,Nina,14,Thursday,2,February,3,False,False,2024-02-08 14:00:00,Lunch,Weekday,Other record
3592,2024-05-15,11:45:00,Shrimp Cocktail,Appetizer,2.0,14,28.0,Cash,Dine-In,103,Emily,11,Wednesday,5,May,2,False,False,2024-05-15 11:00:00,Lunch,Weekday,Other record
3593,2024-12-21,18:00:00,Mashed Potatoes,Side,10.0,7,70.0,Cash,Delivery,101,Sarah,18,Saturday,12,December,5,True,True,2024-12-21 18:00:00,Dinner,Weekend,High-value record
3594,2024-11-25,19:45:00,Grilled Asparagus,Side,5.0,8,40.0,Mobile Payment,Takeaway,105,Nina,19,Monday,11,November,0,False,False,2024-11-25 19:00:00,Dinner,Weekday,Other record
3595,2024-04-19,17:30:00,Grilled Asparagus,Side,2.0,8,16.0,Mobile Payment,Dine-In,102,Jake,17,Friday,4,April,4,False,False,2024-04-19 17:00:00,Dinner,Weekday,Other record
3596,2024-06-14,22:45:00,Shrimp Cocktail,Appetizer,8.0,14,112.0,Credit Card,Takeaway,105,Nina,22,Friday,6,June,4,False,True,2024-06-14 22:00:00,Dinner,Weekday,High-value record
3597,2024-01-04,16:45:00,Ribeye Steak,Entree,2.0,35,70.0,Cash,Delivery,104,Carlos,16,Thursday,1,January,3,False,True,2024-01-04 16:00:00,Lunch,Weekday,High-value record
3598,2024-08-30,22:00:00,Cabernet Sauvignon,Beverage,5.0,16,80.0,Cash,Dine-In,101,Sarah,22,Friday,8,August,4,False,True,2024-08-30 22:00:00,Dinner,Weekday,High-value record
3599,2024-10-15,13:15:00,Ribeye Steak,Entree,5.0,35,175.0,Credit Card,Takeaway,104,Carlos,13,Tuesday,10,October,1,False,True,2024-10-15 13:00:00,Lunch,Weekday,High-value record
3600,2024-05-03,14:15:00,New York Strip,Entree,8.0,38,304.0,Mobile Payment,Takeaway,102,Jake,14,Friday,5,May,4,False,True,2024-05-03 14:00:00,Lunch,Weekday,High-value record
3601,2024-12-15,13:15:00,Chocolate Lava Cake,Dessert,4.0,9,36.0,Credit Card,Takeaway,101,Sarah,13,Sunday,12,December,6,True,False,2024-12-15 13:00:00,Lunch,Weekend,Other record
3602,2024-04-05,19:15:00,Mashed Potatoes,Side,4.0,7,28.0,Cash,Takeaway,104,Carlos,19,Friday,4,April,4,False,False,2024-04-05 19:00:00,Dinner,Weekday,Other record
3603,2024-07-11,20:15:00,Shrimp Cocktail,Appetizer,4.0,14,56.0,Credit Card,Takeaway,102,Jake,20,Thursday,7,July,3,False,False,2024-07-11 20:00:00,Dinner,Weekday,Other record
3604,2024-11-14,22:15:00,Caesar Salad,Appetizer,10.0,10,100.0,Credit Card,Delivery,102,Jake,22,Thursday,11,November,3,False,True,2024-11-14 22:00:00,Dinner,Weekday,High-value record
3605,2024-01-24,13:15:00,Bourbon BBQ Burger,Entree,2.0,22,44.0,Cash,Delivery,101,Sarah,13,Wednesday,1,January,2,False,False,2024-01-24 13:00:00,Lunch,Weekday,Other record
3606,2024-05-08,22:00:00,Filet Mignon,Entree,9.0,42,378.0,Mobile Payment,Dine-In,102,Jake,22,Wednesday,5,May,2,False,True,2024-05-08 22:00:00,Dinner,Weekday,High-value record
3607,2024-03-30,19:30:00,Shrimp Cocktail,Appetizer,3.0,14,42.0,Cash,Takeaway,104,Carlos,19,Saturday,3,March,5,True,False,2024-03-30 19:00:00,Dinner,Weekend,Other record
3608,2024-12-03,12:15:00,Chocolate Lava Cake,Dessert,1.0,9,9.0,Mobile Payment,Takeaway,103,Emily,12,Tuesday,12,December,1,False,False,2024-12-03 12:00:00,Lunch,Weekday,Other record
3609,2024-06-13,12:30:00,Shrimp Cocktail,Appetizer,3.0,14,42.0,Cash,Takeaway,101,Sarah,12,Thursday,6,June,3,False,False,2024-06-13 12:00:00,Lunch,Weekday,Other record
3610,2024-08-14,16:45:00,Chocolate Lava Cake,Dessert,5.0,9,45.0,Mobile Payment,Dine-In,102,Jake,16,Wednesday,8,August,2,False,False,2024-08-14 16:00:00,Lunch,Weekday,Other record
3611,2024-10-09,14:00:00,Ribeye Steak,Entree,1.0,35,35.0,Mobile Payment,Takeaway,103,Emily,14,Wednesday,10,October,2,False,False,2024-10-09 14:00:00,Lunch,Weekday,Other record
3612,2024-05-05,14:15:00,New York Strip,Entree,4.0,38,152.0,Mobile Payment,Delivery,102,Jake,14,Sunday,5,May,6,True,True,2024-05-05 14:00:00,Lunch,Weekend,High-value record
3613,2024-03-06,18:45:00,Old Fashioned,Beverage,9.0,12,108.0,Cash,Dine-In,101,Sarah,18,Wednesday,3,March,2,False,True,2024-03-06 18:00:00,Dinner,Weekday,High-value record
3614,2024-07-31,22:00:00,Grilled Asparagus,Side,7.0,8,56.0,Credit Card,Delivery,104,Carlos,22,Wednesday,7,July,2,False,False,2024-07-31 22:00:00,Dinner,Weekday,Other record
3615,2024-01-15,18:00:00,Caesar Salad,Appetizer,9.0,10,90.0,Credit Card,Dine-In,102,Jake,18,Monday,1,January,0,False,True,2024-01-15 18:00:00,Dinner,Weekday,High-value record
3616,2024-07-12,11:30:00,Chocolate Lava Cake,Dessert,4.0,9,36.0,Cash,Delivery,105,Nina,11,Friday,7,July,4,False,False,2024-07-12 11:00:00,Lunch,Weekday,Other record
3617,2024-06-04,13:30:00,Filet Mignon,Entree,1.0,42,42.0,Mobile Payment,Takeaway,103,Emily,13,Tuesday,6,June,1,False,False,2024-06-04 13:00:00,Lunch,Weekday,Other record
3618,2024-01-28,13:45:00,Shrimp Cocktail,Appetizer,1.0,14,14.0,Mobile Payment,Delivery,104,Carlos,13,Sunday,1,January,6,True,False,2024-01-28 13:00:00,Lunch,Weekend,Other record
3619,2024-08-30,16:15:00,Grilled Asparagus,Side,6.0,8,48.0,Credit Card,Dine-In,103,Emily,16,Friday,8,August,4,False,False,2024-08-30 16:00:00,Lunch,Weekday,Other record
3620,2024-10-18,11:45:00,New York Strip,Entree,1.0,38,38.0,Cash,Dine-In,104,Carlos,11,Friday,10,October,4,False,False,2024-10-18 11:00:00,Lunch,Weekday,Other record
3621,2024-04-07,19:30:00,Bourbon BBQ Burger,Entree,9.0,22,198.0,Credit Card,Takeaway,101,Sarah,19,Sunday,4,April,6,True,True,2024-04-07 19:00:00,Dinner,Weekend,High-value record
3622,2024-05-24,20:45:00,Shrimp Cocktail,Appetizer,7.0,14,98.0,Mobile Payment,Takeaway,105,Nina,20,Friday,5,May,4,False,True,2024-05-24 20:00:00,Dinner,Weekday,High-value record
3623,2024-04-16,12:15:00,Chocolate Lava Cake,Dessert,6.0,9,54.0,Mobile Payment,Takeaway,105,Nina,12,Tuesday,4,April,1,False,False,2024-04-16 12:00:00,Lunch,Weekday,Other record
3624,2024-10-04,22:30:00,Chocolate Lava Cake,Dessert,2.0,9,18.0,Credit Card,Delivery,105,Nina,22,Friday,10,October,4,False,False,2024-10-04 22:00:00,Dinner,Weekday,Other record
3625,2024-08-06,11:30:00,Mashed Potatoes,Side,1.0,7,7.0,Credit Card,Delivery,102,Jake,11,Tuesday,8,August,1,False,False,2024-08-06 11:00:00,Lunch,Weekday,Other record
3626,2024-03-14,17:45:00,Shrimp Cocktail,Appetizer,3.0,14,42.0,Cash,Dine-In,102,Jake,17,Thursday,3,March,3,False,False,2024-03-14 17:00:00,Dinner,Weekday,Other record
3627,2024-10-29,15:45:00,Filet Mignon,Entree,2.0,42,84.0,Cash,Dine-In,105,Nina,15,Tuesday,10,October,1,False,True,2024-10-29 15:00:00,Lunch,Weekday,High-value record
3628,2024-10-26,22:00:00,Bourbon BBQ Burger,Entree,2.0,22,44.0,Credit Card,Delivery,103,Emily,22,Saturday,10,October,5,True,False,2024-10-26 22:00:00,Dinner,Weekend,Other record
3629,2024-10-14,16:15:00,Shrimp Cocktail,Appetizer,1.0,14,14.0,Cash,Delivery,101,Sarah,16,Monday,10,October,0,False,False,2024-10-14 16:00:00,Lunch,Weekday,Other record
3630,2024-04-03,21:45:00,Grilled Asparagus,Side,4.0,8,32.0,Cash,Dine-In,105,Nina,21,Wednesday,4,April,2,False,False,2024-04-03 21:00:00,Dinner,Weekday,Other record
3631,2024-09-28,22:30:00,Old Fashioned,Beverage,6.0,12,72.0,Cash,Delivery,102,Jake,22,Saturday,9,September,5,True,True,2024-09-28 22:00:00,Dinner,Weekend,High-value record
3632,2024-06-23,17:45:00,Truffle Fries,Side,9.0,8,72.0,Mobile Payment,Takeaway,101,Sarah,17,Sunday,6,June,6,True,True,2024-06-23 17:00:00,Dinner,Weekend,High-value record
3633,2024-09-19,19:15:00,New York Strip,Entree,4.0,38,152.0,Credit Card,Delivery,105,Nina,19,Thursday,9,September,3,False,True,2024-09-19 19:00:00,Dinner,Weekday,High-value record
3634,2024-11-28,18:00:00,Mashed Potatoes,Side,13.2,7,92.4,Credit Card,Dine-In,104,Carlos,18,Thursday,11,November,3,False,True,2024-11-28 18:00:00,Dinner,Weekday,High-value record
3635,2024-09-24,11:45:00,Truffle Fries,Side,1.0,8,8.0,Mobile Payment,Dine-In,103,Emily,11,Tuesday,9,September,1,False,False,2024-09-24 11:00:00,Lunch,Weekday,Other record
3636,2024-10-21,21:30:00,Grilled Asparagus,Side,6.0,8,48.0,Credit Card,Delivery,105,Nina,21,Monday,10,October,0,False,False,2024-10-21 21:00:00,Dinner,Weekday,Other record
3637,2024-11-02,19:30:00,Grilled Asparagus,Side,2.0,8,16.0,Mobile Payment,Takeaway,105,Nina,19,Saturday,11,November,5,True,False,2024-11-02 19:00:00,Dinner,Weekend,Other record
3638,2024-08-07,21:45:00,Chocolate Lava Cake,Dessert,6.0,9,54.0,Mobile Payment,Takeaway,102,Jake,21,Wednesday,8,August,2,False,False,2024-08-07 21:00:00,Dinner,Weekday,Other record
3639,2024-12-13,19:15:00,Ribeye Steak,Entree,11.0,35,385.0,Credit Card,Dine-In,102,Jake,19,Friday,12,December,4,False,True,2024-12-13 19:00:00,Dinner,Weekday,High-value record
3640,2024-07-21,12:00:00,Cabernet Sauvignon,Beverage,1.0,16,16.0,Mobile Payment,Dine-In,104,Carlos,12,Sunday,7,July,6,True,False,2024-07-21 12:00:00,Lunch,Weekend,Other record
3641,2024-02-12,17:45:00,New York Strip,Entree,2.0,38,76.0,Cash,Takeaway,103,Emily,17,Monday,2,February,0,False,True,2024-02-12 17:00:00,Dinner,Weekday,High-value record
3642,2024-07-01,16:45:00,Bourbon BBQ Burger,Entree,4.0,22,88.0,Credit Card,Takeaway,103,Emily,16,Monday,7,July,0,False,True,2024-07-01 16:00:00,Lunch,Weekday,High-value record
3643,2024-09-12,21:45:00,Mashed Potatoes,Side,7.0,7,49.0,Credit Card,Takeaway,103,Emily,21,Thursday,9,September,3,False,False,2024-09-12 21:00:00,Dinner,Weekday,Other record
3644,2024-02-21,13:30:00,Old Fashioned,Beverage,4.0,12,48.0,Credit Card,Dine-In,101,Sarah,13,Wednesday,2,February,2,False,False,2024-02-21 13:00:00,Lunch,Weekday,Other record
3645,2024-01-27,17:45:00,Mashed Potatoes,Side,9.0,7,63.0,Credit Card,Delivery,102,Jake,17,Saturday,1,January,5,True,True,2024-01-27 17:00:00,Dinner,Weekend,High-value record
3646,2024-05-29,21:00:00,Mashed Potatoes,Side,2.0,7,14.0,Credit Card,Takeaway,103,Emily,21,Wednesday,5,May,2,False,False,2024-05-29 21:00:00,Dinner,Weekday,Other record
3647,2024-05-10,16:00:00,New York Strip,Entree,3.0,38,114.0,Credit Card,Takeaway,103,Emily,16,Friday,5,May,4,False,True,2024-05-10 16:00:00,Lunch,Weekday,High-value record
3648,2024-02-05,19:45:00,Shrimp Cocktail,Appetizer,2.0,14,28.0,Cash,Dine-In,102,Jake,19,Monday,2,February,0,False,False,2024-02-05 19:00:00,Dinner,Weekday,Other record
3649,2024-09-27,17:45:00,Ribeye Steak,Entree,10.0,35,350.0,Cash,Takeaway,104,Carlos,17,Friday,9,September,4,False,True,2024-09-27 17:00:00,Dinner,Weekday,High-value record
3650,2024-01-22,22:00:00,Old Fashioned,Beverage,2.0,12,24.0,Cash,Takeaway,102,Jake,22,Monday,1,January,0,False,False,2024-01-22 22:00:00,Dinner,Weekday,Other record
3651,2024-01-24,20:30:00,Shrimp Cocktail,Appetizer,4.0,14,56.0,Cash,Delivery,104,Carlos,20,Wednesday,1,January,2,False,False,2024-01-24 20:00:00,Dinner,Weekday,Other record
3652,2024-02-01,13:00:00,Truffle Fries,Side,3.0,8,24.0,Mobile Payment,Dine-In,105,Nina,13,Thursday,2,February,3,False,False,2024-02-01 13:00:00,Lunch,Weekday,Other record
3653,2024-11-09,22:15:00,Ribeye Steak,Entree,9.0,35,315.0,Credit Card,Delivery,101,Sarah,22,Saturday,11,November,5,True,True,2024-11-09 22:00:00,Dinner,Weekend,High-value record
3654,2024-04-18,15:00:00,Chocolate Lava Cake,Dessert,4.0,9,36.0,Mobile Payment,Dine-In,105,Nina,15,Thursday,4,April,3,False,False,2024-04-18 15:00:00,Lunch,Weekday,Other record
3655,2024-08-31,20:45:00,Chocolate Lava Cake,Dessert,8.0,9,72.0,Cash,Takeaway,103,Emily,20,Saturday,8,August,5,True,True,2024-08-31 20:00:00,Dinner,Weekend,High-value record
3656,2024-03-19,19:30:00,Filet Mignon,Entree,4.0,42,168.0,Credit Card,Takeaway,105,Nina,19,Tuesday,3,March,1,False,True,2024-03-19 19:00:00,Dinner,Weekday,High-value record
3657,2024-05-18,19:00:00,Shrimp Cocktail,Appetizer,7.0,14,98.0,Cash,Takeaway,102,Jake,19,Saturday,5,May,5,True,True,2024-05-18 19:00:00,Dinner,Weekend,High-value record
3658,2024-06-30,17:45:00,Shrimp Cocktail,Appetizer,9.0,14,126.0,Cash,Delivery,103,Emily,17,Sunday,6,June,6,True,True,2024-06-30 17:00:00,Dinner,Weekend,High-value record
3659,2024-09-12,21:15:00,Chocolate Lava Cake,Dessert,7.0,9,63.0,Mobile Payment,Dine-In,103,Emily,21,Thursday,9,September,3,False,True,2024-09-12 21:00:00,Dinner,Weekday,High-value record
3660,2024-10-26,21:00:00,New York Strip,Entree,8.0,38,304.0,Cash,Dine-In,105,Nina,21,Saturday,10,October,5,True,True,2024-10-26 21:00:00,Dinner,Weekend,High-value record
3661,2024-05-08,15:15:00,Bourbon BBQ Burger,Entree,1.0,22,22.0,Cash,Dine-In,103,Emily,15,Wednesday,5,May,2,False,False,2024-05-08 15:00:00,Lunch,Weekday,Other record
3662,2024-09-28,20:15:00,Mashed Potatoes,Side,8.0,7,56.0,Credit Card,Delivery,101,Sarah,20,Saturday,9,September,5,True,False,2024-09-28 20:00:00,Dinner,Weekend,Other record
3663,2024-08-27,14:30:00,New York Strip,Entree,1.0,38,38.0,Cash,Dine-In,105,Nina,14,Tuesday,8,August,1,False,False,2024-08-27 14:00:00,Lunch,Weekday,Other record
3664,2024-08-13,21:45:00,Old Fashioned,Beverage,6.0,12,72.0,Mobile Payment,Takeaway,104,Carlos,21,Tuesday,8,August,1,False,True,2024-08-13 21:00:00,Dinner,Weekday,High-value record
3665,2024-07-04,20:30:00,Filet Mignon,Entree,7.0,42,294.0,Cash,Delivery,104,Carlos,20,Thursday,7,July,3,False,True,2024-07-04 20:00:00,Dinner,Weekday,High-value record
3666,2024-05-16,21:15:00,Caesar Salad,Appetizer,2.0,10,20.0,Mobile Payment,Delivery,102,Jake,21,Thursday,5,May,3,False,False,2024-05-16 21:00:00,Dinner,Weekday,Other record
3667,2024-11-06,16:45:00,Truffle Fries,Side,5.0,8,40.0,Credit Card,Dine-In,105,Nina,16,Wednesday,11,November,2,False,False,2024-11-06 16:00:00,Lunch,Weekday,Other record
3668,2024-08-03,13:15:00,Bourbon BBQ Burger,Entree,4.0,22,88.0,Cash,Takeaway,101,Sarah,13,Saturday,8,August,5,True,True,2024-08-03 13:00:00,Lunch,Weekend,High-value record
3669,2024-11-25,16:45:00,Truffle Fries,Side,4.0,8,32.0,Credit Card,Dine-In,104,Carlos,16,Monday,11,November,0,False,False,2024-11-25 16:00:00,Lunch,Weekday,Other record
3670,2024-08-03,18:30:00,Cabernet Sauvignon,Beverage,4.0,16,64.0,Cash,Takeaway,102,Jake,18,Saturday,8,August,5,True,True,2024-08-03 18:00:00,Dinner,Weekend,High-value record
3671,2024-12-24,11:45:00,Grilled Asparagus,Side,2.0,8,16.0,Mobile Payment,Dine-In,101,Sarah,11,Tuesday,12,December,1,False,False,2024-12-24 11:00:00,Lunch,Weekday,Other record
3672,2024-07-09,12:00:00,Old Fashioned,Beverage,5.0,12,60.0,Mobile Payment,Dine-In,103,Emily,12,Tuesday,7,July,1,False,False,2024-07-09 12:00:00,Lunch,Weekday,Other record
3673,2024-03-16,17:30:00,Mashed Potatoes,Side,10.0,7,70.0,Credit Card,Takeaway,105,Nina,17,Saturday,3,March,5,True,True,2024-03-16 17:00:00,Dinner,Weekend,High-value record
3674,2024-10-07,20:00:00,Grilled Asparagus,Side,4.0,8,32.0,Cash,Dine-In,104,Carlos,20,Monday,10,October,0,False,False,2024-10-07 20:00:00,Dinner,Weekday,Other record
3675,2024-03-14,14:45:00,Filet Mignon,Entree,4.0,42,168.0,Mobile Payment,Delivery,105,Nina,14,Thursday,3,March,3,False,True,2024-03-14 14:00:00,Lunch,Weekday,High-value record
3676,2024-01-14,13:15:00,Caesar Salad,Appetizer,4.0,10,40.0,Mobile Payment,Delivery,101,Sarah,13,Sunday,1,January,6,True,False,2024-01-14 13:00:00,Lunch,Weekend,Other record
3677,2024-01-19,22:45:00,Mashed Potatoes,Side,5.0,7,35.0,Mobile Payment,Delivery,104,Carlos,22,Friday,1,January,4,False,False,2024-01-19 22:00:00,Dinner,Weekday,Other record
3678,2024-01-29,21:30:00,Old Fashioned,Beverage,8.0,12,96.0,Mobile Payment,Takeaway,103,Emily,21,Monday,1,January,0,False,True,2024-01-29 21:00:00,Dinner,Weekday,High-value record
3679,2024-02-06,21:45:00,Grilled Asparagus,Side,9.0,8,72.0,Credit Card,Takeaway,102,Jake,21,Tuesday,2,February,1,False,True,2024-02-06 21:00:00,Dinner,Weekday,High-value record
3680,2024-10-30,19:00:00,Cabernet Sauvignon,Beverage,10.0,16,160.0,Mobile Payment,Delivery,101,Sarah,19,Wednesday,10,October,2,False,True,2024-10-30 19:00:00,Dinner,Weekday,High-value record
3681,2024-08-19,22:15:00,Old Fashioned,Beverage,12.0,12,144.0,Cash,Takeaway,105,Nina,22,Monday,8,August,0,False,True,2024-08-19 22:00:00,Dinner,Weekday,High-value record
3682,2024-02-03,16:45:00,Chocolate Lava Cake,Dessert,1.0,9,9.0,Mobile Payment,Delivery,103,Emily,16,Saturday,2,February,5,True,False,2024-02-03 16:00:00,Lunch,Weekend,Other record
3683,2024-07-08,19:45:00,New York Strip,Entree,7.0,38,266.0,Mobile Payment,Dine-In,105,Nina,19,Monday,7,July,0,False,True,2024-07-08 19:00:00,Dinner,Weekday,High-value record
3684,2024-05-14,19:45:00,Grilled Asparagus,Side,4.0,8,32.0,Mobile Payment,Dine-In,102,Jake,19,Tuesday,5,May,1,False,False,2024-05-14 19:00:00,Dinner,Weekday,Other record
3685,2024-01-09,21:45:00,Grilled Asparagus,Side,2.0,8,16.0,Cash,Dine-In,105,Nina,21,Tuesday,1,January,1,False,False,2024-01-09 21:00:00,Dinner,Weekday,Other record
3686,2024-07-23,21:00:00,New York Strip,Entree,2.0,38,76.0,Mobile Payment,Delivery,105,Nina,21,Tuesday,7,July,1,False,True,2024-07-23 21:00:00,Dinner,Weekday,High-value record
3687,2024-01-15,21:30:00,Truffle Fries,Side,2.0,8,16.0,Mobile Payment,Delivery,101,Sarah,21,Monday,1,January,0,False,False,2024-01-15 21:00:00,Dinner,Weekday,Other record
3688,2024-03-20,20:45:00,Bourbon BBQ Burger,Entree,2.0,22,44.0,Mobile Payment,Dine-In,101,Sarah,20,Wednesday,3,March,2,False,False,2024-03-20 20:00:00,Dinner,Weekday,Other record
3689,2024-11-28,18:00:00,Grilled Asparagus,Side,9.6,8,76.8,Mobile Payment,Delivery,101,Sarah,18,Thursday,11,November,3,False,True,2024-11-28 18:00:00,Dinner,Weekday,High-value record
3690,2024-03-01,11:45:00,Chocolate Lava Cake,Dessert,3.0,9,27.0,Cash,Takeaway,102,Jake,11,Friday,3,March,4,False,False,2024-03-01 11:00:00,Lunch,Weekday,Other record
3691,2024-10-28,19:15:00,Grilled Asparagus,Side,11.0,8,88.0,Mobile Payment,Dine-In,102,Jake,19,Monday,10,October,0,False,True,2024-10-28 19:00:00,Dinner,Weekday,High-value record
3692,2024-05-20,22:45:00,Bourbon BBQ Burger,Entree,5.0,22,110.0,Mobile Payment,Takeaway,101,Sarah,22,Monday,5,May,0,False,True,2024-05-20 22:00:00,Dinner,Weekday,High-value record
3693,2024-05-04,22:30:00,Ribeye Steak,Entree,9.0,35,315.0,Credit Card,Takeaway,104,Carlos,22,Saturday,5,May,5,True,True,2024-05-04 22:00:00,Dinner,Weekend,High-value record
3694,2024-09-18,20:45:00,Cabernet Sauvignon,Beverage,5.0,16,80.0,Cash,Takeaway,103,Emily,20,Wednesday,9,September,2,False,True,2024-09-18 20:00:00,Dinner,Weekday,High-value record
3695,2024-12-19,18:00:00,Old Fashioned,Beverage,9.0,12,108.0,Cash,Delivery,101,Sarah,18,Thursday,12,December,3,False,True,2024-12-19 18:00:00,Dinner,Weekday,High-value record
3696,2024-03-28,21:15:00,Filet Mignon,Entree,5.0,42,210.0,Credit Card,Takeaway,101,Sarah,21,Thursday,3,March,3,False,True,2024-03-28 21:00:00,Dinner,Weekday,High-value record
3697,2024-12-14,16:45:00,Bourbon BBQ Burger,Entree,2.0,22,44.0,Credit Card,Dine-In,101,Sarah,16,Saturday,12,December,5,True,False,2024-12-14 16:00:00,Lunch,Weekend,Other record
3698,2024-09-25,18:15:00,Cabernet Sauvignon,Beverage,5.0,16,80.0,Mobile Payment,Takeaway,103,Emily,18,Wednesday,9,September,2,False,True,2024-09-25 18:00:00,Dinner,Weekday,High-value record
3699,2024-01-23,15:30:00,Cabernet Sauvignon,Beverage,6.0,16,96.0,Cash,Dine-In,101,Sarah,15,Tuesday,1,January,1,False,True,2024-01-23 15:00:00,Lunch,Weekday,High-value record
3700,2024-06-08,12:30:00,Old Fashioned,Beverage,2.0,12,24.0,Mobile Payment,Delivery,101,Sarah,12,Saturday,6,June,5,True,False,2024-06-08 12:00:00,Lunch,Weekend,Other record
3701,2024-03-19,14:30:00,Ribeye Steak,Entree,2.0,35,70.0,Credit Card,Delivery,104,Carlos,14,Tuesday,3,March,1,False,True,2024-03-19 14:00:00,Lunch,Weekday,High-value record
3702,2024-02-28,16:45:00,Cabernet Sauvignon,Beverage,4.0,16,64.0,Cash,Delivery,101,Sarah,16,Wednesday,2,February,2,False,True,2024-02-28 16:00:00,Lunch,Weekday,High-value record
3703,2024-10-25,21:45:00,Old Fashioned,Beverage,10.0,12,120.0,Credit Card,Delivery,101,Sarah,21,Friday,10,October,4,False,True,2024-10-25 21:00:00,Dinner,Weekday,High-value record
3704,2024-03-13,14:30:00,Bourbon BBQ Burger,Entree,3.0,22,66.0,Credit Card,Takeaway,105,Nina,14,Wednesday,3,March,2,False,True,2024-03-13 14:00:00,Lunch,Weekday,High-value record
3705,2024-05-29,15:45:00,Old Fashioned,Beverage,5.0,12,60.0,Credit Card,Dine-In,102,Jake,15,Wednesday,5,May,2,False,False,2024-05-29 15:00:00,Lunch,Weekday,Other record
3706,2024-08-04,22:45:00,Shrimp Cocktail,Appetizer,2.0,14,28.0,Cash,Takeaway,102,Jake,22,Sunday,8,August,6,True,False,2024-08-04 22:00:00,Dinner,Weekend,Other record
3707,2024-03-09,20:30:00,Old Fashioned,Beverage,4.0,12,48.0,Credit Card,Delivery,102,Jake,20,Saturday,3,March,5,True,False,2024-03-09 20:00:00,Dinner,Weekend,Other record
3708,2024-03-01,16:45:00,Mashed Potatoes,Side,6.0,7,42.0,Mobile Payment,Dine-In,105,Nina,16,Friday,3,March,4,False,False,2024-03-01 16:00:00,Lunch,Weekday,Other record
3709,2024-12-26,21:15:00,Bourbon BBQ Burger,Entree,9.0,22,198.0,Cash,Dine-In,105,Nina,21,Thursday,12,December,3,False,True,2024-12-26 21:00:00,Dinner,Weekday,High-value record
3710,2024-07-20,19:15:00,Truffle Fries,Side,2.0,8,16.0,Cash,Delivery,101,Sarah,19,Saturday,7,July,5,True,False,2024-07-20 19:00:00,Dinner,Weekend,Other record
3711,2024-06-18,19:30:00,Truffle Fries,Side,5.0,8,40.0,Mobile Payment,Dine-In,102,Jake,19,Tuesday,6,June,1,False,False,2024-06-18 19:00:00,Dinner,Weekday,Other record
3712,2024-04-26,13:30:00,Filet Mignon,Entree,7.0,42,294.0,Mobile Payment,Takeaway,101,Sarah,13,Friday,4,April,4,False,True,2024-04-26 13:00:00,Lunch,Weekday,High-value record
3713,2024-10-08,16:30:00,Cabernet Sauvignon,Beverage,2.0,16,32.0,Mobile Payment,Takeaway,104,Carlos,16,Tuesday,10,October,1,False,False,2024-10-08 16:00:00,Lunch,Weekday,Other record
3714,2024-01-13,18:15:00,Shrimp Cocktail,Appetizer,6.0,14,84.0,Credit Card,Takeaway,103,Emily,18,Saturday,1,January,5,True,True,2024-01-13 18:00:00,Dinner,Weekend,High-value record
3715,2024-07-18,13:00:00,Mashed Potatoes,Side,5.0,7,35.0,Credit Card,Delivery,103,Emily,13,Thursday,7,July,3,False,False,2024-07-18 13:00:00,Lunch,Weekday,Other record
3716,2024-11-28,12:45:00,Shrimp Cocktail,Appetizer,6.0,14,84.0,Cash,Takeaway,101,Sarah,12,Thursday,11,November,3,False,True,2024-11-28 12:00:00,Lunch,Weekday,High-value record
3717,2024-08-14,11:30:00,Ribeye Steak,Entree,2.0,35,70.0,Cash,Dine-In,105,Nina,11,Wednesday,8,August,2,False,True,2024-08-14 11:00:00,Lunch,Weekday,High-value record
3718,2024-12-06,12:45:00,Chocolate Lava Cake,Dessert,6.0,9,54.0,Cash,Delivery,103,Emily,12,Friday,12,December,4,False,False,2024-12-06 12:00:00,Lunch,Weekday,Other record
3719,2024-02-20,14:30:00,Shrimp Cocktail,Appetizer,4.0,14,56.0,Credit Card,Delivery,101,Sarah,14,Tuesday,2,February,1,False,False,2024-02-20 14:00:00,Lunch,Weekday,Other record
3720,2024-12-27,20:30:00,Cabernet Sauvignon,Beverage,3.0,16,48.0,Mobile Payment,Takeaway,104,Carlos,20,Friday,12,December,4,False,False,2024-12-27 20:00:00,Dinner,Weekday,Other record
3721,2024-05-27,11:15:00,Chocolate Lava Cake,Dessert,2.0,9,18.0,Mobile Payment,Takeaway,103,Emily,11,Monday,5,May,0,False,False,2024-05-27 11:00:00,Lunch,Weekday,Other record
3722,2024-12-06,21:15:00,Caesar Salad,Appetizer,2.0,10,20.0,Cash,Takeaway,103,Emily,21,Friday,12,December,4,False,False,2024-12-06 21:00:00,Dinner,Weekday,Other record
3723,2024-01-16,20:45:00,Truffle Fries,Side,5.0,8,40.0,Cash,Delivery,102,Jake,20,Tuesday,1,January,1,False,False,2024-01-16 20:00:00,Dinner,Weekday,Other record
3724,2024-07-31,17:45:00,Old Fashioned,Beverage,2.0,12,24.0,Mobile Payment,Delivery,104,Carlos,17,Wednesday,7,July,2,False,False,2024-07-31 17:00:00,Dinner,Weekday,Other record
3725,2024-07-31,17:45:00,Filet Mignon,Entree,2.0,42,84.0,Cash,Takeaway,104,Carlos,17,Wednesday,7,July,2,False,True,2024-07-31 17:00:00,Dinner,Weekday,High-value record
3726,2024-05-03,15:15:00,Ribeye Steak,Entree,3.0,35,105.0,Cash,Dine-In,102,Jake,15,Friday,5,May,4,False,True,2024-05-03 15:00:00,Lunch,Weekday,High-value record
3727,2024-05-17,20:00:00,Filet Mignon,Entree,4.0,42,168.0,Mobile Payment,Takeaway,104,Carlos,20,Friday,5,May,4,False,True,2024-05-17 20:00:00,Dinner,Weekday,High-value record
3728,2024-10-10,14:45:00,Old Fashioned,Beverage,4.0,12,48.0,Mobile Payment,Delivery,101,Sarah,14,Thursday,10,October,3,False,False,2024-10-10 14:00:00,Lunch,Weekday,Other record
3729,2024-02-18,18:45:00,Chocolate Lava Cake,Dessert,2.0,9,18.0,Credit Card,Dine-In,103,Emily,18,Sunday,2,February,6,True,False,2024-02-18 18:00:00,Dinner,Weekend,Other record
3730,2024-05-21,17:00:00,Shrimp Cocktail,Appetizer,5.0,14,70.0,Cash,Delivery,102,Jake,17,Tuesday,5,May,1,False,True,2024-05-21 17:00:00,Dinner,Weekday,High-value record
3731,2024-04-18,14:30:00,Filet Mignon,Entree,5.0,42,210.0,Credit Card,Takeaway,103,Emily,14,Thursday,4,April,3,False,True,2024-04-18 14:00:00,Lunch,Weekday,High-value record
3732,2024-08-10,15:15:00,Grilled Asparagus,Side,2.0,8,16.0,Cash,Delivery,104,Carlos,15,Saturday,8,August,5,True,False,2024-08-10 15:00:00,Lunch,Weekend,Other record
3733,2024-05-06,18:15:00,Grilled Asparagus,Side,4.0,8,32.0,Cash,Delivery,105,Nina,18,Monday,5,May,0,False,False,2024-05-06 18:00:00,Dinner,Weekday,Other record
3734,2024-07-01,22:45:00,Chocolate Lava Cake,Dessert,7.0,9,63.0,Credit Card,Delivery,102,Jake,22,Monday,7,July,0,False,True,2024-07-01 22:00:00,Dinner,Weekday,High-value record
3735,2024-11-23,13:45:00,Bourbon BBQ Burger,Entree,7.0,22,154.0,Credit Card,Takeaway,101,Sarah,13,Saturday,11,November,5,True,True,2024-11-23 13:00:00,Lunch,Weekend,High-value record
3736,2024-06-01,20:00:00,Ribeye Steak,Entree,4.0,35,140.0,Mobile Payment,Takeaway,101,Sarah,20,Saturday,6,June,5,True,True,2024-06-01 20:00:00,Dinner,Weekend,High-value record
3737,2024-04-01,22:30:00,Mashed Potatoes,Side,2.0,7,14.0,Mobile Payment,Delivery,102,Jake,22,Monday,4,April,0,False,False,2024-04-01 22:00:00,Dinner,Weekday,Other record
3738,2024-05-18,15:30:00,Cabernet Sauvignon,Beverage,7.0,16,112.0,Credit Card,Dine-In,102,Jake,15,Saturday,5,May,5,True,True,2024-05-18 15:00:00,Lunch,Weekend,High-value record
3739,2024-09-30,19:15:00,Chocolate Lava Cake,Dessert,2.0,9,18.0,Credit Card,Takeaway,102,Jake,19,Monday,9,September,0,False,False,2024-09-30 19:00:00,Dinner,Weekday,Other record
3740,2024-04-29,12:30:00,Mashed Potatoes,Side,3.0,7,21.0,Credit Card,Delivery,101,Sarah,12,Monday,4,April,0,False,False,2024-04-29 12:00:00,Lunch,Weekday,Other record
3741,2024-07-10,21:45:00,Shrimp Cocktail,Appetizer,8.0,14,112.0,Cash,Dine-In,103,Emily,21,Wednesday,7,July,2,False,True,2024-07-10 21:00:00,Dinner,Weekday,High-value record
3742,2024-02-17,12:30:00,Truffle Fries,Side,8.0,8,64.0,Credit Card,Delivery,105,Nina,12,Saturday,2,February,5,True,True,2024-02-17 12:00:00,Lunch,Weekend,High-value record
3743,2024-08-26,20:30:00,Caesar Salad,Appetizer,2.0,10,20.0,Cash,Delivery,101,Sarah,20,Monday,8,August,0,False,False,2024-08-26 20:00:00,Dinner,Weekday,Other record
3744,2024-05-28,11:30:00,Shrimp Cocktail,Appetizer,2.0,14,28.0,Credit Card,Takeaway,104,Carlos,11,Tuesday,5,May,1,False,False,2024-05-28 11:00:00,Lunch,Weekday,Other record
3745,2024-08-05,12:15:00,Ribeye Steak,Entree,4.0,35,140.0,Credit Card,Delivery,101,Sarah,12,Monday,8,August,0,False,True,2024-08-05 12:00:00,Lunch,Weekday,High-value record
3746,2024-01-31,12:45:00,Caesar Salad,Appetizer,1.0,10,10.0,Credit Card,Dine-In,105,Nina,12,Wednesday,1,January,2,False,False,2024-01-31 12:00:00,Lunch,Weekday,Other record
3747,2024-02-13,16:00:00,Filet Mignon,Entree,3.0,42,126.0,Cash,Takeaway,104,Carlos,16,Tuesday,2,February,1,False,True,2024-02-13 16:00:00,Lunch,Weekday,High-value record
3748,2024-09-30,17:15:00,Bourbon BBQ Burger,Entree,2.0,22,44.0,Cash,Takeaway,105,Nina,17,Monday,9,September,0,False,False,2024-09-30 17:00:00,Dinner,Weekday,Other record
3749,2024-02-09,19:45:00,Filet Mignon,Entree,2.0,42,84.0,Mobile Payment,Delivery,104,Carlos,19,Friday,2,February,4,False,True,2024-02-09 19:00:00,Dinner,Weekday,High-value record
3750,2024-11-19,19:30:00,Grilled Asparagus,Side,7.0,8,56.0,Cash,Takeaway,104,Carlos,19,Tuesday,11,November,1,False,False,2024-11-19 19:00:00,Dinner,Weekday,Other record
3751,2024-01-28,17:00:00,New York Strip,Entree,8.0,38,304.0,Mobile Payment,Delivery,102,Jake,17,Sunday,1,January,6,True,True,2024-01-28 17:00:00,Dinner,Weekend,High-value record
3752,2024-05-05,22:00:00,Mashed Potatoes,Side,6.0,7,42.0,Cash,Delivery,102,Jake,22,Sunday,5,May,6,True,False,2024-05-05 22:00:00,Dinner,Weekend,Other record
3753,2024-01-07,17:00:00,Ribeye Steak,Entree,4.0,35,140.0,Cash,Dine-In,102,Jake,17,Sunday,1,January,6,True,True,2024-01-07 17:00:00,Dinner,Weekend,High-value record
3754,2024-09-14,17:30:00,Bourbon BBQ Burger,Entree,7.0,22,154.0,Mobile Payment,Dine-In,103,Emily,17,Saturday,9,September,5,True,True,2024-09-14 17:00:00,Dinner,Weekend,High-value record
3755,2024-03-11,13:30:00,Truffle Fries,Side,1.0,8,8.0,Cash,Takeaway,102,Jake,13,Monday,3,March,0,False,False,2024-03-11 13:00:00,Lunch,Weekday,Other record
3756,2024-01-14,17:45:00,Old Fashioned,Beverage,2.0,12,24.0,Cash,Takeaway,101,Sarah,17,Sunday,1,January,6,True,False,2024-01-14 17:00:00,Dinner,Weekend,Other record
3757,2024-05-11,16:15:00,Ribeye Steak,Entree,2.0,35,70.0,Credit Card,Takeaway,102,Jake,16,Saturday,5,May,5,True,True,2024-05-11 16:00:00,Lunch,Weekend,High-value record
3758,2024-04-15,22:15:00,New York Strip,Entree,3.0,38,114.0,Cash,Takeaway,101,Sarah,22,Monday,4,April,0,False,True,2024-04-15 22:00:00,Dinner,Weekday,High-value record
3759,2024-01-17,16:15:00,Chocolate Lava Cake,Dessert,2.0,9,18.0,Cash,Delivery,102,Jake,16,Wednesday,1,January,2,False,False,2024-01-17 16:00:00,Lunch,Weekday,Other record
3760,2024-01-25,16:45:00,New York Strip,Entree,1.0,38,38.0,Cash,Delivery,105,Nina,16,Thursday,1,January,3,False,False,2024-01-25 16:00:00,Lunch,Weekday,Other record
3761,2024-01-24,12:00:00,Caesar Salad,Appetizer,3.0,10,30.0,Mobile Payment,Takeaway,102,Jake,12,Wednesday,1,January,2,False,False,2024-01-24 12:00:00,Lunch,Weekday,Other record
3762,2024-04-24,20:00:00,Caesar Salad,Appetizer,4.0,10,40.0,Mobile Payment,Dine-In,103,Emily,20,Wednesday,4,April,2,False,False,2024-04-24 20:00:00,Dinner,Weekday,Other record
3763,2024-04-02,19:45:00,Filet Mignon,Entree,4.0,42,168.0,Cash,Dine-In,105,Nina,19,Tuesday,4,April,1,False,True,2024-04-02 19:00:00,Dinner,Weekday,High-value record
3764,2024-05-10,16:45:00,Bourbon BBQ Burger,Entree,5.0,22,110.0,Credit Card,Dine-In,102,Jake,16,Friday,5,May,4,False,True,2024-05-10 16:00:00,Lunch,Weekday,High-value record
3765,2024-06-04,13:45:00,Shrimp Cocktail,Appetizer,3.0,14,42.0,Mobile Payment,Takeaway,104,Carlos,13,Tuesday,6,June,1,False,False,2024-06-04 13:00:00,Lunch,Weekday,Other record
3766,2024-01-03,13:30:00,Chocolate Lava Cake,Dessert,5.0,9,45.0,Credit Card,Takeaway,102,Jake,13,Wednesday,1,January,2,False,False,2024-01-03 13:00:00,Lunch,Weekday,Other record
3767,2024-05-17,13:00:00,Truffle Fries,Side,7.0,8,56.0,Credit Card,Dine-In,104,Carlos,13,Friday,5,May,4,False,False,2024-05-17 13:00:00,Lunch,Weekday,Other record
3768,2024-08-20,21:45:00,Bourbon BBQ Burger,Entree,5.0,22,110.0,Credit Card,Delivery,105,Nina,21,Tuesday,8,August,1,False,True,2024-08-20 21:00:00,Dinner,Weekday,High-value record
3769,2024-10-08,21:30:00,New York Strip,Entree,11.0,38,418.0,Credit Card,Dine-In,103,Emily,21,Tuesday,10,October,1,False,True,2024-10-08 21:00:00,Dinner,Weekday,High-value record
3770,2024-07-26,12:30:00,Truffle Fries,Side,4.0,8,32.0,Credit Card,Takeaway,103,Emily,12,Friday,7,July,4,False,False,2024-07-26 12:00:00,Lunch,Weekday,Other record
3771,2024-06-19,20:00:00,Shrimp Cocktail,Appetizer,10.0,14,140.0,Credit Card,Dine-In,103,Emily,20,Wednesday,6,June,2,False,True,2024-06-19 20:00:00,Dinner,Weekday,High-value record
3772,2024-05-06,21:00:00,Chocolate Lava Cake,Dessert,9.0,9,81.0,Credit Card,Takeaway,101,Sarah,21,Monday,5,May,0,False,True,2024-05-06 21:00:00,Dinner,Weekday,High-value record
3773,2024-05-16,18:30:00,Caesar Salad,Appetizer,4.0,10,40.0,Credit Card,Delivery,103,Emily,18,Thursday,5,May,3,False,False,2024-05-16 18:00:00,Dinner,Weekday,Other record
3774,2024-03-22,15:45:00,Shrimp Cocktail,Appetizer,5.0,14,70.0,Credit Card,Delivery,103,Emily,15,Friday,3,March,4,False,True,2024-03-22 15:00:00,Lunch,Weekday,High-value record
3775,2024-12-07,14:30:00,Caesar Salad,Appetizer,7.0,10,70.0,Mobile Payment,Delivery,104,Carlos,14,Saturday,12,December,5,True,True,2024-12-07 14:00:00,Lunch,Weekend,High-value record
3776,2024-03-06,21:30:00,Truffle Fries,Side,4.0,8,32.0,Cash,Takeaway,102,Jake,21,Wednesday,3,March,2,False,False,2024-03-06 21:00:00,Dinner,Weekday,Other record
3777,2024-12-28,17:45:00,Chocolate Lava Cake,Dessert,5.0,9,45.0,Credit Card,Dine-In,103,Emily,17,Saturday,12,December,5,True,False,2024-12-28 17:00:00,Dinner,Weekend,Other record
3778,2024-08-31,12:15:00,Bourbon BBQ Burger,Entree,7.0,22,154.0,Mobile Payment,Delivery,104,Carlos,12,Saturday,8,August,5,True,True,2024-08-31 12:00:00,Lunch,Weekend,High-value record
3779,2024-04-10,22:15:00,Mashed Potatoes,Side,6.0,7,42.0,Cash,Delivery,103,Emily,22,Wednesday,4,April,2,False,False,2024-04-10 22:00:00,Dinner,Weekday,Other record
3780,2024-07-29,19:30:00,Cabernet Sauvignon,Beverage,7.0,16,112.0,Cash,Delivery,105,Nina,19,Monday,7,July,0,False,True,2024-07-29 19:00:00,Dinner,Weekday,High-value record
3781,2024-01-14,17:00:00,Grilled Asparagus,Side,12.0,8,96.0,Cash,Takeaway,105,Nina,17,Sunday,1,January,6,True,True,2024-01-14 17:00:00,Dinner,Weekend,High-value record
3782,2024-08-28,20:15:00,Chocolate Lava Cake,Dessert,8.0,9,72.0,Mobile Payment,Delivery,101,Sarah,20,Wednesday,8,August,2,False,True,2024-08-28 20:00:00,Dinner,Weekday,High-value record
3783,2024-07-31,12:30:00,Caesar Salad,Appetizer,6.0,10,60.0,Cash,Dine-In,104,Carlos,12,Wednesday,7,July,2,False,False,2024-07-31 12:00:00,Lunch,Weekday,Other record
3784,2024-09-20,21:15:00,Truffle Fries,Side,9.0,8,72.0,Cash,Dine-In,102,Jake,21,Friday,9,September,4,False,True,2024-09-20 21:00:00,Dinner,Weekday,High-value record
3785,2024-01-12,18:15:00,Old Fashioned,Beverage,4.0,12,48.0,Credit Card,Dine-In,104,Carlos,18,Friday,1,January,4,False,False,2024-01-12 18:00:00,Dinner,Weekday,Other record
3786,2024-12-19,13:00:00,Filet Mignon,Entree,2.0,42,84.0,Mobile Payment,Delivery,104,Carlos,13,Thursday,12,December,3,False,True,2024-12-19 13:00:00,Lunch,Weekday,High-value record
3787,2024-09-03,19:00:00,Cabernet Sauvignon,Beverage,4.0,16,64.0,Credit Card,Delivery,103,Emily,19,Tuesday,9,September,1,False,True,2024-09-03 19:00:00,Dinner,Weekday,High-value record
3788,2024-10-20,14:00:00,New York Strip,Entree,1.0,38,38.0,Credit Card,Takeaway,102,Jake,14,Sunday,10,October,6,True,False,2024-10-20 14:00:00,Lunch,Weekend,Other record
3789,2024-10-30,15:45:00,Grilled Asparagus,Side,2.0,8,16.0,Credit Card,Delivery,103,Emily,15,Wednesday,10,October,2,False,False,2024-10-30 15:00:00,Lunch,Weekday,Other record
3790,2024-03-14,22:15:00,Grilled Asparagus,Side,7.0,8,56.0,Credit Card,Takeaway,102,Jake,22,Thursday,3,March,3,False,False,2024-03-14 22:00:00,Dinner,Weekday,Other record
3791,2024-04-07,20:00:00,Old Fashioned,Beverage,4.0,12,48.0,Mobile Payment,Delivery,105,Nina,20,Sunday,4,April,6,True,False,2024-04-07 20:00:00,Dinner,Weekend,Other record
3792,2024-11-18,15:00:00,Caesar Salad,Appetizer,4.0,10,40.0,Mobile Payment,Takeaway,105,Nina,15,Monday,11,November,0,False,False,2024-11-18 15:00:00,Lunch,Weekday,Other record
3793,2024-12-06,12:00:00,New York Strip,Entree,7.0,38,266.0,Mobile Payment,Takeaway,103,Emily,12,Friday,12,December,4,False,True,2024-12-06 12:00:00,Lunch,Weekday,High-value record
3794,2024-10-17,18:00:00,Chocolate Lava Cake,Dessert,7.0,9,63.0,Credit Card,Delivery,101,Sarah,18,Thursday,10,October,3,False,True,2024-10-17 18:00:00,Dinner,Weekday,High-value record
3795,2024-07-29,21:15:00,Caesar Salad,Appetizer,6.0,10,60.0,Cash,Delivery,101,Sarah,21,Monday,7,July,0,False,False,2024-07-29 21:00:00,Dinner,Weekday,Other record
3796,2024-01-17,12:45:00,Filet Mignon,Entree,2.0,42,84.0,Credit Card,Delivery,101,Sarah,12,Wednesday,1,January,2,False,True,2024-01-17 12:00:00,Lunch,Weekday,High-value record
3797,2024-02-28,17:15:00,Chocolate Lava Cake,Dessert,12.0,9,108.0,Credit Card,Delivery,105,Nina,17,Wednesday,2,February,2,False,True,2024-02-28 17:00:00,Dinner,Weekday,High-value record
3798,2024-01-18,12:15:00,Caesar Salad,Appetizer,2.0,10,20.0,Credit Card,Takeaway,102,Jake,12,Thursday,1,January,3,False,False,2024-01-18 12:00:00,Lunch,Weekday,Other record
3799,2024-08-31,21:45:00,Old Fashioned,Beverage,3.0,12,36.0,Mobile Payment,Takeaway,105,Nina,21,Saturday,8,August,5,True,False,2024-08-31 21:00:00,Dinner,Weekend,Other record
3800,2024-02-21,15:00:00,Chocolate Lava Cake,Dessert,5.0,9,45.0,Mobile Payment,Takeaway,101,Sarah,15,Wednesday,2,February,2,False,False,2024-02-21 15:00:00,Lunch,Weekday,Other record
3801,2024-02-01,12:45:00,Old Fashioned,Beverage,5.0,12,60.0,Cash,Dine-In,101,Sarah,12,Thursday,2,February,3,False,False,2024-02-01 12:00:00,Lunch,Weekday,Other record
3802,2024-05-08,19:00:00,Filet Mignon,Entree,7.0,42,294.0,Cash,Takeaway,105,Nina,19,Wednesday,5,May,2,False,True,2024-05-08 19:00:00,Dinner,Weekday,High-value record
3803,2024-12-01,22:00:00,Ribeye Steak,Entree,2.0,35,70.0,Credit Card,Delivery,102,Jake,22,Sunday,12,December,6,True,True,2024-12-01 22:00:00,Dinner,Weekend,High-value record
3804,2024-01-20,13:45:00,Grilled Asparagus,Side,2.0,8,16.0,Credit Card,Delivery,101,Sarah,13,Saturday,1,January,5,True,False,2024-01-20 13:00:00,Lunch,Weekend,Other record
3805,2024-02-07,20:00:00,Caesar Salad,Appetizer,6.0,10,60.0,Cash,Dine-In,102,Jake,20,Wednesday,2,February,2,False,False,2024-02-07 20:00:00,Dinner,Weekday,Other record
3806,2024-05-12,19:30:00,Shrimp Cocktail,Appetizer,16.5,14,231.0,Credit Card,Dine-In,101,Sarah,19,Sunday,5,May,6,True,True,2024-05-12 19:00:00,Dinner,Weekend,High-value record
3807,2024-04-17,16:15:00,Filet Mignon,Entree,4.0,42,168.0,Cash,Delivery,104,Carlos,16,Wednesday,4,April,2,False,True,2024-04-17 16:00:00,Lunch,Weekday,High-value record
3808,2024-10-16,21:00:00,Old Fashioned,Beverage,10.0,12,120.0,Cash,Dine-In,105,Nina,21,Wednesday,10,October,2,False,True,2024-10-16 21:00:00,Dinner,Weekday,High-value record
3809,2024-07-14,11:00:00,Mashed Potatoes,Side,5.0,7,35.0,Cash,Delivery,101,Sarah,11,Sunday,7,July,6,True,False,2024-07-14 11:00:00,Lunch,Weekend,Other record
3810,2024-09-10,12:15:00,New York Strip,Entree,1.0,38,38.0,Mobile Payment,Delivery,103,Emily,12,Tuesday,9,September,1,False,False,2024-09-10 12:00:00,Lunch,Weekday,Other record
3811,2024-01-09,13:30:00,Old Fashioned,Beverage,1.0,12,12.0,Cash,Delivery,105,Nina,13,Tuesday,1,January,1,False,False,2024-01-09 13:00:00,Lunch,Weekday,Other record
3812,2024-12-01,12:30:00,Filet Mignon,Entree,1.0,42,42.0,Cash,Delivery,104,Carlos,12,Sunday,12,December,6,True,False,2024-12-01 12:00:00,Lunch,Weekend,Other record
3813,2024-11-19,15:30:00,New York Strip,Entree,3.0,38,114.0,Mobile Payment,Dine-In,105,Nina,15,Tuesday,11,November,1,False,True,2024-11-19 15:00:00,Lunch,Weekday,High-value record
3814,2024-04-19,17:45:00,Cabernet Sauvignon,Beverage,5.0,16,80.0,Credit Card,Takeaway,103,Emily,17,Friday,4,April,4,False,True,2024-04-19 17:00:00,Dinner,Weekday,High-value record
3815,2024-08-07,14:00:00,Caesar Salad,Appetizer,4.0,10,40.0,Cash,Dine-In,104,Carlos,14,Wednesday,8,August,2,False,False,2024-08-07 14:00:00,Lunch,Weekday,Other record
3816,2024-06-03,20:00:00,Bourbon BBQ Burger,Entree,7.0,22,154.0,Cash,Delivery,103,Emily,20,Monday,6,June,0,False,True,2024-06-03 20:00:00,Dinner,Weekday,High-value record
3817,2024-03-27,14:15:00,Filet Mignon,Entree,3.0,42,126.0,Credit Card,Dine-In,101,Sarah,14,Wednesday,3,March,2,False,True,2024-03-27 14:00:00,Lunch,Weekday,High-value record
3818,2024-12-29,14:00:00,Mashed Potatoes,Side,2.0,7,14.0,Credit Card,Dine-In,104,Carlos,14,Sunday,12,December,6,True,False,2024-12-29 14:00:00,Lunch,Weekend,Other record
3819,2024-11-01,21:45:00,Bourbon BBQ Burger,Entree,3.0,22,66.0,Credit Card,Dine-In,104,Carlos,21,Friday,11,November,4,False,True,2024-11-01 21:00:00,Dinner,Weekday,High-value record
3820,2024-10-07,15:30:00,Mashed Potatoes,Side,2.0,7,14.0,Credit Card,Dine-In,104,Carlos,15,Monday,10,October,0,False,False,2024-10-07 15:00:00,Lunch,Weekday,Other record
3821,2024-06-08,12:00:00,New York Strip,Entree,6.0,38,228.0,Credit Card,Takeaway,101,Sarah,12,Saturday,6,June,5,True,True,2024-06-08 12:00:00,Lunch,Weekend,High-value record
3822,2024-12-28,18:30:00,Cabernet Sauvignon,Beverage,10.0,16,160.0,Credit Card,Takeaway,104,Carlos,18,Saturday,12,December,5,True,True,2024-12-28 18:00:00,Dinner,Weekend,High-value record
3823,2024-11-05,15:15:00,Ribeye Steak,Entree,1.0,35,35.0,Credit Card,Dine-In,105,Nina,15,Tuesday,11,November,1,False,False,2024-11-05 15:00:00,Lunch,Weekday,Other record
3824,2024-11-17,22:30:00,Grilled Asparagus,Side,8.0,8,64.0,Credit Card,Delivery,104,Carlos,22,Sunday,11,November,6,True,True,2024-11-17 22:00:00,Dinner,Weekend,High-value record
3825,2024-04-16,16:30:00,Cabernet Sauvignon,Beverage,3.0,16,48.0,Cash,Dine-In,104,Carlos,16,Tuesday,4,April,1,False,False,2024-04-16 16:00:00,Lunch,Weekday,Other record
3826,2024-11-22,22:00:00,Old Fashioned,Beverage,3.0,12,36.0,Credit Card,Takeaway,102,Jake,22,Friday,11,November,4,False,False,2024-11-22 22:00:00,Dinner,Weekday,Other record
3827,2024-11-30,16:45:00,Mashed Potatoes,Side,2.0,7,14.0,Credit Card,Takeaway,101,Sarah,16,Saturday,11,November,5,True,False,2024-11-30 16:00:00,Lunch,Weekend,Other record
3828,2024-08-31,11:00:00,Filet Mignon,Entree,4.0,42,168.0,Mobile Payment,Takeaway,101,Sarah,11,Saturday,8,August,5,True,True,2024-08-31 11:00:00,Lunch,Weekend,High-value record
3829,2024-04-23,11:45:00,Cabernet Sauvignon,Beverage,5.0,16,80.0,Cash,Takeaway,101,Sarah,11,Tuesday,4,April,1,False,True,2024-04-23 11:00:00,Lunch,Weekday,High-value record
3830,2024-12-24,19:45:00,Filet Mignon,Entree,2.0,42,84.0,Cash,Delivery,104,Carlos,19,Tuesday,12,December,1,False,True,2024-12-24 19:00:00,Dinner,Weekday,High-value record
3831,2024-07-28,19:00:00,Bourbon BBQ Burger,Entree,6.0,22,132.0,Cash,Takeaway,102,Jake,19,Sunday,7,July,6,True,True,2024-07-28 19:00:00,Dinner,Weekend,High-value record
3832,2024-10-01,13:00:00,Old Fashioned,Beverage,3.0,12,36.0,Cash,Dine-In,105,Nina,13,Tuesday,10,October,1,False,False,2024-10-01 13:00:00,Lunch,Weekday,Other record
3833,2024-02-26,12:30:00,Bourbon BBQ Burger,Entree,2.0,22,44.0,Cash,Dine-In,102,Jake,12,Monday,2,February,0,False,False,2024-02-26 12:00:00,Lunch,Weekday,Other record
3834,2024-10-09,13:15:00,New York Strip,Entree,4.0,38,152.0,Cash,Takeaway,101,Sarah,13,Wednesday,10,October,2,False,True,2024-10-09 13:00:00,Lunch,Weekday,High-value record
3835,2024-10-01,15:45:00,Mashed Potatoes,Side,2.0,7,14.0,Mobile Payment,Dine-In,103,Emily,15,Tuesday,10,October,1,False,False,2024-10-01 15:00:00,Lunch,Weekday,Other record
3836,2024-11-06,20:30:00,Ribeye Steak,Entree,2.0,35,70.0,Credit Card,Dine-In,101,Sarah,20,Wednesday,11,November,2,False,True,2024-11-06 20:00:00,Dinner,Weekday,High-value record
3837,2024-10-10,15:45:00,Chocolate Lava Cake,Dessert,1.0,9,9.0,Cash,Takeaway,101,Sarah,15,Thursday,10,October,3,False,False,2024-10-10 15:00:00,Lunch,Weekday,Other record
3838,2024-12-26,12:15:00,Mashed Potatoes,Side,1.0,7,7.0,Credit Card,Dine-In,103,Emily,12,Thursday,12,December,3,False,False,2024-12-26 12:00:00,Lunch,Weekday,Other record
3839,2024-08-14,13:15:00,Bourbon BBQ Burger,Entree,5.0,22,110.0,Mobile Payment,Dine-In,101,Sarah,13,Wednesday,8,August,2,False,True,2024-08-14 13:00:00,Lunch,Weekday,High-value record
3840,2024-08-11,15:00:00,Bourbon BBQ Burger,Entree,4.0,22,88.0,Credit Card,Delivery,101,Sarah,15,Sunday,8,August,6,True,True,2024-08-11 15:00:00,Lunch,Weekend,High-value record
3841,2024-11-02,18:15:00,Ribeye Steak,Entree,3.0,35,105.0,Mobile Payment,Dine-In,101,Sarah,18,Saturday,11,November,5,True,True,2024-11-02 18:00:00,Dinner,Weekend,High-value record
3842,2024-01-13,15:00:00,Chocolate Lava Cake,Dessert,6.0,9,54.0,Mobile Payment,Takeaway,102,Jake,15,Saturday,1,January,5,True,False,2024-01-13 15:00:00,Lunch,Weekend,Other record
3843,2024-06-03,12:30:00,New York Strip,Entree,5.0,38,190.0,Cash,Delivery,103,Emily,12,Monday,6,June,0,False,True,2024-06-03 12:00:00,Lunch,Weekday,High-value record
3844,2024-05-27,18:45:00,Old Fashioned,Beverage,7.0,12,84.0,Mobile Payment,Delivery,102,Jake,18,Monday,5,May,0,False,True,2024-05-27 18:00:00,Dinner,Weekday,High-value record
3845,2024-10-08,11:15:00,Filet Mignon,Entree,6.0,42,252.0,Mobile Payment,Delivery,105,Nina,11,Tuesday,10,October,1,False,True,2024-10-08 11:00:00,Lunch,Weekday,High-value record
3846,2024-04-24,11:45:00,Caesar Salad,Appetizer,3.0,10,30.0,Credit Card,Delivery,101,Sarah,11,Wednesday,4,April,2,False,False,2024-04-24 11:00:00,Lunch,Weekday,Other record
3847,2024-12-10,14:45:00,Cabernet Sauvignon,Beverage,4.0,16,64.0,Cash,Delivery,102,Jake,14,Tuesday,12,December,1,False,True,2024-12-10 14:00:00,Lunch,Weekday,High-value record
3848,2024-02-19,14:45:00,Shrimp Cocktail,Appetizer,2.0,14,28.0,Mobile Payment,Takeaway,105,Nina,14,Monday,2,February,0,False,False,2024-02-19 14:00:00,Lunch,Weekday,Other record
3849,2024-10-21,11:30:00,Mashed Potatoes,Side,6.0,7,42.0,Credit Card,Takeaway,104,Carlos,11,Monday,10,October,0,False,False,2024-10-21 11:00:00,Lunch,Weekday,Other record
3850,2024-07-09,20:30:00,Truffle Fries,Side,2.0,8,16.0,Mobile Payment,Takeaway,102,Jake,20,Tuesday,7,July,1,False,False,2024-07-09 20:00:00,Dinner,Weekday,Other record
3851,2024-10-21,22:00:00,Grilled Asparagus,Side,10.0,8,80.0,Credit Card,Delivery,101,Sarah,22,Monday,10,October,0,False,True,2024-10-21 22:00:00,Dinner,Weekday,High-value record
3852,2024-12-19,15:30:00,New York Strip,Entree,4.0,38,152.0,Mobile Payment,Delivery,104,Carlos,15,Thursday,12,December,3,False,True,2024-12-19 15:00:00,Lunch,Weekday,High-value record
3853,2024-01-08,17:00:00,Truffle Fries,Side,2.0,8,16.0,Credit Card,Takeaway,104,Carlos,17,Monday,1,January,0,False,False,2024-01-08 17:00:00,Dinner,Weekday,Other record
3854,2024-08-23,14:15:00,Old Fashioned,Beverage,5.0,12,60.0,Credit Card,Takeaway,101,Sarah,14,Friday,8,August,4,False,False,2024-08-23 14:00:00,Lunch,Weekday,Other record
3855,2024-02-12,17:30:00,New York Strip,Entree,8.0,38,304.0,Credit Card,Dine-In,102,Jake,17,Monday,2,February,0,False,True,2024-02-12 17:00:00,Dinner,Weekday,High-value record
3856,2024-08-02,21:00:00,Shrimp Cocktail,Appetizer,11.0,14,154.0,Mobile Payment,Dine-In,102,Jake,21,Friday,8,August,4,False,True,2024-08-02 21:00:00,Dinner,Weekday,High-value record
3857,2024-07-02,14:00:00,Cabernet Sauvignon,Beverage,3.0,16,48.0,Cash,Takeaway,104,Carlos,14,Tuesday,7,July,1,False,False,2024-07-02 14:00:00,Lunch,Weekday,Other record
3858,2024-11-11,20:15:00,Bourbon BBQ Burger,Entree,11.0,22,242.0,Credit Card,Takeaway,103,Emily,20,Monday,11,November,0,False,True,2024-11-11 20:00:00,Dinner,Weekday,High-value record
3859,2024-06-03,18:45:00,New York Strip,Entree,6.0,38,228.0,Cash,Delivery,103,Emily,18,Monday,6,June,0,False,True,2024-06-03 18:00:00,Dinner,Weekday,High-value record
3860,2024-12-11,13:15:00,Truffle Fries,Side,2.0,8,16.0,Credit Card,Dine-In,102,Jake,13,Wednesday,12,December,2,False,False,2024-12-11 13:00:00,Lunch,Weekday,Other record
3861,2024-06-03,19:00:00,Ribeye Steak,Entree,6.0,35,210.0,Cash,Takeaway,102,Jake,19,Monday,6,June,0,False,True,2024-06-03 19:00:00,Dinner,Weekday,High-value record
3862,2024-06-06,12:30:00,Mashed Potatoes,Side,2.0,7,14.0,Credit Card,Delivery,101,Sarah,12,Thursday,6,June,3,False,False,2024-06-06 12:00:00,Lunch,Weekday,Other record
3863,2024-06-16,19:30:00,Mashed Potatoes,Side,7.0,7,49.0,Credit Card,Delivery,101,Sarah,19,Sunday,6,June,6,True,False,2024-06-16 19:00:00,Dinner,Weekend,Other record
3864,2024-07-15,13:45:00,Chocolate Lava Cake,Dessert,4.0,9,36.0,Cash,Dine-In,103,Emily,13,Monday,7,July,0,False,False,2024-07-15 13:00:00,Lunch,Weekday,Other record
3865,2024-03-25,16:45:00,Ribeye Steak,Entree,2.0,35,70.0,Cash,Dine-In,102,Jake,16,Monday,3,March,0,False,True,2024-03-25 16:00:00,Lunch,Weekday,High-value record
3866,2024-11-13,16:30:00,Mashed Potatoes,Side,2.0,7,14.0,Cash,Dine-In,103,Emily,16,Wednesday,11,November,2,False,False,2024-11-13 16:00:00,Lunch,Weekday,Other record
3867,2024-11-23,19:15:00,Cabernet Sauvignon,Beverage,7.0,16,112.0,Cash,Dine-In,103,Emily,19,Saturday,11,November,5,True,True,2024-11-23 19:00:00,Dinner,Weekend,High-value record
3868,2024-01-11,13:45:00,Grilled Asparagus,Side,2.0,8,16.0,Mobile Payment,Delivery,105,Nina,13,Thursday,1,January,3,False,False,2024-01-11 13:00:00,Lunch,Weekday,Other record
3869,2024-02-16,18:15:00,Filet Mignon,Entree,7.0,42,294.0,Credit Card,Dine-In,105,Nina,18,Friday,2,February,4,False,True,2024-02-16 18:00:00,Dinner,Weekday,High-value record
3870,2024-03-12,13:00:00,Shrimp Cocktail,Appetizer,1.0,14,14.0,Credit Card,Takeaway,105,Nina,13,Tuesday,3,March,1,False,False,2024-03-12 13:00:00,Lunch,Weekday,Other record
3871,2024-03-31,12:30:00,Bourbon BBQ Burger,Entree,2.0,22,44.0,Mobile Payment,Dine-In,104,Carlos,12,Sunday,3,March,6,True,False,2024-03-31 12:00:00,Lunch,Weekend,Other record
3872,2024-07-14,20:15:00,Old Fashioned,Beverage,2.0,12,24.0,Credit Card,Dine-In,102,Jake,20,Sunday,7,July,6,True,False,2024-07-14 20:00:00,Dinner,Weekend,Other record
3873,2024-06-30,11:15:00,Filet Mignon,Entree,2.0,42,84.0,Mobile Payment,Dine-In,105,Nina,11,Sunday,6,June,6,True,True,2024-06-30 11:00:00,Lunch,Weekend,High-value record
3874,2024-01-24,15:30:00,Ribeye Steak,Entree,2.0,35,70.0,Cash,Dine-In,104,Carlos,15,Wednesday,1,January,2,False,True,2024-01-24 15:00:00,Lunch,Weekday,High-value record
3875,2024-02-18,21:00:00,Filet Mignon,Entree,10.0,42,420.0,Cash,Delivery,102,Jake,21,Sunday,2,February,6,True,True,2024-02-18 21:00:00,Dinner,Weekend,High-value record
3876,2024-04-18,16:15:00,Old Fashioned,Beverage,5.0,12,60.0,Credit Card,Dine-In,105,Nina,16,Thursday,4,April,3,False,False,2024-04-18 16:00:00,Lunch,Weekday,Other record
3877,2024-02-01,11:00:00,Bourbon BBQ Burger,Entree,1.0,22,22.0,Cash,Delivery,105,Nina,11,Thursday,2,February,3,False,False,2024-02-01 11:00:00,Lunch,Weekday,Other record
3878,2024-11-27,16:45:00,Filet Mignon,Entree,4.0,42,168.0,Cash,Dine-In,103,Emily,16,Wednesday,11,November,2,False,True,2024-11-27 16:00:00,Lunch,Weekday,High-value record
3879,2024-07-11,22:30:00,Truffle Fries,Side,9.0,8,72.0,Cash,Delivery,103,Emily,22,Thursday,7,July,3,False,True,2024-07-11 22:00:00,Dinner,Weekday,High-value record
3880,2024-06-30,20:30:00,Ribeye Steak,Entree,7.0,35,245.0,Mobile Payment,Delivery,102,Jake,20,Sunday,6,June,6,True,True,2024-06-30 20:00:00,Dinner,Weekend,High-value record
3881,2024-04-26,11:30:00,Mashed Potatoes,Side,3.0,7,21.0,Cash,Delivery,102,Jake,11,Friday,4,April,4,False,False,2024-04-26 11:00:00,Lunch,Weekday,Other record
3882,2024-02-12,17:45:00,Old Fashioned,Beverage,11.0,12,132.0,Cash,Takeaway,103,Emily,17,Monday,2,February,0,False,True,2024-02-12 17:00:00,Dinner,Weekday,High-value record
3883,2024-07-11,15:45:00,Truffle Fries,Side,3.0,8,24.0,Cash,Takeaway,101,Sarah,15,Thursday,7,July,3,False,False,2024-07-11 15:00:00,Lunch,Weekday,Other record
3884,2024-03-01,20:30:00,Mashed Potatoes,Side,3.0,7,21.0,Mobile Payment,Delivery,101,Sarah,20,Friday,3,March,4,False,False,2024-03-01 20:00:00,Dinner,Weekday,Other record
3885,2024-02-11,21:45:00,Old Fashioned,Beverage,7.0,12,84.0,Credit Card,Delivery,104,Carlos,21,Sunday,2,February,6,True,True,2024-02-11 21:00:00,Dinner,Weekend,High-value record
3886,2024-06-23,11:30:00,New York Strip,Entree,5.0,38,190.0,Mobile Payment,Takeaway,101,Sarah,11,Sunday,6,June,6,True,True,2024-06-23 11:00:00,Lunch,Weekend,High-value record
3887,2024-03-05,11:15:00,Cabernet Sauvignon,Beverage,1.0,16,16.0,Mobile Payment,Delivery,103,Emily,11,Tuesday,3,March,1,False,False,2024-03-05 11:00:00,Lunch,Weekday,Other record
3888,2024-09-01,19:00:00,Grilled Asparagus,Side,2.0,8,16.0,Mobile Payment,Delivery,101,Sarah,19,Sunday,9,September,6,True,False,2024-09-01 19:00:00,Dinner,Weekend,Other record
3889,2024-03-20,13:15:00,Filet Mignon,Entree,1.0,42,42.0,Credit Card,Takeaway,105,Nina,13,Wednesday,3,March,2,False,False,2024-03-20 13:00:00,Lunch,Weekday,Other record
3890,2024-12-14,18:00:00,Grilled Asparagus,Side,7.0,8,56.0,Mobile Payment,Takeaway,102,Jake,18,Saturday,12,December,5,True,False,2024-12-14 18:00:00,Dinner,Weekend,Other record
3891,2024-06-20,14:15:00,New York Strip,Entree,2.0,38,76.0,Mobile Payment,Takeaway,101,Sarah,14,Thursday,6,June,3,False,True,2024-06-20 14:00:00,Lunch,Weekday,High-value record
3892,2024-10-03,16:15:00,Filet Mignon,Entree,2.0,42,84.0,Credit Card,Delivery,105,Nina,16,Thursday,10,October,3,False,True,2024-10-03 16:00:00,Lunch,Weekday,High-value record
3893,2024-05-25,21:30:00,Grilled Asparagus,Side,5.0,8,40.0,Credit Card,Dine-In,101,Sarah,21,Saturday,5,May,5,True,False,2024-05-25 21:00:00,Dinner,Weekend,Other record
3894,2024-05-26,13:30:00,Caesar Salad,Appetizer,1.0,10,10.0,Cash,Dine-In,102,Jake,13,Sunday,5,May,6,True,False,2024-05-26 13:00:00,Lunch,Weekend,Other record
3895,2024-08-20,16:15:00,Chocolate Lava Cake,Dessert,6.0,9,54.0,Mobile Payment,Delivery,102,Jake,16,Tuesday,8,August,1,False,False,2024-08-20 16:00:00,Lunch,Weekday,Other record
3896,2024-05-04,22:00:00,Caesar Salad,Appetizer,4.0,10,40.0,Credit Card,Takeaway,103,Emily,22,Saturday,5,May,5,True,False,2024-05-04 22:00:00,Dinner,Weekend,Other record
3897,2024-11-02,21:45:00,Grilled Asparagus,Side,8.0,8,64.0,Cash,Dine-In,104,Carlos,21,Saturday,11,November,5,True,True,2024-11-02 21:00:00,Dinner,Weekend,High-value record
3898,2024-10-01,22:30:00,Filet Mignon,Entree,7.0,42,294.0,Mobile Payment,Delivery,102,Jake,22,Tuesday,10,October,1,False,True,2024-10-01 22:00:00,Dinner,Weekday,High-value record
3899,2024-12-15,18:45:00,Mashed Potatoes,Side,11.0,7,77.0,Cash,Takeaway,102,Jake,18,Sunday,12,December,6,True,True,2024-12-15 18:00:00,Dinner,Weekend,High-value record
3900,2024-09-25,13:00:00,Filet Mignon,Entree,1.0,42,42.0,Credit Card,Delivery,101,Sarah,13,Wednesday,9,September,2,False,False,2024-09-25 13:00:00,Lunch,Weekday,Other record
3901,2024-07-17,16:15:00,Truffle Fries,Side,5.0,8,40.0,Credit Card,Takeaway,102,Jake,16,Wednesday,7,July,2,False,False,2024-07-17 16:00:00,Lunch,Weekday,Other record
3902,2024-08-08,18:15:00,Mashed Potatoes,Side,2.0,7,14.0,Cash,Takeaway,102,Jake,18,Thursday,8,August,3,False,False,2024-08-08 18:00:00,Dinner,Weekday,Other record
3903,2024-05-23,16:30:00,Caesar Salad,Appetizer,2.0,10,20.0,Credit Card,Takeaway,104,Carlos,16,Thursday,5,May,3,False,False,2024-05-23 16:00:00,Lunch,Weekday,Other record
3904,2024-06-09,17:45:00,Grilled Asparagus,Side,6.0,8,48.0,Mobile Payment,Takeaway,105,Nina,17,Sunday,6,June,6,True,False,2024-06-09 17:00:00,Dinner,Weekend,Other record
3905,2024-05-30,20:45:00,New York Strip,Entree,4.0,38,152.0,Credit Card,Delivery,103,Emily,20,Thursday,5,May,3,False,True,2024-05-30 20:00:00,Dinner,Weekday,High-value record
3906,2024-12-28,16:00:00,Ribeye Steak,Entree,5.0,35,175.0,Credit Card,Delivery,102,Jake,16,Saturday,12,December,5,True,True,2024-12-28 16:00:00,Lunch,Weekend,High-value record
3907,2024-06-10,11:45:00,Chocolate Lava Cake,Dessert,2.0,9,18.0,Mobile Payment,Takeaway,103,Emily,11,Monday,6,June,0,False,False,2024-06-10 11:00:00,Lunch,Weekday,Other record
3908,2024-07-15,19:30:00,Filet Mignon,Entree,4.0,42,168.0,Mobile Payment,Dine-In,104,Carlos,19,Monday,7,July,0,False,True,2024-07-15 19:00:00,Dinner,Weekday,High-value record
3909,2024-03-05,18:45:00,Truffle Fries,Side,8.0,8,64.0,Cash,Delivery,102,Jake,18,Tuesday,3,March,1,False,True,2024-03-05 18:00:00,Dinner,Weekday,High-value record
3910,2024-06-12,22:00:00,Chocolate Lava Cake,Dessert,9.0,9,81.0,Mobile Payment,Dine-In,103,Emily,22,Wednesday,6,June,2,False,True,2024-06-12 22:00:00,Dinner,Weekday,High-value record
3911,2024-12-16,15:15:00,Filet Mignon,Entree,2.0,42,84.0,Mobile Payment,Dine-In,103,Emily,15,Monday,12,December,0,False,True,2024-12-16 15:00:00,Lunch,Weekday,High-value record
3912,2024-08-11,21:30:00,Ribeye Steak,Entree,4.0,35,140.0,Cash,Dine-In,103,Emily,21,Sunday,8,August,6,True,True,2024-08-11 21:00:00,Dinner,Weekend,High-value record
3913,2024-09-09,18:00:00,Shrimp Cocktail,Appetizer,5.0,14,70.0,Credit Card,Delivery,105,Nina,18,Monday,9,September,0,False,True,2024-09-09 18:00:00,Dinner,Weekday,High-value record
3914,2024-08-25,13:30:00,Filet Mignon,Entree,6.0,42,252.0,Credit Card,Delivery,101,Sarah,13,Sunday,8,August,6,True,True,2024-08-25 13:00:00,Lunch,Weekend,High-value record
3915,2024-08-22,11:15:00,Caesar Salad,Appetizer,4.0,10,40.0,Mobile Payment,Dine-In,101,Sarah,11,Thursday,8,August,3,False,False,2024-08-22 11:00:00,Lunch,Weekday,Other record
3916,2024-05-29,18:15:00,Caesar Salad,Appetizer,4.0,10,40.0,Credit Card,Delivery,102,Jake,18,Wednesday,5,May,2,False,False,2024-05-29 18:00:00,Dinner,Weekday,Other record
3917,2024-12-21,11:30:00,Mashed Potatoes,Side,2.0,7,14.0,Mobile Payment,Takeaway,104,Carlos,11,Saturday,12,December,5,True,False,2024-12-21 11:00:00,Lunch,Weekend,Other record
3918,2024-07-23,22:45:00,Ribeye Steak,Entree,7.0,35,245.0,Cash,Takeaway,102,Jake,22,Tuesday,7,July,1,False,True,2024-07-23 22:00:00,Dinner,Weekday,High-value record
3919,2024-12-09,13:45:00,Caesar Salad,Appetizer,1.0,10,10.0,Cash,Dine-In,102,Jake,13,Monday,12,December,0,False,False,2024-12-09 13:00:00,Lunch,Weekday,Other record
3920,2024-03-18,11:00:00,Truffle Fries,Side,5.0,8,40.0,Credit Card,Delivery,103,Emily,11,Monday,3,March,0,False,False,2024-03-18 11:00:00,Lunch,Weekday,Other record
3921,2024-03-05,17:30:00,Cabernet Sauvignon,Beverage,3.0,16,48.0,Cash,Dine-In,104,Carlos,17,Tuesday,3,March,1,False,False,2024-03-05 17:00:00,Dinner,Weekday,Other record
3922,2024-08-19,21:45:00,Ribeye Steak,Entree,10.0,35,350.0,Cash,Delivery,105,Nina,21,Monday,8,August,0,False,True,2024-08-19 21:00:00,Dinner,Weekday,High-value record
3923,2024-11-05,17:45:00,Truffle Fries,Side,2.0,8,16.0,Mobile Payment,Dine-In,104,Carlos,17,Tuesday,11,November,1,False,False,2024-11-05 17:00:00,Dinner,Weekday,Other record
3924,2024-01-05,16:30:00,Chocolate Lava Cake,Dessert,5.0,9,45.0,Credit Card,Delivery,102,Jake,16,Friday,1,January,4,False,False,2024-01-05 16:00:00,Lunch,Weekday,Other record
3925,2024-01-13,19:30:00,Grilled Asparagus,Side,6.0,8,48.0,Mobile Payment,Delivery,101,Sarah,19,Saturday,1,January,5,True,False,2024-01-13 19:00:00,Dinner,Weekend,Other record
3926,2024-02-28,14:15:00,Shrimp Cocktail,Appetizer,5.0,14,70.0,Credit Card,Dine-In,105,Nina,14,Wednesday,2,February,2,False,True,2024-02-28 14:00:00,Lunch,Weekday,High-value record
3927,2024-04-20,16:00:00,Bourbon BBQ Burger,Entree,2.0,22,44.0,Cash,Dine-In,103,Emily,16,Saturday,4,April,5,True,False,2024-04-20 16:00:00,Lunch,Weekend,Other record
3928,2024-05-29,17:00:00,Old Fashioned,Beverage,6.0,12,72.0,Mobile Payment,Delivery,101,Sarah,17,Wednesday,5,May,2,False,True,2024-05-29 17:00:00,Dinner,Weekday,High-value record
3929,2024-10-03,11:15:00,Cabernet Sauvignon,Beverage,5.0,16,80.0,Mobile Payment,Delivery,101,Sarah,11,Thursday,10,October,3,False,True,2024-10-03 11:00:00,Lunch,Weekday,High-value record
3930,2024-05-26,15:00:00,Ribeye Steak,Entree,3.0,35,105.0,Cash,Takeaway,102,Jake,15,Sunday,5,May,6,True,True,2024-05-26 15:00:00,Lunch,Weekend,High-value record
3931,2024-02-02,16:45:00,Grilled Asparagus,Side,7.0,8,56.0,Credit Card,Dine-In,102,Jake,16,Friday,2,February,4,False,False,2024-02-02 16:00:00,Lunch,Weekday,Other record
3932,2024-06-18,14:00:00,Shrimp Cocktail,Appetizer,6.0,14,84.0,Mobile Payment,Dine-In,104,Carlos,14,Tuesday,6,June,1,False,True,2024-06-18 14:00:00,Lunch,Weekday,High-value record
3933,2024-06-07,18:30:00,Mashed Potatoes,Side,10.0,7,70.0,Cash,Dine-In,101,Sarah,18,Friday,6,June,4,False,True,2024-06-07 18:00:00,Dinner,Weekday,High-value record
3934,2024-11-15,21:00:00,Filet Mignon,Entree,9.0,42,378.0,Mobile Payment,Takeaway,104,Carlos,21,Friday,11,November,4,False,True,2024-11-15 21:00:00,Dinner,Weekday,High-value record
3935,2024-05-24,18:00:00,Old Fashioned,Beverage,9.0,12,108.0,Mobile Payment,Takeaway,101,Sarah,18,Friday,5,May,4,False,True,2024-05-24 18:00:00,Dinner,Weekday,High-value record
3936,2024-02-16,20:00:00,New York Strip,Entree,8.0,38,304.0,Mobile Payment,Dine-In,104,Carlos,20,Friday,2,February,4,False,True,2024-02-16 20:00:00,Dinner,Weekday,High-value record
3937,2024-11-06,19:15:00,Old Fashioned,Beverage,2.0,12,24.0,Credit Card,Dine-In,101,Sarah,19,Wednesday,11,November,2,False,False,2024-11-06 19:00:00,Dinner,Weekday,Other record
3938,2024-07-06,19:45:00,Grilled Asparagus,Side,11.0,8,88.0,Credit Card,Dine-In,101,Sarah,19,Saturday,7,July,5,True,True,2024-07-06 19:00:00,Dinner,Weekend,High-value record
3939,2024-10-18,20:45:00,Grilled Asparagus,Side,7.0,8,56.0,Credit Card,Delivery,105,Nina,20,Friday,10,October,4,False,False,2024-10-18 20:00:00,Dinner,Weekday,Other record
3940,2024-04-13,21:15:00,New York Strip,Entree,8.0,38,304.0,Cash,Takeaway,101,Sarah,21,Saturday,4,April,5,True,True,2024-04-13 21:00:00,Dinner,Weekend,High-value record
3941,2024-06-13,11:30:00,Cabernet Sauvignon,Beverage,2.0,16,32.0,Credit Card,Dine-In,103,Emily,11,Thursday,6,June,3,False,False,2024-06-13 11:00:00,Lunch,Weekday,Other record
3942,2024-07-01,21:00:00,Chocolate Lava Cake,Dessert,5.0,9,45.0,Credit Card,Takeaway,104,Carlos,21,Monday,7,July,0,False,False,2024-07-01 21:00:00,Dinner,Weekday,Other record
3943,2024-12-27,13:30:00,Caesar Salad,Appetizer,4.0,10,40.0,Cash,Dine-In,105,Nina,13,Friday,12,December,4,False,False,2024-12-27 13:00:00,Lunch,Weekday,Other record
3944,2024-12-01,20:15:00,Shrimp Cocktail,Appetizer,3.0,14,42.0,Credit Card,Takeaway,102,Jake,20,Sunday,12,December,6,True,False,2024-12-01 20:00:00,Dinner,Weekend,Other record
3945,2024-02-18,18:45:00,Mashed Potatoes,Side,11.0,7,77.0,Cash,Dine-In,103,Emily,18,Sunday,2,February,6,True,True,2024-02-18 18:00:00,Dinner,Weekend,High-value record
3946,2024-10-03,15:45:00,Grilled Asparagus,Side,5.0,8,40.0,Credit Card,Delivery,102,Jake,15,Thursday,10,October,3,False,False,2024-10-03 15:00:00,Lunch,Weekday,Other record
3947,2024-01-03,14:00:00,New York Strip,Entree,6.0,38,228.0,Credit Card,Dine-In,102,Jake,14,Wednesday,1,January,2,False,True,2024-01-03 14:00:00,Lunch,Weekday,High-value record
3948,2024-08-24,13:45:00,Grilled Asparagus,Side,7.0,8,56.0,Mobile Payment,Delivery,102,Jake,13,Saturday,8,August,5,True,False,2024-08-24 13:00:00,Lunch,Weekend,Other record
3949,2024-05-10,16:00:00,Bourbon BBQ Burger,Entree,4.0,22,88.0,Mobile Payment,Delivery,101,Sarah,16,Friday,5,May,4,False,True,2024-05-10 16:00:00,Lunch,Weekday,High-value record
3950,2024-03-25,16:15:00,Cabernet Sauvignon,Beverage,2.0,16,32.0,Credit Card,Takeaway,101,Sarah,16,Monday,3,March,0,False,False,2024-03-25 16:00:00,Lunch,Weekday,Other record
3951,2024-05-02,11:45:00,Caesar Salad,Appetizer,1.0,10,10.0,Mobile Payment,Delivery,104,Carlos,11,Thursday,5,May,3,False,False,2024-05-02 11:00:00,Lunch,Weekday,Other record
3952,2024-03-05,22:00:00,Bourbon BBQ Burger,Entree,9.0,22,198.0,Cash,Delivery,102,Jake,22,Tuesday,3,March,1,False,True,2024-03-05 22:00:00,Dinner,Weekday,High-value record
3953,2024-09-04,18:45:00,Old Fashioned,Beverage,2.0,12,24.0,Cash,Delivery,103,Emily,18,Wednesday,9,September,2,False,False,2024-09-04 18:00:00,Dinner,Weekday,Other record
3954,2024-03-12,16:15:00,Truffle Fries,Side,5.0,8,40.0,Mobile Payment,Delivery,104,Carlos,16,Tuesday,3,March,1,False,False,2024-03-12 16:00:00,Lunch,Weekday,Other record
3955,2024-04-11,11:00:00,Ribeye Steak,Entree,5.0,35,175.0,Cash,Dine-In,101,Sarah,11,Thursday,4,April,3,False,True,2024-04-11 11:00:00,Lunch,Weekday,High-value record
3956,2024-01-25,13:30:00,New York Strip,Entree,2.0,38,76.0,Credit Card,Delivery,103,Emily,13,Thursday,1,January,3,False,True,2024-01-25 13:00:00,Lunch,Weekday,High-value record
3957,2024-09-07,14:00:00,Mashed Potatoes,Side,8.0,7,56.0,Mobile Payment,Delivery,104,Carlos,14,Saturday,9,September,5,True,False,2024-09-07 14:00:00,Lunch,Weekend,Other record
3958,2024-08-28,12:45:00,Filet Mignon,Entree,4.0,42,168.0,Mobile Payment,Delivery,104,Carlos,12,Wednesday,8,August,2,False,True,2024-08-28 12:00:00,Lunch,Weekday,High-value record
3959,2024-02-25,17:30:00,Truffle Fries,Side,11.0,8,88.0,Credit Card,Takeaway,104,Carlos,17,Sunday,2,February,6,True,True,2024-02-25 17:00:00,Dinner,Weekend,High-value record
3960,2024-07-25,18:45:00,Shrimp Cocktail,Appetizer,2.0,14,28.0,Mobile Payment,Delivery,104,Carlos,18,Thursday,7,July,3,False,False,2024-07-25 18:00:00,Dinner,Weekday,Other record
3961,2024-09-25,14:15:00,Shrimp Cocktail,Appetizer,3.0,14,42.0,Cash,Dine-In,105,Nina,14,Wednesday,9,September,2,False,False,2024-09-25 14:00:00,Lunch,Weekday,Other record
3962,2024-12-31,16:15:00,New York Strip,Entree,3.9,38,148.2,Cash,Delivery,104,Carlos,16,Tuesday,12,December,1,False,True,2024-12-31 16:00:00,Lunch,Weekday,High-value record
3963,2024-12-15,22:30:00,Caesar Salad,Appetizer,8.0,10,80.0,Mobile Payment,Dine-In,102,Jake,22,Sunday,12,December,6,True,True,2024-12-15 22:00:00,Dinner,Weekend,High-value record
3964,2024-03-06,12:00:00,Shrimp Cocktail,Appetizer,2.0,14,28.0,Mobile Payment,Delivery,101,Sarah,12,Wednesday,3,March,2,False,False,2024-03-06 12:00:00,Lunch,Weekday,Other record
3965,2024-08-22,11:30:00,Truffle Fries,Side,4.0,8,32.0,Credit Card,Delivery,102,Jake,11,Thursday,8,August,3,False,False,2024-08-22 11:00:00,Lunch,Weekday,Other record
3966,2024-08-03,11:00:00,Mashed Potatoes,Side,8.0,7,56.0,Mobile Payment,Delivery,101,Sarah,11,Saturday,8,August,5,True,False,2024-08-03 11:00:00,Lunch,Weekend,Other record
3967,2024-02-12,16:00:00,Truffle Fries,Side,1.0,8,8.0,Cash,Dine-In,104,Carlos,16,Monday,2,February,0,False,False,2024-02-12 16:00:00,Lunch,Weekday,Other record
3968,2024-12-28,13:45:00,Ribeye Steak,Entree,2.0,35,70.0,Mobile Payment,Dine-In,102,Jake,13,Saturday,12,December,5,True,True,2024-12-28 13:00:00,Lunch,Weekend,High-value record
3969,2024-07-24,16:15:00,Bourbon BBQ Burger,Entree,2.0,22,44.0,Credit Card,Takeaway,105,Nina,16,Wednesday,7,July,2,False,False,2024-07-24 16:00:00,Lunch,Weekday,Other record
3970,2024-08-21,19:15:00,Caesar Salad,Appetizer,5.0,10,50.0,Credit Card,Delivery,105,Nina,19,Wednesday,8,August,2,False,False,2024-08-21 19:00:00,Dinner,Weekday,Other record
3971,2024-12-31,14:30:00,Old Fashioned,Beverage,1.3,12,15.6,Mobile Payment,Dine-In,101,Sarah,14,Tuesday,12,December,1,False,False,2024-12-31 14:00:00,Lunch,Weekday,Other record
3972,2024-05-25,20:45:00,Old Fashioned,Beverage,12.0,12,144.0,Cash,Takeaway,104,Carlos,20,Saturday,5,May,5,True,True,2024-05-25 20:00:00,Dinner,Weekend,High-value record
3973,2024-05-04,22:45:00,Bourbon BBQ Burger,Entree,7.0,22,154.0,Credit Card,Delivery,102,Jake,22,Saturday,5,May,5,True,True,2024-05-04 22:00:00,Dinner,Weekend,High-value record
3974,2024-03-20,11:15:00,Filet Mignon,Entree,4.0,42,168.0,Mobile Payment,Dine-In,104,Carlos,11,Wednesday,3,March,2,False,True,2024-03-20 11:00:00,Lunch,Weekday,High-value record
3975,2024-08-04,16:15:00,Cabernet Sauvignon,Beverage,2.0,16,32.0,Credit Card,Takeaway,105,Nina,16,Sunday,8,August,6,True,False,2024-08-04 16:00:00,Lunch,Weekend,Other record
3976,2024-06-19,15:15:00,Truffle Fries,Side,4.0,8,32.0,Mobile Payment,Dine-In,103,Emily,15,Wednesday,6,June,2,False,False,2024-06-19 15:00:00,Lunch,Weekday,Other record
3977,2024-01-02,11:00:00,Truffle Fries,Side,2.0,8,16.0,Cash,Delivery,104,Carlos,11,Tuesday,1,January,1,False,False,2024-01-02 11:00:00,Lunch,Weekday,Other record
3978,2024-12-06,11:00:00,Shrimp Cocktail,Appetizer,5.0,14,70.0,Cash,Takeaway,101,Sarah,11,Friday,12,December,4,False,True,2024-12-06 11:00:00,Lunch,Weekday,High-value record
3979,2024-10-28,11:30:00,Shrimp Cocktail,Appetizer,2.0,14,28.0,Cash,Takeaway,101,Sarah,11,Monday,10,October,0,False,False,2024-10-28 11:00:00,Lunch,Weekday,Other record
3980,2024-07-24,21:15:00,Truffle Fries,Side,2.0,8,16.0,Mobile Payment,Delivery,102,Jake,21,Wednesday,7,July,2,False,False,2024-07-24 21:00:00,Dinner,Weekday,Other record
3981,2024-04-30,16:45:00,Bourbon BBQ Burger,Entree,2.0,22,44.0,Credit Card,Delivery,102,Jake,16,Tuesday,4,April,1,False,False,2024-04-30 16:00:00,Lunch,Weekday,Other record
3982,2024-01-07,12:00:00,Ribeye Steak,Entree,1.0,35,35.0,Mobile Payment,Dine-In,105,Nina,12,Sunday,1,January,6,True,False,2024-01-07 12:00:00,Lunch,Weekend,Other record
3983,2024-10-31,20:15:00,Filet Mignon,Entree,9.0,42,378.0,Credit Card,Delivery,101,Sarah,20,Thursday,10,October,3,False,True,2024-10-31 20:00:00,Dinner,Weekday,High-value record
3984,2024-01-02,15:00:00,New York Strip,Entree,4.0,38,152.0,Mobile Payment,Dine-In,103,Emily,15,Tuesday,1,January,1,False,True,2024-01-02 15:00:00,Lunch,Weekday,High-value record
3985,2024-12-23,15:00:00,Mashed Potatoes,Side,5.0,7,35.0,Mobile Payment,Dine-In,105,Nina,15,Monday,12,December,0,False,False,2024-12-23 15:00:00,Lunch,Weekday,Other record
3986,2024-12-15,11:15:00,Ribeye Steak,Entree,4.0,35,140.0,Mobile Payment,Dine-In,104,Carlos,11,Sunday,12,December,6,True,True,2024-12-15 11:00:00,Lunch,Weekend,High-value record
3987,2024-08-01,17:00:00,Caesar Salad,Appetizer,7.0,10,70.0,Credit Card,Dine-In,105,Nina,17,Thursday,8,August,3,False,True,2024-08-01 17:00:00,Dinner,Weekday,High-value record
3988,2024-11-25,11:00:00,New York Strip,Entree,2.0,38,76.0,Mobile Payment,Delivery,104,Carlos,11,Monday,11,November,0,False,True,2024-11-25 11:00:00,Lunch,Weekday,High-value record
3989,2024-09-23,12:30:00,Chocolate Lava Cake,Dessert,3.0,9,27.0,Credit Card,Delivery,103,Emily,12,Monday,9,September,0,False,False,2024-09-23 12:00:00,Lunch,Weekday,Other record
3990,2024-08-22,11:30:00,Truffle Fries,Side,2.0,8,16.0,Cash,Dine-In,101,Sarah,11,Thursday,8,August,3,False,False,2024-08-22 11:00:00,Lunch,Weekday,Other record
3991,2024-06-27,21:15:00,Bourbon BBQ Burger,Entree,3.0,22,66.0,Cash,Delivery,104,Carlos,21,Thursday,6,June,3,False,True,2024-06-27 21:00:00,Dinner,Weekday,High-value record
3992,2024-09-11,14:45:00,Chocolate Lava Cake,Dessert,5.0,9,45.0,Credit Card,Dine-In,101,Sarah,14,Wednesday,9,September,2,False,False,2024-09-11 14:00:00,Lunch,Weekday,Other record
3993,2024-10-12,20:00:00,Truffle Fries,Side,5.0,8,40.0,Cash,Delivery,104,Carlos,20,Saturday,10,October,5,True,False,2024-10-12 20:00:00,Dinner,Weekend,Other record
3994,2024-11-06,14:45:00,Grilled Asparagus,Side,3.0,8,24.0,Mobile Payment,Dine-In,101,Sarah,14,Wednesday,11,November,2,False,False,2024-11-06 14:00:00,Lunch,Weekday,Other record
3995,2024-07-26,18:45:00,Old Fashioned,Beverage,2.0,12,24.0,Mobile Payment,Takeaway,104,Carlos,18,Friday,7,July,4,False,False,2024-07-26 18:00:00,Dinner,Weekday,Other record
3996,2024-07-22,13:15:00,Grilled Asparagus,Side,2.0,8,16.0,Credit Card,Delivery,105,Nina,13,Monday,7,July,0,False,False,2024-07-22 13:00:00,Lunch,Weekday,Other record
3997,2024-12-06,21:30:00,Ribeye Steak,Entree,2.0,35,70.0,Mobile Payment,Delivery,104,Carlos,21,Friday,12,December,4,False,True,2024-12-06 21:00:00,Dinner,Weekday,High-value record
3998,2024-11-23,13:45:00,Grilled Asparagus,Side,3.0,8,24.0,Mobile Payment,Dine-In,102,Jake,13,Saturday,11,November,5,True,False,2024-11-23 13:00:00,Lunch,Weekend,Other record
3999,2024-08-05,17:45:00,Old Fashioned,Beverage,10.0,12,120.0,Mobile Payment,Delivery,101,Sarah,17,Monday,8,August,0,False,True,2024-08-05 17:00:00,Dinner,Weekday,High-value record
4000,2024-10-18,22:15:00,Old Fashioned,Beverage,7.0,12,84.0,Cash,Takeaway,103,Emily,22,Friday,10,October,4,False,True,2024-10-18 22:00:00,Dinner,Weekday,High-value record
4001,2024-03-27,13:00:00,Old Fashioned,Beverage,4.0,12,48.0,Mobile Payment,Delivery,102,Jake,13,Wednesday,3,March,2,False,False,2024-03-27 13:00:00,Lunch,Weekday,Other record
4002,2024-06-11,20:00:00,New York Strip,Entree,6.0,38,228.0,Credit Card,Delivery,104,Carlos,20,Tuesday,6,June,1,False,True,2024-06-11 20:00:00,Dinner,Weekday,High-value record
4003,2024-09-02,18:15:00,Grilled Asparagus,Side,5.0,8,40.0,Mobile Payment,Takeaway,104,Carlos,18,Monday,9,September,0,False,False,2024-09-02 18:00:00,Dinner,Weekday,Other record
4004,2024-05-31,11:15:00,Cabernet Sauvignon,Beverage,5.0,16,80.0,Mobile Payment,Delivery,101,Sarah,11,Friday,5,May,4,False,True,2024-05-31 11:00:00,Lunch,Weekday,High-value record
4005,2024-06-11,11:00:00,Truffle Fries,Side,3.0,8,24.0,Cash,Takeaway,101,Sarah,11,Tuesday,6,June,1,False,False,2024-06-11 11:00:00,Lunch,Weekday,Other record
4006,2024-07-17,16:45:00,Cabernet Sauvignon,Beverage,5.0,16,80.0,Cash,Delivery,101,Sarah,16,Wednesday,7,July,2,False,True,2024-07-17 16:00:00,Lunch,Weekday,High-value record
4007,2024-03-12,20:30:00,Grilled Asparagus,Side,7.0,8,56.0,Cash,Delivery,105,Nina,20,Tuesday,3,March,1,False,False,2024-03-12 20:00:00,Dinner,Weekday,Other record
4008,2024-08-13,12:00:00,Shrimp Cocktail,Appetizer,5.0,14,70.0,Credit Card,Dine-In,101,Sarah,12,Tuesday,8,August,1,False,True,2024-08-13 12:00:00,Lunch,Weekday,High-value record
4009,2024-11-29,16:00:00,Ribeye Steak,Entree,8.0,35,280.0,Cash,Takeaway,103,Emily,16,Friday,11,November,4,False,True,2024-11-29 16:00:00,Lunch,Weekday,High-value record
4010,2024-10-31,22:15:00,Cabernet Sauvignon,Beverage,9.0,16,144.0,Mobile Payment,Takeaway,103,Emily,22,Thursday,10,October,3,False,True,2024-10-31 22:00:00,Dinner,Weekday,High-value record
4011,2024-11-23,18:00:00,Bourbon BBQ Burger,Entree,4.0,22,88.0,Mobile Payment,Dine-In,102,Jake,18,Saturday,11,November,5,True,True,2024-11-23 18:00:00,Dinner,Weekend,High-value record
4012,2024-10-28,14:00:00,Filet Mignon,Entree,1.0,42,42.0,Mobile Payment,Dine-In,103,Emily,14,Monday,10,October,0,False,False,2024-10-28 14:00:00,Lunch,Weekday,Other record
4013,2024-11-20,11:00:00,Bourbon BBQ Burger,Entree,4.0,22,88.0,Credit Card,Delivery,101,Sarah,11,Wednesday,11,November,2,False,True,2024-11-20 11:00:00,Lunch,Weekday,High-value record
4014,2024-09-09,15:15:00,Chocolate Lava Cake,Dessert,1.0,9,9.0,Credit Card,Delivery,105,Nina,15,Monday,9,September,0,False,False,2024-09-09 15:00:00,Lunch,Weekday,Other record
4015,2024-06-25,13:15:00,New York Strip,Entree,2.0,38,76.0,Cash,Takeaway,105,Nina,13,Tuesday,6,June,1,False,True,2024-06-25 13:00:00,Lunch,Weekday,High-value record
4016,2024-04-17,12:00:00,Grilled Asparagus,Side,2.0,8,16.0,Cash,Dine-In,104,Carlos,12,Wednesday,4,April,2,False,False,2024-04-17 12:00:00,Lunch,Weekday,Other record
4017,2024-11-23,14:00:00,New York Strip,Entree,6.0,38,228.0,Cash,Takeaway,104,Carlos,14,Saturday,11,November,5,True,True,2024-11-23 14:00:00,Lunch,Weekend,High-value record
4018,2024-03-12,15:45:00,Mashed Potatoes,Side,2.0,7,14.0,Credit Card,Delivery,103,Emily,15,Tuesday,3,March,1,False,False,2024-03-12 15:00:00,Lunch,Weekday,Other record
4019,2024-01-13,22:30:00,Old Fashioned,Beverage,2.0,12,24.0,Mobile Payment,Takeaway,103,Emily,22,Saturday,1,January,5,True,False,2024-01-13 22:00:00,Dinner,Weekend,Other record
4020,2024-07-19,21:30:00,Grilled Asparagus,Side,7.0,8,56.0,Credit Card,Dine-In,104,Carlos,21,Friday,7,July,4,False,False,2024-07-19 21:00:00,Dinner,Weekday,Other record
4021,2024-10-04,18:15:00,Mashed Potatoes,Side,5.0,7,35.0,Credit Card,Takeaway,102,Jake,18,Friday,10,October,4,False,False,2024-10-04 18:00:00,Dinner,Weekday,Other record
4022,2024-05-10,16:00:00,Shrimp Cocktail,Appetizer,6.0,14,84.0,Mobile Payment,Takeaway,105,Nina,16,Friday,5,May,4,False,True,2024-05-10 16:00:00,Lunch,Weekday,High-value record
4023,2024-10-01,21:45:00,Mashed Potatoes,Side,11.0,7,77.0,Cash,Delivery,103,Emily,21,Tuesday,10,October,1,False,True,2024-10-01 21:00:00,Dinner,Weekday,High-value record
4024,2024-09-16,14:30:00,Cabernet Sauvignon,Beverage,2.0,16,32.0,Mobile Payment,Takeaway,105,Nina,14,Monday,9,September,0,False,False,2024-09-16 14:00:00,Lunch,Weekday,Other record
4025,2024-08-07,21:15:00,Grilled Asparagus,Side,8.0,8,64.0,Cash,Takeaway,104,Carlos,21,Wednesday,8,August,2,False,True,2024-08-07 21:00:00,Dinner,Weekday,High-value record
4026,2024-06-02,19:30:00,Caesar Salad,Appetizer,4.0,10,40.0,Cash,Delivery,104,Carlos,19,Sunday,6,June,6,True,False,2024-06-02 19:00:00,Dinner,Weekend,Other record
4027,2024-08-30,16:45:00,Ribeye Steak,Entree,8.0,35,280.0,Mobile Payment,Takeaway,102,Jake,16,Friday,8,August,4,False,True,2024-08-30 16:00:00,Lunch,Weekday,High-value record
4028,2024-03-22,21:45:00,Chocolate Lava Cake,Dessert,11.0,9,99.0,Cash,Delivery,103,Emily,21,Friday,3,March,4,False,True,2024-03-22 21:00:00,Dinner,Weekday,High-value record
4029,2024-06-02,14:45:00,Chocolate Lava Cake,Dessert,3.0,9,27.0,Mobile Payment,Dine-In,103,Emily,14,Sunday,6,June,6,True,False,2024-06-02 14:00:00,Lunch,Weekend,Other record
4030,2024-01-13,22:30:00,Mashed Potatoes,Side,2.0,7,14.0,Credit Card,Delivery,101,Sarah,22,Saturday,1,January,5,True,False,2024-01-13 22:00:00,Dinner,Weekend,Other record
4031,2024-11-01,13:30:00,Grilled Asparagus,Side,7.0,8,56.0,Cash,Delivery,101,Sarah,13,Friday,11,November,4,False,False,2024-11-01 13:00:00,Lunch,Weekday,Other record
4032,2024-01-27,18:15:00,Shrimp Cocktail,Appetizer,3.0,14,42.0,Mobile Payment,Dine-In,105,Nina,18,Saturday,1,January,5,True,False,2024-01-27 18:00:00,Dinner,Weekend,Other record
4033,2024-01-24,22:45:00,Old Fashioned,Beverage,3.0,12,36.0,Mobile Payment,Takeaway,102,Jake,22,Wednesday,1,January,2,False,False,2024-01-24 22:00:00,Dinner,Weekday,Other record
4034,2024-10-29,16:30:00,Bourbon BBQ Burger,Entree,3.0,22,66.0,Mobile Payment,Delivery,101,Sarah,16,Tuesday,10,October,1,False,True,2024-10-29 16:00:00,Lunch,Weekday,High-value record
4035,2024-05-03,19:00:00,Filet Mignon,Entree,6.0,42,252.0,Cash,Takeaway,105,Nina,19,Friday,5,May,4,False,True,2024-05-03 19:00:00,Dinner,Weekday,High-value record
4036,2024-06-28,12:30:00,Ribeye Steak,Entree,3.0,35,105.0,Mobile Payment,Delivery,101,Sarah,12,Friday,6,June,4,False,True,2024-06-28 12:00:00,Lunch,Weekday,High-value record
4037,2024-06-02,16:00:00,Bourbon BBQ Burger,Entree,2.0,22,44.0,Mobile Payment,Dine-In,103,Emily,16,Sunday,6,June,6,True,False,2024-06-02 16:00:00,Lunch,Weekend,Other record
4038,2024-04-17,16:15:00,Filet Mignon,Entree,2.0,42,84.0,Credit Card,Delivery,103,Emily,16,Wednesday,4,April,2,False,True,2024-04-17 16:00:00,Lunch,Weekday,High-value record
4039,2024-12-16,21:15:00,Caesar Salad,Appetizer,8.0,10,80.0,Mobile Payment,Takeaway,102,Jake,21,Monday,12,December,0,False,True,2024-12-16 21:00:00,Dinner,Weekday,High-value record
4040,2024-02-10,22:00:00,Filet Mignon,Entree,4.0,42,168.0,Cash,Delivery,103,Emily,22,Saturday,2,February,5,True,True,2024-02-10 22:00:00,Dinner,Weekend,High-value record
4041,2024-10-21,11:30:00,New York Strip,Entree,5.0,38,190.0,Credit Card,Dine-In,104,Carlos,11,Monday,10,October,0,False,True,2024-10-21 11:00:00,Lunch,Weekday,High-value record
4042,2024-05-15,13:45:00,Bourbon BBQ Burger,Entree,4.0,22,88.0,Cash,Delivery,103,Emily,13,Wednesday,5,May,2,False,True,2024-05-15 13:00:00,Lunch,Weekday,High-value record
4043,2024-02-26,22:00:00,Cabernet Sauvignon,Beverage,7.0,16,112.0,Credit Card,Dine-In,105,Nina,22,Monday,2,February,0,False,True,2024-02-26 22:00:00,Dinner,Weekday,High-value record
4044,2024-04-08,19:30:00,Mashed Potatoes,Side,7.0,7,49.0,Credit Card,Dine-In,103,Emily,19,Monday,4,April,0,False,False,2024-04-08 19:00:00,Dinner,Weekday,Other record
4045,2024-11-19,17:00:00,Chocolate Lava Cake,Dessert,2.0,9,18.0,Mobile Payment,Dine-In,103,Emily,17,Tuesday,11,November,1,False,False,2024-11-19 17:00:00,Dinner,Weekday,Other record
4046,2024-02-18,12:45:00,Bourbon BBQ Burger,Entree,3.0,22,66.0,Credit Card,Takeaway,103,Emily,12,Sunday,2,February,6,True,True,2024-02-18 12:00:00,Lunch,Weekend,High-value record
4047,2024-12-16,14:45:00,Truffle Fries,Side,1.0,8,8.0,Credit Card,Dine-In,104,Carlos,14,Monday,12,December,0,False,False,2024-12-16 14:00:00,Lunch,Weekday,Other record
4048,2024-04-05,19:00:00,Grilled Asparagus,Side,9.0,8,72.0,Cash,Dine-In,104,Carlos,19,Friday,4,April,4,False,True,2024-04-05 19:00:00,Dinner,Weekday,High-value record
4049,2024-05-08,17:00:00,New York Strip,Entree,2.0,38,76.0,Mobile Payment,Takeaway,104,Carlos,17,Wednesday,5,May,2,False,True,2024-05-08 17:00:00,Dinner,Weekday,High-value record
4050,2024-07-10,17:15:00,Grilled Asparagus,Side,7.0,8,56.0,Cash,Dine-In,104,Carlos,17,Wednesday,7,July,2,False,False,2024-07-10 17:00:00,Dinner,Weekday,Other record
4051,2024-01-15,19:30:00,Cabernet Sauvignon,Beverage,2.0,16,32.0,Mobile Payment,Delivery,104,Carlos,19,Monday,1,January,0,False,False,2024-01-15 19:00:00,Dinner,Weekday,Other record
4052,2024-07-19,13:00:00,Chocolate Lava Cake,Dessert,7.0,9,63.0,Cash,Takeaway,105,Nina,13,Friday,7,July,4,False,True,2024-07-19 13:00:00,Lunch,Weekday,High-value record
4053,2024-04-29,12:45:00,Caesar Salad,Appetizer,1.0,10,10.0,Cash,Delivery,105,Nina,12,Monday,4,April,0,False,False,2024-04-29 12:00:00,Lunch,Weekday,Other record
4054,2024-06-21,12:45:00,Truffle Fries,Side,7.0,8,56.0,Cash,Takeaway,103,Emily,12,Friday,6,June,4,False,False,2024-06-21 12:00:00,Lunch,Weekday,Other record
4055,2024-01-17,22:30:00,Truffle Fries,Side,8.0,8,64.0,Mobile Payment,Delivery,102,Jake,22,Wednesday,1,January,2,False,True,2024-01-17 22:00:00,Dinner,Weekday,High-value record
4056,2024-03-05,21:45:00,Old Fashioned,Beverage,4.0,12,48.0,Mobile Payment,Dine-In,102,Jake,21,Tuesday,3,March,1,False,False,2024-03-05 21:00:00,Dinner,Weekday,Other record
4057,2024-04-20,15:15:00,Cabernet Sauvignon,Beverage,10.0,16,160.0,Mobile Payment,Dine-In,103,Emily,15,Saturday,4,April,5,True,True,2024-04-20 15:00:00,Lunch,Weekend,High-value record
4058,2024-09-14,16:00:00,Bourbon BBQ Burger,Entree,5.0,22,110.0,Mobile Payment,Dine-In,101,Sarah,16,Saturday,9,September,5,True,True,2024-09-14 16:00:00,Lunch,Weekend,High-value record
4059,2024-03-15,16:15:00,Grilled Asparagus,Side,5.0,8,40.0,Credit Card,Dine-In,102,Jake,16,Friday,3,March,4,False,False,2024-03-15 16:00:00,Lunch,Weekday,Other record
4060,2024-10-10,13:15:00,Filet Mignon,Entree,2.0,42,84.0,Credit Card,Dine-In,104,Carlos,13,Thursday,10,October,3,False,True,2024-10-10 13:00:00,Lunch,Weekday,High-value record
4061,2024-07-04,16:45:00,Grilled Asparagus,Side,4.0,8,32.0,Cash,Delivery,105,Nina,16,Thursday,7,July,3,False,False,2024-07-04 16:00:00,Lunch,Weekday,Other record
4062,2024-02-02,12:30:00,Shrimp Cocktail,Appetizer,6.0,14,84.0,Cash,Delivery,103,Emily,12,Friday,2,February,4,False,True,2024-02-02 12:00:00,Lunch,Weekday,High-value record
4063,2024-11-17,15:15:00,Filet Mignon,Entree,5.0,42,210.0,Mobile Payment,Dine-In,103,Emily,15,Sunday,11,November,6,True,True,2024-11-17 15:00:00,Lunch,Weekend,High-value record
4064,2024-05-07,17:30:00,Caesar Salad,Appetizer,2.0,10,20.0,Cash,Delivery,102,Jake,17,Tuesday,5,May,1,False,False,2024-05-07 17:00:00,Dinner,Weekday,Other record
4065,2024-12-06,20:45:00,Old Fashioned,Beverage,2.0,12,24.0,Mobile Payment,Delivery,101,Sarah,20,Friday,12,December,4,False,False,2024-12-06 20:00:00,Dinner,Weekday,Other record
4066,2024-06-13,11:45:00,New York Strip,Entree,4.0,38,152.0,Cash,Delivery,104,Carlos,11,Thursday,6,June,3,False,True,2024-06-13 11:00:00,Lunch,Weekday,High-value record
4067,2024-11-05,13:45:00,Mashed Potatoes,Side,1.0,7,7.0,Credit Card,Dine-In,102,Jake,13,Tuesday,11,November,1,False,False,2024-11-05 13:00:00,Lunch,Weekday,Other record
4068,2024-09-17,12:45:00,New York Strip,Entree,6.0,38,228.0,Cash,Delivery,101,Sarah,12,Tuesday,9,September,1,False,True,2024-09-17 12:00:00,Lunch,Weekday,High-value record
4069,2024-09-14,18:15:00,Chocolate Lava Cake,Dessert,4.0,9,36.0,Cash,Dine-In,105,Nina,18,Saturday,9,September,5,True,False,2024-09-14 18:00:00,Dinner,Weekend,Other record
4070,2024-10-08,14:45:00,Chocolate Lava Cake,Dessert,1.0,9,9.0,Credit Card,Takeaway,102,Jake,14,Tuesday,10,October,1,False,False,2024-10-08 14:00:00,Lunch,Weekday,Other record
4071,2024-12-13,18:45:00,Old Fashioned,Beverage,2.0,12,24.0,Cash,Takeaway,102,Jake,18,Friday,12,December,4,False,False,2024-12-13 18:00:00,Dinner,Weekday,Other record
4072,2024-10-16,19:45:00,Old Fashioned,Beverage,2.0,12,24.0,Credit Card,Delivery,103,Emily,19,Wednesday,10,October,2,False,False,2024-10-16 19:00:00,Dinner,Weekday,Other record
4073,2024-06-26,20:00:00,Mashed Potatoes,Side,4.0,7,28.0,Cash,Takeaway,103,Emily,20,Wednesday,6,June,2,False,False,2024-06-26 20:00:00,Dinner,Weekday,Other record
4074,2024-06-11,11:00:00,New York Strip,Entree,1.0,38,38.0,Cash,Delivery,104,Carlos,11,Tuesday,6,June,1,False,False,2024-06-11 11:00:00,Lunch,Weekday,Other record
4075,2024-09-23,14:45:00,Cabernet Sauvignon,Beverage,4.0,16,64.0,Cash,Dine-In,103,Emily,14,Monday,9,September,0,False,True,2024-09-23 14:00:00,Lunch,Weekday,High-value record
4076,2024-11-22,16:00:00,New York Strip,Entree,7.0,38,266.0,Credit Card,Delivery,104,Carlos,16,Friday,11,November,4,False,True,2024-11-22 16:00:00,Lunch,Weekday,High-value record
4077,2024-08-19,17:00:00,Caesar Salad,Appetizer,2.0,10,20.0,Credit Card,Dine-In,105,Nina,17,Monday,8,August,0,False,False,2024-08-19 17:00:00,Dinner,Weekday,Other record
4078,2024-04-15,15:45:00,Bourbon BBQ Burger,Entree,4.0,22,88.0,Mobile Payment,Takeaway,103,Emily,15,Monday,4,April,0,False,True,2024-04-15 15:00:00,Lunch,Weekday,High-value record
4079,2024-11-16,12:15:00,Caesar Salad,Appetizer,8.0,10,80.0,Mobile Payment,Delivery,101,Sarah,12,Saturday,11,November,5,True,True,2024-11-16 12:00:00,Lunch,Weekend,High-value record
4080,2024-01-23,12:15:00,Cabernet Sauvignon,Beverage,2.0,16,32.0,Credit Card,Dine-In,101,Sarah,12,Tuesday,1,January,1,False,False,2024-01-23 12:00:00,Lunch,Weekday,Other record
4081,2024-01-25,16:00:00,Caesar Salad,Appetizer,2.0,10,20.0,Credit Card,Takeaway,101,Sarah,16,Thursday,1,January,3,False,False,2024-01-25 16:00:00,Lunch,Weekday,Other record
4082,2024-02-21,19:30:00,New York Strip,Entree,4.0,38,152.0,Cash,Dine-In,102,Jake,19,Wednesday,2,February,2,False,True,2024-02-21 19:00:00,Dinner,Weekday,High-value record
4083,2024-10-01,21:15:00,Mashed Potatoes,Side,4.0,7,28.0,Cash,Dine-In,105,Nina,21,Tuesday,10,October,1,False,False,2024-10-01 21:00:00,Dinner,Weekday,Other record
4084,2024-04-10,21:00:00,Bourbon BBQ Burger,Entree,7.0,22,154.0,Mobile Payment,Dine-In,104,Carlos,21,Wednesday,4,April,2,False,True,2024-04-10 21:00:00,Dinner,Weekday,High-value record
4085,2024-04-23,17:00:00,Caesar Salad,Appetizer,11.0,10,110.0,Mobile Payment,Delivery,101,Sarah,17,Tuesday,4,April,1,False,True,2024-04-23 17:00:00,Dinner,Weekday,High-value record
4086,2024-11-28,22:45:00,Caesar Salad,Appetizer,12.0,10,120.0,Mobile Payment,Dine-In,104,Carlos,22,Thursday,11,November,3,False,True,2024-11-28 22:00:00,Dinner,Weekday,High-value record
4087,2024-09-18,20:30:00,Bourbon BBQ Burger,Entree,9.0,22,198.0,Credit Card,Takeaway,102,Jake,20,Wednesday,9,September,2,False,True,2024-09-18 20:00:00,Dinner,Weekday,High-value record
4088,2024-01-24,11:00:00,Mashed Potatoes,Side,2.0,7,14.0,Cash,Takeaway,101,Sarah,11,Wednesday,1,January,2,False,False,2024-01-24 11:00:00,Lunch,Weekday,Other record
4089,2024-01-26,18:00:00,Old Fashioned,Beverage,2.0,12,24.0,Credit Card,Dine-In,103,Emily,18,Friday,1,January,4,False,False,2024-01-26 18:00:00,Dinner,Weekday,Other record
4090,2024-10-14,16:00:00,Bourbon BBQ Burger,Entree,5.0,22,110.0,Mobile Payment,Takeaway,101,Sarah,16,Monday,10,October,0,False,True,2024-10-14 16:00:00,Lunch,Weekday,High-value record
4091,2024-04-02,14:45:00,Ribeye Steak,Entree,4.0,35,140.0,Credit Card,Dine-In,101,Sarah,14,Tuesday,4,April,1,False,True,2024-04-02 14:00:00,Lunch,Weekday,High-value record
4092,2024-10-26,12:30:00,Bourbon BBQ Burger,Entree,6.0,22,132.0,Credit Card,Takeaway,103,Emily,12,Saturday,10,October,5,True,True,2024-10-26 12:00:00,Lunch,Weekend,High-value record
4093,2024-08-03,20:45:00,New York Strip,Entree,10.0,38,380.0,Credit Card,Takeaway,103,Emily,20,Saturday,8,August,5,True,True,2024-08-03 20:00:00,Dinner,Weekend,High-value record
4094,2024-07-18,12:15:00,Old Fashioned,Beverage,4.0,12,48.0,Credit Card,Dine-In,102,Jake,12,Thursday,7,July,3,False,False,2024-07-18 12:00:00,Lunch,Weekday,Other record
4095,2024-08-12,18:00:00,Truffle Fries,Side,10.0,8,80.0,Mobile Payment,Takeaway,102,Jake,18,Monday,8,August,0,False,True,2024-08-12 18:00:00,Dinner,Weekday,High-value record
4096,2024-08-05,14:30:00,Grilled Asparagus,Side,1.0,8,8.0,Cash,Delivery,104,Carlos,14,Monday,8,August,0,False,False,2024-08-05 14:00:00,Lunch,Weekday,Other record
4097,2024-07-14,18:15:00,Ribeye Steak,Entree,6.0,35,210.0,Credit Card,Takeaway,102,Jake,18,Sunday,7,July,6,True,True,2024-07-14 18:00:00,Dinner,Weekend,High-value record
4098,2024-08-22,12:15:00,Cabernet Sauvignon,Beverage,5.0,16,80.0,Credit Card,Delivery,103,Emily,12,Thursday,8,August,3,False,True,2024-08-22 12:00:00,Lunch,Weekday,High-value record
4099,2024-01-24,13:15:00,Caesar Salad,Appetizer,3.0,10,30.0,Mobile Payment,Takeaway,101,Sarah,13,Wednesday,1,January,2,False,False,2024-01-24 13:00:00,Lunch,Weekday,Other record
4100,2024-06-03,15:45:00,Grilled Asparagus,Side,2.0,8,16.0,Credit Card,Takeaway,102,Jake,15,Monday,6,June,0,False,False,2024-06-03 15:00:00,Lunch,Weekday,Other record
4101,2024-04-21,11:30:00,Bourbon BBQ Burger,Entree,1.0,22,22.0,Cash,Takeaway,104,Carlos,11,Sunday,4,April,6,True,False,2024-04-21 11:00:00,Lunch,Weekend,Other record
4102,2024-02-19,21:30:00,New York Strip,Entree,2.0,38,76.0,Credit Card,Dine-In,103,Emily,21,Monday,2,February,0,False,True,2024-02-19 21:00:00,Dinner,Weekday,High-value record
4103,2024-09-18,14:00:00,Chocolate Lava Cake,Dessert,4.0,9,36.0,Mobile Payment,Delivery,104,Carlos,14,Wednesday,9,September,2,False,False,2024-09-18 14:00:00,Lunch,Weekday,Other record
4104,2024-04-16,17:30:00,Old Fashioned,Beverage,2.0,12,24.0,Credit Card,Takeaway,103,Emily,17,Tuesday,4,April,1,False,False,2024-04-16 17:00:00,Dinner,Weekday,Other record
4105,2024-07-12,19:45:00,Chocolate Lava Cake,Dessert,12.0,9,108.0,Credit Card,Dine-In,102,Jake,19,Friday,7,July,4,False,True,2024-07-12 19:00:00,Dinner,Weekday,High-value record
4106,2024-07-12,19:15:00,Ribeye Steak,Entree,2.0,35,70.0,Credit Card,Delivery,102,Jake,19,Friday,7,July,4,False,True,2024-07-12 19:00:00,Dinner,Weekday,High-value record
4107,2024-09-06,21:15:00,Grilled Asparagus,Side,3.0,8,24.0,Mobile Payment,Dine-In,103,Emily,21,Friday,9,September,4,False,False,2024-09-06 21:00:00,Dinner,Weekday,Other record
4108,2024-10-22,13:15:00,Truffle Fries,Side,5.0,8,40.0,Cash,Delivery,102,Jake,13,Tuesday,10,October,1,False,False,2024-10-22 13:00:00,Lunch,Weekday,Other record
4109,2024-09-04,11:45:00,Mashed Potatoes,Side,5.0,7,35.0,Cash,Takeaway,101,Sarah,11,Wednesday,9,September,2,False,False,2024-09-04 11:00:00,Lunch,Weekday,Other record
4110,2024-01-23,15:00:00,Grilled Asparagus,Side,2.0,8,16.0,Mobile Payment,Dine-In,101,Sarah,15,Tuesday,1,January,1,False,False,2024-01-23 15:00:00,Lunch,Weekday,Other record
4111,2024-10-05,18:15:00,New York Strip,Entree,10.0,38,380.0,Cash,Takeaway,104,Carlos,18,Saturday,10,October,5,True,True,2024-10-05 18:00:00,Dinner,Weekend,High-value record
4112,2024-03-04,19:15:00,Ribeye Steak,Entree,2.0,35,70.0,Mobile Payment,Dine-In,104,Carlos,19,Monday,3,March,0,False,True,2024-03-04 19:00:00,Dinner,Weekday,High-value record
4113,2024-12-22,20:45:00,Bourbon BBQ Burger,Entree,2.0,22,44.0,Credit Card,Takeaway,104,Carlos,20,Sunday,12,December,6,True,False,2024-12-22 20:00:00,Dinner,Weekend,Other record
4114,2024-09-26,20:30:00,Chocolate Lava Cake,Dessert,7.0,9,63.0,Credit Card,Delivery,105,Nina,20,Thursday,9,September,3,False,True,2024-09-26 20:00:00,Dinner,Weekday,High-value record
4115,2024-08-17,20:00:00,Mashed Potatoes,Side,4.0,7,28.0,Cash,Dine-In,104,Carlos,20,Saturday,8,August,5,True,False,2024-08-17 20:00:00,Dinner,Weekend,Other record
4116,2024-03-04,12:30:00,Cabernet Sauvignon,Beverage,4.0,16,64.0,Credit Card,Takeaway,103,Emily,12,Monday,3,March,0,False,True,2024-03-04 12:00:00,Lunch,Weekday,High-value record
4117,2024-09-21,22:00:00,Cabernet Sauvignon,Beverage,12.0,16,192.0,Mobile Payment,Delivery,101,Sarah,22,Saturday,9,September,5,True,True,2024-09-21 22:00:00,Dinner,Weekend,High-value record
4118,2024-01-05,17:00:00,Old Fashioned,Beverage,5.0,12,60.0,Mobile Payment,Delivery,103,Emily,17,Friday,1,January,4,False,False,2024-01-05 17:00:00,Dinner,Weekday,Other record
4119,2024-07-27,14:00:00,Grilled Asparagus,Side,3.0,8,24.0,Cash,Dine-In,105,Nina,14,Saturday,7,July,5,True,False,2024-07-27 14:00:00,Lunch,Weekend,Other record
4120,2024-08-24,16:30:00,Old Fashioned,Beverage,4.0,12,48.0,Mobile Payment,Takeaway,101,Sarah,16,Saturday,8,August,5,True,False,2024-08-24 16:00:00,Lunch,Weekend,Other record
4121,2024-08-02,20:30:00,Chocolate Lava Cake,Dessert,8.0,9,72.0,Cash,Takeaway,105,Nina,20,Friday,8,August,4,False,True,2024-08-02 20:00:00,Dinner,Weekday,High-value record
4122,2024-09-16,12:00:00,Chocolate Lava Cake,Dessert,2.0,9,18.0,Mobile Payment,Delivery,105,Nina,12,Monday,9,September,0,False,False,2024-09-16 12:00:00,Lunch,Weekday,Other record
4123,2024-11-27,20:00:00,Grilled Asparagus,Side,9.0,8,72.0,Cash,Delivery,101,Sarah,20,Wednesday,11,November,2,False,True,2024-11-27 20:00:00,Dinner,Weekday,High-value record
4124,2024-02-28,14:00:00,Old Fashioned,Beverage,1.0,12,12.0,Credit Card,Takeaway,103,Emily,14,Wednesday,2,February,2,False,False,2024-02-28 14:00:00,Lunch,Weekday,Other record
4125,2024-04-06,21:15:00,Filet Mignon,Entree,7.0,42,294.0,Cash,Delivery,102,Jake,21,Saturday,4,April,5,True,True,2024-04-06 21:00:00,Dinner,Weekend,High-value record
4126,2024-08-03,12:15:00,Filet Mignon,Entree,7.0,42,294.0,Mobile Payment,Delivery,103,Emily,12,Saturday,8,August,5,True,True,2024-08-03 12:00:00,Lunch,Weekend,High-value record
4127,2024-05-17,20:00:00,Ribeye Steak,Entree,6.0,35,210.0,Mobile Payment,Delivery,101,Sarah,20,Friday,5,May,4,False,True,2024-05-17 20:00:00,Dinner,Weekday,High-value record
4128,2024-05-04,18:15:00,Chocolate Lava Cake,Dessert,6.0,9,54.0,Mobile Payment,Takeaway,103,Emily,18,Saturday,5,May,5,True,False,2024-05-04 18:00:00,Dinner,Weekend,Other record
4129,2024-09-21,16:15:00,Mashed Potatoes,Side,8.0,7,56.0,Cash,Delivery,105,Nina,16,Saturday,9,September,5,True,False,2024-09-21 16:00:00,Lunch,Weekend,Other record
4130,2024-10-27,19:00:00,New York Strip,Entree,9.0,38,342.0,Credit Card,Delivery,102,Jake,19,Sunday,10,October,6,True,True,2024-10-27 19:00:00,Dinner,Weekend,High-value record
4131,2024-11-05,21:15:00,New York Strip,Entree,6.0,38,228.0,Credit Card,Dine-In,104,Carlos,21,Tuesday,11,November,1,False,True,2024-11-05 21:00:00,Dinner,Weekday,High-value record
4132,2024-05-19,12:15:00,Mashed Potatoes,Side,5.0,7,35.0,Cash,Delivery,103,Emily,12,Sunday,5,May,6,True,False,2024-05-19 12:00:00,Lunch,Weekend,Other record
4133,2024-09-09,17:15:00,Filet Mignon,Entree,4.0,42,168.0,Mobile Payment,Dine-In,104,Carlos,17,Monday,9,September,0,False,True,2024-09-09 17:00:00,Dinner,Weekday,High-value record
4134,2024-01-20,12:45:00,Caesar Salad,Appetizer,10.0,10,100.0,Mobile Payment,Takeaway,103,Emily,12,Saturday,1,January,5,True,True,2024-01-20 12:00:00,Lunch,Weekend,High-value record
4135,2024-05-12,12:15:00,Truffle Fries,Side,7.5,8,60.0,Credit Card,Takeaway,102,Jake,12,Sunday,5,May,6,True,False,2024-05-12 12:00:00,Lunch,Weekend,Other record
4136,2024-02-18,16:45:00,Caesar Salad,Appetizer,1.0,10,10.0,Mobile Payment,Dine-In,101,Sarah,16,Sunday,2,February,6,True,False,2024-02-18 16:00:00,Lunch,Weekend,Other record
4137,2024-08-28,20:45:00,Cabernet Sauvignon,Beverage,7.0,16,112.0,Mobile Payment,Dine-In,105,Nina,20,Wednesday,8,August,2,False,True,2024-08-28 20:00:00,Dinner,Weekday,High-value record
4138,2024-08-07,22:30:00,Mashed Potatoes,Side,12.0,7,84.0,Mobile Payment,Takeaway,102,Jake,22,Wednesday,8,August,2,False,True,2024-08-07 22:00:00,Dinner,Weekday,High-value record
4139,2024-11-18,15:00:00,Cabernet Sauvignon,Beverage,5.0,16,80.0,Mobile Payment,Dine-In,101,Sarah,15,Monday,11,November,0,False,True,2024-11-18 15:00:00,Lunch,Weekday,High-value record
4140,2024-08-23,18:15:00,Mashed Potatoes,Side,2.0,7,14.0,Credit Card,Takeaway,105,Nina,18,Friday,8,August,4,False,False,2024-08-23 18:00:00,Dinner,Weekday,Other record
4141,2024-02-02,12:15:00,Caesar Salad,Appetizer,6.0,10,60.0,Credit Card,Dine-In,104,Carlos,12,Friday,2,February,4,False,False,2024-02-02 12:00:00,Lunch,Weekday,Other record
4142,2024-08-19,11:45:00,Truffle Fries,Side,2.0,8,16.0,Cash,Takeaway,102,Jake,11,Monday,8,August,0,False,False,2024-08-19 11:00:00,Lunch,Weekday,Other record
4143,2024-12-27,15:00:00,Truffle Fries,Side,3.0,8,24.0,Credit Card,Dine-In,102,Jake,15,Friday,12,December,4,False,False,2024-12-27 15:00:00,Lunch,Weekday,Other record
4144,2024-11-26,13:30:00,Filet Mignon,Entree,6.0,42,252.0,Mobile Payment,Delivery,102,Jake,13,Tuesday,11,November,1,False,True,2024-11-26 13:00:00,Lunch,Weekday,High-value record
4145,2024-02-01,17:15:00,New York Strip,Entree,4.0,38,152.0,Credit Card,Takeaway,103,Emily,17,Thursday,2,February,3,False,True,2024-02-01 17:00:00,Dinner,Weekday,High-value record
4146,2024-01-08,12:00:00,Bourbon BBQ Burger,Entree,3.0,22,66.0,Credit Card,Takeaway,102,Jake,12,Monday,1,January,0,False,True,2024-01-08 12:00:00,Lunch,Weekday,High-value record
4147,2024-05-31,19:30:00,New York Strip,Entree,2.0,38,76.0,Cash,Delivery,103,Emily,19,Friday,5,May,4,False,True,2024-05-31 19:00:00,Dinner,Weekday,High-value record
4148,2024-05-05,16:00:00,Truffle Fries,Side,5.0,8,40.0,Credit Card,Takeaway,104,Carlos,16,Sunday,5,May,6,True,False,2024-05-05 16:00:00,Lunch,Weekend,Other record
4149,2024-06-28,22:00:00,Filet Mignon,Entree,10.0,42,420.0,Credit Card,Delivery,101,Sarah,22,Friday,6,June,4,False,True,2024-06-28 22:00:00,Dinner,Weekday,High-value record
4150,2024-06-21,17:30:00,Ribeye Steak,Entree,10.0,35,350.0,Mobile Payment,Takeaway,101,Sarah,17,Friday,6,June,4,False,True,2024-06-21 17:00:00,Dinner,Weekday,High-value record
4151,2024-06-07,18:30:00,Caesar Salad,Appetizer,11.0,10,110.0,Mobile Payment,Delivery,101,Sarah,18,Friday,6,June,4,False,True,2024-06-07 18:00:00,Dinner,Weekday,High-value record
4152,2024-04-08,18:00:00,Mashed Potatoes,Side,6.0,7,42.0,Mobile Payment,Dine-In,103,Emily,18,Monday,4,April,0,False,False,2024-04-08 18:00:00,Dinner,Weekday,Other record
4153,2024-06-15,12:00:00,Cabernet Sauvignon,Beverage,4.0,16,64.0,Credit Card,Dine-In,101,Sarah,12,Saturday,6,June,5,True,True,2024-06-15 12:00:00,Lunch,Weekend,High-value record
4154,2024-01-14,21:15:00,Mashed Potatoes,Side,8.0,7,56.0,Credit Card,Delivery,103,Emily,21,Sunday,1,January,6,True,False,2024-01-14 21:00:00,Dinner,Weekend,Other record
4155,2024-04-02,22:15:00,Ribeye Steak,Entree,4.0,35,140.0,Cash,Takeaway,104,Carlos,22,Tuesday,4,April,1,False,True,2024-04-02 22:00:00,Dinner,Weekday,High-value record
4156,2024-12-30,17:45:00,Chocolate Lava Cake,Dessert,7.0,9,63.0,Mobile Payment,Dine-In,102,Jake,17,Monday,12,December,0,False,True,2024-12-30 17:00:00,Dinner,Weekday,High-value record
4157,2024-10-18,16:15:00,Caesar Salad,Appetizer,9.0,10,90.0,Credit Card,Dine-In,105,Nina,16,Friday,10,October,4,False,True,2024-10-18 16:00:00,Lunch,Weekday,High-value record
4158,2024-05-08,12:00:00,Bourbon BBQ Burger,Entree,4.0,22,88.0,Cash,Delivery,101,Sarah,12,Wednesday,5,May,2,False,True,2024-05-08 12:00:00,Lunch,Weekday,High-value record
4159,2024-11-14,14:30:00,New York Strip,Entree,3.0,38,114.0,Mobile Payment,Delivery,102,Jake,14,Thursday,11,November,3,False,True,2024-11-14 14:00:00,Lunch,Weekday,High-value record
4160,2024-05-30,11:45:00,Grilled Asparagus,Side,2.0,8,16.0,Mobile Payment,Delivery,102,Jake,11,Thursday,5,May,3,False,False,2024-05-30 11:00:00,Lunch,Weekday,Other record
4161,2024-05-18,17:15:00,Caesar Salad,Appetizer,5.0,10,50.0,Mobile Payment,Delivery,105,Nina,17,Saturday,5,May,5,True,False,2024-05-18 17:00:00,Dinner,Weekend,Other record
4162,2024-11-05,14:15:00,Shrimp Cocktail,Appetizer,2.0,14,28.0,Credit Card,Takeaway,101,Sarah,14,Tuesday,11,November,1,False,False,2024-11-05 14:00:00,Lunch,Weekday,Other record
4163,2024-09-26,17:45:00,Chocolate Lava Cake,Dessert,6.0,9,54.0,Mobile Payment,Dine-In,105,Nina,17,Thursday,9,September,3,False,False,2024-09-26 17:00:00,Dinner,Weekday,Other record
4164,2024-08-10,16:30:00,New York Strip,Entree,5.0,38,190.0,Cash,Delivery,105,Nina,16,Saturday,8,August,5,True,True,2024-08-10 16:00:00,Lunch,Weekend,High-value record
4165,2024-03-31,17:15:00,Cabernet Sauvignon,Beverage,6.0,16,96.0,Credit Card,Dine-In,104,Carlos,17,Sunday,3,March,6,True,True,2024-03-31 17:00:00,Dinner,Weekend,High-value record
4166,2024-05-17,14:30:00,Ribeye Steak,Entree,8.0,35,280.0,Credit Card,Dine-In,105,Nina,14,Friday,5,May,4,False,True,2024-05-17 14:00:00,Lunch,Weekday,High-value record
4167,2024-11-20,19:30:00,Chocolate Lava Cake,Dessert,6.0,9,54.0,Credit Card,Delivery,101,Sarah,19,Wednesday,11,November,2,False,False,2024-11-20 19:00:00,Dinner,Weekday,Other record
4168,2024-05-07,20:45:00,Chocolate Lava Cake,Dessert,8.0,9,72.0,Credit Card,Takeaway,102,Jake,20,Tuesday,5,May,1,False,True,2024-05-07 20:00:00,Dinner,Weekday,High-value record
4169,2024-06-14,20:00:00,Old Fashioned,Beverage,8.0,12,96.0,Credit Card,Dine-In,103,Emily,20,Friday,6,June,4,False,True,2024-06-14 20:00:00,Dinner,Weekday,High-value record
4170,2024-08-22,12:15:00,Ribeye Steak,Entree,1.0,35,35.0,Mobile Payment,Delivery,103,Emily,12,Thursday,8,August,3,False,False,2024-08-22 12:00:00,Lunch,Weekday,Other record
4171,2024-05-20,13:45:00,Caesar Salad,Appetizer,4.0,10,40.0,Credit Card,Delivery,105,Nina,13,Monday,5,May,0,False,False,2024-05-20 13:00:00,Lunch,Weekday,Other record
4172,2024-11-26,17:45:00,Cabernet Sauvignon,Beverage,8.0,16,128.0,Credit Card,Takeaway,105,Nina,17,Tuesday,11,November,1,False,True,2024-11-26 17:00:00,Dinner,Weekday,High-value record
4173,2024-10-02,20:30:00,Old Fashioned,Beverage,2.0,12,24.0,Credit Card,Delivery,101,Sarah,20,Wednesday,10,October,2,False,False,2024-10-02 20:00:00,Dinner,Weekday,Other record
4174,2024-08-22,22:00:00,Grilled Asparagus,Side,11.0,8,88.0,Cash,Dine-In,103,Emily,22,Thursday,8,August,3,False,True,2024-08-22 22:00:00,Dinner,Weekday,High-value record
4175,2024-11-14,18:00:00,Filet Mignon,Entree,2.0,42,84.0,Cash,Delivery,103,Emily,18,Thursday,11,November,3,False,True,2024-11-14 18:00:00,Dinner,Weekday,High-value record
4176,2024-08-17,12:30:00,Grilled Asparagus,Side,7.0,8,56.0,Credit Card,Takeaway,104,Carlos,12,Saturday,8,August,5,True,False,2024-08-17 12:00:00,Lunch,Weekend,Other record
4177,2024-06-15,11:30:00,Filet Mignon,Entree,9.0,42,378.0,Mobile Payment,Delivery,104,Carlos,11,Saturday,6,June,5,True,True,2024-06-15 11:00:00,Lunch,Weekend,High-value record
4178,2024-01-11,21:00:00,Grilled Asparagus,Side,7.0,8,56.0,Mobile Payment,Takeaway,103,Emily,21,Thursday,1,January,3,False,False,2024-01-11 21:00:00,Dinner,Weekday,Other record
4179,2024-10-15,22:15:00,Caesar Salad,Appetizer,6.0,10,60.0,Mobile Payment,Dine-In,103,Emily,22,Tuesday,10,October,1,False,False,2024-10-15 22:00:00,Dinner,Weekday,Other record
4180,2024-11-08,21:45:00,Chocolate Lava Cake,Dessert,10.0,9,90.0,Credit Card,Dine-In,103,Emily,21,Friday,11,November,4,False,True,2024-11-08 21:00:00,Dinner,Weekday,High-value record
4181,2024-06-14,11:30:00,Grilled Asparagus,Side,6.0,8,48.0,Mobile Payment,Delivery,102,Jake,11,Friday,6,June,4,False,False,2024-06-14 11:00:00,Lunch,Weekday,Other record
4182,2024-09-05,16:30:00,Ribeye Steak,Entree,2.0,35,70.0,Mobile Payment,Delivery,103,Emily,16,Thursday,9,September,3,False,True,2024-09-05 16:00:00,Lunch,Weekday,High-value record
4183,2024-04-01,19:45:00,Filet Mignon,Entree,9.0,42,378.0,Mobile Payment,Delivery,105,Nina,19,Monday,4,April,0,False,True,2024-04-01 19:00:00,Dinner,Weekday,High-value record
4184,2024-03-26,16:45:00,Filet Mignon,Entree,3.0,42,126.0,Cash,Dine-In,103,Emily,16,Tuesday,3,March,1,False,True,2024-03-26 16:00:00,Lunch,Weekday,High-value record
4185,2024-01-29,21:15:00,Cabernet Sauvignon,Beverage,6.0,16,96.0,Mobile Payment,Takeaway,104,Carlos,21,Monday,1,January,0,False,True,2024-01-29 21:00:00,Dinner,Weekday,High-value record
4186,2024-03-29,17:30:00,Cabernet Sauvignon,Beverage,2.0,16,32.0,Mobile Payment,Takeaway,102,Jake,17,Friday,3,March,4,False,False,2024-03-29 17:00:00,Dinner,Weekday,Other record
4187,2024-09-21,21:30:00,Chocolate Lava Cake,Dessert,5.0,9,45.0,Mobile Payment,Takeaway,105,Nina,21,Saturday,9,September,5,True,False,2024-09-21 21:00:00,Dinner,Weekend,Other record
4188,2024-01-27,21:45:00,Caesar Salad,Appetizer,5.0,10,50.0,Mobile Payment,Takeaway,102,Jake,21,Saturday,1,January,5,True,False,2024-01-27 21:00:00,Dinner,Weekend,Other record
4189,2024-01-10,22:00:00,Ribeye Steak,Entree,2.0,35,70.0,Cash,Takeaway,105,Nina,22,Wednesday,1,January,2,False,True,2024-01-10 22:00:00,Dinner,Weekday,High-value record
4190,2024-10-22,17:30:00,Filet Mignon,Entree,9.0,42,378.0,Mobile Payment,Dine-In,101,Sarah,17,Tuesday,10,October,1,False,True,2024-10-22 17:00:00,Dinner,Weekday,High-value record
4191,2024-05-30,21:30:00,New York Strip,Entree,9.0,38,342.0,Credit Card,Takeaway,105,Nina,21,Thursday,5,May,3,False,True,2024-05-30 21:00:00,Dinner,Weekday,High-value record
4192,2024-07-11,18:00:00,Caesar Salad,Appetizer,7.0,10,70.0,Credit Card,Takeaway,102,Jake,18,Thursday,7,July,3,False,True,2024-07-11 18:00:00,Dinner,Weekday,High-value record
4193,2024-01-27,14:45:00,Caesar Salad,Appetizer,5.0,10,50.0,Credit Card,Delivery,103,Emily,14,Saturday,1,January,5,True,False,2024-01-27 14:00:00,Lunch,Weekend,Other record
4194,2024-04-18,21:30:00,Grilled Asparagus,Side,12.0,8,96.0,Mobile Payment,Takeaway,102,Jake,21,Thursday,4,April,3,False,True,2024-04-18 21:00:00,Dinner,Weekday,High-value record
4195,2024-04-29,12:00:00,Bourbon BBQ Burger,Entree,2.0,22,44.0,Cash,Dine-In,103,Emily,12,Monday,4,April,0,False,False,2024-04-29 12:00:00,Lunch,Weekday,Other record
4196,2024-08-13,21:45:00,Filet Mignon,Entree,7.0,42,294.0,Mobile Payment,Delivery,101,Sarah,21,Tuesday,8,August,1,False,True,2024-08-13 21:00:00,Dinner,Weekday,High-value record
4197,2024-08-17,14:00:00,Old Fashioned,Beverage,5.0,12,60.0,Credit Card,Takeaway,104,Carlos,14,Saturday,8,August,5,True,False,2024-08-17 14:00:00,Lunch,Weekend,Other record
4198,2024-08-24,17:15:00,Bourbon BBQ Burger,Entree,8.0,22,176.0,Cash,Takeaway,102,Jake,17,Saturday,8,August,5,True,True,2024-08-24 17:00:00,Dinner,Weekend,High-value record
4199,2024-07-19,18:30:00,Truffle Fries,Side,2.0,8,16.0,Mobile Payment,Delivery,105,Nina,18,Friday,7,July,4,False,False,2024-07-19 18:00:00,Dinner,Weekday,Other record
4200,2024-11-05,18:45:00,Shrimp Cocktail,Appetizer,9.0,14,126.0,Credit Card,Delivery,103,Emily,18,Tuesday,11,November,1,False,True,2024-11-05 18:00:00,Dinner,Weekday,High-value record
4201,2024-12-16,15:15:00,Shrimp Cocktail,Appetizer,5.0,14,70.0,Mobile Payment,Takeaway,102,Jake,15,Monday,12,December,0,False,True,2024-12-16 15:00:00,Lunch,Weekday,High-value record
4202,2024-10-27,16:15:00,Old Fashioned,Beverage,4.0,12,48.0,Credit Card,Dine-In,102,Jake,16,Sunday,10,October,6,True,False,2024-10-27 16:00:00,Lunch,Weekend,Other record
4203,2024-08-31,17:45:00,Grilled Asparagus,Side,12.0,8,96.0,Credit Card,Takeaway,101,Sarah,17,Saturday,8,August,5,True,True,2024-08-31 17:00:00,Dinner,Weekend,High-value record
4204,2024-05-15,13:00:00,Old Fashioned,Beverage,4.0,12,48.0,Credit Card,Takeaway,101,Sarah,13,Wednesday,5,May,2,False,False,2024-05-15 13:00:00,Lunch,Weekday,Other record
4205,2024-06-06,20:45:00,Mashed Potatoes,Side,3.0,7,21.0,Credit Card,Dine-In,101,Sarah,20,Thursday,6,June,3,False,False,2024-06-06 20:00:00,Dinner,Weekday,Other record
4206,2024-06-11,18:15:00,Bourbon BBQ Burger,Entree,4.0,22,88.0,Cash,Delivery,105,Nina,18,Tuesday,6,June,1,False,True,2024-06-11 18:00:00,Dinner,Weekday,High-value record
4207,2024-01-30,11:00:00,Chocolate Lava Cake,Dessert,3.0,9,27.0,Mobile Payment,Dine-In,104,Carlos,11,Tuesday,1,January,1,False,False,2024-01-30 11:00:00,Lunch,Weekday,Other record
4208,2024-07-09,17:30:00,Truffle Fries,Side,8.0,8,64.0,Cash,Dine-In,103,Emily,17,Tuesday,7,July,1,False,True,2024-07-09 17:00:00,Dinner,Weekday,High-value record
4209,2024-05-14,16:15:00,Cabernet Sauvignon,Beverage,3.0,16,48.0,Mobile Payment,Delivery,104,Carlos,16,Tuesday,5,May,1,False,False,2024-05-14 16:00:00,Lunch,Weekday,Other record
4210,2024-07-06,14:30:00,New York Strip,Entree,3.0,38,114.0,Mobile Payment,Dine-In,104,Carlos,14,Saturday,7,July,5,True,True,2024-07-06 14:00:00,Lunch,Weekend,High-value record
4211,2024-08-08,11:00:00,Ribeye Steak,Entree,3.0,35,105.0,Credit Card,Dine-In,105,Nina,11,Thursday,8,August,3,False,True,2024-08-08 11:00:00,Lunch,Weekday,High-value record
4212,2024-02-10,12:00:00,Truffle Fries,Side,4.0,8,32.0,Credit Card,Delivery,103,Emily,12,Saturday,2,February,5,True,False,2024-02-10 12:00:00,Lunch,Weekend,Other record
4213,2024-08-03,12:00:00,Chocolate Lava Cake,Dessert,8.0,9,72.0,Mobile Payment,Delivery,105,Nina,12,Saturday,8,August,5,True,True,2024-08-03 12:00:00,Lunch,Weekend,High-value record
4214,2024-07-23,16:00:00,Filet Mignon,Entree,5.0,42,210.0,Cash,Delivery,103,Emily,16,Tuesday,7,July,1,False,True,2024-07-23 16:00:00,Lunch,Weekday,High-value record
4215,2024-09-14,14:45:00,Shrimp Cocktail,Appetizer,6.0,14,84.0,Credit Card,Dine-In,103,Emily,14,Saturday,9,September,5,True,True,2024-09-14 14:00:00,Lunch,Weekend,High-value record
4216,2024-06-05,18:45:00,Grilled Asparagus,Side,2.0,8,16.0,Mobile Payment,Delivery,104,Carlos,18,Wednesday,6,June,2,False,False,2024-06-05 18:00:00,Dinner,Weekday,Other record
4217,2024-09-18,18:00:00,Shrimp Cocktail,Appetizer,7.0,14,98.0,Mobile Payment,Delivery,104,Carlos,18,Wednesday,9,September,2,False,True,2024-09-18 18:00:00,Dinner,Weekday,High-value record
4218,2024-07-23,21:45:00,Cabernet Sauvignon,Beverage,4.0,16,64.0,Mobile Payment,Delivery,101,Sarah,21,Tuesday,7,July,1,False,True,2024-07-23 21:00:00,Dinner,Weekday,High-value record
4219,2024-07-09,22:15:00,Mashed Potatoes,Side,7.0,7,49.0,Credit Card,Delivery,105,Nina,22,Tuesday,7,July,1,False,False,2024-07-09 22:00:00,Dinner,Weekday,Other record
4220,2024-07-10,11:00:00,Shrimp Cocktail,Appetizer,2.0,14,28.0,Mobile Payment,Dine-In,102,Jake,11,Wednesday,7,July,2,False,False,2024-07-10 11:00:00,Lunch,Weekday,Other record
4221,2024-01-02,22:15:00,Chocolate Lava Cake,Dessert,4.0,9,36.0,Credit Card,Takeaway,103,Emily,22,Tuesday,1,January,1,False,False,2024-01-02 22:00:00,Dinner,Weekday,Other record
4222,2024-01-09,16:30:00,Old Fashioned,Beverage,2.0,12,24.0,Mobile Payment,Delivery,104,Carlos,16,Tuesday,1,January,1,False,False,2024-01-09 16:00:00,Lunch,Weekday,Other record
4223,2024-03-30,13:00:00,Shrimp Cocktail,Appetizer,2.0,14,28.0,Credit Card,Dine-In,102,Jake,13,Saturday,3,March,5,True,False,2024-03-30 13:00:00,Lunch,Weekend,Other record
4224,2024-02-15,19:45:00,Grilled Asparagus,Side,2.0,8,16.0,Credit Card,Takeaway,103,Emily,19,Thursday,2,February,3,False,False,2024-02-15 19:00:00,Dinner,Weekday,Other record
4225,2024-08-18,14:15:00,Cabernet Sauvignon,Beverage,6.0,16,96.0,Cash,Takeaway,104,Carlos,14,Sunday,8,August,6,True,True,2024-08-18 14:00:00,Lunch,Weekend,High-value record
4226,2024-09-13,16:15:00,Shrimp Cocktail,Appetizer,6.0,14,84.0,Credit Card,Takeaway,102,Jake,16,Friday,9,September,4,False,True,2024-09-13 16:00:00,Lunch,Weekday,High-value record
4227,2024-01-02,14:30:00,Chocolate Lava Cake,Dessert,3.0,9,27.0,Credit Card,Dine-In,101,Sarah,14,Tuesday,1,January,1,False,False,2024-01-02 14:00:00,Lunch,Weekday,Other record
4228,2024-12-10,13:15:00,Cabernet Sauvignon,Beverage,5.0,16,80.0,Mobile Payment,Dine-In,103,Emily,13,Tuesday,12,December,1,False,True,2024-12-10 13:00:00,Lunch,Weekday,High-value record
4229,2024-02-12,19:45:00,Grilled Asparagus,Side,7.0,8,56.0,Credit Card,Takeaway,103,Emily,19,Monday,2,February,0,False,False,2024-02-12 19:00:00,Dinner,Weekday,Other record
4230,2024-02-18,14:00:00,Caesar Salad,Appetizer,3.0,10,30.0,Cash,Delivery,102,Jake,14,Sunday,2,February,6,True,False,2024-02-18 14:00:00,Lunch,Weekend,Other record
4231,2024-01-05,13:30:00,Cabernet Sauvignon,Beverage,5.0,16,80.0,Cash,Takeaway,104,Carlos,13,Friday,1,January,4,False,True,2024-01-05 13:00:00,Lunch,Weekday,High-value record
4232,2024-06-11,19:00:00,Mashed Potatoes,Side,3.0,7,21.0,Mobile Payment,Delivery,105,Nina,19,Tuesday,6,June,1,False,False,2024-06-11 19:00:00,Dinner,Weekday,Other record
4233,2024-07-05,21:15:00,Truffle Fries,Side,2.0,8,16.0,Credit Card,Delivery,105,Nina,21,Friday,7,July,4,False,False,2024-07-05 21:00:00,Dinner,Weekday,Other record
4234,2024-06-16,16:00:00,Chocolate Lava Cake,Dessert,5.0,9,45.0,Credit Card,Delivery,101,Sarah,16,Sunday,6,June,6,True,False,2024-06-16 16:00:00,Lunch,Weekend,Other record
4235,2024-03-28,19:45:00,Mashed Potatoes,Side,5.0,7,35.0,Mobile Payment,Dine-In,104,Carlos,19,Thursday,3,March,3,False,False,2024-03-28 19:00:00,Dinner,Weekday,Other record
4236,2024-08-23,16:15:00,Caesar Salad,Appetizer,7.0,10,70.0,Cash,Dine-In,105,Nina,16,Friday,8,August,4,False,True,2024-08-23 16:00:00,Lunch,Weekday,High-value record
4237,2024-04-22,15:00:00,Cabernet Sauvignon,Beverage,1.0,16,16.0,Mobile Payment,Dine-In,102,Jake,15,Monday,4,April,0,False,False,2024-04-22 15:00:00,Lunch,Weekday,Other record
4238,2024-09-29,12:30:00,Grilled Asparagus,Side,2.0,8,16.0,Credit Card,Dine-In,105,Nina,12,Sunday,9,September,6,True,False,2024-09-29 12:00:00,Lunch,Weekend,Other record
4239,2024-03-29,15:15:00,Filet Mignon,Entree,7.0,42,294.0,Credit Card,Delivery,104,Carlos,15,Friday,3,March,4,False,True,2024-03-29 15:00:00,Lunch,Weekday,High-value record
4240,2024-05-03,11:00:00,New York Strip,Entree,2.0,38,76.0,Mobile Payment,Takeaway,102,Jake,11,Friday,5,May,4,False,True,2024-05-03 11:00:00,Lunch,Weekday,High-value record
4241,2024-08-29,14:30:00,Filet Mignon,Entree,1.0,42,42.0,Credit Card,Delivery,104,Carlos,14,Thursday,8,August,3,False,False,2024-08-29 14:00:00,Lunch,Weekday,Other record
4242,2024-02-15,14:15:00,Filet Mignon,Entree,2.0,42,84.0,Mobile Payment,Takeaway,103,Emily,14,Thursday,2,February,3,False,True,2024-02-15 14:00:00,Lunch,Weekday,High-value record
4243,2024-04-10,11:00:00,Mashed Potatoes,Side,2.0,7,14.0,Cash,Dine-In,101,Sarah,11,Wednesday,4,April,2,False,False,2024-04-10 11:00:00,Lunch,Weekday,Other record
4244,2024-06-06,15:00:00,Old Fashioned,Beverage,5.0,12,60.0,Mobile Payment,Dine-In,101,Sarah,15,Thursday,6,June,3,False,False,2024-06-06 15:00:00,Lunch,Weekday,Other record
4245,2024-01-25,20:45:00,Mashed Potatoes,Side,11.0,7,77.0,Mobile Payment,Takeaway,103,Emily,20,Thursday,1,January,3,False,True,2024-01-25 20:00:00,Dinner,Weekday,High-value record
4246,2024-06-12,18:45:00,Truffle Fries,Side,7.0,8,56.0,Cash,Delivery,103,Emily,18,Wednesday,6,June,2,False,False,2024-06-12 18:00:00,Dinner,Weekday,Other record
4247,2024-06-15,15:00:00,Cabernet Sauvignon,Beverage,4.0,16,64.0,Mobile Payment,Delivery,101,Sarah,15,Saturday,6,June,5,True,True,2024-06-15 15:00:00,Lunch,Weekend,High-value record
4248,2024-03-13,17:30:00,Mashed Potatoes,Side,3.0,7,21.0,Cash,Takeaway,103,Emily,17,Wednesday,3,March,2,False,False,2024-03-13 17:00:00,Dinner,Weekday,Other record
4249,2024-12-16,12:00:00,Ribeye Steak,Entree,4.0,35,140.0,Cash,Delivery,104,Carlos,12,Monday,12,December,0,False,True,2024-12-16 12:00:00,Lunch,Weekday,High-value record
4250,2024-11-24,17:00:00,Ribeye Steak,Entree,2.0,35,70.0,Mobile Payment,Delivery,105,Nina,17,Sunday,11,November,6,True,True,2024-11-24 17:00:00,Dinner,Weekend,High-value record
4251,2024-11-21,13:15:00,Bourbon BBQ Burger,Entree,3.0,22,66.0,Cash,Delivery,101,Sarah,13,Thursday,11,November,3,False,True,2024-11-21 13:00:00,Lunch,Weekday,High-value record
4252,2024-07-26,19:15:00,Grilled Asparagus,Side,10.0,8,80.0,Cash,Dine-In,101,Sarah,19,Friday,7,July,4,False,True,2024-07-26 19:00:00,Dinner,Weekday,High-value record
4253,2024-11-20,18:30:00,Bourbon BBQ Burger,Entree,8.0,22,176.0,Cash,Delivery,104,Carlos,18,Wednesday,11,November,2,False,True,2024-11-20 18:00:00,Dinner,Weekday,High-value record
4254,2024-11-12,20:45:00,New York Strip,Entree,2.0,38,76.0,Mobile Payment,Dine-In,103,Emily,20,Tuesday,11,November,1,False,True,2024-11-12 20:00:00,Dinner,Weekday,High-value record
4255,2024-09-11,20:00:00,Truffle Fries,Side,2.0,8,16.0,Cash,Takeaway,105,Nina,20,Wednesday,9,September,2,False,False,2024-09-11 20:00:00,Dinner,Weekday,Other record
4256,2024-04-27,13:30:00,Old Fashioned,Beverage,3.0,12,36.0,Cash,Delivery,104,Carlos,13,Saturday,4,April,5,True,False,2024-04-27 13:00:00,Lunch,Weekend,Other record
4257,2024-01-26,22:15:00,New York Strip,Entree,3.0,38,114.0,Cash,Dine-In,104,Carlos,22,Friday,1,January,4,False,True,2024-01-26 22:00:00,Dinner,Weekday,High-value record
4258,2024-05-16,19:30:00,Chocolate Lava Cake,Dessert,8.0,9,72.0,Mobile Payment,Dine-In,103,Emily,19,Thursday,5,May,3,False,True,2024-05-16 19:00:00,Dinner,Weekday,High-value record
4259,2024-04-07,19:45:00,Filet Mignon,Entree,5.0,42,210.0,Mobile Payment,Takeaway,101,Sarah,19,Sunday,4,April,6,True,True,2024-04-07 19:00:00,Dinner,Weekend,High-value record
4260,2024-05-31,16:15:00,Truffle Fries,Side,1.0,8,8.0,Credit Card,Delivery,105,Nina,16,Friday,5,May,4,False,False,2024-05-31 16:00:00,Lunch,Weekday,Other record
4261,2024-11-24,11:15:00,Bourbon BBQ Burger,Entree,5.0,22,110.0,Credit Card,Dine-In,104,Carlos,11,Sunday,11,November,6,True,True,2024-11-24 11:00:00,Lunch,Weekend,High-value record
4262,2024-01-23,15:00:00,New York Strip,Entree,2.0,38,76.0,Credit Card,Dine-In,104,Carlos,15,Tuesday,1,January,1,False,True,2024-01-23 15:00:00,Lunch,Weekday,High-value record
4263,2024-07-02,15:45:00,Shrimp Cocktail,Appetizer,3.0,14,42.0,Credit Card,Delivery,105,Nina,15,Tuesday,7,July,1,False,False,2024-07-02 15:00:00,Lunch,Weekday,Other record
4264,2024-06-23,11:00:00,Shrimp Cocktail,Appetizer,1.0,14,14.0,Mobile Payment,Delivery,105,Nina,11,Sunday,6,June,6,True,False,2024-06-23 11:00:00,Lunch,Weekend,Other record
4265,2024-09-15,16:45:00,Grilled Asparagus,Side,3.0,8,24.0,Cash,Dine-In,101,Sarah,16,Sunday,9,September,6,True,False,2024-09-15 16:00:00,Lunch,Weekend,Other record
4266,2024-07-18,16:30:00,Grilled Asparagus,Side,2.0,8,16.0,Cash,Delivery,105,Nina,16,Thursday,7,July,3,False,False,2024-07-18 16:00:00,Lunch,Weekday,Other record
4267,2024-09-08,19:45:00,Truffle Fries,Side,8.0,8,64.0,Credit Card,Takeaway,105,Nina,19,Sunday,9,September,6,True,True,2024-09-08 19:00:00,Dinner,Weekend,High-value record
4268,2024-11-15,14:00:00,Caesar Salad,Appetizer,5.0,10,50.0,Mobile Payment,Dine-In,104,Carlos,14,Friday,11,November,4,False,False,2024-11-15 14:00:00,Lunch,Weekday,Other record
4269,2024-11-27,13:15:00,Chocolate Lava Cake,Dessert,1.0,9,9.0,Cash,Dine-In,102,Jake,13,Wednesday,11,November,2,False,False,2024-11-27 13:00:00,Lunch,Weekday,Other record
4270,2024-10-11,17:00:00,Shrimp Cocktail,Appetizer,9.0,14,126.0,Mobile Payment,Takeaway,104,Carlos,17,Friday,10,October,4,False,True,2024-10-11 17:00:00,Dinner,Weekday,High-value record
4271,2024-02-10,20:00:00,Caesar Salad,Appetizer,12.0,10,120.0,Cash,Dine-In,103,Emily,20,Saturday,2,February,5,True,True,2024-02-10 20:00:00,Dinner,Weekend,High-value record
4272,2024-03-03,22:30:00,Cabernet Sauvignon,Beverage,11.0,16,176.0,Credit Card,Delivery,102,Jake,22,Sunday,3,March,6,True,True,2024-03-03 22:00:00,Dinner,Weekend,High-value record
4273,2024-10-13,13:30:00,Shrimp Cocktail,Appetizer,1.0,14,14.0,Mobile Payment,Delivery,101,Sarah,13,Sunday,10,October,6,True,False,2024-10-13 13:00:00,Lunch,Weekend,Other record
4274,2024-05-12,18:00:00,Mashed Potatoes,Side,6.0,7,42.0,Credit Card,Takeaway,102,Jake,18,Sunday,5,May,6,True,False,2024-05-12 18:00:00,Dinner,Weekend,Other record
4275,2024-10-14,14:30:00,Filet Mignon,Entree,5.0,42,210.0,Credit Card,Dine-In,101,Sarah,14,Monday,10,October,0,False,True,2024-10-14 14:00:00,Lunch,Weekday,High-value record
4276,2024-10-15,16:15:00,New York Strip,Entree,4.0,38,152.0,Credit Card,Dine-In,105,Nina,16,Tuesday,10,October,1,False,True,2024-10-15 16:00:00,Lunch,Weekday,High-value record
4277,2024-05-10,19:45:00,Bourbon BBQ Burger,Entree,10.0,22,220.0,Mobile Payment,Takeaway,103,Emily,19,Friday,5,May,4,False,True,2024-05-10 19:00:00,Dinner,Weekday,High-value record
4278,2024-07-13,22:15:00,Chocolate Lava Cake,Dessert,4.0,9,36.0,Credit Card,Delivery,105,Nina,22,Saturday,7,July,5,True,False,2024-07-13 22:00:00,Dinner,Weekend,Other record
4279,2024-12-05,13:15:00,Cabernet Sauvignon,Beverage,2.0,16,32.0,Mobile Payment,Delivery,101,Sarah,13,Thursday,12,December,3,False,False,2024-12-05 13:00:00,Lunch,Weekday,Other record
4280,2024-02-26,19:15:00,New York Strip,Entree,5.0,38,190.0,Credit Card,Dine-In,101,Sarah,19,Monday,2,February,0,False,True,2024-02-26 19:00:00,Dinner,Weekday,High-value record
4281,2024-08-11,19:30:00,Grilled Asparagus,Side,9.0,8,72.0,Mobile Payment,Takeaway,104,Carlos,19,Sunday,8,August,6,True,True,2024-08-11 19:00:00,Dinner,Weekend,High-value record
4282,2024-09-05,17:45:00,Cabernet Sauvignon,Beverage,2.0,16,32.0,Mobile Payment,Takeaway,103,Emily,17,Thursday,9,September,3,False,False,2024-09-05 17:00:00,Dinner,Weekday,Other record
4283,2024-06-14,19:15:00,Old Fashioned,Beverage,7.0,12,84.0,Mobile Payment,Takeaway,105,Nina,19,Friday,6,June,4,False,True,2024-06-14 19:00:00,Dinner,Weekday,High-value record
4284,2024-06-15,20:45:00,Mashed Potatoes,Side,4.0,7,28.0,Cash,Dine-In,103,Emily,20,Saturday,6,June,5,True,False,2024-06-15 20:00:00,Dinner,Weekend,Other record
4285,2024-11-21,14:00:00,Old Fashioned,Beverage,3.0,12,36.0,Credit Card,Delivery,103,Emily,14,Thursday,11,November,3,False,False,2024-11-21 14:00:00,Lunch,Weekday,Other record
4286,2024-11-03,21:15:00,Cabernet Sauvignon,Beverage,8.0,16,128.0,Credit Card,Takeaway,105,Nina,21,Sunday,11,November,6,True,True,2024-11-03 21:00:00,Dinner,Weekend,High-value record
4287,2024-12-28,18:30:00,Filet Mignon,Entree,2.0,42,84.0,Mobile Payment,Delivery,103,Emily,18,Saturday,12,December,5,True,True,2024-12-28 18:00:00,Dinner,Weekend,High-value record
4288,2024-09-26,17:15:00,Grilled Asparagus,Side,9.0,8,72.0,Credit Card,Dine-In,101,Sarah,17,Thursday,9,September,3,False,True,2024-09-26 17:00:00,Dinner,Weekday,High-value record
4289,2024-11-11,20:45:00,Grilled Asparagus,Side,7.0,8,56.0,Credit Card,Dine-In,103,Emily,20,Monday,11,November,0,False,False,2024-11-11 20:00:00,Dinner,Weekday,Other record
4290,2024-11-09,17:30:00,Mashed Potatoes,Side,2.0,7,14.0,Credit Card,Delivery,104,Carlos,17,Saturday,11,November,5,True,False,2024-11-09 17:00:00,Dinner,Weekend,Other record
4291,2024-06-08,12:45:00,Old Fashioned,Beverage,8.0,12,96.0,Mobile Payment,Takeaway,102,Jake,12,Saturday,6,June,5,True,True,2024-06-08 12:00:00,Lunch,Weekend,High-value record
4292,2024-01-05,11:15:00,Mashed Potatoes,Side,7.0,7,49.0,Cash,Dine-In,101,Sarah,11,Friday,1,January,4,False,False,2024-01-05 11:00:00,Lunch,Weekday,Other record
4293,2024-07-21,14:00:00,Filet Mignon,Entree,3.0,42,126.0,Mobile Payment,Takeaway,102,Jake,14,Sunday,7,July,6,True,True,2024-07-21 14:00:00,Lunch,Weekend,High-value record
4294,2024-03-29,15:15:00,New York Strip,Entree,6.0,38,228.0,Credit Card,Delivery,102,Jake,15,Friday,3,March,4,False,True,2024-03-29 15:00:00,Lunch,Weekday,High-value record
4295,2024-06-05,21:15:00,Old Fashioned,Beverage,7.0,12,84.0,Credit Card,Delivery,101,Sarah,21,Wednesday,6,June,2,False,True,2024-06-05 21:00:00,Dinner,Weekday,High-value record
4296,2024-10-17,21:30:00,Grilled Asparagus,Side,2.0,8,16.0,Cash,Delivery,105,Nina,21,Thursday,10,October,3,False,False,2024-10-17 21:00:00,Dinner,Weekday,Other record
4297,2024-01-18,15:00:00,Caesar Salad,Appetizer,2.0,10,20.0,Credit Card,Delivery,101,Sarah,15,Thursday,1,January,3,False,False,2024-01-18 15:00:00,Lunch,Weekday,Other record
4298,2024-02-06,16:15:00,Old Fashioned,Beverage,2.0,12,24.0,Credit Card,Delivery,104,Carlos,16,Tuesday,2,February,1,False,False,2024-02-06 16:00:00,Lunch,Weekday,Other record
4299,2024-07-23,22:45:00,Filet Mignon,Entree,7.0,42,294.0,Credit Card,Takeaway,103,Emily,22,Tuesday,7,July,1,False,True,2024-07-23 22:00:00,Dinner,Weekday,High-value record
4300,2024-08-01,11:30:00,Caesar Salad,Appetizer,5.0,10,50.0,Cash,Takeaway,101,Sarah,11,Thursday,8,August,3,False,False,2024-08-01 11:00:00,Lunch,Weekday,Other record
4301,2024-11-10,17:45:00,Shrimp Cocktail,Appetizer,9.0,14,126.0,Mobile Payment,Delivery,102,Jake,17,Sunday,11,November,6,True,True,2024-11-10 17:00:00,Dinner,Weekend,High-value record
4302,2024-09-10,13:00:00,Bourbon BBQ Burger,Entree,3.0,22,66.0,Mobile Payment,Dine-In,104,Carlos,13,Tuesday,9,September,1,False,True,2024-09-10 13:00:00,Lunch,Weekday,High-value record
4303,2024-12-22,15:00:00,Filet Mignon,Entree,5.0,42,210.0,Mobile Payment,Dine-In,105,Nina,15,Sunday,12,December,6,True,True,2024-12-22 15:00:00,Lunch,Weekend,High-value record
4304,2024-06-27,17:45:00,Truffle Fries,Side,5.0,8,40.0,Mobile Payment,Takeaway,101,Sarah,17,Thursday,6,June,3,False,False,2024-06-27 17:00:00,Dinner,Weekday,Other record
4305,2024-03-28,12:30:00,Mashed Potatoes,Side,2.0,7,14.0,Mobile Payment,Dine-In,101,Sarah,12,Thursday,3,March,3,False,False,2024-03-28 12:00:00,Lunch,Weekday,Other record
4306,2024-12-10,18:45:00,Mashed Potatoes,Side,7.0,7,49.0,Mobile Payment,Dine-In,101,Sarah,18,Tuesday,12,December,1,False,False,2024-12-10 18:00:00,Dinner,Weekday,Other record
4307,2024-03-22,17:15:00,Grilled Asparagus,Side,5.0,8,40.0,Cash,Delivery,103,Emily,17,Friday,3,March,4,False,False,2024-03-22 17:00:00,Dinner,Weekday,Other record
4308,2024-07-22,18:30:00,Shrimp Cocktail,Appetizer,9.0,14,126.0,Cash,Takeaway,105,Nina,18,Monday,7,July,0,False,True,2024-07-22 18:00:00,Dinner,Weekday,High-value record
4309,2024-11-08,11:45:00,Mashed Potatoes,Side,1.0,7,7.0,Mobile Payment,Delivery,105,Nina,11,Friday,11,November,4,False,False,2024-11-08 11:00:00,Lunch,Weekday,Other record
4310,2024-02-21,20:00:00,Old Fashioned,Beverage,7.0,12,84.0,Credit Card,Takeaway,101,Sarah,20,Wednesday,2,February,2,False,True,2024-02-21 20:00:00,Dinner,Weekday,High-value record
4311,2024-03-19,20:30:00,Shrimp Cocktail,Appetizer,2.0,14,28.0,Credit Card,Delivery,102,Jake,20,Tuesday,3,March,1,False,False,2024-03-19 20:00:00,Dinner,Weekday,Other record
4312,2024-06-22,14:00:00,Grilled Asparagus,Side,6.0,8,48.0,Mobile Payment,Delivery,102,Jake,14,Saturday,6,June,5,True,False,2024-06-22 14:00:00,Lunch,Weekend,Other record
4313,2024-09-23,21:15:00,Cabernet Sauvignon,Beverage,6.0,16,96.0,Mobile Payment,Delivery,104,Carlos,21,Monday,9,September,0,False,True,2024-09-23 21:00:00,Dinner,Weekday,High-value record
4314,2024-05-19,18:45:00,Grilled Asparagus,Side,7.0,8,56.0,Credit Card,Takeaway,105,Nina,18,Sunday,5,May,6,True,False,2024-05-19 18:00:00,Dinner,Weekend,Other record
4315,2024-01-19,18:00:00,Mashed Potatoes,Side,6.0,7,42.0,Credit Card,Delivery,105,Nina,18,Friday,1,January,4,False,False,2024-01-19 18:00:00,Dinner,Weekday,Other record
4316,2024-05-14,21:15:00,Bourbon BBQ Burger,Entree,7.0,22,154.0,Cash,Takeaway,105,Nina,21,Tuesday,5,May,1,False,True,2024-05-14 21:00:00,Dinner,Weekday,High-value record
4317,2024-08-29,21:45:00,Filet Mignon,Entree,5.0,42,210.0,Credit Card,Delivery,102,Jake,21,Thursday,8,August,3,False,True,2024-08-29 21:00:00,Dinner,Weekday,High-value record
4318,2024-03-13,22:00:00,Chocolate Lava Cake,Dessert,6.0,9,54.0,Mobile Payment,Dine-In,104,Carlos,22,Wednesday,3,March,2,False,False,2024-03-13 22:00:00,Dinner,Weekday,Other record
4319,2024-07-26,22:15:00,Shrimp Cocktail,Appetizer,2.0,14,28.0,Credit Card,Dine-In,103,Emily,22,Friday,7,July,4,False,False,2024-07-26 22:00:00,Dinner,Weekday,Other record
4320,2024-10-30,18:45:00,Filet Mignon,Entree,2.0,42,84.0,Mobile Payment,Dine-In,101,Sarah,18,Wednesday,10,October,2,False,True,2024-10-30 18:00:00,Dinner,Weekday,High-value record
4321,2024-03-04,16:30:00,Old Fashioned,Beverage,4.0,12,48.0,Cash,Takeaway,105,Nina,16,Monday,3,March,0,False,False,2024-03-04 16:00:00,Lunch,Weekday,Other record
4322,2024-05-14,14:00:00,Bourbon BBQ Burger,Entree,3.0,22,66.0,Mobile Payment,Delivery,104,Carlos,14,Tuesday,5,May,1,False,True,2024-05-14 14:00:00,Lunch,Weekday,High-value record
4323,2024-03-09,13:30:00,Mashed Potatoes,Side,8.0,7,56.0,Mobile Payment,Takeaway,104,Carlos,13,Saturday,3,March,5,True,False,2024-03-09 13:00:00,Lunch,Weekend,Other record
4324,2024-05-10,12:15:00,Mashed Potatoes,Side,4.0,7,28.0,Mobile Payment,Delivery,104,Carlos,12,Friday,5,May,4,False,False,2024-05-10 12:00:00,Lunch,Weekday,Other record
4325,2024-06-07,12:45:00,Cabernet Sauvignon,Beverage,4.0,16,64.0,Mobile Payment,Takeaway,104,Carlos,12,Friday,6,June,4,False,True,2024-06-07 12:00:00,Lunch,Weekday,High-value record
4326,2024-04-19,20:30:00,New York Strip,Entree,3.0,38,114.0,Cash,Delivery,103,Emily,20,Friday,4,April,4,False,True,2024-04-19 20:00:00,Dinner,Weekday,High-value record
4327,2024-07-09,16:00:00,Bourbon BBQ Burger,Entree,6.0,22,132.0,Credit Card,Takeaway,105,Nina,16,Tuesday,7,July,1,False,True,2024-07-09 16:00:00,Lunch,Weekday,High-value record
4328,2024-06-03,18:30:00,Cabernet Sauvignon,Beverage,2.0,16,32.0,Mobile Payment,Takeaway,104,Carlos,18,Monday,6,June,0,False,False,2024-06-03 18:00:00,Dinner,Weekday,Other record
4329,2024-01-23,13:30:00,Bourbon BBQ Burger,Entree,1.0,22,22.0,Cash,Takeaway,102,Jake,13,Tuesday,1,January,1,False,False,2024-01-23 13:00:00,Lunch,Weekday,Other record
4330,2024-05-02,14:30:00,Old Fashioned,Beverage,1.0,12,12.0,Credit Card,Dine-In,104,Carlos,14,Thursday,5,May,3,False,False,2024-05-02 14:00:00,Lunch,Weekday,Other record
4331,2024-02-22,15:45:00,Chocolate Lava Cake,Dessert,4.0,9,36.0,Mobile Payment,Delivery,101,Sarah,15,Thursday,2,February,3,False,False,2024-02-22 15:00:00,Lunch,Weekday,Other record
4332,2024-05-10,22:45:00,Bourbon BBQ Burger,Entree,12.0,22,264.0,Credit Card,Delivery,102,Jake,22,Friday,5,May,4,False,True,2024-05-10 22:00:00,Dinner,Weekday,High-value record
4333,2024-05-28,12:30:00,Truffle Fries,Side,3.0,8,24.0,Mobile Payment,Takeaway,101,Sarah,12,Tuesday,5,May,1,False,False,2024-05-28 12:00:00,Lunch,Weekday,Other record
4334,2024-09-22,22:15:00,Old Fashioned,Beverage,6.0,12,72.0,Credit Card,Delivery,104,Carlos,22,Sunday,9,September,6,True,True,2024-09-22 22:00:00,Dinner,Weekend,High-value record
4335,2024-01-19,12:45:00,Ribeye Steak,Entree,3.0,35,105.0,Mobile Payment,Takeaway,101,Sarah,12,Friday,1,January,4,False,True,2024-01-19 12:00:00,Lunch,Weekday,High-value record
4336,2024-01-10,12:45:00,Mashed Potatoes,Side,5.0,7,35.0,Mobile Payment,Dine-In,101,Sarah,12,Wednesday,1,January,2,False,False,2024-01-10 12:00:00,Lunch,Weekday,Other record
4337,2024-02-23,18:00:00,Grilled Asparagus,Side,8.0,8,64.0,Mobile Payment,Delivery,103,Emily,18,Friday,2,February,4,False,True,2024-02-23 18:00:00,Dinner,Weekday,High-value record
4338,2024-10-21,11:45:00,Cabernet Sauvignon,Beverage,4.0,16,64.0,Mobile Payment,Delivery,102,Jake,11,Monday,10,October,0,False,True,2024-10-21 11:00:00,Lunch,Weekday,High-value record
4339,2024-09-27,16:30:00,Bourbon BBQ Burger,Entree,2.0,22,44.0,Credit Card,Delivery,102,Jake,16,Friday,9,September,4,False,False,2024-09-27 16:00:00,Lunch,Weekday,Other record
4340,2024-02-26,22:30:00,Chocolate Lava Cake,Dessert,4.0,9,36.0,Mobile Payment,Delivery,105,Nina,22,Monday,2,February,0,False,False,2024-02-26 22:00:00,Dinner,Weekday,Other record
4341,2024-08-05,18:45:00,Bourbon BBQ Burger,Entree,5.0,22,110.0,Credit Card,Dine-In,104,Carlos,18,Monday,8,August,0,False,True,2024-08-05 18:00:00,Dinner,Weekday,High-value record
4342,2024-09-06,14:30:00,Bourbon BBQ Burger,Entree,4.0,22,88.0,Mobile Payment,Delivery,105,Nina,14,Friday,9,September,4,False,True,2024-09-06 14:00:00,Lunch,Weekday,High-value record
4343,2024-07-27,11:45:00,Ribeye Steak,Entree,6.0,35,210.0,Cash,Dine-In,105,Nina,11,Saturday,7,July,5,True,True,2024-07-27 11:00:00,Lunch,Weekend,High-value record
4344,2024-10-02,14:30:00,Filet Mignon,Entree,2.0,42,84.0,Cash,Takeaway,101,Sarah,14,Wednesday,10,October,2,False,True,2024-10-02 14:00:00,Lunch,Weekday,High-value record
4345,2024-04-09,20:00:00,Filet Mignon,Entree,5.0,42,210.0,Cash,Dine-In,105,Nina,20,Tuesday,4,April,1,False,True,2024-04-09 20:00:00,Dinner,Weekday,High-value record
4346,2024-08-27,15:15:00,Old Fashioned,Beverage,3.0,12,36.0,Mobile Payment,Dine-In,104,Carlos,15,Tuesday,8,August,1,False,False,2024-08-27 15:00:00,Lunch,Weekday,Other record
4347,2024-07-26,21:15:00,Mashed Potatoes,Side,8.0,7,56.0,Mobile Payment,Delivery,105,Nina,21,Friday,7,July,4,False,False,2024-07-26 21:00:00,Dinner,Weekday,Other record
4348,2024-07-30,18:00:00,Truffle Fries,Side,5.0,8,40.0,Mobile Payment,Dine-In,102,Jake,18,Tuesday,7,July,1,False,False,2024-07-30 18:00:00,Dinner,Weekday,Other record
4349,2024-12-26,21:00:00,Bourbon BBQ Burger,Entree,2.0,22,44.0,Credit Card,Delivery,102,Jake,21,Thursday,12,December,3,False,False,2024-12-26 21:00:00,Dinner,Weekday,Other record
4350,2024-07-05,21:45:00,Mashed Potatoes,Side,10.0,7,70.0,Cash,Takeaway,101,Sarah,21,Friday,7,July,4,False,True,2024-07-05 21:00:00,Dinner,Weekday,High-value record
4351,2024-09-19,13:30:00,New York Strip,Entree,4.0,38,152.0,Cash,Delivery,104,Carlos,13,Thursday,9,September,3,False,True,2024-09-19 13:00:00,Lunch,Weekday,High-value record
4352,2024-10-29,15:00:00,New York Strip,Entree,5.0,38,190.0,Mobile Payment,Takeaway,104,Carlos,15,Tuesday,10,October,1,False,True,2024-10-29 15:00:00,Lunch,Weekday,High-value record
4353,2024-10-25,12:00:00,New York Strip,Entree,3.0,38,114.0,Cash,Dine-In,101,Sarah,12,Friday,10,October,4,False,True,2024-10-25 12:00:00,Lunch,Weekday,High-value record
4354,2024-05-15,21:15:00,Mashed Potatoes,Side,4.0,7,28.0,Credit Card,Dine-In,101,Sarah,21,Wednesday,5,May,2,False,False,2024-05-15 21:00:00,Dinner,Weekday,Other record
4355,2024-10-26,18:15:00,Mashed Potatoes,Side,10.0,7,70.0,Credit Card,Takeaway,103,Emily,18,Saturday,10,October,5,True,True,2024-10-26 18:00:00,Dinner,Weekend,High-value record
4356,2024-08-19,15:30:00,Grilled Asparagus,Side,3.0,8,24.0,Mobile Payment,Dine-In,102,Jake,15,Monday,8,August,0,False,False,2024-08-19 15:00:00,Lunch,Weekday,Other record
4357,2024-07-10,21:30:00,Shrimp Cocktail,Appetizer,5.0,14,70.0,Cash,Dine-In,105,Nina,21,Wednesday,7,July,2,False,True,2024-07-10 21:00:00,Dinner,Weekday,High-value record
4358,2024-02-19,22:30:00,Filet Mignon,Entree,5.0,42,210.0,Credit Card,Takeaway,102,Jake,22,Monday,2,February,0,False,True,2024-02-19 22:00:00,Dinner,Weekday,High-value record
4359,2024-09-18,11:30:00,New York Strip,Entree,1.0,38,38.0,Cash,Delivery,105,Nina,11,Wednesday,9,September,2,False,False,2024-09-18 11:00:00,Lunch,Weekday,Other record
4360,2024-02-21,22:15:00,Old Fashioned,Beverage,9.0,12,108.0,Mobile Payment,Takeaway,101,Sarah,22,Wednesday,2,February,2,False,True,2024-02-21 22:00:00,Dinner,Weekday,High-value record
4361,2024-10-01,15:45:00,Filet Mignon,Entree,4.0,42,168.0,Credit Card,Delivery,102,Jake,15,Tuesday,10,October,1,False,True,2024-10-01 15:00:00,Lunch,Weekday,High-value record
4362,2024-03-25,11:00:00,Shrimp Cocktail,Appetizer,4.0,14,56.0,Cash,Dine-In,102,Jake,11,Monday,3,March,0,False,False,2024-03-25 11:00:00,Lunch,Weekday,Other record
4363,2024-06-14,15:00:00,Filet Mignon,Entree,1.0,42,42.0,Cash,Takeaway,102,Jake,15,Friday,6,June,4,False,False,2024-06-14 15:00:00,Lunch,Weekday,Other record
4364,2024-10-04,14:45:00,Ribeye Steak,Entree,3.0,35,105.0,Cash,Delivery,104,Carlos,14,Friday,10,October,4,False,True,2024-10-04 14:00:00,Lunch,Weekday,High-value record
4365,2024-07-21,15:45:00,Old Fashioned,Beverage,1.0,12,12.0,Mobile Payment,Delivery,101,Sarah,15,Sunday,7,July,6,True,False,2024-07-21 15:00:00,Lunch,Weekend,Other record
4366,2024-08-03,21:45:00,Grilled Asparagus,Side,2.0,8,16.0,Mobile Payment,Dine-In,104,Carlos,21,Saturday,8,August,5,True,False,2024-08-03 21:00:00,Dinner,Weekend,Other record
4367,2024-07-12,13:30:00,Ribeye Steak,Entree,6.0,35,210.0,Credit Card,Delivery,104,Carlos,13,Friday,7,July,4,False,True,2024-07-12 13:00:00,Lunch,Weekday,High-value record
4368,2024-12-18,12:45:00,New York Strip,Entree,1.0,38,38.0,Credit Card,Dine-In,101,Sarah,12,Wednesday,12,December,2,False,False,2024-12-18 12:00:00,Lunch,Weekday,Other record
4369,2024-05-24,19:45:00,Cabernet Sauvignon,Beverage,2.0,16,32.0,Mobile Payment,Takeaway,101,Sarah,19,Friday,5,May,4,False,False,2024-05-24 19:00:00,Dinner,Weekday,Other record
4370,2024-09-13,17:15:00,Ribeye Steak,Entree,4.0,35,140.0,Mobile Payment,Dine-In,104,Carlos,17,Friday,9,September,4,False,True,2024-09-13 17:00:00,Dinner,Weekday,High-value record
4371,2024-06-01,21:30:00,Grilled Asparagus,Side,6.0,8,48.0,Mobile Payment,Takeaway,104,Carlos,21,Saturday,6,June,5,True,False,2024-06-01 21:00:00,Dinner,Weekend,Other record
4372,2024-06-01,12:00:00,Grilled Asparagus,Side,2.0,8,16.0,Credit Card,Delivery,102,Jake,12,Saturday,6,June,5,True,False,2024-06-01 12:00:00,Lunch,Weekend,Other record
4373,2024-11-07,21:00:00,Grilled Asparagus,Side,6.0,8,48.0,Mobile Payment,Dine-In,105,Nina,21,Thursday,11,November,3,False,False,2024-11-07 21:00:00,Dinner,Weekday,Other record
4374,2024-12-29,18:00:00,Caesar Salad,Appetizer,7.0,10,70.0,Cash,Takeaway,101,Sarah,18,Sunday,12,December,6,True,True,2024-12-29 18:00:00,Dinner,Weekend,High-value record
4375,2024-12-27,20:45:00,Bourbon BBQ Burger,Entree,2.0,22,44.0,Cash,Delivery,101,Sarah,20,Friday,12,December,4,False,False,2024-12-27 20:00:00,Dinner,Weekday,Other record
4376,2024-07-10,19:00:00,Caesar Salad,Appetizer,7.0,10,70.0,Mobile Payment,Dine-In,105,Nina,19,Wednesday,7,July,2,False,True,2024-07-10 19:00:00,Dinner,Weekday,High-value record
4377,2024-07-19,18:00:00,Old Fashioned,Beverage,6.0,12,72.0,Cash,Dine-In,103,Emily,18,Friday,7,July,4,False,True,2024-07-19 18:00:00,Dinner,Weekday,High-value record
4378,2024-05-06,12:15:00,Bourbon BBQ Burger,Entree,4.0,22,88.0,Mobile Payment,Dine-In,103,Emily,12,Monday,5,May,0,False,True,2024-05-06 12:00:00,Lunch,Weekday,High-value record
4379,2024-03-28,17:00:00,New York Strip,Entree,3.0,38,114.0,Cash,Takeaway,105,Nina,17,Thursday,3,March,3,False,True,2024-03-28 17:00:00,Dinner,Weekday,High-value record
4380,2024-01-13,19:45:00,Mashed Potatoes,Side,7.0,7,49.0,Mobile Payment,Dine-In,102,Jake,19,Saturday,1,January,5,True,False,2024-01-13 19:00:00,Dinner,Weekend,Other record
4381,2024-11-04,14:15:00,Mashed Potatoes,Side,5.0,7,35.0,Cash,Delivery,103,Emily,14,Monday,11,November,0,False,False,2024-11-04 14:00:00,Lunch,Weekday,Other record
4382,2024-04-08,21:00:00,Ribeye Steak,Entree,8.0,35,280.0,Credit Card,Takeaway,102,Jake,21,Monday,4,April,0,False,True,2024-04-08 21:00:00,Dinner,Weekday,High-value record
4383,2024-06-16,12:45:00,Shrimp Cocktail,Appetizer,3.0,14,42.0,Credit Card,Takeaway,105,Nina,12,Sunday,6,June,6,True,False,2024-06-16 12:00:00,Lunch,Weekend,Other record
4384,2024-04-21,22:30:00,Filet Mignon,Entree,2.0,42,84.0,Cash,Delivery,101,Sarah,22,Sunday,4,April,6,True,True,2024-04-21 22:00:00,Dinner,Weekend,High-value record
4385,2024-06-04,11:00:00,New York Strip,Entree,5.0,38,190.0,Cash,Dine-In,101,Sarah,11,Tuesday,6,June,1,False,True,2024-06-04 11:00:00,Lunch,Weekday,High-value record
4386,2024-10-19,16:30:00,Cabernet Sauvignon,Beverage,10.0,16,160.0,Mobile Payment,Takeaway,105,Nina,16,Saturday,10,October,5,True,True,2024-10-19 16:00:00,Lunch,Weekend,High-value record
4387,2024-10-23,11:15:00,Mashed Potatoes,Side,4.0,7,28.0,Credit Card,Dine-In,104,Carlos,11,Wednesday,10,October,2,False,False,2024-10-23 11:00:00,Lunch,Weekday,Other record
4388,2024-09-09,12:45:00,Truffle Fries,Side,1.0,8,8.0,Cash,Dine-In,103,Emily,12,Monday,9,September,0,False,False,2024-09-09 12:00:00,Lunch,Weekday,Other record
4389,2024-07-29,19:45:00,Ribeye Steak,Entree,9.0,35,315.0,Credit Card,Dine-In,102,Jake,19,Monday,7,July,0,False,True,2024-07-29 19:00:00,Dinner,Weekday,High-value record
4390,2024-05-09,22:45:00,Ribeye Steak,Entree,7.0,35,245.0,Cash,Takeaway,103,Emily,22,Thursday,5,May,3,False,True,2024-05-09 22:00:00,Dinner,Weekday,High-value record
4391,2024-10-03,14:30:00,Caesar Salad,Appetizer,2.0,10,20.0,Credit Card,Takeaway,105,Nina,14,Thursday,10,October,3,False,False,2024-10-03 14:00:00,Lunch,Weekday,Other record
4392,2024-05-12,12:45:00,Grilled Asparagus,Side,4.5,8,36.0,Credit Card,Delivery,104,Carlos,12,Sunday,5,May,6,True,False,2024-05-12 12:00:00,Lunch,Weekend,Other record
4393,2024-02-01,11:45:00,Shrimp Cocktail,Appetizer,2.0,14,28.0,Credit Card,Takeaway,105,Nina,11,Thursday,2,February,3,False,False,2024-02-01 11:00:00,Lunch,Weekday,Other record
4394,2024-08-20,21:15:00,Filet Mignon,Entree,7.0,42,294.0,Cash,Dine-In,102,Jake,21,Tuesday,8,August,1,False,True,2024-08-20 21:00:00,Dinner,Weekday,High-value record
4395,2024-04-25,13:30:00,Chocolate Lava Cake,Dessert,5.0,9,45.0,Mobile Payment,Delivery,104,Carlos,13,Thursday,4,April,3,False,False,2024-04-25 13:00:00,Lunch,Weekday,Other record
4396,2024-06-19,18:30:00,Mashed Potatoes,Side,2.0,7,14.0,Cash,Takeaway,105,Nina,18,Wednesday,6,June,2,False,False,2024-06-19 18:00:00,Dinner,Weekday,Other record
4397,2024-05-23,19:00:00,Chocolate Lava Cake,Dessert,6.0,9,54.0,Mobile Payment,Takeaway,102,Jake,19,Thursday,5,May,3,False,False,2024-05-23 19:00:00,Dinner,Weekday,Other record
4398,2024-02-29,19:00:00,Mashed Potatoes,Side,7.0,7,49.0,Cash,Takeaway,103,Emily,19,Thursday,2,February,3,False,False,2024-02-29 19:00:00,Dinner,Weekday,Other record
4399,2024-03-24,18:00:00,Old Fashioned,Beverage,10.0,12,120.0,Mobile Payment,Takeaway,105,Nina,18,Sunday,3,March,6,True,True,2024-03-24 18:00:00,Dinner,Weekend,High-value record
4400,2024-06-02,18:45:00,Filet Mignon,Entree,2.0,42,84.0,Cash,Dine-In,104,Carlos,18,Sunday,6,June,6,True,True,2024-06-02 18:00:00,Dinner,Weekend,High-value record
4401,2024-10-21,18:45:00,Shrimp Cocktail,Appetizer,7.0,14,98.0,Credit Card,Takeaway,103,Emily,18,Monday,10,October,0,False,True,2024-10-21 18:00:00,Dinner,Weekday,High-value record
4402,2024-08-02,16:45:00,New York Strip,Entree,8.0,38,304.0,Mobile Payment,Takeaway,102,Jake,16,Friday,8,August,4,False,True,2024-08-02 16:00:00,Lunch,Weekday,High-value record
4403,2024-03-26,17:15:00,Shrimp Cocktail,Appetizer,11.0,14,154.0,Credit Card,Takeaway,101,Sarah,17,Tuesday,3,March,1,False,True,2024-03-26 17:00:00,Dinner,Weekday,High-value record
4404,2024-04-14,20:00:00,Chocolate Lava Cake,Dessert,11.0,9,99.0,Credit Card,Delivery,104,Carlos,20,Sunday,4,April,6,True,True,2024-04-14 20:00:00,Dinner,Weekend,High-value record
4405,2024-09-27,16:45:00,Ribeye Steak,Entree,6.0,35,210.0,Credit Card,Delivery,105,Nina,16,Friday,9,September,4,False,True,2024-09-27 16:00:00,Lunch,Weekday,High-value record
4406,2024-11-01,13:45:00,Filet Mignon,Entree,3.0,42,126.0,Mobile Payment,Dine-In,104,Carlos,13,Friday,11,November,4,False,True,2024-11-01 13:00:00,Lunch,Weekday,High-value record
4407,2024-10-07,18:00:00,Chocolate Lava Cake,Dessert,8.0,9,72.0,Credit Card,Takeaway,104,Carlos,18,Monday,10,October,0,False,True,2024-10-07 18:00:00,Dinner,Weekday,High-value record
4408,2024-11-01,16:45:00,Ribeye Steak,Entree,3.0,35,105.0,Mobile Payment,Delivery,104,Carlos,16,Friday,11,November,4,False,True,2024-11-01 16:00:00,Lunch,Weekday,High-value record
4409,2024-03-14,17:15:00,Old Fashioned,Beverage,7.0,12,84.0,Mobile Payment,Dine-In,104,Carlos,17,Thursday,3,March,3,False,True,2024-03-14 17:00:00,Dinner,Weekday,High-value record
4410,2024-02-05,21:00:00,Ribeye Steak,Entree,9.0,35,315.0,Cash,Takeaway,101,Sarah,21,Monday,2,February,0,False,True,2024-02-05 21:00:00,Dinner,Weekday,High-value record
4411,2024-03-07,19:45:00,New York Strip,Entree,5.0,38,190.0,Mobile Payment,Dine-In,104,Carlos,19,Thursday,3,March,3,False,True,2024-03-07 19:00:00,Dinner,Weekday,High-value record
4412,2024-10-03,21:15:00,Shrimp Cocktail,Appetizer,5.0,14,70.0,Cash,Dine-In,102,Jake,21,Thursday,10,October,3,False,True,2024-10-03 21:00:00,Dinner,Weekday,High-value record
4413,2024-12-16,14:00:00,New York Strip,Entree,2.0,38,76.0,Mobile Payment,Delivery,102,Jake,14,Monday,12,December,0,False,True,2024-12-16 14:00:00,Lunch,Weekday,High-value record
4414,2024-05-09,15:45:00,Ribeye Steak,Entree,3.0,35,105.0,Mobile Payment,Dine-In,104,Carlos,15,Thursday,5,May,3,False,True,2024-05-09 15:00:00,Lunch,Weekday,High-value record
4415,2024-10-16,15:15:00,Bourbon BBQ Burger,Entree,1.0,22,22.0,Credit Card,Delivery,103,Emily,15,Wednesday,10,October,2,False,False,2024-10-16 15:00:00,Lunch,Weekday,Other record
4416,2024-12-01,13:15:00,Mashed Potatoes,Side,4.0,7,28.0,Mobile Payment,Takeaway,103,Emily,13,Sunday,12,December,6,True,False,2024-12-01 13:00:00,Lunch,Weekend,Other record
4417,2024-03-12,20:30:00,Filet Mignon,Entree,5.0,42,210.0,Mobile Payment,Takeaway,102,Jake,20,Tuesday,3,March,1,False,True,2024-03-12 20:00:00,Dinner,Weekday,High-value record
4418,2024-09-03,22:00:00,Ribeye Steak,Entree,7.0,35,245.0,Credit Card,Takeaway,105,Nina,22,Tuesday,9,September,1,False,True,2024-09-03 22:00:00,Dinner,Weekday,High-value record
4419,2024-10-11,16:30:00,Cabernet Sauvignon,Beverage,6.0,16,96.0,Credit Card,Dine-In,101,Sarah,16,Friday,10,October,4,False,True,2024-10-11 16:00:00,Lunch,Weekday,High-value record
4420,2024-02-29,20:00:00,Shrimp Cocktail,Appetizer,4.0,14,56.0,Credit Card,Takeaway,103,Emily,20,Thursday,2,February,3,False,False,2024-02-29 20:00:00,Dinner,Weekday,Other record
4421,2024-03-14,19:00:00,Mashed Potatoes,Side,4.0,7,28.0,Credit Card,Takeaway,103,Emily,19,Thursday,3,March,3,False,False,2024-03-14 19:00:00,Dinner,Weekday,Other record
4422,2024-03-08,16:30:00,Ribeye Steak,Entree,6.0,35,210.0,Mobile Payment,Takeaway,105,Nina,16,Friday,3,March,4,False,True,2024-03-08 16:00:00,Lunch,Weekday,High-value record
4423,2024-09-28,21:45:00,Cabernet Sauvignon,Beverage,8.0,16,128.0,Cash,Delivery,102,Jake,21,Saturday,9,September,5,True,True,2024-09-28 21:00:00,Dinner,Weekend,High-value record
4424,2024-01-22,14:15:00,New York Strip,Entree,1.0,38,38.0,Cash,Dine-In,104,Carlos,14,Monday,1,January,0,False,False,2024-01-22 14:00:00,Lunch,Weekday,Other record
4425,2024-01-18,12:30:00,Cabernet Sauvignon,Beverage,4.0,16,64.0,Credit Card,Dine-In,105,Nina,12,Thursday,1,January,3,False,True,2024-01-18 12:00:00,Lunch,Weekday,High-value record
4426,2024-10-22,21:15:00,Cabernet Sauvignon,Beverage,9.0,16,144.0,Mobile Payment,Delivery,104,Carlos,21,Tuesday,10,October,1,False,True,2024-10-22 21:00:00,Dinner,Weekday,High-value record
4427,2024-03-22,19:45:00,Caesar Salad,Appetizer,2.0,10,20.0,Credit Card,Dine-In,103,Emily,19,Friday,3,March,4,False,False,2024-03-22 19:00:00,Dinner,Weekday,Other record
4428,2024-10-17,16:45:00,New York Strip,Entree,5.0,38,190.0,Cash,Takeaway,105,Nina,16,Thursday,10,October,3,False,True,2024-10-17 16:00:00,Lunch,Weekday,High-value record
4429,2024-07-19,15:30:00,Filet Mignon,Entree,5.0,42,210.0,Cash,Dine-In,102,Jake,15,Friday,7,July,4,False,True,2024-07-19 15:00:00,Lunch,Weekday,High-value record
4430,2024-04-03,19:00:00,Old Fashioned,Beverage,2.0,12,24.0,Cash,Takeaway,101,Sarah,19,Wednesday,4,April,2,False,False,2024-04-03 19:00:00,Dinner,Weekday,Other record
4431,2024-12-25,11:15:00,Cabernet Sauvignon,Beverage,5.0,16,80.0,Credit Card,Takeaway,101,Sarah,11,Wednesday,12,December,2,False,True,2024-12-25 11:00:00,Lunch,Weekday,High-value record
4432,2024-03-17,11:15:00,Bourbon BBQ Burger,Entree,2.0,22,44.0,Mobile Payment,Delivery,101,Sarah,11,Sunday,3,March,6,True,False,2024-03-17 11:00:00,Lunch,Weekend,Other record
4433,2024-02-12,22:45:00,Mashed Potatoes,Side,5.0,7,35.0,Credit Card,Takeaway,101,Sarah,22,Monday,2,February,0,False,False,2024-02-12 22:00:00,Dinner,Weekday,Other record
4434,2024-07-22,15:45:00,Chocolate Lava Cake,Dessert,2.0,9,18.0,Mobile Payment,Delivery,101,Sarah,15,Monday,7,July,0,False,False,2024-07-22 15:00:00,Lunch,Weekday,Other record
4435,2024-01-29,15:45:00,Grilled Asparagus,Side,2.0,8,16.0,Credit Card,Takeaway,101,Sarah,15,Monday,1,January,0,False,False,2024-01-29 15:00:00,Lunch,Weekday,Other record
4436,2024-02-20,16:15:00,Grilled Asparagus,Side,4.0,8,32.0,Credit Card,Takeaway,103,Emily,16,Tuesday,2,February,1,False,False,2024-02-20 16:00:00,Lunch,Weekday,Other record
4437,2024-03-28,11:15:00,Truffle Fries,Side,3.0,8,24.0,Cash,Takeaway,105,Nina,11,Thursday,3,March,3,False,False,2024-03-28 11:00:00,Lunch,Weekday,Other record
4438,2024-06-23,15:15:00,Caesar Salad,Appetizer,1.0,10,10.0,Mobile Payment,Takeaway,105,Nina,15,Sunday,6,June,6,True,False,2024-06-23 15:00:00,Lunch,Weekend,Other record
4439,2024-09-09,13:15:00,Truffle Fries,Side,5.0,8,40.0,Cash,Takeaway,105,Nina,13,Monday,9,September,0,False,False,2024-09-09 13:00:00,Lunch,Weekday,Other record
4440,2024-12-28,21:00:00,Grilled Asparagus,Side,2.0,8,16.0,Cash,Takeaway,103,Emily,21,Saturday,12,December,5,True,False,2024-12-28 21:00:00,Dinner,Weekend,Other record
4441,2024-08-16,20:15:00,Caesar Salad,Appetizer,4.0,10,40.0,Credit Card,Takeaway,101,Sarah,20,Friday,8,August,4,False,False,2024-08-16 20:00:00,Dinner,Weekday,Other record
4442,2024-05-17,22:30:00,Cabernet Sauvignon,Beverage,2.0,16,32.0,Mobile Payment,Delivery,104,Carlos,22,Friday,5,May,4,False,False,2024-05-17 22:00:00,Dinner,Weekday,Other record
4443,2024-01-04,12:30:00,Ribeye Steak,Entree,1.0,35,35.0,Mobile Payment,Takeaway,104,Carlos,12,Thursday,1,January,3,False,False,2024-01-04 12:00:00,Lunch,Weekday,Other record
4444,2024-11-07,18:15:00,Ribeye Steak,Entree,12.0,35,420.0,Cash,Takeaway,101,Sarah,18,Thursday,11,November,3,False,True,2024-11-07 18:00:00,Dinner,Weekday,High-value record
4445,2024-10-19,13:00:00,Filet Mignon,Entree,9.0,42,378.0,Cash,Delivery,103,Emily,13,Saturday,10,October,5,True,True,2024-10-19 13:00:00,Lunch,Weekend,High-value record
4446,2024-03-05,14:15:00,Truffle Fries,Side,2.0,8,16.0,Mobile Payment,Takeaway,101,Sarah,14,Tuesday,3,March,1,False,False,2024-03-05 14:00:00,Lunch,Weekday,Other record
4447,2024-05-17,20:15:00,Old Fashioned,Beverage,10.0,12,120.0,Credit Card,Delivery,102,Jake,20,Friday,5,May,4,False,True,2024-05-17 20:00:00,Dinner,Weekday,High-value record
4448,2024-10-30,12:30:00,Cabernet Sauvignon,Beverage,4.0,16,64.0,Credit Card,Dine-In,101,Sarah,12,Wednesday,10,October,2,False,True,2024-10-30 12:00:00,Lunch,Weekday,High-value record
4449,2024-08-07,14:45:00,Filet Mignon,Entree,2.0,42,84.0,Mobile Payment,Dine-In,101,Sarah,14,Wednesday,8,August,2,False,True,2024-08-07 14:00:00,Lunch,Weekday,High-value record
4450,2024-08-26,16:45:00,Shrimp Cocktail,Appetizer,1.0,14,14.0,Credit Card,Dine-In,103,Emily,16,Monday,8,August,0,False,False,2024-08-26 16:00:00,Lunch,Weekday,Other record
4451,2024-10-14,18:15:00,Chocolate Lava Cake,Dessert,7.0,9,63.0,Cash,Takeaway,102,Jake,18,Monday,10,October,0,False,True,2024-10-14 18:00:00,Dinner,Weekday,High-value record
4452,2024-06-26,20:00:00,Cabernet Sauvignon,Beverage,9.0,16,144.0,Cash,Delivery,101,Sarah,20,Wednesday,6,June,2,False,True,2024-06-26 20:00:00,Dinner,Weekday,High-value record
4453,2024-04-01,15:45:00,Truffle Fries,Side,4.0,8,32.0,Cash,Delivery,104,Carlos,15,Monday,4,April,0,False,False,2024-04-01 15:00:00,Lunch,Weekday,Other record
4454,2024-12-28,18:45:00,New York Strip,Entree,6.0,38,228.0,Credit Card,Dine-In,103,Emily,18,Saturday,12,December,5,True,True,2024-12-28 18:00:00,Dinner,Weekend,High-value record
4455,2024-04-11,21:30:00,Shrimp Cocktail,Appetizer,10.0,14,140.0,Credit Card,Delivery,104,Carlos,21,Thursday,4,April,3,False,True,2024-04-11 21:00:00,Dinner,Weekday,High-value record
4456,2024-03-25,20:45:00,Mashed Potatoes,Side,9.0,7,63.0,Cash,Takeaway,104,Carlos,20,Monday,3,March,0,False,True,2024-03-25 20:00:00,Dinner,Weekday,High-value record
4457,2024-12-30,15:15:00,Cabernet Sauvignon,Beverage,1.0,16,16.0,Cash,Delivery,105,Nina,15,Monday,12,December,0,False,False,2024-12-30 15:00:00,Lunch,Weekday,Other record
4458,2024-01-25,14:30:00,Cabernet Sauvignon,Beverage,1.0,16,16.0,Mobile Payment,Takeaway,102,Jake,14,Thursday,1,January,3,False,False,2024-01-25 14:00:00,Lunch,Weekday,Other record
4459,2024-05-30,18:45:00,Ribeye Steak,Entree,2.0,35,70.0,Mobile Payment,Dine-In,105,Nina,18,Thursday,5,May,3,False,True,2024-05-30 18:00:00,Dinner,Weekday,High-value record
4460,2024-05-26,11:00:00,Grilled Asparagus,Side,3.0,8,24.0,Credit Card,Dine-In,104,Carlos,11,Sunday,5,May,6,True,False,2024-05-26 11:00:00,Lunch,Weekend,Other record
4461,2024-07-31,13:30:00,New York Strip,Entree,3.0,38,114.0,Credit Card,Delivery,102,Jake,13,Wednesday,7,July,2,False,True,2024-07-31 13:00:00,Lunch,Weekday,High-value record
4462,2024-03-05,16:30:00,Chocolate Lava Cake,Dessert,2.0,9,18.0,Cash,Dine-In,104,Carlos,16,Tuesday,3,March,1,False,False,2024-03-05 16:00:00,Lunch,Weekday,Other record
4463,2024-11-02,14:00:00,Chocolate Lava Cake,Dessert,2.0,9,18.0,Mobile Payment,Takeaway,101,Sarah,14,Saturday,11,November,5,True,False,2024-11-02 14:00:00,Lunch,Weekend,Other record
4464,2024-02-21,21:30:00,New York Strip,Entree,9.0,38,342.0,Cash,Dine-In,101,Sarah,21,Wednesday,2,February,2,False,True,2024-02-21 21:00:00,Dinner,Weekday,High-value record
4465,2024-08-23,13:15:00,Grilled Asparagus,Side,4.0,8,32.0,Cash,Takeaway,104,Carlos,13,Friday,8,August,4,False,False,2024-08-23 13:00:00,Lunch,Weekday,Other record
4466,2024-06-17,17:00:00,Ribeye Steak,Entree,2.0,35,70.0,Mobile Payment,Takeaway,102,Jake,17,Monday,6,June,0,False,True,2024-06-17 17:00:00,Dinner,Weekday,High-value record
4467,2024-11-08,14:15:00,Mashed Potatoes,Side,9.0,7,63.0,Mobile Payment,Delivery,103,Emily,14,Friday,11,November,4,False,True,2024-11-08 14:00:00,Lunch,Weekday,High-value record
4468,2024-08-17,15:15:00,New York Strip,Entree,9.0,38,342.0,Mobile Payment,Delivery,102,Jake,15,Saturday,8,August,5,True,True,2024-08-17 15:00:00,Lunch,Weekend,High-value record
4469,2024-11-27,16:45:00,Bourbon BBQ Burger,Entree,3.0,22,66.0,Mobile Payment,Takeaway,104,Carlos,16,Wednesday,11,November,2,False,True,2024-11-27 16:00:00,Lunch,Weekday,High-value record
4470,2024-02-12,16:15:00,Chocolate Lava Cake,Dessert,1.0,9,9.0,Cash,Dine-In,104,Carlos,16,Monday,2,February,0,False,False,2024-02-12 16:00:00,Lunch,Weekday,Other record
4471,2024-03-24,22:30:00,Old Fashioned,Beverage,4.0,12,48.0,Credit Card,Takeaway,101,Sarah,22,Sunday,3,March,6,True,False,2024-03-24 22:00:00,Dinner,Weekend,Other record
4472,2024-01-22,22:15:00,New York Strip,Entree,9.0,38,342.0,Mobile Payment,Dine-In,105,Nina,22,Monday,1,January,0,False,True,2024-01-22 22:00:00,Dinner,Weekday,High-value record
4473,2024-01-20,22:00:00,Grilled Asparagus,Side,6.0,8,48.0,Credit Card,Takeaway,101,Sarah,22,Saturday,1,January,5,True,False,2024-01-20 22:00:00,Dinner,Weekend,Other record
4474,2024-11-26,15:30:00,New York Strip,Entree,4.0,38,152.0,Mobile Payment,Takeaway,102,Jake,15,Tuesday,11,November,1,False,True,2024-11-26 15:00:00,Lunch,Weekday,High-value record
4475,2024-12-27,16:30:00,Shrimp Cocktail,Appetizer,1.0,14,14.0,Mobile Payment,Takeaway,102,Jake,16,Friday,12,December,4,False,False,2024-12-27 16:00:00,Lunch,Weekday,Other record
4476,2024-11-24,14:00:00,Grilled Asparagus,Side,4.0,8,32.0,Credit Card,Delivery,102,Jake,14,Sunday,11,November,6,True,False,2024-11-24 14:00:00,Lunch,Weekend,Other record
4477,2024-12-27,22:00:00,Truffle Fries,Side,7.0,8,56.0,Credit Card,Takeaway,103,Emily,22,Friday,12,December,4,False,False,2024-12-27 22:00:00,Dinner,Weekday,Other record
4478,2024-10-19,14:15:00,Shrimp Cocktail,Appetizer,4.0,14,56.0,Mobile Payment,Delivery,104,Carlos,14,Saturday,10,October,5,True,False,2024-10-19 14:00:00,Lunch,Weekend,Other record
4479,2024-10-27,11:30:00,Mashed Potatoes,Side,2.0,7,14.0,Mobile Payment,Delivery,105,Nina,11,Sunday,10,October,6,True,False,2024-10-27 11:00:00,Lunch,Weekend,Other record
4480,2024-04-03,22:30:00,New York Strip,Entree,8.0,38,304.0,Credit Card,Delivery,102,Jake,22,Wednesday,4,April,2,False,True,2024-04-03 22:00:00,Dinner,Weekday,High-value record
4481,2024-06-20,18:15:00,Caesar Salad,Appetizer,9.0,10,90.0,Cash,Dine-In,102,Jake,18,Thursday,6,June,3,False,True,2024-06-20 18:00:00,Dinner,Weekday,High-value record
4482,2024-01-11,18:15:00,Shrimp Cocktail,Appetizer,6.0,14,84.0,Cash,Delivery,102,Jake,18,Thursday,1,January,3,False,True,2024-01-11 18:00:00,Dinner,Weekday,High-value record
4483,2024-01-26,13:15:00,Grilled Asparagus,Side,4.0,8,32.0,Cash,Dine-In,102,Jake,13,Friday,1,January,4,False,False,2024-01-26 13:00:00,Lunch,Weekday,Other record
4484,2024-05-30,18:30:00,Ribeye Steak,Entree,11.0,35,385.0,Mobile Payment,Takeaway,102,Jake,18,Thursday,5,May,3,False,True,2024-05-30 18:00:00,Dinner,Weekday,High-value record
4485,2024-12-31,18:15:00,Ribeye Steak,Entree,5.2,35,182.0,Cash,Takeaway,101,Sarah,18,Tuesday,12,December,1,False,True,2024-12-31 18:00:00,Dinner,Weekday,High-value record
4486,2024-06-14,12:45:00,Ribeye Steak,Entree,3.0,35,105.0,Cash,Dine-In,103,Emily,12,Friday,6,June,4,False,True,2024-06-14 12:00:00,Lunch,Weekday,High-value record
4487,2024-02-19,11:45:00,Truffle Fries,Side,1.0,8,8.0,Credit Card,Takeaway,103,Emily,11,Monday,2,February,0,False,False,2024-02-19 11:00:00,Lunch,Weekday,Other record
4488,2024-09-30,18:00:00,Chocolate Lava Cake,Dessert,5.0,9,45.0,Mobile Payment,Delivery,101,Sarah,18,Monday,9,September,0,False,False,2024-09-30 18:00:00,Dinner,Weekday,Other record
4489,2024-05-19,13:15:00,Bourbon BBQ Burger,Entree,3.0,22,66.0,Credit Card,Takeaway,103,Emily,13,Sunday,5,May,6,True,True,2024-05-19 13:00:00,Lunch,Weekend,High-value record
4490,2024-02-06,12:15:00,Mashed Potatoes,Side,2.0,7,14.0,Cash,Dine-In,103,Emily,12,Tuesday,2,February,1,False,False,2024-02-06 12:00:00,Lunch,Weekday,Other record
4491,2024-04-29,19:00:00,Old Fashioned,Beverage,10.0,12,120.0,Cash,Delivery,101,Sarah,19,Monday,4,April,0,False,True,2024-04-29 19:00:00,Dinner,Weekday,High-value record
4492,2024-05-07,22:30:00,Ribeye Steak,Entree,5.0,35,175.0,Mobile Payment,Delivery,102,Jake,22,Tuesday,5,May,1,False,True,2024-05-07 22:00:00,Dinner,Weekday,High-value record
4493,2024-12-18,15:30:00,Filet Mignon,Entree,5.0,42,210.0,Mobile Payment,Takeaway,101,Sarah,15,Wednesday,12,December,2,False,True,2024-12-18 15:00:00,Lunch,Weekday,High-value record
4494,2024-06-19,22:45:00,Mashed Potatoes,Side,6.0,7,42.0,Credit Card,Dine-In,104,Carlos,22,Wednesday,6,June,2,False,False,2024-06-19 22:00:00,Dinner,Weekday,Other record
4495,2024-08-09,14:15:00,Cabernet Sauvignon,Beverage,3.0,16,48.0,Credit Card,Takeaway,102,Jake,14,Friday,8,August,4,False,False,2024-08-09 14:00:00,Lunch,Weekday,Other record
4496,2024-01-09,17:00:00,Truffle Fries,Side,9.0,8,72.0,Cash,Dine-In,105,Nina,17,Tuesday,1,January,1,False,True,2024-01-09 17:00:00,Dinner,Weekday,High-value record
4497,2024-12-02,16:45:00,Caesar Salad,Appetizer,3.0,10,30.0,Cash,Dine-In,101,Sarah,16,Monday,12,December,0,False,False,2024-12-02 16:00:00,Lunch,Weekday,Other record
4498,2024-08-22,17:00:00,Mashed Potatoes,Side,2.0,7,14.0,Credit Card,Dine-In,101,Sarah,17,Thursday,8,August,3,False,False,2024-08-22 17:00:00,Dinner,Weekday,Other record
4499,2024-06-09,20:45:00,Cabernet Sauvignon,Beverage,6.0,16,96.0,Mobile Payment,Delivery,104,Carlos,20,Sunday,6,June,6,True,True,2024-06-09 20:00:00,Dinner,Weekend,High-value record
4500,2024-10-31,18:45:00,Filet Mignon,Entree,7.0,42,294.0,Cash,Delivery,102,Jake,18,Thursday,10,October,3,False,True,2024-10-31 18:00:00,Dinner,Weekday,High-value record
4501,2024-12-20,17:00:00,Cabernet Sauvignon,Beverage,2.0,16,32.0,Mobile Payment,Delivery,101,Sarah,17,Friday,12,December,4,False,False,2024-12-20 17:00:00,Dinner,Weekday,Other record
4502,2024-02-25,11:00:00,Shrimp Cocktail,Appetizer,3.0,14,42.0,Mobile Payment,Dine-In,101,Sarah,11,Sunday,2,February,6,True,False,2024-02-25 11:00:00,Lunch,Weekend,Other record
4503,2024-04-20,20:15:00,Old Fashioned,Beverage,11.0,12,132.0,Mobile Payment,Delivery,105,Nina,20,Saturday,4,April,5,True,True,2024-04-20 20:00:00,Dinner,Weekend,High-value record
4504,2024-02-20,19:15:00,Ribeye Steak,Entree,7.0,35,245.0,Credit Card,Delivery,101,Sarah,19,Tuesday,2,February,1,False,True,2024-02-20 19:00:00,Dinner,Weekday,High-value record
4505,2024-07-16,14:00:00,Grilled Asparagus,Side,4.0,8,32.0,Credit Card,Delivery,105,Nina,14,Tuesday,7,July,1,False,False,2024-07-16 14:00:00,Lunch,Weekday,Other record
4506,2024-06-29,12:30:00,Grilled Asparagus,Side,9.0,8,72.0,Cash,Takeaway,101,Sarah,12,Saturday,6,June,5,True,True,2024-06-29 12:00:00,Lunch,Weekend,High-value record
4507,2024-12-04,20:45:00,Mashed Potatoes,Side,7.0,7,49.0,Mobile Payment,Delivery,102,Jake,20,Wednesday,12,December,2,False,False,2024-12-04 20:00:00,Dinner,Weekday,Other record
4508,2024-07-13,18:15:00,Cabernet Sauvignon,Beverage,2.0,16,32.0,Cash,Takeaway,102,Jake,18,Saturday,7,July,5,True,False,2024-07-13 18:00:00,Dinner,Weekend,Other record
4509,2024-12-31,18:15:00,Ribeye Steak,Entree,11.7,35,409.5,Cash,Delivery,103,Emily,18,Tuesday,12,December,1,False,True,2024-12-31 18:00:00,Dinner,Weekday,High-value record
4510,2024-08-17,13:15:00,Old Fashioned,Beverage,4.0,12,48.0,Credit Card,Takeaway,103,Emily,13,Saturday,8,August,5,True,False,2024-08-17 13:00:00,Lunch,Weekend,Other record
4511,2024-01-10,18:15:00,Truffle Fries,Side,2.0,8,16.0,Mobile Payment,Dine-In,101,Sarah,18,Wednesday,1,January,2,False,False,2024-01-10 18:00:00,Dinner,Weekday,Other record
4512,2024-07-23,20:45:00,Cabernet Sauvignon,Beverage,10.0,16,160.0,Mobile Payment,Delivery,105,Nina,20,Tuesday,7,July,1,False,True,2024-07-23 20:00:00,Dinner,Weekday,High-value record
4513,2024-07-09,12:30:00,Mashed Potatoes,Side,3.0,7,21.0,Mobile Payment,Delivery,102,Jake,12,Tuesday,7,July,1,False,False,2024-07-09 12:00:00,Lunch,Weekday,Other record
4514,2024-07-29,18:00:00,Shrimp Cocktail,Appetizer,7.0,14,98.0,Credit Card,Takeaway,105,Nina,18,Monday,7,July,0,False,True,2024-07-29 18:00:00,Dinner,Weekday,High-value record
4515,2024-01-19,17:45:00,Cabernet Sauvignon,Beverage,11.0,16,176.0,Mobile Payment,Takeaway,104,Carlos,17,Friday,1,January,4,False,True,2024-01-19 17:00:00,Dinner,Weekday,High-value record
4516,2024-07-09,12:30:00,Old Fashioned,Beverage,1.0,12,12.0,Cash,Takeaway,103,Emily,12,Tuesday,7,July,1,False,False,2024-07-09 12:00:00,Lunch,Weekday,Other record
4517,2024-06-30,17:00:00,Mashed Potatoes,Side,11.0,7,77.0,Credit Card,Takeaway,102,Jake,17,Sunday,6,June,6,True,True,2024-06-30 17:00:00,Dinner,Weekend,High-value record
4518,2024-06-04,14:00:00,Cabernet Sauvignon,Beverage,1.0,16,16.0,Mobile Payment,Delivery,104,Carlos,14,Tuesday,6,June,1,False,False,2024-06-04 14:00:00,Lunch,Weekday,Other record
4519,2024-04-17,20:15:00,Ribeye Steak,Entree,2.0,35,70.0,Cash,Takeaway,105,Nina,20,Wednesday,4,April,2,False,True,2024-04-17 20:00:00,Dinner,Weekday,High-value record
4520,2024-06-26,17:30:00,Caesar Salad,Appetizer,4.0,10,40.0,Credit Card,Delivery,104,Carlos,17,Wednesday,6,June,2,False,False,2024-06-26 17:00:00,Dinner,Weekday,Other record
4521,2024-09-03,14:00:00,Bourbon BBQ Burger,Entree,2.0,22,44.0,Cash,Takeaway,104,Carlos,14,Tuesday,9,September,1,False,False,2024-09-03 14:00:00,Lunch,Weekday,Other record
4522,2024-12-18,19:45:00,Filet Mignon,Entree,9.0,42,378.0,Cash,Takeaway,101,Sarah,19,Wednesday,12,December,2,False,True,2024-12-18 19:00:00,Dinner,Weekday,High-value record
4523,2024-07-09,15:45:00,Bourbon BBQ Burger,Entree,2.0,22,44.0,Cash,Dine-In,102,Jake,15,Tuesday,7,July,1,False,False,2024-07-09 15:00:00,Lunch,Weekday,Other record
4524,2024-05-14,21:00:00,New York Strip,Entree,5.0,38,190.0,Credit Card,Takeaway,103,Emily,21,Tuesday,5,May,1,False,True,2024-05-14 21:00:00,Dinner,Weekday,High-value record
4525,2024-01-13,21:00:00,Mashed Potatoes,Side,6.0,7,42.0,Mobile Payment,Dine-In,105,Nina,21,Saturday,1,January,5,True,False,2024-01-13 21:00:00,Dinner,Weekend,Other record
4526,2024-01-19,21:15:00,Chocolate Lava Cake,Dessert,8.0,9,72.0,Credit Card,Delivery,104,Carlos,21,Friday,1,January,4,False,True,2024-01-19 21:00:00,Dinner,Weekday,High-value record
4527,2024-05-01,19:45:00,New York Strip,Entree,6.0,38,228.0,Credit Card,Dine-In,104,Carlos,19,Wednesday,5,May,2,False,True,2024-05-01 19:00:00,Dinner,Weekday,High-value record
4528,2024-04-19,11:15:00,Shrimp Cocktail,Appetizer,3.0,14,42.0,Mobile Payment,Dine-In,101,Sarah,11,Friday,4,April,4,False,False,2024-04-19 11:00:00,Lunch,Weekday,Other record
4529,2024-01-15,11:00:00,Shrimp Cocktail,Appetizer,2.0,14,28.0,Credit Card,Dine-In,105,Nina,11,Monday,1,January,0,False,False,2024-01-15 11:00:00,Lunch,Weekday,Other record
4530,2024-06-06,20:15:00,Ribeye Steak,Entree,10.0,35,350.0,Mobile Payment,Delivery,103,Emily,20,Thursday,6,June,3,False,True,2024-06-06 20:00:00,Dinner,Weekday,High-value record
4531,2024-02-24,18:45:00,Mashed Potatoes,Side,6.0,7,42.0,Credit Card,Takeaway,102,Jake,18,Saturday,2,February,5,True,False,2024-02-24 18:00:00,Dinner,Weekend,Other record
4532,2024-09-19,20:45:00,Truffle Fries,Side,4.0,8,32.0,Credit Card,Dine-In,105,Nina,20,Thursday,9,September,3,False,False,2024-09-19 20:00:00,Dinner,Weekday,Other record
4533,2024-11-06,17:15:00,New York Strip,Entree,6.0,38,228.0,Cash,Takeaway,103,Emily,17,Wednesday,11,November,2,False,True,2024-11-06 17:00:00,Dinner,Weekday,High-value record
4534,2024-11-19,17:00:00,Ribeye Steak,Entree,4.0,35,140.0,Cash,Dine-In,101,Sarah,17,Tuesday,11,November,1,False,True,2024-11-19 17:00:00,Dinner,Weekday,High-value record
4535,2024-03-07,14:30:00,Ribeye Steak,Entree,3.0,35,105.0,Credit Card,Delivery,104,Carlos,14,Thursday,3,March,3,False,True,2024-03-07 14:00:00,Lunch,Weekday,High-value record
4536,2024-08-19,12:15:00,Mashed Potatoes,Side,1.0,7,7.0,Mobile Payment,Takeaway,105,Nina,12,Monday,8,August,0,False,False,2024-08-19 12:00:00,Lunch,Weekday,Other record
4537,2024-10-15,22:00:00,Shrimp Cocktail,Appetizer,2.0,14,28.0,Mobile Payment,Delivery,102,Jake,22,Tuesday,10,October,1,False,False,2024-10-15 22:00:00,Dinner,Weekday,Other record
4538,2024-09-16,11:30:00,Filet Mignon,Entree,4.0,42,168.0,Credit Card,Takeaway,101,Sarah,11,Monday,9,September,0,False,True,2024-09-16 11:00:00,Lunch,Weekday,High-value record
4539,2024-12-29,19:00:00,New York Strip,Entree,5.0,38,190.0,Mobile Payment,Dine-In,104,Carlos,19,Sunday,12,December,6,True,True,2024-12-29 19:00:00,Dinner,Weekend,High-value record
4540,2024-09-26,19:30:00,Shrimp Cocktail,Appetizer,8.0,14,112.0,Mobile Payment,Delivery,101,Sarah,19,Thursday,9,September,3,False,True,2024-09-26 19:00:00,Dinner,Weekday,High-value record
4541,2024-10-25,19:45:00,Caesar Salad,Appetizer,7.0,10,70.0,Cash,Takeaway,102,Jake,19,Friday,10,October,4,False,True,2024-10-25 19:00:00,Dinner,Weekday,High-value record
4542,2024-08-30,17:30:00,Cabernet Sauvignon,Beverage,5.0,16,80.0,Credit Card,Takeaway,102,Jake,17,Friday,8,August,4,False,True,2024-08-30 17:00:00,Dinner,Weekday,High-value record
4543,2024-01-08,13:15:00,Shrimp Cocktail,Appetizer,6.0,14,84.0,Cash,Takeaway,105,Nina,13,Monday,1,January,0,False,True,2024-01-08 13:00:00,Lunch,Weekday,High-value record
4544,2024-10-05,17:15:00,Truffle Fries,Side,2.0,8,16.0,Cash,Takeaway,102,Jake,17,Saturday,10,October,5,True,False,2024-10-05 17:00:00,Dinner,Weekend,Other record
4545,2024-08-24,12:30:00,Mashed Potatoes,Side,2.0,7,14.0,Cash,Dine-In,101,Sarah,12,Saturday,8,August,5,True,False,2024-08-24 12:00:00,Lunch,Weekend,Other record
4546,2024-09-29,11:15:00,Grilled Asparagus,Side,4.0,8,32.0,Mobile Payment,Delivery,101,Sarah,11,Sunday,9,September,6,True,False,2024-09-29 11:00:00,Lunch,Weekend,Other record
4547,2024-05-14,12:15:00,Bourbon BBQ Burger,Entree,4.0,22,88.0,Credit Card,Dine-In,104,Carlos,12,Tuesday,5,May,1,False,True,2024-05-14 12:00:00,Lunch,Weekday,High-value record
4548,2024-02-13,11:30:00,Old Fashioned,Beverage,1.0,12,12.0,Mobile Payment,Delivery,101,Sarah,11,Tuesday,2,February,1,False,False,2024-02-13 11:00:00,Lunch,Weekday,Other record
4549,2024-02-22,20:15:00,Truffle Fries,Side,6.0,8,48.0,Credit Card,Delivery,105,Nina,20,Thursday,2,February,3,False,False,2024-02-22 20:00:00,Dinner,Weekday,Other record
4550,2024-03-14,15:45:00,Grilled Asparagus,Side,6.0,8,48.0,Mobile Payment,Delivery,102,Jake,15,Thursday,3,March,3,False,False,2024-03-14 15:00:00,Lunch,Weekday,Other record
4551,2024-05-28,12:00:00,Caesar Salad,Appetizer,3.0,10,30.0,Cash,Takeaway,101,Sarah,12,Tuesday,5,May,1,False,False,2024-05-28 12:00:00,Lunch,Weekday,Other record
4552,2024-04-11,12:00:00,Filet Mignon,Entree,5.0,42,210.0,Mobile Payment,Dine-In,103,Emily,12,Thursday,4,April,3,False,True,2024-04-11 12:00:00,Lunch,Weekday,High-value record
4553,2024-01-05,16:00:00,Truffle Fries,Side,3.0,8,24.0,Cash,Takeaway,101,Sarah,16,Friday,1,January,4,False,False,2024-01-05 16:00:00,Lunch,Weekday,Other record
4554,2024-08-15,20:00:00,Shrimp Cocktail,Appetizer,6.0,14,84.0,Credit Card,Dine-In,105,Nina,20,Thursday,8,August,3,False,True,2024-08-15 20:00:00,Dinner,Weekday,High-value record
4555,2024-07-03,17:00:00,Chocolate Lava Cake,Dessert,6.0,9,54.0,Cash,Takeaway,104,Carlos,17,Wednesday,7,July,2,False,False,2024-07-03 17:00:00,Dinner,Weekday,Other record
4556,2024-02-21,15:45:00,Cabernet Sauvignon,Beverage,2.0,16,32.0,Cash,Dine-In,102,Jake,15,Wednesday,2,February,2,False,False,2024-02-21 15:00:00,Lunch,Weekday,Other record
4557,2024-02-23,15:30:00,Grilled Asparagus,Side,4.0,8,32.0,Credit Card,Takeaway,102,Jake,15,Friday,2,February,4,False,False,2024-02-23 15:00:00,Lunch,Weekday,Other record
4558,2024-03-19,18:30:00,Bourbon BBQ Burger,Entree,7.0,22,154.0,Mobile Payment,Takeaway,101,Sarah,18,Tuesday,3,March,1,False,True,2024-03-19 18:00:00,Dinner,Weekday,High-value record
4559,2024-08-20,22:30:00,Ribeye Steak,Entree,3.0,35,105.0,Cash,Takeaway,103,Emily,22,Tuesday,8,August,1,False,True,2024-08-20 22:00:00,Dinner,Weekday,High-value record
4560,2024-05-12,20:45:00,Ribeye Steak,Entree,18.0,35,630.0,Cash,Dine-In,105,Nina,20,Sunday,5,May,6,True,True,2024-05-12 20:00:00,Dinner,Weekend,High-value record
4561,2024-02-24,22:15:00,Grilled Asparagus,Side,11.0,8,88.0,Credit Card,Dine-In,102,Jake,22,Saturday,2,February,5,True,True,2024-02-24 22:00:00,Dinner,Weekend,High-value record
4562,2024-11-18,17:30:00,Filet Mignon,Entree,2.0,42,84.0,Credit Card,Dine-In,102,Jake,17,Monday,11,November,0,False,True,2024-11-18 17:00:00,Dinner,Weekday,High-value record
4563,2024-03-26,17:45:00,Mashed Potatoes,Side,4.0,7,28.0,Cash,Delivery,105,Nina,17,Tuesday,3,March,1,False,False,2024-03-26 17:00:00,Dinner,Weekday,Other record
4564,2024-01-24,16:45:00,Grilled Asparagus,Side,2.0,8,16.0,Cash,Delivery,101,Sarah,16,Wednesday,1,January,2,False,False,2024-01-24 16:00:00,Lunch,Weekday,Other record
4565,2024-02-11,11:45:00,Bourbon BBQ Burger,Entree,3.0,22,66.0,Credit Card,Takeaway,101,Sarah,11,Sunday,2,February,6,True,True,2024-02-11 11:00:00,Lunch,Weekend,High-value record
4566,2024-03-25,16:15:00,Grilled Asparagus,Side,1.0,8,8.0,Credit Card,Takeaway,101,Sarah,16,Monday,3,March,0,False,False,2024-03-25 16:00:00,Lunch,Weekday,Other record
4567,2024-02-01,15:45:00,Shrimp Cocktail,Appetizer,4.0,14,56.0,Credit Card,Takeaway,105,Nina,15,Thursday,2,February,3,False,False,2024-02-01 15:00:00,Lunch,Weekday,Other record
4568,2024-06-02,19:45:00,Bourbon BBQ Burger,Entree,9.0,22,198.0,Mobile Payment,Delivery,103,Emily,19,Sunday,6,June,6,True,True,2024-06-02 19:00:00,Dinner,Weekend,High-value record
4569,2024-09-17,15:00:00,Old Fashioned,Beverage,1.0,12,12.0,Mobile Payment,Dine-In,104,Carlos,15,Tuesday,9,September,1,False,False,2024-09-17 15:00:00,Lunch,Weekday,Other record
4570,2024-02-24,11:00:00,Old Fashioned,Beverage,7.0,12,84.0,Cash,Dine-In,104,Carlos,11,Saturday,2,February,5,True,True,2024-02-24 11:00:00,Lunch,Weekend,High-value record
4571,2024-09-05,14:45:00,Mashed Potatoes,Side,5.0,7,35.0,Credit Card,Delivery,102,Jake,14,Thursday,9,September,3,False,False,2024-09-05 14:00:00,Lunch,Weekday,Other record
4572,2024-04-13,11:45:00,Cabernet Sauvignon,Beverage,2.0,16,32.0,Cash,Dine-In,104,Carlos,11,Saturday,4,April,5,True,False,2024-04-13 11:00:00,Lunch,Weekend,Other record
4573,2024-02-24,20:45:00,Ribeye Steak,Entree,2.0,35,70.0,Credit Card,Delivery,101,Sarah,20,Saturday,2,February,5,True,True,2024-02-24 20:00:00,Dinner,Weekend,High-value record
4574,2024-03-28,12:30:00,Shrimp Cocktail,Appetizer,3.0,14,42.0,Cash,Takeaway,103,Emily,12,Thursday,3,March,3,False,False,2024-03-28 12:00:00,Lunch,Weekday,Other record
4575,2024-10-30,17:45:00,Shrimp Cocktail,Appetizer,4.0,14,56.0,Cash,Dine-In,105,Nina,17,Wednesday,10,October,2,False,False,2024-10-30 17:00:00,Dinner,Weekday,Other record
4576,2024-06-04,21:45:00,Truffle Fries,Side,6.0,8,48.0,Credit Card,Dine-In,102,Jake,21,Tuesday,6,June,1,False,False,2024-06-04 21:00:00,Dinner,Weekday,Other record
4577,2024-10-17,12:45:00,Bourbon BBQ Burger,Entree,1.0,22,22.0,Cash,Delivery,102,Jake,12,Thursday,10,October,3,False,False,2024-10-17 12:00:00,Lunch,Weekday,Other record
4578,2024-07-03,14:00:00,Ribeye Steak,Entree,4.0,35,140.0,Mobile Payment,Delivery,105,Nina,14,Wednesday,7,July,2,False,True,2024-07-03 14:00:00,Lunch,Weekday,High-value record
4579,2024-10-25,13:45:00,Bourbon BBQ Burger,Entree,7.0,22,154.0,Credit Card,Dine-In,104,Carlos,13,Friday,10,October,4,False,True,2024-10-25 13:00:00,Lunch,Weekday,High-value record
4580,2024-02-27,22:45:00,Bourbon BBQ Burger,Entree,7.0,22,154.0,Cash,Dine-In,104,Carlos,22,Tuesday,2,February,1,False,True,2024-02-27 22:00:00,Dinner,Weekday,High-value record
4581,2024-04-20,20:30:00,Grilled Asparagus,Side,4.0,8,32.0,Credit Card,Delivery,104,Carlos,20,Saturday,4,April,5,True,False,2024-04-20 20:00:00,Dinner,Weekend,Other record
4582,2024-03-18,14:30:00,Cabernet Sauvignon,Beverage,4.0,16,64.0,Credit Card,Delivery,102,Jake,14,Monday,3,March,0,False,True,2024-03-18 14:00:00,Lunch,Weekday,High-value record
4583,2024-11-14,13:45:00,Bourbon BBQ Burger,Entree,3.0,22,66.0,Mobile Payment,Takeaway,101,Sarah,13,Thursday,11,November,3,False,True,2024-11-14 13:00:00,Lunch,Weekday,High-value record
4584,2024-05-13,22:00:00,Caesar Salad,Appetizer,5.0,10,50.0,Mobile Payment,Dine-In,101,Sarah,22,Monday,5,May,0,False,False,2024-05-13 22:00:00,Dinner,Weekday,Other record
4585,2024-09-03,20:45:00,Old Fashioned,Beverage,2.0,12,24.0,Credit Card,Dine-In,103,Emily,20,Tuesday,9,September,1,False,False,2024-09-03 20:00:00,Dinner,Weekday,Other record
4586,2024-07-05,19:00:00,Old Fashioned,Beverage,3.0,12,36.0,Credit Card,Takeaway,105,Nina,19,Friday,7,July,4,False,False,2024-07-05 19:00:00,Dinner,Weekday,Other record
4587,2024-03-05,12:00:00,Grilled Asparagus,Side,2.0,8,16.0,Credit Card,Dine-In,104,Carlos,12,Tuesday,3,March,1,False,False,2024-03-05 12:00:00,Lunch,Weekday,Other record
4588,2024-12-23,20:15:00,Mashed Potatoes,Side,6.0,7,42.0,Credit Card,Takeaway,104,Carlos,20,Monday,12,December,0,False,False,2024-12-23 20:00:00,Dinner,Weekday,Other record
4589,2024-04-16,20:45:00,Ribeye Steak,Entree,2.0,35,70.0,Credit Card,Delivery,103,Emily,20,Tuesday,4,April,1,False,True,2024-04-16 20:00:00,Dinner,Weekday,High-value record
4590,2024-07-03,18:00:00,Caesar Salad,Appetizer,8.0,10,80.0,Mobile Payment,Dine-In,103,Emily,18,Wednesday,7,July,2,False,True,2024-07-03 18:00:00,Dinner,Weekday,High-value record
4591,2024-12-04,13:45:00,Truffle Fries,Side,1.0,8,8.0,Mobile Payment,Delivery,104,Carlos,13,Wednesday,12,December,2,False,False,2024-12-04 13:00:00,Lunch,Weekday,Other record
4592,2024-07-22,22:15:00,Mashed Potatoes,Side,7.0,7,49.0,Cash,Delivery,101,Sarah,22,Monday,7,July,0,False,False,2024-07-22 22:00:00,Dinner,Weekday,Other record
4593,2024-06-17,11:15:00,Grilled Asparagus,Side,1.0,8,8.0,Cash,Dine-In,101,Sarah,11,Monday,6,June,0,False,False,2024-06-17 11:00:00,Lunch,Weekday,Other record
4594,2024-02-26,21:00:00,Filet Mignon,Entree,7.0,42,294.0,Credit Card,Dine-In,104,Carlos,21,Monday,2,February,0,False,True,2024-02-26 21:00:00,Dinner,Weekday,High-value record
4595,2024-02-06,20:45:00,Caesar Salad,Appetizer,10.0,10,100.0,Credit Card,Takeaway,105,Nina,20,Tuesday,2,February,1,False,True,2024-02-06 20:00:00,Dinner,Weekday,High-value record
4596,2024-11-16,19:00:00,New York Strip,Entree,2.0,38,76.0,Cash,Dine-In,101,Sarah,19,Saturday,11,November,5,True,True,2024-11-16 19:00:00,Dinner,Weekend,High-value record
4597,2024-12-10,22:15:00,Bourbon BBQ Burger,Entree,4.0,22,88.0,Mobile Payment,Takeaway,104,Carlos,22,Tuesday,12,December,1,False,True,2024-12-10 22:00:00,Dinner,Weekday,High-value record
4598,2024-10-20,20:00:00,Bourbon BBQ Burger,Entree,10.0,22,220.0,Credit Card,Takeaway,102,Jake,20,Sunday,10,October,6,True,True,2024-10-20 20:00:00,Dinner,Weekend,High-value record
4599,2024-04-10,21:15:00,Filet Mignon,Entree,2.0,42,84.0,Credit Card,Delivery,103,Emily,21,Wednesday,4,April,2,False,True,2024-04-10 21:00:00,Dinner,Weekday,High-value record
4600,2024-09-27,12:45:00,Bourbon BBQ Burger,Entree,7.0,22,154.0,Mobile Payment,Dine-In,104,Carlos,12,Friday,9,September,4,False,True,2024-09-27 12:00:00,Lunch,Weekday,High-value record
4601,2024-07-04,16:45:00,Filet Mignon,Entree,6.0,42,252.0,Cash,Dine-In,101,Sarah,16,Thursday,7,July,3,False,True,2024-07-04 16:00:00,Lunch,Weekday,High-value record
4602,2024-09-28,19:15:00,New York Strip,Entree,2.0,38,76.0,Credit Card,Dine-In,101,Sarah,19,Saturday,9,September,5,True,True,2024-09-28 19:00:00,Dinner,Weekend,High-value record
4603,2024-09-26,22:45:00,Shrimp Cocktail,Appetizer,2.0,14,28.0,Credit Card,Takeaway,101,Sarah,22,Thursday,9,September,3,False,False,2024-09-26 22:00:00,Dinner,Weekday,Other record
4604,2024-11-22,21:15:00,Ribeye Steak,Entree,4.0,35,140.0,Cash,Takeaway,103,Emily,21,Friday,11,November,4,False,True,2024-11-22 21:00:00,Dinner,Weekday,High-value record
4605,2024-02-29,22:45:00,Chocolate Lava Cake,Dessert,5.0,9,45.0,Credit Card,Delivery,102,Jake,22,Thursday,2,February,3,False,False,2024-02-29 22:00:00,Dinner,Weekday,Other record
4606,2024-06-11,21:00:00,Grilled Asparagus,Side,8.0,8,64.0,Credit Card,Takeaway,101,Sarah,21,Tuesday,6,June,1,False,True,2024-06-11 21:00:00,Dinner,Weekday,High-value record
4607,2024-05-04,13:15:00,Chocolate Lava Cake,Dessert,2.0,9,18.0,Mobile Payment,Delivery,102,Jake,13,Saturday,5,May,5,True,False,2024-05-04 13:00:00,Lunch,Weekend,Other record
4608,2024-12-03,13:30:00,New York Strip,Entree,5.0,38,190.0,Cash,Delivery,104,Carlos,13,Tuesday,12,December,1,False,True,2024-12-03 13:00:00,Lunch,Weekday,High-value record
4609,2024-08-20,12:15:00,Grilled Asparagus,Side,5.0,8,40.0,Cash,Takeaway,105,Nina,12,Tuesday,8,August,1,False,False,2024-08-20 12:00:00,Lunch,Weekday,Other record
4610,2024-05-13,20:30:00,New York Strip,Entree,3.0,38,114.0,Credit Card,Dine-In,105,Nina,20,Monday,5,May,0,False,True,2024-05-13 20:00:00,Dinner,Weekday,High-value record
4611,2024-07-31,15:30:00,Shrimp Cocktail,Appetizer,5.0,14,70.0,Credit Card,Dine-In,104,Carlos,15,Wednesday,7,July,2,False,True,2024-07-31 15:00:00,Lunch,Weekday,High-value record
4612,2024-12-26,22:45:00,Cabernet Sauvignon,Beverage,2.0,16,32.0,Cash,Dine-In,103,Emily,22,Thursday,12,December,3,False,False,2024-12-26 22:00:00,Dinner,Weekday,Other record
4613,2024-04-23,14:00:00,Grilled Asparagus,Side,3.0,8,24.0,Cash,Delivery,105,Nina,14,Tuesday,4,April,1,False,False,2024-04-23 14:00:00,Lunch,Weekday,Other record
4614,2024-01-13,16:45:00,Old Fashioned,Beverage,2.0,12,24.0,Credit Card,Takeaway,103,Emily,16,Saturday,1,January,5,True,False,2024-01-13 16:00:00,Lunch,Weekend,Other record
4615,2024-10-31,21:00:00,Bourbon BBQ Burger,Entree,7.0,22,154.0,Mobile Payment,Dine-In,104,Carlos,21,Thursday,10,October,3,False,True,2024-10-31 21:00:00,Dinner,Weekday,High-value record
4616,2024-09-28,18:00:00,New York Strip,Entree,7.0,38,266.0,Mobile Payment,Dine-In,102,Jake,18,Saturday,9,September,5,True,True,2024-09-28 18:00:00,Dinner,Weekend,High-value record
4617,2024-01-09,22:30:00,Grilled Asparagus,Side,3.0,8,24.0,Credit Card,Dine-In,101,Sarah,22,Tuesday,1,January,1,False,False,2024-01-09 22:00:00,Dinner,Weekday,Other record
4618,2024-07-30,13:45:00,Grilled Asparagus,Side,1.0,8,8.0,Cash,Dine-In,102,Jake,13,Tuesday,7,July,1,False,False,2024-07-30 13:00:00,Lunch,Weekday,Other record
4619,2024-06-14,19:30:00,Filet Mignon,Entree,9.0,42,378.0,Cash,Dine-In,105,Nina,19,Friday,6,June,4,False,True,2024-06-14 19:00:00,Dinner,Weekday,High-value record
4620,2024-06-12,16:45:00,Old Fashioned,Beverage,2.0,12,24.0,Mobile Payment,Takeaway,105,Nina,16,Wednesday,6,June,2,False,False,2024-06-12 16:00:00,Lunch,Weekday,Other record
4621,2024-04-10,20:30:00,Old Fashioned,Beverage,10.0,12,120.0,Credit Card,Takeaway,101,Sarah,20,Wednesday,4,April,2,False,True,2024-04-10 20:00:00,Dinner,Weekday,High-value record
4622,2024-10-15,21:15:00,Shrimp Cocktail,Appetizer,8.0,14,112.0,Credit Card,Delivery,101,Sarah,21,Tuesday,10,October,1,False,True,2024-10-15 21:00:00,Dinner,Weekday,High-value record
4623,2024-02-07,12:45:00,Bourbon BBQ Burger,Entree,2.0,22,44.0,Credit Card,Takeaway,101,Sarah,12,Wednesday,2,February,2,False,False,2024-02-07 12:00:00,Lunch,Weekday,Other record
4624,2024-04-21,22:45:00,New York Strip,Entree,6.0,38,228.0,Credit Card,Delivery,104,Carlos,22,Sunday,4,April,6,True,True,2024-04-21 22:00:00,Dinner,Weekend,High-value record
4625,2024-08-08,12:00:00,New York Strip,Entree,3.0,38,114.0,Mobile Payment,Takeaway,102,Jake,12,Thursday,8,August,3,False,True,2024-08-08 12:00:00,Lunch,Weekday,High-value record
4626,2024-04-15,14:00:00,Ribeye Steak,Entree,6.0,35,210.0,Cash,Takeaway,104,Carlos,14,Monday,4,April,0,False,True,2024-04-15 14:00:00,Lunch,Weekday,High-value record
4627,2024-05-07,11:15:00,Chocolate Lava Cake,Dessert,2.0,9,18.0,Mobile Payment,Takeaway,105,Nina,11,Tuesday,5,May,1,False,False,2024-05-07 11:00:00,Lunch,Weekday,Other record
4628,2024-03-12,19:45:00,Caesar Salad,Appetizer,4.0,10,40.0,Cash,Dine-In,104,Carlos,19,Tuesday,3,March,1,False,False,2024-03-12 19:00:00,Dinner,Weekday,Other record
4629,2024-12-15,22:15:00,Filet Mignon,Entree,4.0,42,168.0,Mobile Payment,Takeaway,102,Jake,22,Sunday,12,December,6,True,True,2024-12-15 22:00:00,Dinner,Weekend,High-value record
4630,2024-08-06,16:30:00,Cabernet Sauvignon,Beverage,4.0,16,64.0,Cash,Dine-In,101,Sarah,16,Tuesday,8,August,1,False,True,2024-08-06 16:00:00,Lunch,Weekday,High-value record
4631,2024-08-29,13:00:00,Filet Mignon,Entree,5.0,42,210.0,Credit Card,Dine-In,105,Nina,13,Thursday,8,August,3,False,True,2024-08-29 13:00:00,Lunch,Weekday,High-value record
4632,2024-05-31,13:45:00,Shrimp Cocktail,Appetizer,1.0,14,14.0,Credit Card,Delivery,102,Jake,13,Friday,5,May,4,False,False,2024-05-31 13:00:00,Lunch,Weekday,Other record
4633,2024-09-07,20:45:00,Caesar Salad,Appetizer,9.0,10,90.0,Credit Card,Dine-In,102,Jake,20,Saturday,9,September,5,True,True,2024-09-07 20:00:00,Dinner,Weekend,High-value record
4634,2024-11-15,22:30:00,Mashed Potatoes,Side,7.0,7,49.0,Cash,Delivery,101,Sarah,22,Friday,11,November,4,False,False,2024-11-15 22:00:00,Dinner,Weekday,Other record
4635,2024-01-10,16:00:00,Ribeye Steak,Entree,6.0,35,210.0,Cash,Delivery,103,Emily,16,Wednesday,1,January,2,False,True,2024-01-10 16:00:00,Lunch,Weekday,High-value record
4636,2024-12-18,19:30:00,Truffle Fries,Side,3.0,8,24.0,Cash,Takeaway,102,Jake,19,Wednesday,12,December,2,False,False,2024-12-18 19:00:00,Dinner,Weekday,Other record
4637,2024-04-16,22:00:00,Ribeye Steak,Entree,3.0,35,105.0,Credit Card,Dine-In,104,Carlos,22,Tuesday,4,April,1,False,True,2024-04-16 22:00:00,Dinner,Weekday,High-value record
4638,2024-03-09,13:15:00,Mashed Potatoes,Side,2.0,7,14.0,Cash,Delivery,105,Nina,13,Saturday,3,March,5,True,False,2024-03-09 13:00:00,Lunch,Weekend,Other record
4639,2024-04-28,11:15:00,Bourbon BBQ Burger,Entree,3.0,22,66.0,Mobile Payment,Dine-In,103,Emily,11,Sunday,4,April,6,True,True,2024-04-28 11:00:00,Lunch,Weekend,High-value record
4640,2024-04-11,18:30:00,Caesar Salad,Appetizer,10.0,10,100.0,Cash,Takeaway,105,Nina,18,Thursday,4,April,3,False,True,2024-04-11 18:00:00,Dinner,Weekday,High-value record
4641,2024-03-13,19:00:00,Chocolate Lava Cake,Dessert,2.0,9,18.0,Credit Card,Delivery,104,Carlos,19,Wednesday,3,March,2,False,False,2024-03-13 19:00:00,Dinner,Weekday,Other record
4642,2024-04-23,12:45:00,Grilled Asparagus,Side,5.0,8,40.0,Credit Card,Delivery,104,Carlos,12,Tuesday,4,April,1,False,False,2024-04-23 12:00:00,Lunch,Weekday,Other record
4643,2024-12-12,15:00:00,Caesar Salad,Appetizer,2.0,10,20.0,Cash,Takeaway,103,Emily,15,Thursday,12,December,3,False,False,2024-12-12 15:00:00,Lunch,Weekday,Other record
4644,2024-05-22,15:00:00,Ribeye Steak,Entree,4.0,35,140.0,Cash,Takeaway,104,Carlos,15,Wednesday,5,May,2,False,True,2024-05-22 15:00:00,Lunch,Weekday,High-value record
4645,2024-05-15,20:45:00,Ribeye Steak,Entree,2.0,35,70.0,Mobile Payment,Delivery,103,Emily,20,Wednesday,5,May,2,False,True,2024-05-15 20:00:00,Dinner,Weekday,High-value record
4646,2024-05-28,22:30:00,Cabernet Sauvignon,Beverage,2.0,16,32.0,Cash,Takeaway,101,Sarah,22,Tuesday,5,May,1,False,False,2024-05-28 22:00:00,Dinner,Weekday,Other record
4647,2024-09-07,17:30:00,New York Strip,Entree,11.0,38,418.0,Credit Card,Delivery,102,Jake,17,Saturday,9,September,5,True,True,2024-09-07 17:00:00,Dinner,Weekend,High-value record
4648,2024-09-21,11:15:00,Shrimp Cocktail,Appetizer,2.0,14,28.0,Cash,Takeaway,101,Sarah,11,Saturday,9,September,5,True,False,2024-09-21 11:00:00,Lunch,Weekend,Other record
4649,2024-06-11,11:45:00,Chocolate Lava Cake,Dessert,6.0,9,54.0,Mobile Payment,Takeaway,101,Sarah,11,Tuesday,6,June,1,False,False,2024-06-11 11:00:00,Lunch,Weekday,Other record
4650,2024-04-09,12:30:00,New York Strip,Entree,3.0,38,114.0,Credit Card,Dine-In,102,Jake,12,Tuesday,4,April,1,False,True,2024-04-09 12:00:00,Lunch,Weekday,High-value record
4651,2024-12-22,13:15:00,Bourbon BBQ Burger,Entree,5.0,22,110.0,Cash,Takeaway,105,Nina,13,Sunday,12,December,6,True,True,2024-12-22 13:00:00,Lunch,Weekend,High-value record
4652,2024-10-07,14:45:00,Bourbon BBQ Burger,Entree,3.0,22,66.0,Mobile Payment,Takeaway,102,Jake,14,Monday,10,October,0,False,True,2024-10-07 14:00:00,Lunch,Weekday,High-value record
4653,2024-06-28,15:00:00,Truffle Fries,Side,5.0,8,40.0,Credit Card,Takeaway,102,Jake,15,Friday,6,June,4,False,False,2024-06-28 15:00:00,Lunch,Weekday,Other record
4654,2024-06-23,22:15:00,Chocolate Lava Cake,Dessert,5.0,9,45.0,Cash,Dine-In,101,Sarah,22,Sunday,6,June,6,True,False,2024-06-23 22:00:00,Dinner,Weekend,Other record
4655,2024-02-29,16:15:00,Mashed Potatoes,Side,3.0,7,21.0,Mobile Payment,Delivery,104,Carlos,16,Thursday,2,February,3,False,False,2024-02-29 16:00:00,Lunch,Weekday,Other record
4656,2024-04-02,18:45:00,Truffle Fries,Side,9.0,8,72.0,Mobile Payment,Delivery,102,Jake,18,Tuesday,4,April,1,False,True,2024-04-02 18:00:00,Dinner,Weekday,High-value record
4657,2024-07-24,11:15:00,Filet Mignon,Entree,4.0,42,168.0,Credit Card,Delivery,105,Nina,11,Wednesday,7,July,2,False,True,2024-07-24 11:00:00,Lunch,Weekday,High-value record
4658,2024-01-10,14:00:00,Shrimp Cocktail,Appetizer,3.0,14,42.0,Mobile Payment,Delivery,101,Sarah,14,Wednesday,1,January,2,False,False,2024-01-10 14:00:00,Lunch,Weekday,Other record
4659,2024-12-27,20:45:00,Filet Mignon,Entree,10.0,42,420.0,Credit Card,Dine-In,103,Emily,20,Friday,12,December,4,False,True,2024-12-27 20:00:00,Dinner,Weekday,High-value record
4660,2024-03-08,13:15:00,Mashed Potatoes,Side,5.0,7,35.0,Mobile Payment,Takeaway,103,Emily,13,Friday,3,March,4,False,False,2024-03-08 13:00:00,Lunch,Weekday,Other record
4661,2024-11-01,13:00:00,Mashed Potatoes,Side,4.0,7,28.0,Mobile Payment,Takeaway,104,Carlos,13,Friday,11,November,4,False,False,2024-11-01 13:00:00,Lunch,Weekday,Other record
4662,2024-06-13,18:45:00,Chocolate Lava Cake,Dessert,11.0,9,99.0,Cash,Dine-In,102,Jake,18,Thursday,6,June,3,False,True,2024-06-13 18:00:00,Dinner,Weekday,High-value record
4663,2024-08-17,20:15:00,Ribeye Steak,Entree,7.0,35,245.0,Credit Card,Takeaway,104,Carlos,20,Saturday,8,August,5,True,True,2024-08-17 20:00:00,Dinner,Weekend,High-value record
4664,2024-03-14,18:30:00,Mashed Potatoes,Side,2.0,7,14.0,Cash,Takeaway,101,Sarah,18,Thursday,3,March,3,False,False,2024-03-14 18:00:00,Dinner,Weekday,Other record
4665,2024-10-08,20:30:00,Cabernet Sauvignon,Beverage,8.0,16,128.0,Credit Card,Dine-In,101,Sarah,20,Tuesday,10,October,1,False,True,2024-10-08 20:00:00,Dinner,Weekday,High-value record
4666,2024-06-27,21:15:00,New York Strip,Entree,2.0,38,76.0,Cash,Dine-In,104,Carlos,21,Thursday,6,June,3,False,True,2024-06-27 21:00:00,Dinner,Weekday,High-value record
4667,2024-12-29,19:45:00,Ribeye Steak,Entree,2.0,35,70.0,Mobile Payment,Dine-In,103,Emily,19,Sunday,12,December,6,True,True,2024-12-29 19:00:00,Dinner,Weekend,High-value record
4668,2024-08-22,17:00:00,New York Strip,Entree,11.0,38,418.0,Mobile Payment,Delivery,105,Nina,17,Thursday,8,August,3,False,True,2024-08-22 17:00:00,Dinner,Weekday,High-value record
4669,2024-10-27,20:15:00,Ribeye Steak,Entree,7.0,35,245.0,Credit Card,Takeaway,101,Sarah,20,Sunday,10,October,6,True,True,2024-10-27 20:00:00,Dinner,Weekend,High-value record
4670,2024-02-29,22:15:00,Truffle Fries,Side,9.0,8,72.0,Mobile Payment,Delivery,104,Carlos,22,Thursday,2,February,3,False,True,2024-02-29 22:00:00,Dinner,Weekday,High-value record
4671,2024-10-22,20:15:00,Old Fashioned,Beverage,2.0,12,24.0,Mobile Payment,Takeaway,104,Carlos,20,Tuesday,10,October,1,False,False,2024-10-22 20:00:00,Dinner,Weekday,Other record
4672,2024-01-25,14:15:00,Cabernet Sauvignon,Beverage,4.0,16,64.0,Mobile Payment,Delivery,105,Nina,14,Thursday,1,January,3,False,True,2024-01-25 14:00:00,Lunch,Weekday,High-value record
4673,2024-12-12,16:15:00,Cabernet Sauvignon,Beverage,3.0,16,48.0,Mobile Payment,Delivery,105,Nina,16,Thursday,12,December,3,False,False,2024-12-12 16:00:00,Lunch,Weekday,Other record
4674,2024-11-10,19:45:00,Cabernet Sauvignon,Beverage,2.0,16,32.0,Mobile Payment,Takeaway,102,Jake,19,Sunday,11,November,6,True,False,2024-11-10 19:00:00,Dinner,Weekend,Other record
4675,2024-10-21,18:45:00,Truffle Fries,Side,3.0,8,24.0,Cash,Delivery,105,Nina,18,Monday,10,October,0,False,False,2024-10-21 18:00:00,Dinner,Weekday,Other record
4676,2024-01-05,21:00:00,Old Fashioned,Beverage,4.0,12,48.0,Credit Card,Delivery,103,Emily,21,Friday,1,January,4,False,False,2024-01-05 21:00:00,Dinner,Weekday,Other record
4677,2024-11-11,20:30:00,Shrimp Cocktail,Appetizer,6.0,14,84.0,Credit Card,Delivery,103,Emily,20,Monday,11,November,0,False,True,2024-11-11 20:00:00,Dinner,Weekday,High-value record
4678,2024-06-07,15:00:00,Ribeye Steak,Entree,6.0,35,210.0,Credit Card,Delivery,102,Jake,15,Friday,6,June,4,False,True,2024-06-07 15:00:00,Lunch,Weekday,High-value record
4679,2024-08-06,13:45:00,Bourbon BBQ Burger,Entree,3.0,22,66.0,Credit Card,Delivery,102,Jake,13,Tuesday,8,August,1,False,True,2024-08-06 13:00:00,Lunch,Weekday,High-value record
4680,2024-06-01,18:30:00,Chocolate Lava Cake,Dessert,2.0,9,18.0,Mobile Payment,Takeaway,101,Sarah,18,Saturday,6,June,5,True,False,2024-06-01 18:00:00,Dinner,Weekend,Other record
4681,2024-05-12,14:30:00,Chocolate Lava Cake,Dessert,7.5,9,67.5,Cash,Delivery,105,Nina,14,Sunday,5,May,6,True,True,2024-05-12 14:00:00,Lunch,Weekend,High-value record
4682,2024-06-17,21:00:00,Old Fashioned,Beverage,8.0,12,96.0,Mobile Payment,Delivery,104,Carlos,21,Monday,6,June,0,False,True,2024-06-17 21:00:00,Dinner,Weekday,High-value record
4683,2024-07-05,19:30:00,Old Fashioned,Beverage,11.0,12,132.0,Cash,Delivery,104,Carlos,19,Friday,7,July,4,False,True,2024-07-05 19:00:00,Dinner,Weekday,High-value record
4684,2024-06-17,17:00:00,Grilled Asparagus,Side,6.0,8,48.0,Mobile Payment,Takeaway,102,Jake,17,Monday,6,June,0,False,False,2024-06-17 17:00:00,Dinner,Weekday,Other record
4685,2024-06-05,21:00:00,Old Fashioned,Beverage,4.0,12,48.0,Cash,Takeaway,101,Sarah,21,Wednesday,6,June,2,False,False,2024-06-05 21:00:00,Dinner,Weekday,Other record
4686,2024-12-17,18:45:00,Grilled Asparagus,Side,2.0,8,16.0,Mobile Payment,Delivery,102,Jake,18,Tuesday,12,December,1,False,False,2024-12-17 18:00:00,Dinner,Weekday,Other record
4687,2024-06-10,21:00:00,Bourbon BBQ Burger,Entree,2.0,22,44.0,Credit Card,Delivery,105,Nina,21,Monday,6,June,0,False,False,2024-06-10 21:00:00,Dinner,Weekday,Other record
4688,2024-04-21,17:15:00,New York Strip,Entree,4.0,38,152.0,Cash,Delivery,105,Nina,17,Sunday,4,April,6,True,True,2024-04-21 17:00:00,Dinner,Weekend,High-value record
4689,2024-06-13,15:00:00,Caesar Salad,Appetizer,2.0,10,20.0,Credit Card,Delivery,105,Nina,15,Thursday,6,June,3,False,False,2024-06-13 15:00:00,Lunch,Weekday,Other record
4690,2024-11-05,16:15:00,Cabernet Sauvignon,Beverage,4.0,16,64.0,Mobile Payment,Dine-In,102,Jake,16,Tuesday,11,November,1,False,True,2024-11-05 16:00:00,Lunch,Weekday,High-value record
4691,2024-04-24,12:15:00,Bourbon BBQ Burger,Entree,4.0,22,88.0,Credit Card,Dine-In,102,Jake,12,Wednesday,4,April,2,False,True,2024-04-24 12:00:00,Lunch,Weekday,High-value record
4692,2024-08-22,14:30:00,Truffle Fries,Side,3.0,8,24.0,Cash,Takeaway,105,Nina,14,Thursday,8,August,3,False,False,2024-08-22 14:00:00,Lunch,Weekday,Other record
4693,2024-08-18,13:30:00,Chocolate Lava Cake,Dessert,1.0,9,9.0,Cash,Dine-In,102,Jake,13,Sunday,8,August,6,True,False,2024-08-18 13:00:00,Lunch,Weekend,Other record
4694,2024-05-05,15:45:00,Old Fashioned,Beverage,1.0,12,12.0,Credit Card,Takeaway,105,Nina,15,Sunday,5,May,6,True,False,2024-05-05 15:00:00,Lunch,Weekend,Other record
4695,2024-06-17,11:15:00,Truffle Fries,Side,3.0,8,24.0,Credit Card,Takeaway,103,Emily,11,Monday,6,June,0,False,False,2024-06-17 11:00:00,Lunch,Weekday,Other record
4696,2024-12-21,18:00:00,New York Strip,Entree,2.0,38,76.0,Cash,Takeaway,101,Sarah,18,Saturday,12,December,5,True,True,2024-12-21 18:00:00,Dinner,Weekend,High-value record
4697,2024-08-28,15:00:00,Caesar Salad,Appetizer,4.0,10,40.0,Credit Card,Takeaway,103,Emily,15,Wednesday,8,August,2,False,False,2024-08-28 15:00:00,Lunch,Weekday,Other record
4698,2024-10-15,15:45:00,Grilled Asparagus,Side,1.0,8,8.0,Cash,Dine-In,105,Nina,15,Tuesday,10,October,1,False,False,2024-10-15 15:00:00,Lunch,Weekday,Other record
4699,2024-10-15,14:00:00,Bourbon BBQ Burger,Entree,2.0,22,44.0,Credit Card,Delivery,101,Sarah,14,Tuesday,10,October,1,False,False,2024-10-15 14:00:00,Lunch,Weekday,Other record
4700,2024-08-02,16:00:00,Old Fashioned,Beverage,5.0,12,60.0,Cash,Dine-In,102,Jake,16,Friday,8,August,4,False,False,2024-08-02 16:00:00,Lunch,Weekday,Other record
4701,2024-03-17,19:15:00,Bourbon BBQ Burger,Entree,2.0,22,44.0,Credit Card,Takeaway,103,Emily,19,Sunday,3,March,6,True,False,2024-03-17 19:00:00,Dinner,Weekend,Other record
4702,2024-05-25,17:30:00,Caesar Salad,Appetizer,2.0,10,20.0,Credit Card,Takeaway,103,Emily,17,Saturday,5,May,5,True,False,2024-05-25 17:00:00,Dinner,Weekend,Other record
4703,2024-06-14,16:30:00,Ribeye Steak,Entree,3.0,35,105.0,Credit Card,Dine-In,103,Emily,16,Friday,6,June,4,False,True,2024-06-14 16:00:00,Lunch,Weekday,High-value record
4704,2024-08-07,11:45:00,Old Fashioned,Beverage,5.0,12,60.0,Mobile Payment,Delivery,103,Emily,11,Wednesday,8,August,2,False,False,2024-08-07 11:00:00,Lunch,Weekday,Other record
4705,2024-04-20,14:15:00,Old Fashioned,Beverage,8.0,12,96.0,Cash,Delivery,105,Nina,14,Saturday,4,April,5,True,True,2024-04-20 14:00:00,Lunch,Weekend,High-value record
4706,2024-02-01,15:45:00,Ribeye Steak,Entree,1.0,35,35.0,Mobile Payment,Dine-In,102,Jake,15,Thursday,2,February,3,False,False,2024-02-01 15:00:00,Lunch,Weekday,Other record
4707,2024-07-23,20:45:00,Truffle Fries,Side,3.0,8,24.0,Credit Card,Delivery,101,Sarah,20,Tuesday,7,July,1,False,False,2024-07-23 20:00:00,Dinner,Weekday,Other record
4708,2024-04-04,21:15:00,New York Strip,Entree,2.0,38,76.0,Mobile Payment,Takeaway,103,Emily,21,Thursday,4,April,3,False,True,2024-04-04 21:00:00,Dinner,Weekday,High-value record
4709,2024-06-21,21:00:00,Grilled Asparagus,Side,2.0,8,16.0,Credit Card,Delivery,101,Sarah,21,Friday,6,June,4,False,False,2024-06-21 21:00:00,Dinner,Weekday,Other record
4710,2024-08-09,21:45:00,Ribeye Steak,Entree,2.0,35,70.0,Credit Card,Delivery,101,Sarah,21,Friday,8,August,4,False,True,2024-08-09 21:00:00,Dinner,Weekday,High-value record
4711,2024-03-29,11:00:00,Caesar Salad,Appetizer,7.0,10,70.0,Cash,Takeaway,103,Emily,11,Friday,3,March,4,False,True,2024-03-29 11:00:00,Lunch,Weekday,High-value record
4712,2024-11-09,11:45:00,Grilled Asparagus,Side,10.0,8,80.0,Credit Card,Dine-In,101,Sarah,11,Saturday,11,November,5,True,True,2024-11-09 11:00:00,Lunch,Weekend,High-value record
4713,2024-07-14,13:00:00,Cabernet Sauvignon,Beverage,2.0,16,32.0,Mobile Payment,Dine-In,102,Jake,13,Sunday,7,July,6,True,False,2024-07-14 13:00:00,Lunch,Weekend,Other record
4714,2024-10-28,22:00:00,Truffle Fries,Side,9.0,8,72.0,Cash,Delivery,104,Carlos,22,Monday,10,October,0,False,True,2024-10-28 22:00:00,Dinner,Weekday,High-value record
4715,2024-11-28,20:15:00,Filet Mignon,Entree,2.4,42,100.8,Credit Card,Dine-In,101,Sarah,20,Thursday,11,November,3,False,True,2024-11-28 20:00:00,Dinner,Weekday,High-value record
4716,2024-09-02,12:15:00,New York Strip,Entree,4.0,38,152.0,Cash,Dine-In,105,Nina,12,Monday,9,September,0,False,True,2024-09-02 12:00:00,Lunch,Weekday,High-value record
4717,2024-03-05,13:15:00,Bourbon BBQ Burger,Entree,5.0,22,110.0,Credit Card,Delivery,103,Emily,13,Tuesday,3,March,1,False,True,2024-03-05 13:00:00,Lunch,Weekday,High-value record
4718,2024-04-03,18:00:00,Mashed Potatoes,Side,6.0,7,42.0,Mobile Payment,Delivery,103,Emily,18,Wednesday,4,April,2,False,False,2024-04-03 18:00:00,Dinner,Weekday,Other record
4719,2024-09-08,22:45:00,New York Strip,Entree,11.0,38,418.0,Cash,Dine-In,104,Carlos,22,Sunday,9,September,6,True,True,2024-09-08 22:00:00,Dinner,Weekend,High-value record
4720,2024-04-09,13:15:00,Truffle Fries,Side,5.0,8,40.0,Mobile Payment,Delivery,101,Sarah,13,Tuesday,4,April,1,False,False,2024-04-09 13:00:00,Lunch,Weekday,Other record
4721,2024-02-10,13:45:00,Chocolate Lava Cake,Dessert,11.0,9,99.0,Cash,Takeaway,103,Emily,13,Saturday,2,February,5,True,True,2024-02-10 13:00:00,Lunch,Weekend,High-value record
4722,2024-07-31,22:45:00,Mashed Potatoes,Side,12.0,7,84.0,Mobile Payment,Takeaway,102,Jake,22,Wednesday,7,July,2,False,True,2024-07-31 22:00:00,Dinner,Weekday,High-value record
4723,2024-05-18,18:45:00,Ribeye Steak,Entree,9.0,35,315.0,Credit Card,Delivery,101,Sarah,18,Saturday,5,May,5,True,True,2024-05-18 18:00:00,Dinner,Weekend,High-value record
4724,2024-11-27,17:30:00,Old Fashioned,Beverage,3.0,12,36.0,Mobile Payment,Delivery,103,Emily,17,Wednesday,11,November,2,False,False,2024-11-27 17:00:00,Dinner,Weekday,Other record
4725,2024-06-24,13:30:00,Old Fashioned,Beverage,2.0,12,24.0,Credit Card,Delivery,104,Carlos,13,Monday,6,June,0,False,False,2024-06-24 13:00:00,Lunch,Weekday,Other record
4726,2024-12-21,15:45:00,Old Fashioned,Beverage,8.0,12,96.0,Mobile Payment,Takeaway,101,Sarah,15,Saturday,12,December,5,True,True,2024-12-21 15:00:00,Lunch,Weekend,High-value record
4727,2024-08-14,11:30:00,Grilled Asparagus,Side,4.0,8,32.0,Credit Card,Takeaway,104,Carlos,11,Wednesday,8,August,2,False,False,2024-08-14 11:00:00,Lunch,Weekday,Other record
4728,2024-01-28,17:00:00,New York Strip,Entree,10.0,38,380.0,Mobile Payment,Delivery,105,Nina,17,Sunday,1,January,6,True,True,2024-01-28 17:00:00,Dinner,Weekend,High-value record
4729,2024-08-20,13:30:00,New York Strip,Entree,4.0,38,152.0,Mobile Payment,Dine-In,105,Nina,13,Tuesday,8,August,1,False,True,2024-08-20 13:00:00,Lunch,Weekday,High-value record
4730,2024-03-10,19:15:00,Grilled Asparagus,Side,2.0,8,16.0,Mobile Payment,Delivery,104,Carlos,19,Sunday,3,March,6,True,False,2024-03-10 19:00:00,Dinner,Weekend,Other record
4731,2024-05-11,12:45:00,Ribeye Steak,Entree,2.0,35,70.0,Credit Card,Dine-In,104,Carlos,12,Saturday,5,May,5,True,True,2024-05-11 12:00:00,Lunch,Weekend,High-value record
4732,2024-02-08,21:45:00,Ribeye Steak,Entree,7.0,35,245.0,Credit Card,Delivery,104,Carlos,21,Thursday,2,February,3,False,True,2024-02-08 21:00:00,Dinner,Weekday,High-value record
4733,2024-10-04,19:00:00,Caesar Salad,Appetizer,2.0,10,20.0,Mobile Payment,Delivery,104,Carlos,19,Friday,10,October,4,False,False,2024-10-04 19:00:00,Dinner,Weekday,Other record
4734,2024-07-12,15:45:00,Chocolate Lava Cake,Dessert,4.0,9,36.0,Mobile Payment,Dine-In,102,Jake,15,Friday,7,July,4,False,False,2024-07-12 15:00:00,Lunch,Weekday,Other record
4735,2024-08-26,20:15:00,Filet Mignon,Entree,4.0,42,168.0,Credit Card,Dine-In,105,Nina,20,Monday,8,August,0,False,True,2024-08-26 20:00:00,Dinner,Weekday,High-value record
4736,2024-12-16,16:15:00,Mashed Potatoes,Side,3.0,7,21.0,Cash,Takeaway,101,Sarah,16,Monday,12,December,0,False,False,2024-12-16 16:00:00,Lunch,Weekday,Other record
4737,2024-02-13,20:00:00,Chocolate Lava Cake,Dessert,11.0,9,99.0,Mobile Payment,Takeaway,105,Nina,20,Tuesday,2,February,1,False,True,2024-02-13 20:00:00,Dinner,Weekday,High-value record
4738,2024-01-11,19:45:00,Ribeye Steak,Entree,2.0,35,70.0,Credit Card,Dine-In,105,Nina,19,Thursday,1,January,3,False,True,2024-01-11 19:00:00,Dinner,Weekday,High-value record
4739,2024-12-16,17:45:00,Filet Mignon,Entree,5.0,42,210.0,Cash,Dine-In,104,Carlos,17,Monday,12,December,0,False,True,2024-12-16 17:00:00,Dinner,Weekday,High-value record
4740,2024-08-27,21:00:00,Truffle Fries,Side,2.0,8,16.0,Credit Card,Takeaway,101,Sarah,21,Tuesday,8,August,1,False,False,2024-08-27 21:00:00,Dinner,Weekday,Other record
4741,2024-05-25,14:15:00,Grilled Asparagus,Side,8.0,8,64.0,Mobile Payment,Takeaway,104,Carlos,14,Saturday,5,May,5,True,True,2024-05-25 14:00:00,Lunch,Weekend,High-value record
4742,2024-11-01,17:45:00,Truffle Fries,Side,3.0,8,24.0,Mobile Payment,Takeaway,104,Carlos,17,Friday,11,November,4,False,False,2024-11-01 17:00:00,Dinner,Weekday,Other record
4743,2024-02-12,21:00:00,Mashed Potatoes,Side,2.0,7,14.0,Cash,Dine-In,105,Nina,21,Monday,2,February,0,False,False,2024-02-12 21:00:00,Dinner,Weekday,Other record
4744,2024-01-01,11:45:00,Ribeye Steak,Entree,1.2,35,42.0,Credit Card,Delivery,103,Emily,11,Monday,1,January,0,False,False,2024-01-01 11:00:00,Lunch,Weekday,Other record
4745,2024-01-15,22:15:00,Ribeye Steak,Entree,5.0,35,175.0,Cash,Dine-In,103,Emily,22,Monday,1,January,0,False,True,2024-01-15 22:00:00,Dinner,Weekday,High-value record
4746,2024-12-06,15:45:00,New York Strip,Entree,3.0,38,114.0,Mobile Payment,Delivery,105,Nina,15,Friday,12,December,4,False,True,2024-12-06 15:00:00,Lunch,Weekday,High-value record
4747,2024-03-30,11:00:00,Ribeye Steak,Entree,3.0,35,105.0,Mobile Payment,Takeaway,103,Emily,11,Saturday,3,March,5,True,True,2024-03-30 11:00:00,Lunch,Weekend,High-value record
4748,2024-11-15,20:45:00,Shrimp Cocktail,Appetizer,8.0,14,112.0,Mobile Payment,Delivery,103,Emily,20,Friday,11,November,4,False,True,2024-11-15 20:00:00,Dinner,Weekday,High-value record
4749,2024-11-23,14:45:00,Mashed Potatoes,Side,7.0,7,49.0,Mobile Payment,Takeaway,103,Emily,14,Saturday,11,November,5,True,False,2024-11-23 14:00:00,Lunch,Weekend,Other record
4750,2024-05-10,13:30:00,New York Strip,Entree,5.0,38,190.0,Mobile Payment,Delivery,105,Nina,13,Friday,5,May,4,False,True,2024-05-10 13:00:00,Lunch,Weekday,High-value record
4751,2024-05-12,21:15:00,Ribeye Steak,Entree,10.5,35,367.5,Cash,Takeaway,103,Emily,21,Sunday,5,May,6,True,True,2024-05-12 21:00:00,Dinner,Weekend,High-value record
4752,2024-02-27,16:15:00,Old Fashioned,Beverage,3.0,12,36.0,Cash,Delivery,103,Emily,16,Tuesday,2,February,1,False,False,2024-02-27 16:00:00,Lunch,Weekday,Other record
4753,2024-02-17,14:15:00,Old Fashioned,Beverage,9.0,12,108.0,Cash,Takeaway,104,Carlos,14,Saturday,2,February,5,True,True,2024-02-17 14:00:00,Lunch,Weekend,High-value record
4754,2024-07-21,22:45:00,Grilled Asparagus,Side,9.0,8,72.0,Cash,Delivery,104,Carlos,22,Sunday,7,July,6,True,True,2024-07-21 22:00:00,Dinner,Weekend,High-value record
4755,2024-01-03,19:30:00,Mashed Potatoes,Side,8.0,7,56.0,Cash,Takeaway,103,Emily,19,Wednesday,1,January,2,False,False,2024-01-03 19:00:00,Dinner,Weekday,Other record
4756,2024-11-02,21:00:00,Mashed Potatoes,Side,9.0,7,63.0,Credit Card,Delivery,104,Carlos,21,Saturday,11,November,5,True,True,2024-11-02 21:00:00,Dinner,Weekend,High-value record
4757,2024-09-21,19:00:00,Shrimp Cocktail,Appetizer,7.0,14,98.0,Mobile Payment,Delivery,101,Sarah,19,Saturday,9,September,5,True,True,2024-09-21 19:00:00,Dinner,Weekend,High-value record
4758,2024-09-20,11:15:00,Mashed Potatoes,Side,9.0,7,63.0,Credit Card,Dine-In,103,Emily,11,Friday,9,September,4,False,True,2024-09-20 11:00:00,Lunch,Weekday,High-value record
4759,2024-01-24,21:30:00,Old Fashioned,Beverage,6.0,12,72.0,Credit Card,Takeaway,101,Sarah,21,Wednesday,1,January,2,False,True,2024-01-24 21:00:00,Dinner,Weekday,High-value record
4760,2024-10-16,20:45:00,Caesar Salad,Appetizer,3.0,10,30.0,Credit Card,Takeaway,102,Jake,20,Wednesday,10,October,2,False,False,2024-10-16 20:00:00,Dinner,Weekday,Other record
4761,2024-06-11,13:45:00,Truffle Fries,Side,5.0,8,40.0,Cash,Dine-In,101,Sarah,13,Tuesday,6,June,1,False,False,2024-06-11 13:00:00,Lunch,Weekday,Other record
4762,2024-02-16,22:00:00,Truffle Fries,Side,9.0,8,72.0,Credit Card,Delivery,101,Sarah,22,Friday,2,February,4,False,True,2024-02-16 22:00:00,Dinner,Weekday,High-value record
4763,2024-09-30,15:45:00,Bourbon BBQ Burger,Entree,5.0,22,110.0,Mobile Payment,Delivery,105,Nina,15,Monday,9,September,0,False,True,2024-09-30 15:00:00,Lunch,Weekday,High-value record
4764,2024-12-08,22:30:00,Chocolate Lava Cake,Dessert,4.0,9,36.0,Cash,Dine-In,102,Jake,22,Sunday,12,December,6,True,False,2024-12-08 22:00:00,Dinner,Weekend,Other record
4765,2024-07-01,20:45:00,Filet Mignon,Entree,9.0,42,378.0,Mobile Payment,Dine-In,101,Sarah,20,Monday,7,July,0,False,True,2024-07-01 20:00:00,Dinner,Weekday,High-value record
4766,2024-12-03,18:15:00,Bourbon BBQ Burger,Entree,6.0,22,132.0,Mobile Payment,Delivery,101,Sarah,18,Tuesday,12,December,1,False,True,2024-12-03 18:00:00,Dinner,Weekday,High-value record
4767,2024-01-21,13:15:00,Bourbon BBQ Burger,Entree,4.0,22,88.0,Credit Card,Dine-In,103,Emily,13,Sunday,1,January,6,True,True,2024-01-21 13:00:00,Lunch,Weekend,High-value record
4768,2024-11-11,18:15:00,Ribeye Steak,Entree,5.0,35,175.0,Credit Card,Takeaway,105,Nina,18,Monday,11,November,0,False,True,2024-11-11 18:00:00,Dinner,Weekday,High-value record
4769,2024-03-24,20:45:00,Cabernet Sauvignon,Beverage,2.0,16,32.0,Mobile Payment,Delivery,102,Jake,20,Sunday,3,March,6,True,False,2024-03-24 20:00:00,Dinner,Weekend,Other record
4770,2024-02-02,15:45:00,Bourbon BBQ Burger,Entree,4.0,22,88.0,Mobile Payment,Delivery,105,Nina,15,Friday,2,February,4,False,True,2024-02-02 15:00:00,Lunch,Weekday,High-value record
4771,2024-05-23,18:30:00,Grilled Asparagus,Side,2.0,8,16.0,Credit Card,Dine-In,105,Nina,18,Thursday,5,May,3,False,False,2024-05-23 18:00:00,Dinner,Weekday,Other record
4772,2024-05-06,18:00:00,Old Fashioned,Beverage,10.0,12,120.0,Credit Card,Delivery,104,Carlos,18,Monday,5,May,0,False,True,2024-05-06 18:00:00,Dinner,Weekday,High-value record
4773,2024-04-02,12:30:00,Grilled Asparagus,Side,1.0,8,8.0,Credit Card,Dine-In,104,Carlos,12,Tuesday,4,April,1,False,False,2024-04-02 12:00:00,Lunch,Weekday,Other record
4774,2024-06-21,19:00:00,Shrimp Cocktail,Appetizer,7.0,14,98.0,Cash,Delivery,102,Jake,19,Friday,6,June,4,False,True,2024-06-21 19:00:00,Dinner,Weekday,High-value record
4775,2024-08-04,18:45:00,Chocolate Lava Cake,Dessert,8.0,9,72.0,Mobile Payment,Delivery,105,Nina,18,Sunday,8,August,6,True,True,2024-08-04 18:00:00,Dinner,Weekend,High-value record
4776,2024-08-20,20:45:00,Old Fashioned,Beverage,7.0,12,84.0,Credit Card,Takeaway,103,Emily,20,Tuesday,8,August,1,False,True,2024-08-20 20:00:00,Dinner,Weekday,High-value record
4777,2024-09-19,15:45:00,Shrimp Cocktail,Appetizer,1.0,14,14.0,Cash,Takeaway,101,Sarah,15,Thursday,9,September,3,False,False,2024-09-19 15:00:00,Lunch,Weekday,Other record
4778,2024-02-29,20:15:00,Truffle Fries,Side,12.0,8,96.0,Mobile Payment,Dine-In,104,Carlos,20,Thursday,2,February,3,False,True,2024-02-29 20:00:00,Dinner,Weekday,High-value record
4779,2024-01-02,22:30:00,Chocolate Lava Cake,Dessert,7.0,9,63.0,Cash,Delivery,104,Carlos,22,Tuesday,1,January,1,False,True,2024-01-02 22:00:00,Dinner,Weekday,High-value record
4780,2024-06-19,21:00:00,Truffle Fries,Side,8.0,8,64.0,Cash,Takeaway,104,Carlos,21,Wednesday,6,June,2,False,True,2024-06-19 21:00:00,Dinner,Weekday,High-value record
4781,2024-05-07,19:00:00,Filet Mignon,Entree,5.0,42,210.0,Credit Card,Delivery,103,Emily,19,Tuesday,5,May,1,False,True,2024-05-07 19:00:00,Dinner,Weekday,High-value record
4782,2024-05-30,18:15:00,Grilled Asparagus,Side,5.0,8,40.0,Credit Card,Dine-In,101,Sarah,18,Thursday,5,May,3,False,False,2024-05-30 18:00:00,Dinner,Weekday,Other record
4783,2024-07-03,17:45:00,New York Strip,Entree,4.0,38,152.0,Mobile Payment,Dine-In,101,Sarah,17,Wednesday,7,July,2,False,True,2024-07-03 17:00:00,Dinner,Weekday,High-value record
4784,2024-08-26,11:45:00,Mashed Potatoes,Side,5.0,7,35.0,Credit Card,Delivery,101,Sarah,11,Monday,8,August,0,False,False,2024-08-26 11:00:00,Lunch,Weekday,Other record
4785,2024-06-10,14:00:00,Grilled Asparagus,Side,1.0,8,8.0,Cash,Delivery,102,Jake,14,Monday,6,June,0,False,False,2024-06-10 14:00:00,Lunch,Weekday,Other record
4786,2024-08-18,21:30:00,Caesar Salad,Appetizer,4.0,10,40.0,Cash,Dine-In,104,Carlos,21,Sunday,8,August,6,True,False,2024-08-18 21:00:00,Dinner,Weekend,Other record
4787,2024-12-11,13:45:00,Filet Mignon,Entree,4.0,42,168.0,Credit Card,Delivery,102,Jake,13,Wednesday,12,December,2,False,True,2024-12-11 13:00:00,Lunch,Weekday,High-value record
4788,2024-05-25,15:45:00,Mashed Potatoes,Side,8.0,7,56.0,Cash,Dine-In,101,Sarah,15,Saturday,5,May,5,True,False,2024-05-25 15:00:00,Lunch,Weekend,Other record
4789,2024-03-07,21:00:00,Caesar Salad,Appetizer,10.0,10,100.0,Mobile Payment,Dine-In,104,Carlos,21,Thursday,3,March,3,False,True,2024-03-07 21:00:00,Dinner,Weekday,High-value record
4790,2024-10-05,13:45:00,Cabernet Sauvignon,Beverage,2.0,16,32.0,Credit Card,Takeaway,101,Sarah,13,Saturday,10,October,5,True,False,2024-10-05 13:00:00,Lunch,Weekend,Other record
4791,2024-06-12,22:30:00,Mashed Potatoes,Side,11.0,7,77.0,Mobile Payment,Takeaway,105,Nina,22,Wednesday,6,June,2,False,True,2024-06-12 22:00:00,Dinner,Weekday,High-value record
4792,2024-07-24,17:15:00,Mashed Potatoes,Side,8.0,7,56.0,Credit Card,Delivery,103,Emily,17,Wednesday,7,July,2,False,False,2024-07-24 17:00:00,Dinner,Weekday,Other record
4793,2024-02-10,19:00:00,New York Strip,Entree,9.0,38,342.0,Mobile Payment,Delivery,102,Jake,19,Saturday,2,February,5,True,True,2024-02-10 19:00:00,Dinner,Weekend,High-value record
4794,2024-06-22,13:00:00,New York Strip,Entree,10.0,38,380.0,Mobile Payment,Delivery,104,Carlos,13,Saturday,6,June,5,True,True,2024-06-22 13:00:00,Lunch,Weekend,High-value record
4795,2024-08-09,20:00:00,Mashed Potatoes,Side,8.0,7,56.0,Credit Card,Takeaway,105,Nina,20,Friday,8,August,4,False,False,2024-08-09 20:00:00,Dinner,Weekday,Other record
4796,2024-12-31,20:30:00,New York Strip,Entree,11.7,38,444.6,Mobile Payment,Dine-In,105,Nina,20,Tuesday,12,December,1,False,True,2024-12-31 20:00:00,Dinner,Weekday,High-value record
4797,2024-05-26,18:00:00,Mashed Potatoes,Side,5.0,7,35.0,Cash,Dine-In,101,Sarah,18,Sunday,5,May,6,True,False,2024-05-26 18:00:00,Dinner,Weekend,Other record
4798,2024-12-08,14:15:00,Chocolate Lava Cake,Dessert,5.0,9,45.0,Mobile Payment,Takeaway,101,Sarah,14,Sunday,12,December,6,True,False,2024-12-08 14:00:00,Lunch,Weekend,Other record
4799,2024-03-26,14:15:00,Ribeye Steak,Entree,2.0,35,70.0,Credit Card,Takeaway,105,Nina,14,Tuesday,3,March,1,False,True,2024-03-26 14:00:00,Lunch,Weekday,High-value record
4800,2024-08-11,15:15:00,Old Fashioned,Beverage,4.0,12,48.0,Mobile Payment,Takeaway,102,Jake,15,Sunday,8,August,6,True,False,2024-08-11 15:00:00,Lunch,Weekend,Other record
4801,2024-08-06,19:30:00,New York Strip,Entree,9.0,38,342.0,Cash,Delivery,104,Carlos,19,Tuesday,8,August,1,False,True,2024-08-06 19:00:00,Dinner,Weekday,High-value record
4802,2024-07-12,11:15:00,New York Strip,Entree,1.0,38,38.0,Mobile Payment,Takeaway,104,Carlos,11,Friday,7,July,4,False,False,2024-07-12 11:00:00,Lunch,Weekday,Other record
4803,2024-10-14,14:30:00,Old Fashioned,Beverage,1.0,12,12.0,Mobile Payment,Dine-In,104,Carlos,14,Monday,10,October,0,False,False,2024-10-14 14:00:00,Lunch,Weekday,Other record
4804,2024-04-03,21:15:00,Caesar Salad,Appetizer,6.0,10,60.0,Mobile Payment,Delivery,103,Emily,21,Wednesday,4,April,2,False,False,2024-04-03 21:00:00,Dinner,Weekday,Other record
4805,2024-11-21,22:30:00,Old Fashioned,Beverage,4.0,12,48.0,Credit Card,Takeaway,102,Jake,22,Thursday,11,November,3,False,False,2024-11-21 22:00:00,Dinner,Weekday,Other record
4806,2024-04-08,21:15:00,Old Fashioned,Beverage,7.0,12,84.0,Mobile Payment,Delivery,101,Sarah,21,Monday,4,April,0,False,True,2024-04-08 21:00:00,Dinner,Weekday,High-value record
4807,2024-01-29,15:30:00,Caesar Salad,Appetizer,3.0,10,30.0,Mobile Payment,Takeaway,105,Nina,15,Monday,1,January,0,False,False,2024-01-29 15:00:00,Lunch,Weekday,Other record
4808,2024-08-28,14:00:00,New York Strip,Entree,3.0,38,114.0,Cash,Delivery,102,Jake,14,Wednesday,8,August,2,False,True,2024-08-28 14:00:00,Lunch,Weekday,High-value record
4809,2024-03-28,19:30:00,Old Fashioned,Beverage,2.0,12,24.0,Credit Card,Delivery,102,Jake,19,Thursday,3,March,3,False,False,2024-03-28 19:00:00,Dinner,Weekday,Other record
4810,2024-05-10,11:15:00,Mashed Potatoes,Side,5.0,7,35.0,Credit Card,Takeaway,104,Carlos,11,Friday,5,May,4,False,False,2024-05-10 11:00:00,Lunch,Weekday,Other record
4811,2024-09-23,20:15:00,Chocolate Lava Cake,Dessert,7.0,9,63.0,Credit Card,Delivery,101,Sarah,20,Monday,9,September,0,False,True,2024-09-23 20:00:00,Dinner,Weekday,High-value record
4812,2024-05-30,12:00:00,Grilled Asparagus,Side,5.0,8,40.0,Mobile Payment,Delivery,101,Sarah,12,Thursday,5,May,3,False,False,2024-05-30 12:00:00,Lunch,Weekday,Other record
4813,2024-07-03,20:45:00,Bourbon BBQ Burger,Entree,6.0,22,132.0,Credit Card,Delivery,104,Carlos,20,Wednesday,7,July,2,False,True,2024-07-03 20:00:00,Dinner,Weekday,High-value record
4814,2024-04-29,19:45:00,Mashed Potatoes,Side,7.0,7,49.0,Mobile Payment,Dine-In,103,Emily,19,Monday,4,April,0,False,False,2024-04-29 19:00:00,Dinner,Weekday,Other record
4815,2024-05-22,19:30:00,Truffle Fries,Side,7.0,8,56.0,Credit Card,Delivery,102,Jake,19,Wednesday,5,May,2,False,False,2024-05-22 19:00:00,Dinner,Weekday,Other record
4816,2024-04-16,13:15:00,Chocolate Lava Cake,Dessert,1.0,9,9.0,Mobile Payment,Dine-In,103,Emily,13,Tuesday,4,April,1,False,False,2024-04-16 13:00:00,Lunch,Weekday,Other record
4817,2024-10-05,20:30:00,Mashed Potatoes,Side,11.0,7,77.0,Credit Card,Delivery,104,Carlos,20,Saturday,10,October,5,True,True,2024-10-05 20:00:00,Dinner,Weekend,High-value record
4818,2024-01-15,11:45:00,New York Strip,Entree,2.0,38,76.0,Mobile Payment,Delivery,103,Emily,11,Monday,1,January,0,False,True,2024-01-15 11:00:00,Lunch,Weekday,High-value record
4819,2024-06-09,20:30:00,New York Strip,Entree,8.0,38,304.0,Credit Card,Dine-In,104,Carlos,20,Sunday,6,June,6,True,True,2024-06-09 20:00:00,Dinner,Weekend,High-value record
4820,2024-07-30,11:30:00,Caesar Salad,Appetizer,1.0,10,10.0,Cash,Dine-In,101,Sarah,11,Tuesday,7,July,1,False,False,2024-07-30 11:00:00,Lunch,Weekday,Other record
4821,2024-04-25,14:00:00,Truffle Fries,Side,1.0,8,8.0,Cash,Delivery,105,Nina,14,Thursday,4,April,3,False,False,2024-04-25 14:00:00,Lunch,Weekday,Other record
4822,2024-09-12,12:45:00,New York Strip,Entree,5.0,38,190.0,Cash,Dine-In,103,Emily,12,Thursday,9,September,3,False,True,2024-09-12 12:00:00,Lunch,Weekday,High-value record
4823,2024-08-05,19:00:00,Mashed Potatoes,Side,11.0,7,77.0,Cash,Dine-In,105,Nina,19,Monday,8,August,0,False,True,2024-08-05 19:00:00,Dinner,Weekday,High-value record
4824,2024-12-10,11:00:00,Mashed Potatoes,Side,2.0,7,14.0,Cash,Takeaway,103,Emily,11,Tuesday,12,December,1,False,False,2024-12-10 11:00:00,Lunch,Weekday,Other record
4825,2024-04-11,16:45:00,Old Fashioned,Beverage,1.0,12,12.0,Cash,Delivery,104,Carlos,16,Thursday,4,April,3,False,False,2024-04-11 16:00:00,Lunch,Weekday,Other record
4826,2024-09-08,13:45:00,Filet Mignon,Entree,3.0,42,126.0,Credit Card,Takeaway,105,Nina,13,Sunday,9,September,6,True,True,2024-09-08 13:00:00,Lunch,Weekend,High-value record
4827,2024-08-08,21:30:00,Old Fashioned,Beverage,12.0,12,144.0,Mobile Payment,Takeaway,103,Emily,21,Thursday,8,August,3,False,True,2024-08-08 21:00:00,Dinner,Weekday,High-value record
4828,2024-09-10,16:30:00,Chocolate Lava Cake,Dessert,6.0,9,54.0,Credit Card,Takeaway,101,Sarah,16,Tuesday,9,September,1,False,False,2024-09-10 16:00:00,Lunch,Weekday,Other record
4829,2024-06-24,16:15:00,Truffle Fries,Side,3.0,8,24.0,Cash,Delivery,101,Sarah,16,Monday,6,June,0,False,False,2024-06-24 16:00:00,Lunch,Weekday,Other record
4830,2024-08-14,12:30:00,Cabernet Sauvignon,Beverage,3.0,16,48.0,Credit Card,Dine-In,105,Nina,12,Wednesday,8,August,2,False,False,2024-08-14 12:00:00,Lunch,Weekday,Other record
4831,2024-04-24,20:30:00,New York Strip,Entree,5.0,38,190.0,Cash,Delivery,103,Emily,20,Wednesday,4,April,2,False,True,2024-04-24 20:00:00,Dinner,Weekday,High-value record
4832,2024-03-14,11:45:00,Bourbon BBQ Burger,Entree,6.0,22,132.0,Mobile Payment,Delivery,102,Jake,11,Thursday,3,March,3,False,True,2024-03-14 11:00:00,Lunch,Weekday,High-value record
4833,2024-02-08,17:30:00,Filet Mignon,Entree,2.0,42,84.0,Mobile Payment,Delivery,102,Jake,17,Thursday,2,February,3,False,True,2024-02-08 17:00:00,Dinner,Weekday,High-value record
4834,2024-02-17,15:30:00,Old Fashioned,Beverage,6.0,12,72.0,Mobile Payment,Takeaway,103,Emily,15,Saturday,2,February,5,True,True,2024-02-17 15:00:00,Lunch,Weekend,High-value record
4835,2024-03-17,11:15:00,Ribeye Steak,Entree,2.0,35,70.0,Credit Card,Delivery,104,Carlos,11,Sunday,3,March,6,True,True,2024-03-17 11:00:00,Lunch,Weekend,High-value record
4836,2024-11-14,15:45:00,Caesar Salad,Appetizer,1.0,10,10.0,Mobile Payment,Delivery,105,Nina,15,Thursday,11,November,3,False,False,2024-11-14 15:00:00,Lunch,Weekday,Other record
4837,2024-03-13,15:00:00,Caesar Salad,Appetizer,4.0,10,40.0,Mobile Payment,Dine-In,102,Jake,15,Wednesday,3,March,2,False,False,2024-03-13 15:00:00,Lunch,Weekday,Other record
4838,2024-02-16,13:30:00,Shrimp Cocktail,Appetizer,1.0,14,14.0,Mobile Payment,Delivery,102,Jake,13,Friday,2,February,4,False,False,2024-02-16 13:00:00,Lunch,Weekday,Other record
4839,2024-10-25,14:45:00,Caesar Salad,Appetizer,4.0,10,40.0,Mobile Payment,Dine-In,105,Nina,14,Friday,10,October,4,False,False,2024-10-25 14:00:00,Lunch,Weekday,Other record
4840,2024-05-08,12:15:00,Truffle Fries,Side,1.0,8,8.0,Mobile Payment,Dine-In,103,Emily,12,Wednesday,5,May,2,False,False,2024-05-08 12:00:00,Lunch,Weekday,Other record
4841,2024-12-03,13:30:00,Old Fashioned,Beverage,4.0,12,48.0,Credit Card,Delivery,105,Nina,13,Tuesday,12,December,1,False,False,2024-12-03 13:00:00,Lunch,Weekday,Other record
4842,2024-02-01,22:00:00,Shrimp Cocktail,Appetizer,8.0,14,112.0,Mobile Payment,Takeaway,101,Sarah,22,Thursday,2,February,3,False,True,2024-02-01 22:00:00,Dinner,Weekday,High-value record
4843,2024-03-10,21:15:00,New York Strip,Entree,6.0,38,228.0,Credit Card,Takeaway,101,Sarah,21,Sunday,3,March,6,True,True,2024-03-10 21:00:00,Dinner,Weekend,High-value record
4844,2024-02-14,19:00:00,Filet Mignon,Entree,3.6,42,151.2,Credit Card,Delivery,102,Jake,19,Wednesday,2,February,2,False,True,2024-02-14 19:00:00,Dinner,Weekday,High-value record
4845,2024-05-14,19:30:00,Old Fashioned,Beverage,2.0,12,24.0,Cash,Dine-In,105,Nina,19,Tuesday,5,May,1,False,False,2024-05-14 19:00:00,Dinner,Weekday,Other record
4846,2024-12-17,20:45:00,Truffle Fries,Side,4.0,8,32.0,Credit Card,Takeaway,105,Nina,20,Tuesday,12,December,1,False,False,2024-12-17 20:00:00,Dinner,Weekday,Other record
4847,2024-07-31,12:15:00,Old Fashioned,Beverage,2.0,12,24.0,Credit Card,Dine-In,101,Sarah,12,Wednesday,7,July,2,False,False,2024-07-31 12:00:00,Lunch,Weekday,Other record
4848,2024-02-29,13:00:00,New York Strip,Entree,5.0,38,190.0,Cash,Delivery,102,Jake,13,Thursday,2,February,3,False,True,2024-02-29 13:00:00,Lunch,Weekday,High-value record
4849,2024-09-14,12:15:00,Ribeye Steak,Entree,2.0,35,70.0,Credit Card,Delivery,103,Emily,12,Saturday,9,September,5,True,True,2024-09-14 12:00:00,Lunch,Weekend,High-value record
4850,2024-10-13,11:15:00,Chocolate Lava Cake,Dessert,6.0,9,54.0,Mobile Payment,Dine-In,105,Nina,11,Sunday,10,October,6,True,False,2024-10-13 11:00:00,Lunch,Weekend,Other record
4851,2024-10-06,21:00:00,Chocolate Lava Cake,Dessert,9.0,9,81.0,Mobile Payment,Takeaway,103,Emily,21,Sunday,10,October,6,True,True,2024-10-06 21:00:00,Dinner,Weekend,High-value record
4852,2024-07-03,13:15:00,Filet Mignon,Entree,6.0,42,252.0,Cash,Delivery,105,Nina,13,Wednesday,7,July,2,False,True,2024-07-03 13:00:00,Lunch,Weekday,High-value record
4853,2024-10-29,11:15:00,Filet Mignon,Entree,2.0,42,84.0,Cash,Takeaway,104,Carlos,11,Tuesday,10,October,1,False,True,2024-10-29 11:00:00,Lunch,Weekday,High-value record
4854,2024-10-14,22:15:00,Filet Mignon,Entree,8.0,42,336.0,Cash,Dine-In,104,Carlos,22,Monday,10,October,0,False,True,2024-10-14 22:00:00,Dinner,Weekday,High-value record
4855,2024-11-16,17:45:00,Ribeye Steak,Entree,6.0,35,210.0,Mobile Payment,Delivery,101,Sarah,17,Saturday,11,November,5,True,True,2024-11-16 17:00:00,Dinner,Weekend,High-value record
4856,2024-09-04,12:00:00,Bourbon BBQ Burger,Entree,2.0,22,44.0,Mobile Payment,Delivery,105,Nina,12,Wednesday,9,September,2,False,False,2024-09-04 12:00:00,Lunch,Weekday,Other record
4857,2024-02-17,20:00:00,Cabernet Sauvignon,Beverage,9.0,16,144.0,Credit Card,Dine-In,103,Emily,20,Saturday,2,February,5,True,True,2024-02-17 20:00:00,Dinner,Weekend,High-value record
4858,2024-01-16,12:15:00,Truffle Fries,Side,2.0,8,16.0,Cash,Dine-In,102,Jake,12,Tuesday,1,January,1,False,False,2024-01-16 12:00:00,Lunch,Weekday,Other record
4859,2024-05-19,15:30:00,Grilled Asparagus,Side,1.0,8,8.0,Credit Card,Dine-In,103,Emily,15,Sunday,5,May,6,True,False,2024-05-19 15:00:00,Lunch,Weekend,Other record
4860,2024-09-22,18:45:00,Mashed Potatoes,Side,2.0,7,14.0,Mobile Payment,Takeaway,104,Carlos,18,Sunday,9,September,6,True,False,2024-09-22 18:00:00,Dinner,Weekend,Other record
4861,2024-06-26,22:15:00,Mashed Potatoes,Side,8.0,7,56.0,Cash,Dine-In,101,Sarah,22,Wednesday,6,June,2,False,False,2024-06-26 22:00:00,Dinner,Weekday,Other record
4862,2024-07-12,22:15:00,Filet Mignon,Entree,8.0,42,336.0,Cash,Dine-In,104,Carlos,22,Friday,7,July,4,False,True,2024-07-12 22:00:00,Dinner,Weekday,High-value record
4863,2024-11-24,19:00:00,Filet Mignon,Entree,2.0,42,84.0,Credit Card,Delivery,104,Carlos,19,Sunday,11,November,6,True,True,2024-11-24 19:00:00,Dinner,Weekend,High-value record
4864,2024-01-16,14:45:00,Caesar Salad,Appetizer,1.0,10,10.0,Credit Card,Takeaway,104,Carlos,14,Tuesday,1,January,1,False,False,2024-01-16 14:00:00,Lunch,Weekday,Other record
4865,2024-01-12,11:30:00,Chocolate Lava Cake,Dessert,8.0,9,72.0,Credit Card,Takeaway,105,Nina,11,Friday,1,January,4,False,True,2024-01-12 11:00:00,Lunch,Weekday,High-value record
4866,2024-07-22,17:15:00,Truffle Fries,Side,4.0,8,32.0,Cash,Dine-In,104,Carlos,17,Monday,7,July,0,False,False,2024-07-22 17:00:00,Dinner,Weekday,Other record
4867,2024-01-31,11:45:00,Filet Mignon,Entree,3.0,42,126.0,Mobile Payment,Dine-In,101,Sarah,11,Wednesday,1,January,2,False,True,2024-01-31 11:00:00,Lunch,Weekday,High-value record
4868,2024-10-23,18:00:00,Shrimp Cocktail,Appetizer,2.0,14,28.0,Mobile Payment,Takeaway,102,Jake,18,Wednesday,10,October,2,False,False,2024-10-23 18:00:00,Dinner,Weekday,Other record
4869,2024-05-07,13:15:00,Shrimp Cocktail,Appetizer,2.0,14,28.0,Cash,Takeaway,103,Emily,13,Tuesday,5,May,1,False,False,2024-05-07 13:00:00,Lunch,Weekday,Other record
4870,2024-09-30,18:30:00,Shrimp Cocktail,Appetizer,12.0,14,168.0,Mobile Payment,Delivery,105,Nina,18,Monday,9,September,0,False,True,2024-09-30 18:00:00,Dinner,Weekday,High-value record
4871,2024-04-08,20:15:00,Caesar Salad,Appetizer,7.0,10,70.0,Credit Card,Delivery,101,Sarah,20,Monday,4,April,0,False,True,2024-04-08 20:00:00,Dinner,Weekday,High-value record
4872,2024-10-22,18:15:00,New York Strip,Entree,12.0,38,456.0,Credit Card,Delivery,102,Jake,18,Tuesday,10,October,1,False,True,2024-10-22 18:00:00,Dinner,Weekday,High-value record
4873,2024-12-17,16:30:00,Truffle Fries,Side,3.0,8,24.0,Credit Card,Takeaway,101,Sarah,16,Tuesday,12,December,1,False,False,2024-12-17 16:00:00,Lunch,Weekday,Other record
4874,2024-04-18,20:00:00,Chocolate Lava Cake,Dessert,9.0,9,81.0,Cash,Dine-In,103,Emily,20,Thursday,4,April,3,False,True,2024-04-18 20:00:00,Dinner,Weekday,High-value record
4875,2024-09-22,13:15:00,Grilled Asparagus,Side,4.0,8,32.0,Mobile Payment,Delivery,102,Jake,13,Sunday,9,September,6,True,False,2024-09-22 13:00:00,Lunch,Weekend,Other record
4876,2024-10-07,22:45:00,Caesar Salad,Appetizer,8.0,10,80.0,Mobile Payment,Delivery,102,Jake,22,Monday,10,October,0,False,True,2024-10-07 22:00:00,Dinner,Weekday,High-value record
4877,2024-03-15,14:00:00,Ribeye Steak,Entree,4.0,35,140.0,Mobile Payment,Dine-In,104,Carlos,14,Friday,3,March,4,False,True,2024-03-15 14:00:00,Lunch,Weekday,High-value record
4878,2024-05-10,18:30:00,Cabernet Sauvignon,Beverage,7.0,16,112.0,Credit Card,Takeaway,103,Emily,18,Friday,5,May,4,False,True,2024-05-10 18:00:00,Dinner,Weekday,High-value record
4879,2024-09-21,17:45:00,Truffle Fries,Side,6.0,8,48.0,Cash,Takeaway,102,Jake,17,Saturday,9,September,5,True,False,2024-09-21 17:00:00,Dinner,Weekend,Other record
4880,2024-09-08,12:15:00,Ribeye Steak,Entree,4.0,35,140.0,Cash,Dine-In,104,Carlos,12,Sunday,9,September,6,True,True,2024-09-08 12:00:00,Lunch,Weekend,High-value record
4881,2024-06-19,16:15:00,Chocolate Lava Cake,Dessert,4.0,9,36.0,Credit Card,Takeaway,101,Sarah,16,Wednesday,6,June,2,False,False,2024-06-19 16:00:00,Lunch,Weekday,Other record
4882,2024-03-03,15:30:00,Cabernet Sauvignon,Beverage,3.0,16,48.0,Cash,Delivery,101,Sarah,15,Sunday,3,March,6,True,False,2024-03-03 15:00:00,Lunch,Weekend,Other record
4883,2024-02-26,22:30:00,Shrimp Cocktail,Appetizer,2.0,14,28.0,Credit Card,Takeaway,102,Jake,22,Monday,2,February,0,False,False,2024-02-26 22:00:00,Dinner,Weekday,Other record
4884,2024-10-05,12:30:00,Truffle Fries,Side,4.0,8,32.0,Mobile Payment,Takeaway,101,Sarah,12,Saturday,10,October,5,True,False,2024-10-05 12:00:00,Lunch,Weekend,Other record
4885,2024-02-07,17:45:00,Filet Mignon,Entree,2.0,42,84.0,Credit Card,Takeaway,101,Sarah,17,Wednesday,2,February,2,False,True,2024-02-07 17:00:00,Dinner,Weekday,High-value record
4886,2024-04-11,17:00:00,Filet Mignon,Entree,8.0,42,336.0,Mobile Payment,Dine-In,104,Carlos,17,Thursday,4,April,3,False,True,2024-04-11 17:00:00,Dinner,Weekday,High-value record
4887,2024-01-12,16:30:00,Mashed Potatoes,Side,5.0,7,35.0,Credit Card,Takeaway,103,Emily,16,Friday,1,January,4,False,False,2024-01-12 16:00:00,Lunch,Weekday,Other record
4888,2024-03-30,22:45:00,Cabernet Sauvignon,Beverage,4.0,16,64.0,Credit Card,Delivery,103,Emily,22,Saturday,3,March,5,True,True,2024-03-30 22:00:00,Dinner,Weekend,High-value record
4889,2024-04-28,18:45:00,Filet Mignon,Entree,7.0,42,294.0,Cash,Dine-In,103,Emily,18,Sunday,4,April,6,True,True,2024-04-28 18:00:00,Dinner,Weekend,High-value record
4890,2024-12-12,15:30:00,Shrimp Cocktail,Appetizer,3.0,14,42.0,Mobile Payment,Takeaway,104,Carlos,15,Thursday,12,December,3,False,False,2024-12-12 15:00:00,Lunch,Weekday,Other record
4891,2024-08-05,11:00:00,Caesar Salad,Appetizer,1.0,10,10.0,Cash,Dine-In,105,Nina,11,Monday,8,August,0,False,False,2024-08-05 11:00:00,Lunch,Weekday,Other record
4892,2024-07-30,21:15:00,New York Strip,Entree,7.0,38,266.0,Cash,Dine-In,105,Nina,21,Tuesday,7,July,1,False,True,2024-07-30 21:00:00,Dinner,Weekday,High-value record
4893,2024-07-11,20:45:00,Shrimp Cocktail,Appetizer,4.0,14,56.0,Mobile Payment,Dine-In,104,Carlos,20,Thursday,7,July,3,False,False,2024-07-11 20:00:00,Dinner,Weekday,Other record
4894,2024-04-16,17:15:00,Cabernet Sauvignon,Beverage,6.0,16,96.0,Mobile Payment,Dine-In,105,Nina,17,Tuesday,4,April,1,False,True,2024-04-16 17:00:00,Dinner,Weekday,High-value record
4895,2024-06-15,21:45:00,Ribeye Steak,Entree,9.0,35,315.0,Cash,Takeaway,101,Sarah,21,Saturday,6,June,5,True,True,2024-06-15 21:00:00,Dinner,Weekend,High-value record
4896,2024-11-05,20:00:00,Grilled Asparagus,Side,6.0,8,48.0,Cash,Delivery,101,Sarah,20,Tuesday,11,November,1,False,False,2024-11-05 20:00:00,Dinner,Weekday,Other record
4897,2024-02-05,14:45:00,Truffle Fries,Side,3.0,8,24.0,Cash,Dine-In,103,Emily,14,Monday,2,February,0,False,False,2024-02-05 14:00:00,Lunch,Weekday,Other record
4898,2024-09-27,21:30:00,Cabernet Sauvignon,Beverage,6.0,16,96.0,Cash,Delivery,104,Carlos,21,Friday,9,September,4,False,True,2024-09-27 21:00:00,Dinner,Weekday,High-value record
4899,2024-08-25,11:00:00,Truffle Fries,Side,5.0,8,40.0,Cash,Takeaway,105,Nina,11,Sunday,8,August,6,True,False,2024-08-25 11:00:00,Lunch,Weekend,Other record
4900,2024-06-18,22:30:00,Truffle Fries,Side,2.0,8,16.0,Credit Card,Dine-In,105,Nina,22,Tuesday,6,June,1,False,False,2024-06-18 22:00:00,Dinner,Weekday,Other record
4901,2024-06-30,15:30:00,Chocolate Lava Cake,Dessert,4.0,9,36.0,Credit Card,Delivery,103,Emily,15,Sunday,6,June,6,True,False,2024-06-30 15:00:00,Lunch,Weekend,Other record
4902,2024-05-30,13:00:00,Truffle Fries,Side,4.0,8,32.0,Mobile Payment,Delivery,103,Emily,13,Thursday,5,May,3,False,False,2024-05-30 13:00:00,Lunch,Weekday,Other record
4903,2024-08-10,13:45:00,Mashed Potatoes,Side,4.0,7,28.0,Mobile Payment,Dine-In,101,Sarah,13,Saturday,8,August,5,True,False,2024-08-10 13:00:00,Lunch,Weekend,Other record
4904,2024-02-27,17:00:00,Bourbon BBQ Burger,Entree,9.0,22,198.0,Cash,Takeaway,103,Emily,17,Tuesday,2,February,1,False,True,2024-02-27 17:00:00,Dinner,Weekday,High-value record
4905,2024-08-24,20:30:00,Truffle Fries,Side,7.0,8,56.0,Mobile Payment,Dine-In,102,Jake,20,Saturday,8,August,5,True,False,2024-08-24 20:00:00,Dinner,Weekend,Other record
4906,2024-06-09,21:00:00,Grilled Asparagus,Side,4.0,8,32.0,Mobile Payment,Dine-In,102,Jake,21,Sunday,6,June,6,True,False,2024-06-09 21:00:00,Dinner,Weekend,Other record
4907,2024-08-04,15:45:00,Truffle Fries,Side,1.0,8,8.0,Mobile Payment,Delivery,101,Sarah,15,Sunday,8,August,6,True,False,2024-08-04 15:00:00,Lunch,Weekend,Other record
4908,2024-01-28,12:45:00,Ribeye Steak,Entree,5.0,35,175.0,Mobile Payment,Dine-In,102,Jake,12,Sunday,1,January,6,True,True,2024-01-28 12:00:00,Lunch,Weekend,High-value record
4909,2024-12-15,22:30:00,Bourbon BBQ Burger,Entree,7.0,22,154.0,Credit Card,Takeaway,101,Sarah,22,Sunday,12,December,6,True,True,2024-12-15 22:00:00,Dinner,Weekend,High-value record
4910,2024-05-02,11:30:00,Chocolate Lava Cake,Dessert,2.0,9,18.0,Mobile Payment,Takeaway,101,Sarah,11,Thursday,5,May,3,False,False,2024-05-02 11:00:00,Lunch,Weekday,Other record
4911,2024-12-23,15:15:00,Bourbon BBQ Burger,Entree,2.0,22,44.0,Credit Card,Delivery,103,Emily,15,Monday,12,December,0,False,False,2024-12-23 15:00:00,Lunch,Weekday,Other record
4912,2024-03-17,19:15:00,Bourbon BBQ Burger,Entree,4.0,22,88.0,Credit Card,Dine-In,105,Nina,19,Sunday,3,March,6,True,True,2024-03-17 19:00:00,Dinner,Weekend,High-value record
4913,2024-08-29,22:30:00,Grilled Asparagus,Side,8.0,8,64.0,Mobile Payment,Delivery,101,Sarah,22,Thursday,8,August,3,False,True,2024-08-29 22:00:00,Dinner,Weekday,High-value record
4914,2024-12-03,14:00:00,New York Strip,Entree,3.0,38,114.0,Credit Card,Takeaway,103,Emily,14,Tuesday,12,December,1,False,True,2024-12-03 14:00:00,Lunch,Weekday,High-value record
4915,2024-11-22,18:45:00,Filet Mignon,Entree,2.0,42,84.0,Credit Card,Delivery,105,Nina,18,Friday,11,November,4,False,True,2024-11-22 18:00:00,Dinner,Weekday,High-value record
4916,2024-03-07,22:00:00,Cabernet Sauvignon,Beverage,7.0,16,112.0,Cash,Delivery,105,Nina,22,Thursday,3,March,3,False,True,2024-03-07 22:00:00,Dinner,Weekday,High-value record
4917,2024-10-31,15:00:00,Truffle Fries,Side,1.0,8,8.0,Credit Card,Delivery,105,Nina,15,Thursday,10,October,3,False,False,2024-10-31 15:00:00,Lunch,Weekday,Other record
4918,2024-03-02,12:45:00,Filet Mignon,Entree,2.0,42,84.0,Credit Card,Takeaway,103,Emily,12,Saturday,3,March,5,True,True,2024-03-02 12:00:00,Lunch,Weekend,High-value record
4919,2024-05-10,17:00:00,Filet Mignon,Entree,10.0,42,420.0,Mobile Payment,Dine-In,101,Sarah,17,Friday,5,May,4,False,True,2024-05-10 17:00:00,Dinner,Weekday,High-value record
4920,2024-10-22,18:30:00,Shrimp Cocktail,Appetizer,4.0,14,56.0,Mobile Payment,Takeaway,104,Carlos,18,Tuesday,10,October,1,False,False,2024-10-22 18:00:00,Dinner,Weekday,Other record
4921,2024-04-18,22:30:00,Truffle Fries,Side,4.0,8,32.0,Cash,Takeaway,104,Carlos,22,Thursday,4,April,3,False,False,2024-04-18 22:00:00,Dinner,Weekday,Other record
4922,2024-05-29,19:45:00,Old Fashioned,Beverage,2.0,12,24.0,Cash,Takeaway,105,Nina,19,Wednesday,5,May,2,False,False,2024-05-29 19:00:00,Dinner,Weekday,Other record
4923,2024-10-13,12:15:00,Mashed Potatoes,Side,2.0,7,14.0,Cash,Takeaway,101,Sarah,12,Sunday,10,October,6,True,False,2024-10-13 12:00:00,Lunch,Weekend,Other record
4924,2024-03-21,12:00:00,Cabernet Sauvignon,Beverage,2.0,16,32.0,Cash,Takeaway,104,Carlos,12,Thursday,3,March,3,False,False,2024-03-21 12:00:00,Lunch,Weekday,Other record
4925,2024-10-19,20:00:00,Chocolate Lava Cake,Dessert,6.0,9,54.0,Mobile Payment,Takeaway,104,Carlos,20,Saturday,10,October,5,True,False,2024-10-19 20:00:00,Dinner,Weekend,Other record
4926,2024-01-10,13:45:00,Mashed Potatoes,Side,2.0,7,14.0,Mobile Payment,Dine-In,105,Nina,13,Wednesday,1,January,2,False,False,2024-01-10 13:00:00,Lunch,Weekday,Other record
4927,2024-11-27,16:45:00,Filet Mignon,Entree,3.0,42,126.0,Credit Card,Takeaway,105,Nina,16,Wednesday,11,November,2,False,True,2024-11-27 16:00:00,Lunch,Weekday,High-value record
4928,2024-03-09,12:00:00,Ribeye Steak,Entree,3.0,35,105.0,Mobile Payment,Delivery,104,Carlos,12,Saturday,3,March,5,True,True,2024-03-09 12:00:00,Lunch,Weekend,High-value record
4929,2024-01-05,22:00:00,Old Fashioned,Beverage,2.0,12,24.0,Cash,Takeaway,105,Nina,22,Friday,1,January,4,False,False,2024-01-05 22:00:00,Dinner,Weekday,Other record
4930,2024-02-01,19:45:00,Truffle Fries,Side,7.0,8,56.0,Mobile Payment,Dine-In,102,Jake,19,Thursday,2,February,3,False,False,2024-02-01 19:00:00,Dinner,Weekday,Other record
4931,2024-01-19,18:00:00,Chocolate Lava Cake,Dessert,9.0,9,81.0,Cash,Takeaway,105,Nina,18,Friday,1,January,4,False,True,2024-01-19 18:00:00,Dinner,Weekday,High-value record
4932,2024-05-18,20:15:00,Bourbon BBQ Burger,Entree,7.0,22,154.0,Credit Card,Delivery,103,Emily,20,Saturday,5,May,5,True,True,2024-05-18 20:00:00,Dinner,Weekend,High-value record
4933,2024-10-03,18:45:00,Bourbon BBQ Burger,Entree,4.0,22,88.0,Mobile Payment,Takeaway,103,Emily,18,Thursday,10,October,3,False,True,2024-10-03 18:00:00,Dinner,Weekday,High-value record
4934,2024-01-31,18:30:00,Bourbon BBQ Burger,Entree,5.0,22,110.0,Credit Card,Takeaway,103,Emily,18,Wednesday,1,January,2,False,True,2024-01-31 18:00:00,Dinner,Weekday,High-value record
4935,2024-08-14,13:45:00,Old Fashioned,Beverage,4.0,12,48.0,Credit Card,Delivery,103,Emily,13,Wednesday,8,August,2,False,False,2024-08-14 13:00:00,Lunch,Weekday,Other record
4936,2024-02-15,20:15:00,Cabernet Sauvignon,Beverage,2.0,16,32.0,Credit Card,Delivery,103,Emily,20,Thursday,2,February,3,False,False,2024-02-15 20:00:00,Dinner,Weekday,Other record
4937,2024-09-12,18:30:00,Ribeye Steak,Entree,2.0,35,70.0,Cash,Takeaway,103,Emily,18,Thursday,9,September,3,False,True,2024-09-12 18:00:00,Dinner,Weekday,High-value record
4938,2024-03-08,13:00:00,New York Strip,Entree,5.0,38,190.0,Cash,Takeaway,105,Nina,13,Friday,3,March,4,False,True,2024-03-08 13:00:00,Lunch,Weekday,High-value record
4939,2024-04-25,11:15:00,New York Strip,Entree,5.0,38,190.0,Mobile Payment,Takeaway,103,Emily,11,Thursday,4,April,3,False,True,2024-04-25 11:00:00,Lunch,Weekday,High-value record
4940,2024-03-28,16:45:00,Caesar Salad,Appetizer,2.0,10,20.0,Cash,Delivery,101,Sarah,16,Thursday,3,March,3,False,False,2024-03-28 16:00:00,Lunch,Weekday,Other record
4941,2024-08-24,15:00:00,Truffle Fries,Side,8.0,8,64.0,Cash,Takeaway,101,Sarah,15,Saturday,8,August,5,True,True,2024-08-24 15:00:00,Lunch,Weekend,High-value record
4942,2024-08-09,19:30:00,New York Strip,Entree,3.0,38,114.0,Credit Card,Takeaway,104,Carlos,19,Friday,8,August,4,False,True,2024-08-09 19:00:00,Dinner,Weekday,High-value record
4943,2024-09-02,16:00:00,New York Strip,Entree,3.0,38,114.0,Mobile Payment,Delivery,102,Jake,16,Monday,9,September,0,False,True,2024-09-02 16:00:00,Lunch,Weekday,High-value record
4944,2024-09-03,21:00:00,Ribeye Steak,Entree,5.0,35,175.0,Cash,Takeaway,104,Carlos,21,Tuesday,9,September,1,False,True,2024-09-03 21:00:00,Dinner,Weekday,High-value record
4945,2024-11-03,14:15:00,New York Strip,Entree,4.0,38,152.0,Credit Card,Dine-In,102,Jake,14,Sunday,11,November,6,True,True,2024-11-03 14:00:00,Lunch,Weekend,High-value record
4946,2024-05-12,13:15:00,Cabernet Sauvignon,Beverage,4.5,16,72.0,Mobile Payment,Takeaway,102,Jake,13,Sunday,5,May,6,True,True,2024-05-12 13:00:00,Lunch,Weekend,High-value record
4947,2024-09-23,14:45:00,New York Strip,Entree,2.0,38,76.0,Credit Card,Delivery,102,Jake,14,Monday,9,September,0,False,True,2024-09-23 14:00:00,Lunch,Weekday,High-value record
4948,2024-04-05,16:15:00,Filet Mignon,Entree,1.0,42,42.0,Cash,Dine-In,104,Carlos,16,Friday,4,April,4,False,False,2024-04-05 16:00:00,Lunch,Weekday,Other record
4949,2024-12-23,22:00:00,Ribeye Steak,Entree,10.0,35,350.0,Mobile Payment,Delivery,103,Emily,22,Monday,12,December,0,False,True,2024-12-23 22:00:00,Dinner,Weekday,High-value record
4950,2024-03-13,21:15:00,Shrimp Cocktail,Appetizer,2.0,14,28.0,Cash,Delivery,104,Carlos,21,Wednesday,3,March,2,False,False,2024-03-13 21:00:00,Dinner,Weekday,Other record
4951,2024-01-06,15:15:00,Caesar Salad,Appetizer,3.0,10,30.0,Cash,Delivery,101,Sarah,15,Saturday,1,January,5,True,False,2024-01-06 15:00:00,Lunch,Weekend,Other record
4952,2024-11-19,21:15:00,Cabernet Sauvignon,Beverage,6.0,16,96.0,Credit Card,Takeaway,101,Sarah,21,Tuesday,11,November,1,False,True,2024-11-19 21:00:00,Dinner,Weekday,High-value record
4953,2024-03-06,16:45:00,Cabernet Sauvignon,Beverage,1.0,16,16.0,Credit Card,Takeaway,102,Jake,16,Wednesday,3,March,2,False,False,2024-03-06 16:00:00,Lunch,Weekday,Other record
4954,2024-08-13,12:30:00,Bourbon BBQ Burger,Entree,1.0,22,22.0,Credit Card,Takeaway,105,Nina,12,Tuesday,8,August,1,False,False,2024-08-13 12:00:00,Lunch,Weekday,Other record
4955,2024-12-03,17:00:00,Bourbon BBQ Burger,Entree,10.0,22,220.0,Credit Card,Takeaway,103,Emily,17,Tuesday,12,December,1,False,True,2024-12-03 17:00:00,Dinner,Weekday,High-value record
4956,2024-06-06,15:15:00,Filet Mignon,Entree,3.0,42,126.0,Credit Card,Delivery,105,Nina,15,Thursday,6,June,3,False,True,2024-06-06 15:00:00,Lunch,Weekday,High-value record
4957,2024-04-23,18:15:00,Grilled Asparagus,Side,7.0,8,56.0,Cash,Takeaway,102,Jake,18,Tuesday,4,April,1,False,False,2024-04-23 18:00:00,Dinner,Weekday,Other record
4958,2024-12-31,13:45:00,Caesar Salad,Appetizer,6.5,10,65.0,Credit Card,Delivery,105,Nina,13,Tuesday,12,December,1,False,True,2024-12-31 13:00:00,Lunch,Weekday,High-value record
4959,2024-07-04,20:15:00,Shrimp Cocktail,Appetizer,3.0,14,42.0,Mobile Payment,Delivery,102,Jake,20,Thursday,7,July,3,False,False,2024-07-04 20:00:00,Dinner,Weekday,Other record
4960,2024-11-21,20:00:00,Caesar Salad,Appetizer,8.0,10,80.0,Credit Card,Delivery,105,Nina,20,Thursday,11,November,3,False,True,2024-11-21 20:00:00,Dinner,Weekday,High-value record
4961,2024-08-27,21:15:00,Bourbon BBQ Burger,Entree,5.0,22,110.0,Cash,Delivery,103,Emily,21,Tuesday,8,August,1,False,True,2024-08-27 21:00:00,Dinner,Weekday,High-value record
4962,2024-01-12,14:15:00,Filet Mignon,Entree,7.0,42,294.0,Mobile Payment,Takeaway,105,Nina,14,Friday,1,January,4,False,True,2024-01-12 14:00:00,Lunch,Weekday,High-value record
4963,2024-12-11,17:30:00,Mashed Potatoes,Side,2.0,7,14.0,Mobile Payment,Delivery,101,Sarah,17,Wednesday,12,December,2,False,False,2024-12-11 17:00:00,Dinner,Weekday,Other record
4964,2024-03-06,16:00:00,Grilled Asparagus,Side,4.0,8,32.0,Credit Card,Delivery,105,Nina,16,Wednesday,3,March,2,False,False,2024-03-06 16:00:00,Lunch,Weekday,Other record
4965,2024-07-26,21:00:00,Grilled Asparagus,Side,8.0,8,64.0,Cash,Takeaway,104,Carlos,21,Friday,7,July,4,False,True,2024-07-26 21:00:00,Dinner,Weekday,High-value record
4966,2024-08-01,18:00:00,Shrimp Cocktail,Appetizer,10.0,14,140.0,Mobile Payment,Delivery,105,Nina,18,Thursday,8,August,3,False,True,2024-08-01 18:00:00,Dinner,Weekday,High-value record
4967,2024-08-07,14:15:00,Cabernet Sauvignon,Beverage,5.0,16,80.0,Credit Card,Delivery,105,Nina,14,Wednesday,8,August,2,False,True,2024-08-07 14:00:00,Lunch,Weekday,High-value record
4968,2024-02-15,22:00:00,Caesar Salad,Appetizer,9.0,10,90.0,Credit Card,Dine-In,103,Emily,22,Thursday,2,February,3,False,True,2024-02-15 22:00:00,Dinner,Weekday,High-value record
4969,2024-03-16,18:45:00,New York Strip,Entree,4.0,38,152.0,Cash,Takeaway,103,Emily,18,Saturday,3,March,5,True,True,2024-03-16 18:00:00,Dinner,Weekend,High-value record
4970,2024-10-16,17:15:00,Bourbon BBQ Burger,Entree,8.0,22,176.0,Credit Card,Dine-In,105,Nina,17,Wednesday,10,October,2,False,True,2024-10-16 17:00:00,Dinner,Weekday,High-value record
4971,2024-12-12,17:15:00,Chocolate Lava Cake,Dessert,10.0,9,90.0,Credit Card,Delivery,103,Emily,17,Thursday,12,December,3,False,True,2024-12-12 17:00:00,Dinner,Weekday,High-value record
4972,2024-11-01,15:00:00,Caesar Salad,Appetizer,8.0,10,80.0,Mobile Payment,Takeaway,103,Emily,15,Friday,11,November,4,False,True,2024-11-01 15:00:00,Lunch,Weekday,High-value record
4973,2024-05-26,17:30:00,Grilled Asparagus,Side,5.0,8,40.0,Cash,Dine-In,104,Carlos,17,Sunday,5,May,6,True,False,2024-05-26 17:00:00,Dinner,Weekend,Other record
4974,2024-01-30,19:45:00,Caesar Salad,Appetizer,2.0,10,20.0,Cash,Dine-In,101,Sarah,19,Tuesday,1,January,1,False,False,2024-01-30 19:00:00,Dinner,Weekday,Other record
4975,2024-01-09,21:15:00,Truffle Fries,Side,7.0,8,56.0,Cash,Takeaway,104,Carlos,21,Tuesday,1,January,1,False,False,2024-01-09 21:00:00,Dinner,Weekday,Other record
4976,2024-04-23,21:15:00,Mashed Potatoes,Side,9.0,7,63.0,Mobile Payment,Takeaway,102,Jake,21,Tuesday,4,April,1,False,True,2024-04-23 21:00:00,Dinner,Weekday,High-value record
4977,2024-12-26,13:15:00,Truffle Fries,Side,2.0,8,16.0,Credit Card,Delivery,104,Carlos,13,Thursday,12,December,3,False,False,2024-12-26 13:00:00,Lunch,Weekday,Other record
4978,2024-05-17,20:15:00,Chocolate Lava Cake,Dessert,2.0,9,18.0,Credit Card,Delivery,104,Carlos,20,Friday,5,May,4,False,False,2024-05-17 20:00:00,Dinner,Weekday,Other record
4979,2024-01-03,12:00:00,Ribeye Steak,Entree,4.0,35,140.0,Cash,Takeaway,105,Nina,12,Wednesday,1,January,2,False,True,2024-01-03 12:00:00,Lunch,Weekday,High-value record
4980,2024-09-22,17:45:00,Truffle Fries,Side,2.0,8,16.0,Mobile Payment,Takeaway,102,Jake,17,Sunday,9,September,6,True,False,2024-09-22 17:00:00,Dinner,Weekend,Other record
4981,2024-03-19,17:30:00,Shrimp Cocktail,Appetizer,6.0,14,84.0,Mobile Payment,Delivery,102,Jake,17,Tuesday,3,March,1,False,True,2024-03-19 17:00:00,Dinner,Weekday,High-value record
4982,2024-12-06,18:30:00,Chocolate Lava Cake,Dessert,7.0,9,63.0,Mobile Payment,Takeaway,101,Sarah,18,Friday,12,December,4,False,True,2024-12-06 18:00:00,Dinner,Weekday,High-value record
4983,2024-09-04,17:00:00,Chocolate Lava Cake,Dessert,2.0,9,18.0,Mobile Payment,Dine-In,104,Carlos,17,Wednesday,9,September,2,False,False,2024-09-04 17:00:00,Dinner,Weekday,Other record
4984,2024-02-19,17:30:00,Truffle Fries,Side,5.0,8,40.0,Mobile Payment,Delivery,101,Sarah,17,Monday,2,February,0,False,False,2024-02-19 17:00:00,Dinner,Weekday,Other record
4985,2024-01-08,15:30:00,Old Fashioned,Beverage,2.0,12,24.0,Mobile Payment,Takeaway,104,Carlos,15,Monday,1,January,0,False,False,2024-01-08 15:00:00,Lunch,Weekday,Other record
4986,2024-08-10,20:30:00,Shrimp Cocktail,Appetizer,7.0,14,98.0,Cash,Delivery,102,Jake,20,Saturday,8,August,5,True,True,2024-08-10 20:00:00,Dinner,Weekend,High-value record
4987,2024-10-03,18:00:00,Truffle Fries,Side,5.0,8,40.0,Cash,Delivery,105,Nina,18,Thursday,10,October,3,False,False,2024-10-03 18:00:00,Dinner,Weekday,Other record
4988,2024-01-16,21:30:00,Grilled Asparagus,Side,8.0,8,64.0,Credit Card,Dine-In,105,Nina,21,Tuesday,1,January,1,False,True,2024-01-16 21:00:00,Dinner,Weekday,High-value record
4989,2024-04-07,18:30:00,Truffle Fries,Side,8.0,8,64.0,Credit Card,Dine-In,105,Nina,18,Sunday,4,April,6,True,True,2024-04-07 18:00:00,Dinner,Weekend,High-value record
4990,2024-09-27,19:15:00,Old Fashioned,Beverage,6.0,12,72.0,Cash,Takeaway,103,Emily,19,Friday,9,September,4,False,True,2024-09-27 19:00:00,Dinner,Weekday,High-value record
4991,2024-01-23,20:45:00,Cabernet Sauvignon,Beverage,6.0,16,96.0,Mobile Payment,Dine-In,105,Nina,20,Tuesday,1,January,1,False,True,2024-01-23 20:00:00,Dinner,Weekday,High-value record
4992,2024-01-21,17:15:00,Truffle Fries,Side,6.0,8,48.0,Cash,Dine-In,102,Jake,17,Sunday,1,January,6,True,False,2024-01-21 17:00:00,Dinner,Weekend,Other record
4993,2024-01-24,19:45:00,Shrimp Cocktail,Appetizer,8.0,14,112.0,Mobile Payment,Delivery,102,Jake,19,Wednesday,1,January,2,False,True,2024-01-24 19:00:00,Dinner,Weekday,High-value record
4994,2024-05-15,14:30:00,Caesar Salad,Appetizer,3.0,10,30.0,Credit Card,Delivery,104,Carlos,14,Wednesday,5,May,2,False,False,2024-05-15 14:00:00,Lunch,Weekday,Other record
4995,2024-10-31,16:15:00,Filet Mignon,Entree,2.0,42,84.0,Cash,Delivery,103,Emily,16,Thursday,10,October,3,False,True,2024-10-31 16:00:00,Lunch,Weekday,High-value record
4996,2024-07-18,11:15:00,Cabernet Sauvignon,Beverage,3.0,16,48.0,Cash,Dine-In,105,Nina,11,Thursday,7,July,3,False,False,2024-07-18 11:00:00,Lunch,Weekday,Other record
4997,2024-10-06,11:15:00,Mashed Potatoes,Side,2.0,7,14.0,Credit Card,Delivery,103,Emily,11,Sunday,10,October,6,True,False,2024-10-06 11:00:00,Lunch,Weekend,Other record
4998,2024-07-14,17:00:00,Shrimp Cocktail,Appetizer,12.0,14,168.0,Cash,Dine-In,104,Carlos,17,Sunday,7,July,6,True,True,2024-07-14 17:00:00,Dinner,Weekend,High-value record
4999,2024-07-25,15:45:00,Shrimp Cocktail,Appetizer,3.0,14,42.0,Credit Card,Delivery,105,Nina,15,Thursday,7,July,3,False,False,2024-07-25 15:00:00,Lunch,Weekday,Other record
5000,2024-03-03,21:00:00,Grilled Asparagus,Side,2.0,8,16.0,Cash,Dine-In,101,Sarah,21,Sunday,3,March,6,True,False,2024-03-03 21:00:00,Dinner,Weekend,Other record
