Date,Time,Menu Item,Category,Quantity,Price (per item),Revenue,Payment Method,Order Type,Server ID,Server Name
2024-11-23,12:00:00 PM,Truffle Fries,Side,5,8,40,Cash,Dine-In,102,Jake
2024-02-22,9:00:00 PM,Chocolate Lava Cake,Dessert,8,9,72,Cash,Dine-In,101,Sarah
2024-04-21,2:00:00 PM,Cabernet Sauvignon,Beverage,2,16,32,Mobile Payment,Delivery,105,Nina
2024-08-02,2:45:00 PM,Chocolate Lava Cake,Dessert,5,9,45,Cash,Dine-In,104,Carlos
2024-06-23,3:15:00 PM,Caesar Salad,Appetizer,3,10,30,Cash,Dine-In,104,Carlos
2024-02-19,4:30:00 PM,Chocolate Lava Cake,Dessert,3,9,27,Cash,Delivery,104,Carlos
2024-10-01,12:45:00 PM,Filet Mignon,Entree,5,42,210,Credit Card,Delivery,105,Nina
2024-07-04,8:15:00 PM,Truffle Fries,Side,2,8,16,Cash,Delivery,102,Jake
2024-05-28,12:15:00 PM,Filet Mignon,Entree,3,42,126,Credit Card,Takeaway,103,Emily
2024-03-24,4:30:00 PM,Caesar Salad,Appetizer,3,10,30,Mobile Payment,Delivery,101,Sarah
2024-11-07,9:15:00 PM,Cabernet Sauvignon,Beverage,3,16,48,Cash,Takeaway,104,Carlos
2024-05-18,9:15:00 PM,Bourbon BBQ Burger,Entree,7,22,154,Cash,Dine-In,101,Sarah
2024-06-10,5:30:00 PM,Filet Mignon,Entree,3,42,126,Mobile Payment,Delivery,103,Emily
2024-04-18,9:45:00 PM,Grilled Asparagus,Side,8,8,64,Cash,Takeaway,102,Jake
2024-05-06,10:30:00 PM,Truffle Fries,Side,9,8,72,Credit Card,Delivery,104,Carlos
2024-07-04,2:15:00 PM,Cabernet Sauvignon,Beverage,4,16,64,Cash,Dine-In,101,Sarah
2024-03-19,9:15:00 PM,Bourbon BBQ Burger,Entree,8,22,176,Mobile Payment,Dine-In,104,Carlos
2024-07-14,8:45:00 PM,Cabernet Sauvignon,Beverage,6,16,96,Mobile Payment,Dine-In,101,Sarah
2024-12-15,7:30:00 PM,Bourbon BBQ Burger,Entree,5,22,110,Cash,Takeaway,104,Carlos
2024-03-21,6:00:00 PM,Truffle Fries,Side,6,8,48,Mobile Payment,Dine-In,105,Nina
2024-02-24,9:30:00 PM,Bourbon BBQ Burger,Entree,12,22,264,Mobile Payment,Dine-In,102,Jake
2024-07-10,1:00:00 PM,Chocolate Lava Cake,Dessert,3,9,27,Credit Card,Dine-In,101,Sarah
2024-07-04,3:15:00 PM,Ribeye Steak,Entree,2,35,70,Mobile Payment,Dine-In,101,Sarah
2024-09-05,12:15:00 PM,New York Strip,Entree,4,38,152,Mobile Payment,Dine-In,103,Emily
2024-09-27,8:45:00 PM,Caesar Salad,Appetizer,12,10,120,Mobile Payment,Delivery,102,Jake
2024-12-31,3:45:00 PM,Bourbon BBQ Burger,Entree,5.2,22,114.4,Credit Card,Delivery,104,Carlos
2024-03-02,2:15:00 PM,Filet Mignon,Entree,6,42,252,Cash,Delivery,105,Nina
2024-04-27,8:15:00 PM,Ribeye Steak,Entree,2,35,70,Mobile Payment,Delivery,101,Sarah
2024-04-27,12:00:00 PM,Mashed Potatoes,Side,2,7,14,Mobile Payment,Dine-In,103,Emily
2024-12-08,6:15:00 PM,Cabernet Sauvignon,Beverage,4,16,64,Mobile Payment,Delivery,105,Nina
2024-08-30,2:45:00 PM,Grilled Asparagus,Side,3,8,24,Cash,Dine-In,104,Carlos
2024-06-30,5:45:00 PM,Old Fashioned,Beverage,2,12,24,Mobile Payment,Delivery,101,Sarah
2024-02-01,5:30:00 PM,Filet Mignon,Entree,3,42,126,Cash,Dine-In,105,Nina
2024-08-17,1:45:00 PM,New York Strip,Entree,6,38,228,Credit Card,Dine-In,101,Sarah
2024-08-14,7:00:00 PM,Ribeye Steak,Entree,11,35,385,Cash,Dine-In,102,Jake
2024-03-26,5:45:00 PM,Old Fashioned,Beverage,4,12,48,Credit Card,Dine-In,102,Jake
2024-07-13,11:45:00 AM,Shrimp Cocktail,Appetizer,8,14,112,Credit Card,Takeaway,105,Nina
2024-12-04,10:45:00 PM,New York Strip,Entree,4,38,152,Credit Card,Dine-In,101,Sarah
2024-10-23,10:00:00 PM,Truffle Fries,Side,5,8,40,Cash,Dine-In,105,Nina
2024-09-01,7:15:00 PM,Ribeye Steak,Entree,11,35,385,Cash,Dine-In,101,Sarah
2024-10-31,12:15:00 PM,Grilled Asparagus,Side,1,8,8,Mobile Payment,Dine-In,105,Nina
2024-10-31,11:00:00 AM,Grilled Asparagus,Side,6,8,48,Mobile Payment,Delivery,103,Emily
2024-05-13,2:30:00 PM,Caesar Salad,Appetizer,2,10,20,Credit Card,Dine-In,103,Emily
2024-08-22,4:00:00 PM,Ribeye Steak,Entree,3,35,105,Mobile Payment,Delivery,101,Sarah
2024-02-07,7:15:00 PM,Cabernet Sauvignon,Beverage,5,16,80,Cash,Takeaway,101,Sarah
2024-05-05,4:30:00 PM,New York Strip,Entree,5,38,190,Mobile Payment,Delivery,103,Emily
2024-11-09,9:00:00 PM,Bourbon BBQ Burger,Entree,11,22,242,Credit Card,Delivery,101,Sarah
2024-03-09,3:00:00 PM,Filet Mignon,Entree,8,42,336,Cash,Takeaway,103,Emily
2024-11-05,2:30:00 PM,Caesar Salad,Appetizer,3,10,30,Mobile Payment,Takeaway,103,Emily
2024-01-27,12:45:00 PM,Shrimp Cocktail,Appetizer,2,14,28,Cash,Takeaway,102,Jake
2024-11-22,3:15:00 PM,Truffle Fries,Side,6,8,48,Mobile Payment,Delivery,104,Carlos
2024-10-14,11:00:00 AM,Filet Mignon,Entree,2,42,84,Mobile Payment,Dine-In,103,Emily
2024-10-25,7:15:00 PM,Grilled Asparagus,Side,4,8,32,Cash,Takeaway,103,Emily
2024-01-21,4:15:00 PM,Bourbon BBQ Burger,Entree,2,22,44,Mobile Payment,Dine-In,103,Emily
2024-10-13,5:15:00 PM,Caesar Salad,Appetizer,4,10,40,Cash,Takeaway,101,Sarah
2024-04-01,10:30:00 PM,Grilled Asparagus,Side,4,8,32,Credit Card,Dine-In,101,Sarah
2024-07-14,11:45:00 AM,Caesar Salad,Appetizer,2,10,20,Credit Card,Takeaway,103,Emily
2024-04-26,2:00:00 PM,Bourbon BBQ Burger,Entree,3,22,66,Credit Card,Takeaway,103,Emily
2024-02-05,3:30:00 PM,Bourbon BBQ Burger,Entree,5,22,110,Credit Card,Delivery,105,Nina
2024-06-18,11:00:00 AM,Shrimp Cocktail,Appetizer,2,14,28,Mobile Payment,Takeaway,101,Sarah
2024-02-25,8:45:00 PM,Mashed Potatoes,Side,5,7,35,Credit Card,Delivery,105,Nina
2024-02-29,5:15:00 PM,Shrimp Cocktail,Appetizer,2,14,28,Mobile Payment,Takeaway,101,Sarah
2024-09-23,7:15:00 PM,Mashed Potatoes,Side,10,7,70,Cash,Delivery,103,Emily
2024-11-15,4:00:00 PM,Truffle Fries,Side,5,8,40,Mobile Payment,Takeaway,104,Carlos
2024-06-16,5:30:00 PM,Cabernet Sauvignon,Beverage,5,16,80,Cash,Takeaway,104,Carlos
2024-12-12,10:15:00 PM,Chocolate Lava Cake,Dessert,9,9,81,Credit Card,Takeaway,105,Nina
2024-01-01,3:30:00 PM,Caesar Salad,Appetizer,4.8,10,48,Mobile Payment,Delivery,103,Emily
2024-08-26,6:45:00 PM,Bourbon BBQ Burger,Entree,4,22,88,Mobile Payment,Takeaway,102,Jake
2024-12-03,12:30:00 PM,Cabernet Sauvignon,Beverage,6,16,96,Credit Card,Dine-In,102,Jake
2024-12-10,3:15:00 PM,Caesar Salad,Appetizer,2,10,20,Cash,Dine-In,102,Jake
2024-08-31,8:00:00 PM,Old Fashioned,Beverage,9,12,108,Mobile Payment,Delivery,102,Jake
2024-12-22,5:45:00 PM,Grilled Asparagus,Side,3,8,24,Cash,Delivery,101,Sarah
2024-02-24,5:15:00 PM,New York Strip,Entree,10,38,380,Credit Card,Dine-In,105,Nina
2024-05-07,12:45:00 PM,New York Strip,Entree,4,38,152,Mobile Payment,Delivery,105,Nina
2024-10-31,4:45:00 PM,Chocolate Lava Cake,Dessert,5,9,45,Credit Card,Delivery,104,Carlos
2024-03-22,10:45:00 PM,Old Fashioned,Beverage,7,12,84,Cash,Delivery,103,Emily
2024-09-23,6:15:00 PM,Shrimp Cocktail,Appetizer,7,14,98,Cash,Delivery,103,Emily
2024-04-30,3:30:00 PM,Mashed Potatoes,Side,5,7,35,Cash,Dine-In,102,Jake
2024-04-28,5:15:00 PM,Truffle Fries,Side,4,8,32,Cash,Takeaway,104,Carlos
2024-06-18,7:45:00 PM,Grilled Asparagus,Side,2,8,16,Cash,Takeaway,104,Carlos
2024-10-26,10:00:00 PM,Chocolate Lava Cake,Dessert,7,9,63,Credit Card,Dine-In,103,Emily
2024-06-01,5:45:00 PM,Cabernet Sauvignon,Beverage,8,16,128,Mobile Payment,Dine-In,104,Carlos
2024-04-22,3:45:00 PM,Old Fashioned,Beverage,1,12,12,Credit Card,Takeaway,104,Carlos
2024-03-25,6:15:00 PM,Chocolate Lava Cake,Dessert,9,9,81,Cash,Takeaway,105,Nina
2024-10-15,9:00:00 PM,Filet Mignon,Entree,7,42,294,Cash,Takeaway,102,Jake
2024-01-26,3:45:00 PM,Mashed Potatoes,Side,3,7,21,Credit Card,Takeaway,103,Emily
2024-07-13,3:45:00 PM,Shrimp Cocktail,Appetizer,2,14,28,Credit Card,Dine-In,105,Nina
2024-01-27,4:15:00 PM,Bourbon BBQ Burger,Entree,2,22,44,Mobile Payment,Dine-In,101,Sarah
2024-05-06,2:00:00 PM,Chocolate Lava Cake,Dessert,2,9,18,Cash,Dine-In,104,Carlos
2024-12-08,12:15:00 PM,Old Fashioned,Beverage,3,12,36,Credit Card,Dine-In,105,Nina
2024-11-06,10:00:00 PM,New York Strip,Entree,7,38,266,Cash,Delivery,101,Sarah
2024-06-08,8:45:00 PM,Grilled Asparagus,Side,4,8,32,Cash,Delivery,102,Jake
2024-02-22,10:30:00 PM,Bourbon BBQ Burger,Entree,11,22,242,Cash,Delivery,101,Sarah
2024-06-26,7:45:00 PM,Bourbon BBQ Burger,Entree,6,22,132,Cash,Delivery,103,Emily
2024-01-07,5:45:00 PM,Filet Mignon,Entree,9,42,378,Credit Card,Delivery,104,Carlos
2024-12-28,1:45:00 PM,New York Strip,Entree,10,38,380,Mobile Payment,Takeaway,105,Nina
2024-10-02,6:45:00 PM,Grilled Asparagus,Side,8,8,64,Credit Card,Takeaway,102,Jake
2024-02-14,3:45:00 PM,Caesar Salad,Appetizer,6,10,60,Mobile Payment,Delivery,104,Carlos
2024-06-21,11:45:00 AM,Mashed Potatoes,Side,4,7,28,Credit Card,Dine-In,103,Emily
2024-05-12,4:30:00 PM,Chocolate Lava Cake,Dessert,4.5,9,40.5,Mobile Payment,Dine-In,105,Nina
2024-04-07,12:15:00 PM,Truffle Fries,Side,4,8,32,Credit Card,Delivery,102,Jake
2024-12-19,6:45:00 PM,Old Fashioned,Beverage,2,12,24,Cash,Takeaway,102,Jake
2024-07-26,10:15:00 PM,Shrimp Cocktail,Appetizer,8,14,112,Credit Card,Takeaway,105,Nina
2024-09-28,4:45:00 PM,Truffle Fries,Side,8,8,64,Credit Card,Takeaway,104,Carlos
2024-05-18,3:30:00 PM,Caesar Salad,Appetizer,2,10,20,Mobile Payment,Dine-In,103,Emily
2024-03-02,10:15:00 PM,Caesar Salad,Appetizer,4,10,40,Mobile Payment,Takeaway,103,Emily
2024-10-28,7:30:00 PM,Filet Mignon,Entree,4,42,168,Credit Card,Dine-In,103,Emily
2024-04-01,3:00:00 PM,Truffle Fries,Side,5,8,40,Cash,Takeaway,101,Sarah
2024-01-28,7:30:00 PM,Truffle Fries,Side,4,8,32,Mobile Payment,Takeaway,101,Sarah
2024-01-07,8:30:00 PM,Old Fashioned,Beverage,9,12,108,Credit Card,Takeaway,102,Jake
2024-01-27,3:45:00 PM,Filet Mignon,Entree,2,42,84,Credit Card,Takeaway,101,Sarah
2024-10-22,9:00:00 PM,New York Strip,Entree,3,38,114,Mobile Payment,Takeaway,101,Sarah
2024-05-07,12:45:00 PM,Chocolate Lava Cake,Dessert,5,9,45,Mobile Payment,Dine-In,105,Nina
2024-07-13,6:45:00 PM,Shrimp Cocktail,Appetizer,10,14,140,Credit Card,Takeaway,105,Nina
2024-11-13,11:00:00 AM,Caesar Salad,Appetizer,2,10,20,Credit Card,Delivery,101,Sarah
2024-03-21,2:15:00 PM,Cabernet Sauvignon,Beverage,1,16,16,Cash,Dine-In,104,Carlos
2024-08-18,10:45:00 PM,Shrimp Cocktail,Appetizer,2,14,28,Cash,Takeaway,103,Emily
2024-12-25,6:00:00 PM,Bourbon BBQ Burger,Entree,4,22,88,Credit Card,Delivery,105,Nina
2024-12-04,2:45:00 PM,Filet Mignon,Entree,5,42,210,Cash,Delivery,102,Jake
2024-05-16,1:00:00 PM,Ribeye Steak,Entree,2,35,70,Credit Card,Delivery,105,Nina
2024-05-27,6:00:00 PM,Old Fashioned,Beverage,5,12,60,Mobile Payment,Takeaway,103,Emily
2024-09-13,7:45:00 PM,Old Fashioned,Beverage,2,12,24,Mobile Payment,Dine-In,104,Carlos
2024-06-14,8:30:00 PM,Ribeye Steak,Entree,2,35,70,Cash,Delivery,105,Nina
2024-10-27,11:30:00 AM,Chocolate Lava Cake,Dessert,1,9,9,Cash,Takeaway,105,Nina
2024-11-29,6:30:00 PM,New York Strip,Entree,10,38,380,Credit Card,Delivery,104,Carlos
2024-02-16,6:30:00 PM,Grilled Asparagus,Side,5,8,40,Credit Card,Delivery,101,Sarah
2024-03-23,4:45:00 PM,Truffle Fries,Side,8,8,64,Credit Card,Delivery,104,Carlos
2024-10-08,11:45:00 AM,Filet Mignon,Entree,3,42,126,Credit Card,Takeaway,101,Sarah
2024-07-25,7:00:00 PM,Bourbon BBQ Burger,Entree,11,22,242,Credit Card,Takeaway,101,Sarah
2024-04-06,7:30:00 PM,Chocolate Lava Cake,Dessert,8,9,72,Mobile Payment,Takeaway,101,Sarah
2024-04-14,3:15:00 PM,Shrimp Cocktail,Appetizer,4,14,56,Mobile Payment,Takeaway,101,Sarah
2024-01-15,9:15:00 PM,Truffle Fries,Side,4,8,32,Credit Card,Delivery,101,Sarah
2024-10-09,5:00:00 PM,Caesar Salad,Appetizer,2,10,20,Credit Card,Dine-In,102,Jake
2024-09-12,10:30:00 PM,Cabernet Sauvignon,Beverage,6,16,96,Credit Card,Takeaway,104,Carlos
2024-05-04,6:15:00 PM,Grilled Asparagus,Side,4,8,32,Mobile Payment,Delivery,102,Jake
2024-02-05,3:45:00 PM,Mashed Potatoes,Side,5,7,35,Credit Card,Dine-In,103,Emily
2024-06-01,8:45:00 PM,New York Strip,Entree,8,38,304,Mobile Payment,Takeaway,103,Emily
2024-06-19,7:45:00 PM,Old Fashioned,Beverage,5,12,60,Cash,Delivery,102,Jake
2024-10-19,5:15:00 PM,Grilled Asparagus,Side,2,8,16,Credit Card,Delivery,104,Carlos
2024-12-27,5:45:00 PM,Bourbon BBQ Burger,Entree,4,22,88,Credit Card,Dine-In,102,Jake
2024-09-14,8:30:00 PM,Filet Mignon,Entree,7,42,294,Cash,Delivery,104,Carlos
2024-01-08,10:15:00 PM,Grilled Asparagus,Side,5,8,40,Cash,Takeaway,103,Emily
2024-06-22,8:45:00 PM,Bourbon BBQ Burger,Entree,2,22,44,Credit Card,Delivery,105,Nina
2024-07-13,4:45:00 PM,Cabernet Sauvignon,Beverage,2,16,32,Mobile Payment,Dine-In,102,Jake
2024-11-19,9:30:00 PM,Caesar Salad,Appetizer,2,10,20,Credit Card,Dine-In,101,Sarah
2024-08-15,1:30:00 PM,Ribeye Steak,Entree,1,35,35,Credit Card,Dine-In,103,Emily
2024-07-02,4:45:00 PM,New York Strip,Entree,2,38,76,Mobile Payment,Takeaway,105,Nina
2024-12-15,1:15:00 PM,New York Strip,Entree,1,38,38,Mobile Payment,Takeaway,105,Nina
2024-12-15,2:45:00 PM,Chocolate Lava Cake,Dessert,2,9,18,Cash,Takeaway,103,Emily
2024-08-23,3:00:00 PM,Old Fashioned,Beverage,4,12,48,Mobile Payment,Delivery,102,Jake
2024-02-07,6:30:00 PM,Chocolate Lava Cake,Dessert,7,9,63,Mobile Payment,Takeaway,103,Emily
2024-08-21,3:15:00 PM,Grilled Asparagus,Side,4,8,32,Cash,Dine-In,104,Carlos
2024-10-19,4:30:00 PM,Truffle Fries,Side,6,8,48,Cash,Delivery,104,Carlos
2024-05-20,11:00:00 AM,Chocolate Lava Cake,Dessert,3,9,27,Credit Card,Dine-In,105,Nina
2024-06-29,2:15:00 PM,Chocolate Lava Cake,Dessert,6,9,54,Mobile Payment,Delivery,102,Jake
2024-11-17,12:00:00 PM,Shrimp Cocktail,Appetizer,5,14,70,Cash,Delivery,103,Emily
2024-03-08,12:30:00 PM,Mashed Potatoes,Side,7,7,49,Cash,Dine-In,102,Jake
2024-10-03,4:30:00 PM,New York Strip,Entree,3,38,114,Credit Card,Takeaway,103,Emily
2024-02-28,6:00:00 PM,New York Strip,Entree,3,38,114,Mobile Payment,Delivery,104,Carlos
2024-10-12,4:00:00 PM,Grilled Asparagus,Side,2,8,16,Credit Card,Delivery,101,Sarah
2024-08-20,4:30:00 PM,Chocolate Lava Cake,Dessert,5,9,45,Mobile Payment,Takeaway,101,Sarah
2024-12-11,2:45:00 PM,Ribeye Steak,Entree,5,35,175,Mobile Payment,Takeaway,105,Nina
2024-04-23,9:00:00 PM,Bourbon BBQ Burger,Entree,7,22,154,Mobile Payment,Takeaway,104,Carlos
2024-02-29,1:00:00 PM,Ribeye Steak,Entree,3,35,105,Credit Card,Dine-In,101,Sarah
2024-04-30,7:15:00 PM,Grilled Asparagus,Side,8,8,64,Credit Card,Delivery,105,Nina
2024-08-02,8:15:00 PM,Grilled Asparagus,Side,2,8,16,Credit Card,Delivery,104,Carlos
2024-05-23,11:30:00 AM,Caesar Salad,Appetizer,4,10,40,Credit Card,Dine-In,103,Emily
2024-02-20,9:30:00 PM,Cabernet Sauvignon,Beverage,7,16,112,Cash,Takeaway,103,Emily
2024-04-07,12:45:00 PM,Filet Mignon,Entree,2,42,84,Mobile Payment,Delivery,105,Nina
2024-01-11,11:30:00 AM,Caesar Salad,Appetizer,2,10,20,Mobile Payment,Dine-In,101,Sarah
2024-10-10,2:15:00 PM,Caesar Salad,Appetizer,3,10,30,Cash,Delivery,101,Sarah
2024-05-21,1:15:00 PM,Cabernet Sauvignon,Beverage,3,16,48,Cash,Dine-In,101,Sarah
2024-03-08,11:30:00 AM,Caesar Salad,Appetizer,6,10,60,Credit Card,Dine-In,102,Jake
2024-05-15,11:15:00 AM,Truffle Fries,Side,4,8,32,Mobile Payment,Dine-In,101,Sarah
2024-08-31,6:30:00 PM,Cabernet Sauvignon,Beverage,9,16,144,Cash,Takeaway,105,Nina
2024-04-23,8:00:00 PM,Truffle Fries,Side,11,8,88,Credit Card,Takeaway,101,Sarah
2024-02-01,6:45:00 PM,Grilled Asparagus,Side,2,8,16,Credit Card,Delivery,104,Carlos
2024-02-07,12:30:00 PM,Chocolate Lava Cake,Dessert,2,9,18,Cash,Dine-In,103,Emily
2024-11-15,9:30:00 PM,Grilled Asparagus,Side,12,8,96,Mobile Payment,Takeaway,104,Carlos
2024-09-15,8:45:00 PM,Filet Mignon,Entree,2,42,84,Mobile Payment,Delivery,105,Nina
2024-04-20,5:45:00 PM,Caesar Salad,Appetizer,7,10,70,Credit Card,Takeaway,104,Carlos
2024-07-31,10:00:00 PM,Mashed Potatoes,Side,9,7,63,Credit Card,Delivery,103,Emily
2024-07-10,1:45:00 PM,Filet Mignon,Entree,1,42,42,Cash,Dine-In,104,Carlos
2024-02-19,10:30:00 PM,New York Strip,Entree,10,38,380,Cash,Delivery,105,Nina
2024-10-14,4:00:00 PM,Grilled Asparagus,Side,3,8,24,Mobile Payment,Takeaway,101,Sarah
2024-05-27,8:30:00 PM,Mashed Potatoes,Side,2,7,14,Mobile Payment,Delivery,102,Jake
2024-03-20,9:45:00 PM,Caesar Salad,Appetizer,2,10,20,Credit Card,Delivery,103,Emily
2024-02-28,3:15:00 PM,Grilled Asparagus,Side,6,8,48,Mobile Payment,Delivery,105,Nina
2024-01-14,8:30:00 PM,Ribeye Steak,Entree,4,35,140,Credit Card,Delivery,103,Emily
2024-06-22,4:00:00 PM,New York Strip,Entree,3,38,114,Mobile Payment,Delivery,104,Carlos
2024-02-05,1:00:00 PM,Filet Mignon,Entree,5,42,210,Cash,Takeaway,104,Carlos
2024-08-20,4:15:00 PM,Mashed Potatoes,Side,3,7,21,Mobile Payment,Takeaway,105,Nina
2024-11-01,12:00:00 PM,New York Strip,Entree,4,38,152,Mobile Payment,Dine-In,101,Sarah
2024-05-19,6:45:00 PM,Old Fashioned,Beverage,11,12,132,Credit Card,Takeaway,103,Emily
2024-04-20,7:00:00 PM,Mashed Potatoes,Side,7,7,49,Cash,Takeaway,105,Nina
2024-09-06,7:30:00 PM,Ribeye Steak,Entree,4,35,140,Credit Card,Delivery,101,Sarah
2024-01-04,2:30:00 PM,Caesar Salad,Appetizer,2,10,20,Credit Card,Takeaway,103,Emily
2024-03-02,11:45:00 AM,Truffle Fries,Side,6,8,48,Cash,Dine-In,104,Carlos
2024-09-29,10:15:00 PM,Cabernet Sauvignon,Beverage,8,16,128,Mobile Payment,Takeaway,101,Sarah
2024-07-22,10:00:00 PM,Grilled Asparagus,Side,2,8,16,Credit Card,Dine-In,103,Emily
2024-10-21,5:45:00 PM,Truffle Fries,Side,7,8,56,Credit Card,Dine-In,104,Carlos
2024-01-11,4:15:00 PM,Chocolate Lava Cake,Dessert,4,9,36,Mobile Payment,Takeaway,101,Sarah
2024-08-11,12:15:00 PM,Grilled Asparagus,Side,5,8,40,Credit Card,Delivery,101,Sarah
2024-07-21,3:30:00 PM,Caesar Salad,Appetizer,3,10,30,Cash,Dine-In,105,Nina
2024-11-20,12:15:00 PM,Mashed Potatoes,Side,3,7,21,Mobile Payment,Delivery,102,Jake
2024-04-30,12:15:00 PM,Shrimp Cocktail,Appetizer,2,14,28,Cash,Delivery,102,Jake
2024-12-01,12:15:00 PM,Bourbon BBQ Burger,Entree,4,22,88,Credit Card,Delivery,105,Nina
2024-08-17,9:30:00 PM,Bourbon BBQ Burger,Entree,6,22,132,Cash,Takeaway,101,Sarah
2024-08-28,6:30:00 PM,Shrimp Cocktail,Appetizer,10,14,140,Cash,Takeaway,105,Nina
2024-02-07,3:45:00 PM,Old Fashioned,Beverage,1,12,12,Cash,Takeaway,103,Emily
2024-02-09,9:00:00 PM,Chocolate Lava Cake,Dessert,10,9,90,Mobile Payment,Takeaway,104,Carlos
2024-10-24,7:00:00 PM,Old Fashioned,Beverage,9,12,108,Mobile Payment,Dine-In,103,Emily
2024-11-05,6:15:00 PM,Ribeye Steak,Entree,8,35,280,Cash,Takeaway,101,Sarah
2024-09-15,9:15:00 PM,Ribeye Steak,Entree,3,35,105,Mobile Payment,Takeaway,104,Carlos
2024-09-25,7:15:00 PM,Mashed Potatoes,Side,5,7,35,Credit Card,Takeaway,104,Carlos
2024-06-22,9:00:00 PM,Bourbon BBQ Burger,Entree,7,22,154,Cash,Takeaway,101,Sarah
2024-10-12,9:45:00 PM,Shrimp Cocktail,Appetizer,5,14,70,Mobile Payment,Delivery,105,Nina
2024-03-17,4:00:00 PM,Chocolate Lava Cake,Dessert,2,9,18,Credit Card,Takeaway,104,Carlos
2024-03-07,8:00:00 PM,Shrimp Cocktail,Appetizer,8,14,112,Credit Card,Delivery,103,Emily
2024-03-06,9:00:00 PM,Bourbon BBQ Burger,Entree,7,22,154,Mobile Payment,Takeaway,101,Sarah
2024-07-04,3:15:00 PM,Caesar Salad,Appetizer,3,10,30,Credit Card,Dine-In,102,Jake
2024-03-11,1:00:00 PM,Shrimp Cocktail,Appetizer,1,14,14,Mobile Payment,Delivery,105,Nina
2024-01-20,9:30:00 PM,Chocolate Lava Cake,Dessert,4,9,36,Mobile Payment,Takeaway,102,Jake
2024-03-24,1:15:00 PM,Truffle Fries,Side,4,8,32,Cash,Takeaway,103,Emily
2024-12-12,10:15:00 PM,Old Fashioned,Beverage,9,12,108,Credit Card,Delivery,104,Carlos
2024-04-29,7:15:00 PM,Shrimp Cocktail,Appetizer,8,14,112,Cash,Takeaway,105,Nina
2024-08-13,6:30:00 PM,Grilled Asparagus,Side,8,8,64,Mobile Payment,Takeaway,102,Jake
2024-04-12,8:15:00 PM,Shrimp Cocktail,Appetizer,2,14,28,Mobile Payment,Takeaway,103,Emily
2024-10-10,12:00:00 PM,Shrimp Cocktail,Appetizer,1,14,14,Cash,Takeaway,104,Carlos
2024-09-19,1:45:00 PM,Filet Mignon,Entree,2,42,84,Credit Card,Takeaway,101,Sarah
2024-07-31,11:45:00 AM,Cabernet Sauvignon,Beverage,3,16,48,Cash,Takeaway,101,Sarah
2024-07-10,2:00:00 PM,Mashed Potatoes,Side,1,7,7,Mobile Payment,Delivery,103,Emily
2024-03-15,1:00:00 PM,Shrimp Cocktail,Appetizer,7,14,98,Mobile Payment,Dine-In,104,Carlos
2024-08-17,8:00:00 PM,Filet Mignon,Entree,2,42,84,Credit Card,Dine-In,102,Jake
2024-10-07,10:45:00 PM,Filet Mignon,Entree,6,42,252,Cash,Takeaway,101,Sarah
2024-01-25,2:45:00 PM,Bourbon BBQ Burger,Entree,5,22,110,Credit Card,Dine-In,101,Sarah
2024-09-12,8:00:00 PM,Bourbon BBQ Burger,Entree,10,22,220,Mobile Payment,Dine-In,102,Jake
2024-05-29,5:00:00 PM,Chocolate Lava Cake,Dessert,6,9,54,Cash,Delivery,104,Carlos
2024-04-05,9:00:00 PM,Cabernet Sauvignon,Beverage,6,16,96,Cash,Delivery,105,Nina
2024-09-16,7:00:00 PM,Grilled Asparagus,Side,9,8,72,Cash,Delivery,104,Carlos
2024-07-10,3:00:00 PM,Mashed Potatoes,Side,1,7,7,Credit Card,Dine-In,101,Sarah
2024-10-24,10:30:00 PM,New York Strip,Entree,2,38,76,Credit Card,Delivery,103,Emily
2024-11-25,1:45:00 PM,Truffle Fries,Side,4,8,32,Mobile Payment,Dine-In,102,Jake
2024-02-02,10:45:00 PM,Ribeye Steak,Entree,7,35,245,Cash,Dine-In,102,Jake
2024-01-22,4:30:00 PM,Cabernet Sauvignon,Beverage,4,16,64,Mobile Payment,Takeaway,103,Emily
2024-01-19,9:15:00 PM,Shrimp Cocktail,Appetizer,6,14,84,Cash,Delivery,103,Emily
2024-05-19,12:30:00 PM,Grilled Asparagus,Side,5,8,40,Mobile Payment,Takeaway,104,Carlos
2024-06-22,1:45:00 PM,Truffle Fries,Side,8,8,64,Credit Card,Delivery,103,Emily
2024-02-12,10:45:00 PM,Filet Mignon,Entree,7,42,294,Mobile Payment,Dine-In,105,Nina
2024-05-30,4:00:00 PM,Filet Mignon,Entree,3,42,126,Mobile Payment,Takeaway,103,Emily
2024-08-16,8:45:00 PM,New York Strip,Entree,8,38,304,Credit Card,Takeaway,101,Sarah
2024-06-29,8:45:00 PM,Shrimp Cocktail,Appetizer,2,14,28,Cash,Delivery,104,Carlos
2024-07-05,7:15:00 PM,Ribeye Steak,Entree,4,35,140,Mobile Payment,Delivery,104,Carlos
2024-01-18,1:00:00 PM,Caesar Salad,Appetizer,3,10,30,Credit Card,Takeaway,105,Nina
2024-01-17,8:15:00 PM,Bourbon BBQ Burger,Entree,8,22,176,Credit Card,Takeaway,104,Carlos
2024-02-09,8:15:00 PM,Cabernet Sauvignon,Beverage,5,16,80,Credit Card,Takeaway,103,Emily
2024-05-07,12:00:00 PM,Truffle Fries,Side,2,8,16,Credit Card,Delivery,104,Carlos
2024-10-14,12:30:00 PM,Shrimp Cocktail,Appetizer,4,14,56,Cash,Delivery,103,Emily
2024-12-21,6:15:00 PM,Filet Mignon,Entree,4,42,168,Cash,Takeaway,102,Jake
2024-12-31,6:00:00 PM,Bourbon BBQ Burger,Entree,7.8,22,171.6,Mobile Payment,Takeaway,101,Sarah
2024-10-08,7:30:00 PM,Shrimp Cocktail,Appetizer,4,14,56,Mobile Payment,Delivery,102,Jake
2024-07-04,7:15:00 PM,Filet Mignon,Entree,3,42,126,Cash,Dine-In,104,Carlos
2024-01-14,4:30:00 PM,Old Fashioned,Beverage,5,12,60,Cash,Delivery,101,Sarah
2024-02-03,3:45:00 PM,Truffle Fries,Side,6,8,48,Mobile Payment,Takeaway,104,Carlos
2024-10-21,12:15:00 PM,Mashed Potatoes,Side,1,7,7,Credit Card,Takeaway,105,Nina
2024-06-25,1:15:00 PM,New York Strip,Entree,5,38,190,Mobile Payment,Dine-In,101,Sarah
2024-09-22,1:30:00 PM,New York Strip,Entree,2,38,76,Credit Card,Delivery,102,Jake
2024-06-26,7:30:00 PM,Filet Mignon,Entree,7,42,294,Cash,Delivery,105,Nina
2024-05-20,1:30:00 PM,Chocolate Lava Cake,Dessert,4,9,36,Cash,Delivery,102,Jake
2024-10-30,8:15:00 PM,New York Strip,Entree,8,38,304,Mobile Payment,Delivery,103,Emily
2024-10-15,11:00:00 AM,Filet Mignon,Entree,1,42,42,Mobile Payment,Delivery,103,Emily
2024-11-29,2:45:00 PM,Chocolate Lava Cake,Dessert,2,9,18,Credit Card,Delivery,105,Nina
2024-05-28,9:30:00 PM,Old Fashioned,Beverage,3,12,36,Mobile Payment,Takeaway,103,Emily
2024-08-20,12:00:00 PM,New York Strip,Entree,4,38,152,Credit Card,Takeaway,104,Carlos
2024-04-14,4:15:00 PM,Mashed Potatoes,Side,3,7,21,Mobile Payment,Takeaway,104,Carlos
2024-03-07,4:00:00 PM,Mashed Potatoes,Side,2,7,14,Credit Card,Dine-In,103,Emily
2024-08-18,2:15:00 PM,Filet Mignon,Entree,1,42,42,Credit Card,Takeaway,105,Nina
2024-08-02,2:15:00 PM,Mashed Potatoes,Side,7,7,49,Mobile Payment,Takeaway,102,Jake
2024-03-22,6:45:00 PM,Old Fashioned,Beverage,7,12,84,Credit Card,Dine-In,101,Sarah
2024-07-20,7:45:00 PM,Caesar Salad,Appetizer,4,10,40,Mobile Payment,Takeaway,101,Sarah
2024-01-26,3:45:00 PM,Chocolate Lava Cake,Dessert,7,9,63,Credit Card,Delivery,101,Sarah
2024-02-25,5:15:00 PM,Shrimp Cocktail,Appetizer,5,14,70,Credit Card,Takeaway,101,Sarah
2024-07-24,11:15:00 AM,Mashed Potatoes,Side,5,7,35,Credit Card,Dine-In,104,Carlos
2024-09-15,6:30:00 PM,Chocolate Lava Cake,Dessert,8,9,72,Cash,Dine-In,101,Sarah
2024-07-20,4:30:00 PM,Cabernet Sauvignon,Beverage,6,16,96,Cash,Dine-In,105,Nina
2024-09-17,5:00:00 PM,Ribeye Steak,Entree,2,35,70,Cash,Delivery,103,Emily
2024-08-30,7:45:00 PM,New York Strip,Entree,9,38,342,Mobile Payment,Dine-In,103,Emily
2024-11-09,4:15:00 PM,Grilled Asparagus,Side,8,8,64,Mobile Payment,Takeaway,105,Nina
2024-06-21,7:45:00 PM,Truffle Fries,Side,8,8,64,Credit Card,Takeaway,101,Sarah
2024-07-07,4:00:00 PM,Grilled Asparagus,Side,5,8,40,Credit Card,Delivery,101,Sarah
2024-11-01,6:30:00 PM,Bourbon BBQ Burger,Entree,9,22,198,Mobile Payment,Dine-In,101,Sarah
2024-10-25,6:15:00 PM,Cabernet Sauvignon,Beverage,8,16,128,Credit Card,Dine-In,102,Jake
2024-01-17,8:00:00 PM,Caesar Salad,Appetizer,2,10,20,Credit Card,Takeaway,104,Carlos
2024-03-18,5:15:00 PM,Grilled Asparagus,Side,11,8,88,Mobile Payment,Takeaway,101,Sarah
2024-12-27,1:15:00 PM,Cabernet Sauvignon,Beverage,5,16,80,Mobile Payment,Takeaway,105,Nina
2024-07-11,4:15:00 PM,Old Fashioned,Beverage,5,12,60,Credit Card,Delivery,103,Emily
2024-12-12,10:30:00 PM,Chocolate Lava Cake,Dessert,7,9,63,Cash,Dine-In,103,Emily
2024-10-12,3:15:00 PM,Shrimp Cocktail,Appetizer,6,14,84,Mobile Payment,Dine-In,104,Carlos
2024-06-11,6:30:00 PM,Cabernet Sauvignon,Beverage,7,16,112,Credit Card,Dine-In,105,Nina
2024-12-12,7:45:00 PM,Grilled Asparagus,Side,7,8,56,Cash,Takeaway,101,Sarah
2024-05-27,10:00:00 PM,Mashed Potatoes,Side,6,7,42,Mobile Payment,Takeaway,104,Carlos
2024-04-19,2:30:00 PM,Cabernet Sauvignon,Beverage,4,16,64,Cash,Dine-In,105,Nina
2024-10-27,2:15:00 PM,Ribeye Steak,Entree,5,35,175,Cash,Delivery,102,Jake
2024-01-27,12:45:00 PM,Mashed Potatoes,Side,6,7,42,Cash,Delivery,102,Jake
2024-01-03,7:15:00 PM,Grilled Asparagus,Side,8,8,64,Credit Card,Delivery,102,Jake
2024-05-27,4:30:00 PM,Bourbon BBQ Burger,Entree,1,22,22,Cash,Delivery,105,Nina
2024-04-28,7:00:00 PM,New York Strip,Entree,8,38,304,Cash,Dine-In,104,Carlos
2024-09-10,1:30:00 PM,Ribeye Steak,Entree,1,35,35,Credit Card,Delivery,105,Nina
2024-02-24,4:30:00 PM,Old Fashioned,Beverage,8,12,96,Mobile Payment,Takeaway,102,Jake
2024-09-15,6:30:00 PM,Caesar Salad,Appetizer,2,10,20,Credit Card,Dine-In,104,Carlos
2024-11-27,3:15:00 PM,Ribeye Steak,Entree,3,35,105,Credit Card,Delivery,102,Jake
2024-03-30,8:45:00 PM,Grilled Asparagus,Side,12,8,96,Credit Card,Dine-In,104,Carlos
2024-12-08,12:15:00 PM,New York Strip,Entree,4,38,152,Credit Card,Dine-In,101,Sarah
2024-05-13,5:15:00 PM,Old Fashioned,Beverage,7,12,84,Credit Card,Takeaway,105,Nina
2024-10-20,11:30:00 AM,Bourbon BBQ Burger,Entree,3,22,66,Mobile Payment,Dine-In,101,Sarah
2024-12-07,12:45:00 PM,Shrimp Cocktail,Appetizer,3,14,42,Credit Card,Delivery,105,Nina
2024-12-26,3:00:00 PM,Bourbon BBQ Burger,Entree,4,22,88,Credit Card,Delivery,102,Jake
2024-04-22,1:45:00 PM,New York Strip,Entree,4,38,152,Mobile Payment,Delivery,103,Emily
2024-07-31,10:45:00 PM,Cabernet Sauvignon,Beverage,4,16,64,Cash,Delivery,105,Nina
2024-02-11,7:45:00 PM,Cabernet Sauvignon,Beverage,7,16,112,Cash,Delivery,101,Sarah
2024-02-01,7:15:00 PM,Chocolate Lava Cake,Dessert,10,9,90,Cash,Dine-In,103,Emily
2024-09-23,6:00:00 PM,Bourbon BBQ Burger,Entree,4,22,88,Mobile Payment,Delivery,104,Carlos
2024-02-16,7:45:00 PM,Ribeye Steak,Entree,8,35,280,Cash,Delivery,104,Carlos
2024-08-21,8:00:00 PM,Cabernet Sauvignon,Beverage,8,16,128,Mobile Payment,Takeaway,101,Sarah
2024-07-21,3:00:00 PM,Truffle Fries,Side,2,8,16,Mobile Payment,Dine-In,101,Sarah
2024-08-04,4:00:00 PM,Cabernet Sauvignon,Beverage,1,16,16,Cash,Takeaway,101,Sarah
2024-05-26,5:15:00 PM,New York Strip,Entree,8,38,304,Credit Card,Takeaway,104,Carlos
2024-07-12,5:00:00 PM,Bourbon BBQ Burger,Entree,10,22,220,Cash,Delivery,103,Emily
2024-03-01,1:45:00 PM,Cabernet Sauvignon,Beverage,3,16,48,Mobile Payment,Dine-In,101,Sarah
2024-01-12,3:45:00 PM,Bourbon BBQ Burger,Entree,6,22,132,Credit Card,Delivery,104,Carlos
2024-04-27,2:45:00 PM,Mashed Potatoes,Side,4,7,28,Credit Card,Dine-In,101,Sarah
2024-01-17,9:45:00 PM,Chocolate Lava Cake,Dessert,2,9,18,Cash,Dine-In,101,Sarah
2024-02-21,8:00:00 PM,Old Fashioned,Beverage,10,12,120,Mobile Payment,Delivery,101,Sarah
2024-05-05,10:00:00 PM,Grilled Asparagus,Side,9,8,72,Cash,Delivery,102,Jake
2024-01-29,1:30:00 PM,Caesar Salad,Appetizer,5,10,50,Credit Card,Delivery,105,Nina
2024-12-10,4:15:00 PM,Shrimp Cocktail,Appetizer,2,14,28,Mobile Payment,Delivery,102,Jake
2024-07-30,3:30:00 PM,Ribeye Steak,Entree,6,35,210,Mobile Payment,Delivery,102,Jake
2024-11-16,9:45:00 PM,Cabernet Sauvignon,Beverage,9,16,144,Cash,Takeaway,104,Carlos
2024-09-25,4:45:00 PM,Grilled Asparagus,Side,2,8,16,Credit Card,Takeaway,102,Jake
2024-10-02,6:15:00 PM,Caesar Salad,Appetizer,7,10,70,Mobile Payment,Dine-In,104,Carlos
2024-01-30,7:45:00 PM,Grilled Asparagus,Side,9,8,72,Mobile Payment,Dine-In,104,Carlos
2024-05-04,3:15:00 PM,Mashed Potatoes,Side,1,7,7,Credit Card,Takeaway,101,Sarah
2024-10-01,10:15:00 PM,Ribeye Steak,Entree,7,35,245,Credit Card,Delivery,105,Nina
2024-11-04,11:00:00 AM,Caesar Salad,Appetizer,5,10,50,Mobile Payment,Delivery,105,Nina
2024-04-21,6:15:00 PM,Mashed Potatoes,Side,7,7,49,Cash,Dine-In,102,Jake
2024-03-01,10:45:00 PM,Caesar Salad,Appetizer,9,10,90,Mobile Payment,Dine-In,104,Carlos
2024-05-02,7:30:00 PM,Shrimp Cocktail,Appetizer,7,14,98,Credit Card,Delivery,103,Emily
2024-06-06,3:30:00 PM,Cabernet Sauvignon,Beverage,4,16,64,Credit Card,Dine-In,104,Carlos
2024-06-12,2:30:00 PM,Mashed Potatoes,Side,4,7,28,Cash,Delivery,102,Jake
2024-03-15,11:30:00 AM,Cabernet Sauvignon,Beverage,6,16,96,Mobile Payment,Delivery,104,Carlos
2024-05-31,1:15:00 PM,Mashed Potatoes,Side,3,7,21,Credit Card,Delivery,102,Jake
2024-09-12,7:30:00 PM,Shrimp Cocktail,Appetizer,8,14,112,Mobile Payment,Delivery,104,Carlos
2024-08-23,1:30:00 PM,New York Strip,Entree,3,38,114,Mobile Payment,Delivery,104,Carlos
2024-04-04,7:00:00 PM,Cabernet Sauvignon,Beverage,2,16,32,Cash,Delivery,101,Sarah
2024-01-04,5:15:00 PM,Bourbon BBQ Burger,Entree,5,22,110,Cash,Delivery,102,Jake
2024-01-05,2:45:00 PM,Mashed Potatoes,Side,2,7,14,Mobile Payment,Delivery,105,Nina
2024-09-04,9:45:00 PM,Ribeye Steak,Entree,2,35,70,Mobile Payment,Delivery,104,Carlos
2024-01-07,11:30:00 AM,Cabernet Sauvignon,Beverage,3,16,48,Cash,Delivery,104,Carlos
2024-04-01,12:00:00 PM,Cabernet Sauvignon,Beverage,2,16,32,Cash,Dine-In,105,Nina
2024-09-26,3:30:00 PM,Shrimp Cocktail,Appetizer,4,14,56,Cash,Takeaway,104,Carlos
2024-08-23,8:15:00 PM,Truffle Fries,Side,4,8,32,Credit Card,Delivery,101,Sarah
2024-11-30,9:00:00 PM,Filet Mignon,Entree,7,42,294,Credit Card,Takeaway,105,Nina
2024-08-31,11:00:00 AM,Truffle Fries,Side,3,8,24,Cash,Takeaway,104,Carlos
2024-11-26,4:00:00 PM,Cabernet Sauvignon,Beverage,1,16,16,Cash,Dine-In,105,Nina
2024-08-31,3:00:00 PM,Filet Mignon,Entree,6,42,252,Mobile Payment,Delivery,101,Sarah
2024-04-01,4:00:00 PM,Caesar Salad,Appetizer,5,10,50,Cash,Delivery,104,Carlos
2024-02-09,3:15:00 PM,Chocolate Lava Cake,Dessert,3,9,27,Mobile Payment,Takeaway,105,Nina
2024-06-18,5:15:00 PM,Truffle Fries,Side,2,8,16,Mobile Payment,Delivery,103,Emily
2024-01-28,12:45:00 PM,Caesar Salad,Appetizer,1,10,10,Credit Card,Delivery,105,Nina
2024-10-31,5:30:00 PM,Ribeye Steak,Entree,5,35,175,Credit Card,Takeaway,102,Jake
2024-07-01,7:45:00 PM,Grilled Asparagus,Side,4,8,32,Mobile Payment,Delivery,104,Carlos
2024-02-13,8:30:00 PM,Caesar Salad,Appetizer,2,10,20,Cash,Takeaway,102,Jake
2024-07-13,10:15:00 PM,Truffle Fries,Side,7,8,56,Credit Card,Takeaway,101,Sarah
2024-02-16,11:30:00 AM,Old Fashioned,Beverage,4,12,48,Credit Card,Dine-In,102,Jake
2024-02-14,1:45:00 PM,Old Fashioned,Beverage,6,12,72,Mobile Payment,Delivery,104,Carlos
2024-02-22,11:00:00 AM,Mashed Potatoes,Side,6,7,42,Cash,Delivery,105,Nina
2024-06-15,5:00:00 PM,Shrimp Cocktail,Appetizer,7,14,98,Credit Card,Dine-In,105,Nina
2024-05-04,8:15:00 PM,Bourbon BBQ Burger,Entree,8,22,176,Cash,Dine-In,103,Emily
2024-06-03,3:45:00 PM,New York Strip,Entree,1,38,38,Cash,Takeaway,103,Emily
2024-08-03,3:45:00 PM,Filet Mignon,Entree,5,42,210,Credit Card,Dine-In,104,Carlos
2024-10-31,8:15:00 PM,Old Fashioned,Beverage,2,12,24,Cash,Takeaway,101,Sarah
2024-07-21,4:45:00 PM,Mashed Potatoes,Side,3,7,21,Credit Card,Takeaway,105,Nina
2024-03-10,3:30:00 PM,Chocolate Lava Cake,Dessert,2,9,18,Credit Card,Takeaway,102,Jake
2024-07-22,4:30:00 PM,Truffle Fries,Side,4,8,32,Mobile Payment,Dine-In,103,Emily
2024-07-11,3:45:00 PM,Mashed Potatoes,Side,1,7,7,Mobile Payment,Dine-In,105,Nina
2024-10-06,1:00:00 PM,Truffle Fries,Side,4,8,32,Mobile Payment,Dine-In,104,Carlos
2024-05-29,10:00:00 PM,Grilled Asparagus,Side,8,8,64,Cash,Delivery,103,Emily
2024-05-03,3:15:00 PM,Truffle Fries,Side,5,8,40,Credit Card,Dine-In,104,Carlos
2024-11-02,6:45:00 PM,Cabernet Sauvignon,Beverage,11,16,176,Mobile Payment,Takeaway,105,Nina
2024-01-19,4:00:00 PM,Filet Mignon,Entree,4,42,168,Mobile Payment,Delivery,103,Emily
2024-03-26,9:00:00 PM,Chocolate Lava Cake,Dessert,8,9,72,Credit Card,Takeaway,101,Sarah
2024-01-06,12:30:00 PM,Caesar Salad,Appetizer,10,10,100,Mobile Payment,Delivery,105,Nina
2024-10-24,10:15:00 PM,Old Fashioned,Beverage,5,12,60,Credit Card,Takeaway,105,Nina
2024-12-19,7:15:00 PM,Mashed Potatoes,Side,2,7,14,Credit Card,Dine-In,103,Emily
2024-07-31,12:00:00 PM,Truffle Fries,Side,2,8,16,Credit Card,Takeaway,103,Emily
2024-08-21,2:45:00 PM,Mashed Potatoes,Side,4,7,28,Cash,Takeaway,104,Carlos
2024-06-12,12:30:00 PM,Ribeye Steak,Entree,1,35,35,Cash,Takeaway,101,Sarah
2024-12-12,1:15:00 PM,Cabernet Sauvignon,Beverage,2,16,32,Mobile Payment,Dine-In,103,Emily
2024-10-13,5:45:00 PM,Caesar Salad,Appetizer,7,10,70,Mobile Payment,Dine-In,102,Jake
2024-11-23,9:45:00 PM,Grilled Asparagus,Side,2,8,16,Mobile Payment,Delivery,102,Jake
2024-08-18,8:45:00 PM,Grilled Asparagus,Side,2,8,16,Mobile Payment,Dine-In,102,Jake
2024-05-22,10:00:00 PM,Chocolate Lava Cake,Dessert,2,9,18,Mobile Payment,Dine-In,103,Emily
2024-06-15,2:45:00 PM,Filet Mignon,Entree,5,42,210,Mobile Payment,Takeaway,105,Nina
2024-11-23,4:45:00 PM,Chocolate Lava Cake,Dessert,7,9,63,Mobile Payment,Dine-In,103,Emily
2024-06-29,6:15:00 PM,Bourbon BBQ Burger,Entree,6,22,132,Mobile Payment,Delivery,101,Sarah
2024-12-10,1:30:00 PM,Filet Mignon,Entree,2,42,84,Credit Card,Dine-In,102,Jake
2024-07-10,10:15:00 PM,Cabernet Sauvignon,Beverage,8,16,128,Credit Card,Delivery,102,Jake
2024-10-21,5:45:00 PM,New York Strip,Entree,8,38,304,Mobile Payment,Delivery,102,Jake
2024-10-11,1:45:00 PM,Shrimp Cocktail,Appetizer,3,14,42,Cash,Takeaway,104,Carlos
2024-11-13,11:30:00 AM,Ribeye Steak,Entree,4,35,140,Cash,Dine-In,104,Carlos
2024-10-14,7:45:00 PM,Grilled Asparagus,Side,10,8,80,Credit Card,Delivery,104,Carlos
2024-09-07,1:00:00 PM,Chocolate Lava Cake,Dessert,2,9,18,Cash,Takeaway,101,Sarah
2024-05-20,2:30:00 PM,New York Strip,Entree,4,38,152,Mobile Payment,Delivery,104,Carlos
2024-10-08,7:00:00 PM,Chocolate Lava Cake,Dessert,2,9,18,Credit Card,Delivery,103,Emily
2024-10-04,11:45:00 AM,Cabernet Sauvignon,Beverage,4,16,64,Credit Card,Dine-In,102,Jake
2024-06-01,11:45:00 AM,Shrimp Cocktail,Appetizer,5,14,70,Cash,Takeaway,101,Sarah
2024-05-01,2:30:00 PM,Truffle Fries,Side,6,8,48,Mobile Payment,Takeaway,102,Jake
2024-11-11,1:15:00 PM,Caesar Salad,Appetizer,1,10,10,Mobile Payment,Takeaway,105,Nina
2024-05-23,8:15:00 PM,Mashed Potatoes,Side,7,7,49,Credit Card,Delivery,103,Emily
2024-09-20,9:00:00 PM,New York Strip,Entree,7,38,266,Cash,Takeaway,102,Jake
2024-12-25,1:15:00 PM,New York Strip,Entree,3,38,114,Cash,Delivery,104,Carlos
2024-09-07,1:30:00 PM,Bourbon BBQ Burger,Entree,6,22,132,Credit Card,Takeaway,101,Sarah
2024-11-20,12:45:00 PM,Cabernet Sauvignon,Beverage,3,16,48,Mobile Payment,Takeaway,104,Carlos
2024-09-06,4:00:00 PM,Truffle Fries,Side,1,8,8,Mobile Payment,Takeaway,103,Emily
2024-02-02,7:45:00 PM,Caesar Salad,Appetizer,8,10,80,Cash,Takeaway,103,Emily
2024-06-14,3:30:00 PM,Cabernet Sauvignon,Beverage,8,16,128,Cash,Delivery,104,Carlos
2024-06-24,9:00:00 PM,Ribeye Steak,Entree,2,35,70,Mobile Payment,Takeaway,101,Sarah
2024-03-04,1:45:00 PM,Old Fashioned,Beverage,1,12,12,Credit Card,Dine-In,102,Jake
2024-11-28,3:15:00 PM,Shrimp Cocktail,Appetizer,1.2,14,16.8,Mobile Payment,Takeaway,103,Emily
2024-02-12,4:15:00 PM,Ribeye Steak,Entree,5,35,175,Mobile Payment,Takeaway,102,Jake
2024-08-07,9:00:00 PM,Truffle Fries,Side,2,8,16,Cash,Dine-In,104,Carlos
2024-02-09,1:15:00 PM,Cabernet Sauvignon,Beverage,5,16,80,Cash,Dine-In,103,Emily
2024-03-02,5:15:00 PM,Old Fashioned,Beverage,2,12,24,Cash,Takeaway,101,Sarah
2024-02-22,12:30:00 PM,Mashed Potatoes,Side,4,7,28,Cash,Takeaway,102,Jake
2024-11-24,9:15:00 PM,Filet Mignon,Entree,10,42,420,Mobile Payment,Dine-In,105,Nina
2024-11-28,1:45:00 PM,Mashed Potatoes,Side,2.4,7,16.8,Mobile Payment,Delivery,102,Jake
2024-07-29,8:45:00 PM,Caesar Salad,Appetizer,2,10,20,Cash,Dine-In,101,Sarah
2024-10-28,10:45:00 PM,Mashed Potatoes,Side,8,7,56,Credit Card,Dine-In,102,Jake
2024-05-21,9:00:00 PM,Caesar Salad,Appetizer,8,10,80,Mobile Payment,Delivery,105,Nina
2024-05-25,10:00:00 PM,Bourbon BBQ Burger,Entree,7,22,154,Cash,Delivery,105,Nina
2024-09-17,2:45:00 PM,Shrimp Cocktail,Appetizer,1,14,14,Cash,Takeaway,104,Carlos
2024-02-27,2:45:00 PM,Bourbon BBQ Burger,Entree,5,22,110,Cash,Delivery,101,Sarah
2024-07-03,4:15:00 PM,Grilled Asparagus,Side,5,8,40,Credit Card,Takeaway,105,Nina
2024-12-15,1:45:00 PM,Filet Mignon,Entree,1,42,42,Mobile Payment,Dine-In,101,Sarah
2024-05-14,2:00:00 PM,Ribeye Steak,Entree,3,35,105,Mobile Payment,Takeaway,105,Nina
2024-07-31,5:45:00 PM,Filet Mignon,Entree,8,42,336,Mobile Payment,Delivery,102,Jake
2024-05-22,12:30:00 PM,Filet Mignon,Entree,6,42,252,Cash,Dine-In,105,Nina
2024-06-16,5:00:00 PM,Shrimp Cocktail,Appetizer,7,14,98,Mobile Payment,Dine-In,101,Sarah
2024-05-05,12:45:00 PM,Filet Mignon,Entree,4,42,168,Mobile Payment,Delivery,101,Sarah
2024-06-07,9:15:00 PM,Filet Mignon,Entree,2,42,84,Mobile Payment,Dine-In,101,Sarah
2024-03-24,6:30:00 PM,Cabernet Sauvignon,Beverage,9,16,144,Mobile Payment,Takeaway,102,Jake
2024-07-09,1:30:00 PM,Truffle Fries,Side,1,8,8,Cash,Takeaway,104,Carlos
2024-05-19,7:00:00 PM,Shrimp Cocktail,Appetizer,9,14,126,Mobile Payment,Dine-In,104,Carlos
2024-08-21,7:30:00 PM,Ribeye Steak,Entree,7,35,245,Mobile Payment,Dine-In,103,Emily
2024-03-21,3:00:00 PM,Chocolate Lava Cake,Dessert,1,9,9,Cash,Delivery,105,Nina
2024-01-02,11:00:00 AM,Caesar Salad,Appetizer,1,10,10,Credit Card,Takeaway,104,Carlos
2024-03-17,1:00:00 PM,Cabernet Sauvignon,Beverage,4,16,64,Cash,Takeaway,102,Jake
2024-08-01,10:30:00 PM,Shrimp Cocktail,Appetizer,2,14,28,Mobile Payment,Takeaway,101,Sarah
2024-09-14,9:00:00 PM,New York Strip,Entree,4,38,152,Mobile Payment,Dine-In,104,Carlos
2024-02-05,6:30:00 PM,Shrimp Cocktail,Appetizer,6,14,84,Cash,Delivery,104,Carlos
2024-01-05,4:15:00 PM,Shrimp Cocktail,Appetizer,9,14,126,Credit Card,Delivery,105,Nina
2024-05-04,6:30:00 PM,Chocolate Lava Cake,Dessert,8,9,72,Cash,Delivery,105,Nina
2024-05-05,1:00:00 PM,Grilled Asparagus,Side,1,8,8,Cash,Delivery,103,Emily
2024-11-21,10:00:00 PM,Mashed Potatoes,Side,2,7,14,Mobile Payment,Takeaway,103,Emily
2024-02-23,2:15:00 PM,Grilled Asparagus,Side,7,8,56,Cash,Dine-In,103,Emily
2024-02-17,11:15:00 AM,Cabernet Sauvignon,Beverage,8,16,128,Mobile Payment,Takeaway,104,Carlos
2024-02-13,8:00:00 PM,Cabernet Sauvignon,Beverage,4,16,64,Mobile Payment,Takeaway,101,Sarah
2024-10-30,8:00:00 PM,Grilled Asparagus,Side,4,8,32,Cash,Takeaway,103,Emily
2024-06-10,5:30:00 PM,Mashed Potatoes,Side,8,7,56,Credit Card,Dine-In,101,Sarah
2024-04-13,1:00:00 PM,New York Strip,Entree,1,38,38,Cash,Takeaway,104,Carlos
2024-06-09,5:00:00 PM,Cabernet Sauvignon,Beverage,5,16,80,Cash,Takeaway,103,Emily
2024-08-25,3:00:00 PM,Filet Mignon,Entree,2,42,84,Mobile Payment,Takeaway,105,Nina
2024-01-21,2:30:00 PM,New York Strip,Entree,1,38,38,Mobile Payment,Dine-In,103,Emily
2024-07-21,7:00:00 PM,Bourbon BBQ Burger,Entree,5,22,110,Credit Card,Dine-In,101,Sarah
2024-07-26,6:15:00 PM,Filet Mignon,Entree,7,42,294,Cash,Dine-In,101,Sarah
2024-01-07,11:15:00 AM,New York Strip,Entree,2,38,76,Credit Card,Takeaway,101,Sarah
2024-10-25,8:30:00 PM,Filet Mignon,Entree,2,42,84,Cash,Dine-In,104,Carlos
2024-03-06,12:30:00 PM,Filet Mignon,Entree,1,42,42,Credit Card,Dine-In,102,Jake
2024-10-20,5:45:00 PM,Old Fashioned,Beverage,2,12,24,Credit Card,Delivery,104,Carlos
2024-03-29,4:15:00 PM,New York Strip,Entree,5,38,190,Credit Card,Takeaway,102,Jake
2024-01-18,8:15:00 PM,Bourbon BBQ Burger,Entree,6,22,132,Credit Card,Takeaway,105,Nina
2024-09-02,11:00:00 AM,Shrimp Cocktail,Appetizer,4,14,56,Cash,Takeaway,102,Jake
2024-11-25,7:15:00 PM,Bourbon BBQ Burger,Entree,11,22,242,Cash,Takeaway,103,Emily
2024-09-02,7:45:00 PM,Mashed Potatoes,Side,10,7,70,Mobile Payment,Takeaway,104,Carlos
2024-05-18,1:00:00 PM,Mashed Potatoes,Side,8,7,56,Cash,Dine-In,103,Emily
2024-01-30,6:30:00 PM,Chocolate Lava Cake,Dessert,4,9,36,Cash,Dine-In,102,Jake
2024-12-02,2:30:00 PM,Cabernet Sauvignon,Beverage,1,16,16,Cash,Delivery,104,Carlos
2024-06-30,1:15:00 PM,Caesar Salad,Appetizer,4,10,40,Credit Card,Delivery,103,Emily
2024-10-29,11:30:00 AM,Chocolate Lava Cake,Dessert,5,9,45,Cash,Delivery,102,Jake
2024-09-09,7:30:00 PM,New York Strip,Entree,7,38,266,Cash,Dine-In,101,Sarah
2024-04-29,8:15:00 PM,Ribeye Steak,Entree,12,35,420,Credit Card,Dine-In,103,Emily
2024-11-10,2:15:00 PM,Mashed Potatoes,Side,2,7,14,Credit Card,Dine-In,101,Sarah
2024-03-16,8:15:00 PM,Filet Mignon,Entree,10,42,420,Credit Card,Dine-In,103,Emily
2024-12-26,9:45:00 PM,Chocolate Lava Cake,Dessert,2,9,18,Credit Card,Takeaway,103,Emily
2024-03-10,1:45:00 PM,Bourbon BBQ Burger,Entree,4,22,88,Mobile Payment,Takeaway,102,Jake
2024-12-28,7:30:00 PM,Caesar Salad,Appetizer,9,10,90,Cash,Takeaway,103,Emily
2024-12-18,3:15:00 PM,New York Strip,Entree,1,38,38,Mobile Payment,Delivery,104,Carlos
2024-10-17,11:15:00 AM,Chocolate Lava Cake,Dessert,3,9,27,Mobile Payment,Dine-In,105,Nina
2024-02-23,6:15:00 PM,Mashed Potatoes,Side,2,7,14,Cash,Takeaway,103,Emily
2024-03-26,9:00:00 PM,Truffle Fries,Side,5,8,40,Credit Card,Dine-In,103,Emily
2024-04-17,2:00:00 PM,Mashed Potatoes,Side,3,7,21,Cash,Delivery,101,Sarah
2024-01-25,5:45:00 PM,Truffle Fries,Side,9,8,72,Cash,Takeaway,104,Carlos
2024-07-12,4:45:00 PM,Filet Mignon,Entree,5,42,210,Mobile Payment,Delivery,102,Jake
2024-03-24,6:00:00 PM,Ribeye Steak,Entree,5,35,175,Cash,Takeaway,103,Emily
2024-02-23,12:30:00 PM,New York Strip,Entree,6,38,228,Cash,Delivery,101,Sarah
2024-10-07,12:30:00 PM,Chocolate Lava Cake,Dessert,6,9,54,Credit Card,Delivery,101,Sarah
2024-08-08,9:15:00 PM,Chocolate Lava Cake,Dessert,7,9,63,Cash,Dine-In,101,Sarah
2024-06-18,2:15:00 PM,Grilled Asparagus,Side,5,8,40,Mobile Payment,Delivery,105,Nina
2024-05-15,9:30:00 PM,Shrimp Cocktail,Appetizer,4,14,56,Cash,Dine-In,104,Carlos
2024-10-19,7:45:00 PM,New York Strip,Entree,2,38,76,Credit Card,Dine-In,104,Carlos
2024-02-14,3:45:00 PM,Caesar Salad,Appetizer,1.2,10,12,Cash,Dine-In,102,Jake
2024-11-22,3:00:00 PM,Old Fashioned,Beverage,1,12,12,Credit Card,Takeaway,104,Carlos
2024-09-07,9:30:00 PM,Filet Mignon,Entree,11,42,462,Credit Card,Dine-In,103,Emily
2024-07-14,4:15:00 PM,Old Fashioned,Beverage,1,12,12,Credit Card,Takeaway,104,Carlos
2024-05-14,2:30:00 PM,Chocolate Lava Cake,Dessert,1,9,9,Cash,Delivery,101,Sarah
2024-02-13,9:30:00 PM,Cabernet Sauvignon,Beverage,8,16,128,Mobile Payment,Dine-In,105,Nina
2024-02-01,5:45:00 PM,Cabernet Sauvignon,Beverage,9,16,144,Mobile Payment,Dine-In,104,Carlos
2024-06-02,12:45:00 PM,Truffle Fries,Side,1,8,8,Mobile Payment,Delivery,105,Nina
2024-10-19,9:15:00 PM,Filet Mignon,Entree,9,42,378,Cash,Dine-In,102,Jake
2024-04-08,1:00:00 PM,Grilled Asparagus,Side,1,8,8,Mobile Payment,Takeaway,102,Jake
2024-11-17,1:30:00 PM,Mashed Potatoes,Side,1,7,7,Cash,Takeaway,105,Nina
2024-07-22,7:30:00 PM,Shrimp Cocktail,Appetizer,9,14,126,Credit Card,Dine-In,105,Nina
2024-10-27,7:45:00 PM,Filet Mignon,Entree,7,42,294,Cash,Dine-In,105,Nina
2024-10-28,8:00:00 PM,Filet Mignon,Entree,9,42,378,Cash,Takeaway,105,Nina
2024-06-25,5:30:00 PM,Grilled Asparagus,Side,8,8,64,Mobile Payment,Delivery,104,Carlos
2024-01-20,1:30:00 PM,Grilled Asparagus,Side,3,8,24,Mobile Payment,Delivery,104,Carlos
2024-01-20,5:30:00 PM,Truffle Fries,Side,4,8,32,Cash,Delivery,104,Carlos
2024-05-17,4:00:00 PM,Mashed Potatoes,Side,5,7,35,Credit Card,Takeaway,104,Carlos
2024-12-22,9:00:00 PM,Caesar Salad,Appetizer,4,10,40,Credit Card,Delivery,104,Carlos
2024-06-13,3:45:00 PM,Chocolate Lava Cake,Dessert,1,9,9,Cash,Takeaway,102,Jake
2024-07-27,10:45:00 PM,Cabernet Sauvignon,Beverage,6,16,96,Cash,Delivery,102,Jake
2024-02-03,3:45:00 PM,New York Strip,Entree,9,38,342,Mobile Payment,Dine-In,102,Jake
2024-04-08,2:00:00 PM,Caesar Salad,Appetizer,1,10,10,Credit Card,Dine-In,103,Emily
2024-12-26,2:30:00 PM,Mashed Potatoes,Side,4,7,28,Mobile Payment,Takeaway,101,Sarah
2024-12-14,11:15:00 AM,Mashed Potatoes,Side,6,7,42,Mobile Payment,Takeaway,102,Jake
2024-08-30,8:30:00 PM,Mashed Potatoes,Side,4,7,28,Credit Card,Delivery,101,Sarah
2024-05-25,11:45:00 AM,Ribeye Steak,Entree,3,35,105,Mobile Payment,Dine-In,102,Jake
2024-11-27,2:15:00 PM,Shrimp Cocktail,Appetizer,5,14,70,Mobile Payment,Dine-In,101,Sarah
2024-08-30,1:15:00 PM,Chocolate Lava Cake,Dessert,2,9,18,Cash,Takeaway,105,Nina
2024-06-05,10:30:00 PM,Grilled Asparagus,Side,7,8,56,Credit Card,Takeaway,103,Emily
2024-04-21,6:30:00 PM,Bourbon BBQ Burger,Entree,11,22,242,Mobile Payment,Takeaway,105,Nina
2024-02-22,11:30:00 AM,Cabernet Sauvignon,Beverage,4,16,64,Mobile Payment,Takeaway,103,Emily
2024-12-16,12:45:00 PM,Filet Mignon,Entree,3,42,126,Credit Card,Delivery,103,Emily
2024-05-21,3:30:00 PM,Caesar Salad,Appetizer,2,10,20,Mobile Payment,Dine-In,101,Sarah
2024-11-03,5:30:00 PM,Bourbon BBQ Burger,Entree,4,22,88,Mobile Payment,Dine-In,104,Carlos
2024-05-31,3:45:00 PM,Grilled Asparagus,Side,7,8,56,Mobile Payment,Dine-In,105,Nina
2024-12-28,8:15:00 PM,Mashed Potatoes,Side,4,7,28,Mobile Payment,Delivery,104,Carlos
2024-12-09,4:30:00 PM,New York Strip,Entree,5,38,190,Cash,Takeaway,101,Sarah
2024-08-29,1:30:00 PM,Truffle Fries,Side,5,8,40,Cash,Delivery,103,Emily
2024-12-01,12:15:00 PM,Mashed Potatoes,Side,2,7,14,Mobile Payment,Takeaway,104,Carlos
2024-06-18,4:30:00 PM,Chocolate Lava Cake,Dessert,3,9,27,Credit Card,Dine-In,104,Carlos
2024-01-28,9:00:00 PM,Old Fashioned,Beverage,4,12,48,Mobile Payment,Dine-In,104,Carlos
2024-09-28,3:45:00 PM,Ribeye Steak,Entree,3,35,105,Cash,Dine-In,103,Emily
2024-07-28,8:45:00 PM,New York Strip,Entree,6,38,228,Mobile Payment,Dine-In,101,Sarah
2024-09-06,4:15:00 PM,Mashed Potatoes,Side,1,7,7,Cash,Takeaway,103,Emily
2024-04-17,1:15:00 PM,Old Fashioned,Beverage,1,12,12,Cash,Delivery,104,Carlos
2024-11-20,5:45:00 PM,Grilled Asparagus,Side,7,8,56,Credit Card,Dine-In,101,Sarah
2024-09-30,2:30:00 PM,Ribeye Steak,Entree,4,35,140,Mobile Payment,Dine-In,101,Sarah
2024-12-12,11:15:00 AM,Caesar Salad,Appetizer,3,10,30,Credit Card,Dine-In,101,Sarah
2024-07-15,7:30:00 PM,New York Strip,Entree,2,38,76,Cash,Takeaway,103,Emily
2024-08-21,10:30:00 PM,Grilled Asparagus,Side,3,8,24,Credit Card,Takeaway,103,Emily
2024-04-06,1:45:00 PM,Ribeye Steak,Entree,3,35,105,Cash,Delivery,102,Jake
2024-04-18,10:00:00 PM,Chocolate Lava Cake,Dessert,9,9,81,Cash,Dine-In,103,Emily
2024-12-30,9:00:00 PM,Grilled Asparagus,Side,5,8,40,Mobile Payment,Delivery,101,Sarah
2024-10-31,11:00:00 AM,Bourbon BBQ Burger,Entree,1,22,22,Cash,Delivery,101,Sarah
2024-08-01,6:45:00 PM,Filet Mignon,Entree,9,42,378,Credit Card,Takeaway,102,Jake
2024-04-15,10:00:00 PM,Shrimp Cocktail,Appetizer,9,14,126,Mobile Payment,Dine-In,105,Nina
2024-05-18,8:15:00 PM,Grilled Asparagus,Side,2,8,16,Mobile Payment,Delivery,105,Nina
2024-03-01,3:00:00 PM,Filet Mignon,Entree,6,42,252,Cash,Delivery,102,Jake
2024-05-14,7:15:00 PM,Mashed Potatoes,Side,7,7,49,Credit Card,Dine-In,101,Sarah
2024-10-07,6:15:00 PM,Truffle Fries,Side,9,8,72,Credit Card,Dine-In,101,Sarah
2024-01-07,9:00:00 PM,Filet Mignon,Entree,11,42,462,Mobile Payment,Takeaway,102,Jake
2024-02-16,7:00:00 PM,Truffle Fries,Side,2,8,16,Credit Card,Delivery,102,Jake
2024-08-21,3:30:00 PM,Old Fashioned,Beverage,1,12,12,Cash,Dine-In,101,Sarah
2024-05-28,4:30:00 PM,Grilled Asparagus,Side,1,8,8,Cash,Dine-In,101,Sarah
2024-03-11,9:15:00 PM,Mashed Potatoes,Side,5,7,35,Credit Card,Delivery,103,Emily
2024-02-17,4:30:00 PM,New York Strip,Entree,1,38,38,Credit Card,Takeaway,104,Carlos
2024-05-19,5:45:00 PM,Grilled Asparagus,Side,4,8,32,Cash,Dine-In,101,Sarah
2024-03-22,12:45:00 PM,Chocolate Lava Cake,Dessert,5,9,45,Mobile Payment,Delivery,104,Carlos
2024-04-02,8:45:00 PM,Mashed Potatoes,Side,10,7,70,Cash,Delivery,102,Jake
2024-09-04,6:00:00 PM,Grilled Asparagus,Side,8,8,64,Cash,Dine-In,103,Emily
2024-12-01,4:00:00 PM,Truffle Fries,Side,4,8,32,Mobile Payment,Delivery,105,Nina
2024-04-24,9:30:00 PM,Cabernet Sauvignon,Beverage,10,16,160,Mobile Payment,Delivery,105,Nina
2024-02-18,5:15:00 PM,Old Fashioned,Beverage,7,12,84,Mobile Payment,Delivery,104,Carlos
2024-03-17,7:00:00 PM,Ribeye Steak,Entree,5,35,175,Mobile Payment,Takeaway,104,Carlos
2024-03-25,12:45:00 PM,Mashed Potatoes,Side,2,7,14,Credit Card,Takeaway,101,Sarah
2024-09-16,2:45:00 PM,Grilled Asparagus,Side,2,8,16,Cash,Takeaway,104,Carlos
2024-10-20,6:00:00 PM,Old Fashioned,Beverage,8,12,96,Credit Card,Dine-In,104,Carlos
2024-11-30,11:00:00 AM,Grilled Asparagus,Side,6,8,48,Cash,Delivery,105,Nina
2024-01-01,12:30:00 PM,Cabernet Sauvignon,Beverage,7.2,16,115.2,Cash,Delivery,104,Carlos
2024-06-23,4:00:00 PM,Caesar Salad,Appetizer,3,10,30,Credit Card,Delivery,105,Nina
2024-11-03,6:30:00 PM,Truffle Fries,Side,9,8,72,Cash,Dine-In,102,Jake
2024-01-02,4:30:00 PM,Bourbon BBQ Burger,Entree,3,22,66,Mobile Payment,Delivery,103,Emily
2024-12-25,12:00:00 PM,New York Strip,Entree,4,38,152,Cash,Delivery,104,Carlos
2024-02-24,3:15:00 PM,Caesar Salad,Appetizer,2,10,20,Credit Card,Dine-In,104,Carlos
2024-04-07,10:30:00 PM,Filet Mignon,Entree,7,42,294,Cash,Delivery,105,Nina
2024-03-04,6:45:00 PM,Bourbon BBQ Burger,Entree,10,22,220,Mobile Payment,Dine-In,104,Carlos
2024-01-03,7:00:00 PM,Cabernet Sauvignon,Beverage,7,16,112,Mobile Payment,Takeaway,105,Nina
2024-03-31,10:15:00 PM,Truffle Fries,Side,4,8,32,Cash,Takeaway,105,Nina
2024-11-06,4:45:00 PM,Grilled Asparagus,Side,5,8,40,Mobile Payment,Dine-In,103,Emily
2024-07-22,4:30:00 PM,Old Fashioned,Beverage,2,12,24,Cash,Takeaway,105,Nina
2024-12-24,10:30:00 PM,Truffle Fries,Side,11,8,88,Credit Card,Delivery,105,Nina
2024-11-19,2:15:00 PM,Caesar Salad,Appetizer,4,10,40,Mobile Payment,Takeaway,103,Emily
2024-12-10,1:15:00 PM,Cabernet Sauvignon,Beverage,6,16,96,Mobile Payment,Delivery,103,Emily
2024-12-29,12:30:00 PM,Cabernet Sauvignon,Beverage,4,16,64,Mobile Payment,Delivery,104,Carlos
2024-12-11,10:30:00 PM,Grilled Asparagus,Side,2,8,16,Mobile Payment,Dine-In,101,Sarah
2024-07-14,1:00:00 PM,Bourbon BBQ Burger,Entree,1,22,22,Cash,Takeaway,102,Jake
2024-05-26,9:30:00 PM,New York Strip,Entree,2,38,76,Mobile Payment,Takeaway,102,Jake
2024-10-04,11:30:00 AM,Old Fashioned,Beverage,2,12,24,Mobile Payment,Delivery,105,Nina
2024-04-24,10:45:00 PM,Caesar Salad,Appetizer,11,10,110,Mobile Payment,Takeaway,101,Sarah
2024-07-14,5:45:00 PM,Bourbon BBQ Burger,Entree,7,22,154,Mobile Payment,Dine-In,101,Sarah
2024-05-08,2:45:00 PM,Caesar Salad,Appetizer,2,10,20,Mobile Payment,Delivery,105,Nina
2024-04-10,10:15:00 PM,Shrimp Cocktail,Appetizer,8,14,112,Cash,Delivery,101,Sarah
2024-04-05,1:00:00 PM,Grilled Asparagus,Side,1,8,8,Credit Card,Takeaway,105,Nina
2024-05-15,1:15:00 PM,Chocolate Lava Cake,Dessert,2,9,18,Cash,Takeaway,104,Carlos
2024-12-29,1:00:00 PM,New York Strip,Entree,3,38,114,Mobile Payment,Dine-In,105,Nina
2024-12-04,3:45:00 PM,Chocolate Lava Cake,Dessert,5,9,45,Credit Card,Dine-In,103,Emily
2024-09-26,2:15:00 PM,Cabernet Sauvignon,Beverage,1,16,16,Mobile Payment,Dine-In,104,Carlos
2024-10-05,7:45:00 PM,Filet Mignon,Entree,5,42,210,Cash,Dine-In,103,Emily
2024-06-18,4:30:00 PM,Caesar Salad,Appetizer,5,10,50,Mobile Payment,Takeaway,105,Nina
2024-11-28,11:00:00 AM,Bourbon BBQ Burger,Entree,3.6,22,79.2,Credit Card,Dine-In,105,Nina
2024-11-14,2:00:00 PM,Bourbon BBQ Burger,Entree,3,22,66,Credit Card,Dine-In,104,Carlos
2024-05-11,7:30:00 PM,Ribeye Steak,Entree,9,35,315,Credit Card,Delivery,105,Nina
2024-08-16,6:00:00 PM,Shrimp Cocktail,Appetizer,4,14,56,Credit Card,Delivery,101,Sarah
2024-02-19,1:00:00 PM,Bourbon BBQ Burger,Entree,1,22,22,Cash,Delivery,102,Jake
2024-12-16,5:00:00 PM,Caesar Salad,Appetizer,10,10,100,Mobile Payment,Delivery,104,Carlos
2024-11-27,12:15:00 PM,Ribeye Steak,Entree,4,35,140,Mobile Payment,Takeaway,101,Sarah
2024-02-14,12:00:00 PM,New York Strip,Entree,2.4,38,91.2,Mobile Payment,Dine-In,105,Nina
2024-04-26,3:45:00 PM,Grilled Asparagus,Side,6,8,48,Mobile Payment,Takeaway,104,Carlos
2024-06-10,11:45:00 AM,Bourbon BBQ Burger,Entree,1,22,22,Mobile Payment,Dine-In,105,Nina
2024-02-02,10:00:00 PM,Truffle Fries,Side,2,8,16,Credit Card,Delivery,101,Sarah
2024-05-28,9:30:00 PM,Chocolate Lava Cake,Dessert,2,9,18,Credit Card,Takeaway,104,Carlos
2024-07-21,9:00:00 PM,Old Fashioned,Beverage,3,12,36,Mobile Payment,Dine-In,102,Jake
2024-07-19,7:30:00 PM,Bourbon BBQ Burger,Entree,3,22,66,Credit Card,Delivery,103,Emily
2024-01-06,7:15:00 PM,Filet Mignon,Entree,2,42,84,Cash,Delivery,105,Nina
2024-07-20,7:00:00 PM,Shrimp Cocktail,Appetizer,3,14,42,Mobile Payment,Delivery,103,Emily
2024-04-18,5:15:00 PM,New York Strip,Entree,4,38,152,Cash,Delivery,103,Emily
2024-04-09,12:15:00 PM,Bourbon BBQ Burger,Entree,5,22,110,Cash,Delivery,104,Carlos
2024-11-26,7:00:00 PM,Shrimp Cocktail,Appetizer,2,14,28,Credit Card,Dine-In,102,Jake
2024-10-24,6:30:00 PM,Mashed Potatoes,Side,4,7,28,Mobile Payment,Delivery,102,Jake
2024-02-21,3:00:00 PM,Caesar Salad,Appetizer,3,10,30,Credit Card,Takeaway,103,Emily
2024-11-11,9:30:00 PM,Truffle Fries,Side,11,8,88,Cash,Delivery,105,Nina
2024-07-05,4:45:00 PM,New York Strip,Entree,1,38,38,Credit Card,Dine-In,102,Jake
2024-12-30,10:45:00 PM,Shrimp Cocktail,Appetizer,7,14,98,Cash,Delivery,103,Emily
2024-09-02,6:45:00 PM,Mashed Potatoes,Side,6,7,42,Credit Card,Delivery,101,Sarah
2024-03-30,9:00:00 PM,Shrimp Cocktail,Appetizer,3,14,42,Mobile Payment,Dine-In,103,Emily
2024-11-16,12:00:00 PM,Ribeye Steak,Entree,8,35,280,Mobile Payment,Dine-In,105,Nina
2024-10-23,5:15:00 PM,Ribeye Steak,Entree,9,35,315,Credit Card,Delivery,105,Nina
2024-08-29,9:15:00 PM,Mashed Potatoes,Side,7,7,49,Cash,Delivery,103,Emily
2024-03-09,6:00:00 PM,Grilled Asparagus,Side,5,8,40,Mobile Payment,Dine-In,102,Jake
2024-11-10,9:15:00 PM,Cabernet Sauvignon,Beverage,4,16,64,Credit Card,Dine-In,102,Jake
2024-10-16,8:15:00 PM,Truffle Fries,Side,8,8,64,Credit Card,Dine-In,102,Jake
2024-09-06,2:00:00 PM,Shrimp Cocktail,Appetizer,4,14,56,Cash,Dine-In,102,Jake
2024-09-22,4:45:00 PM,Old Fashioned,Beverage,4,12,48,Cash,Dine-In,103,Emily
2024-02-22,10:30:00 PM,Truffle Fries,Side,5,8,40,Mobile Payment,Delivery,105,Nina
2024-03-30,5:45:00 PM,Mashed Potatoes,Side,11,7,77,Mobile Payment,Dine-In,105,Nina
2024-05-08,5:15:00 PM,Cabernet Sauvignon,Beverage,8,16,128,Credit Card,Takeaway,104,Carlos
2024-09-03,8:00:00 PM,Cabernet Sauvignon,Beverage,4,16,64,Credit Card,Dine-In,102,Jake
2024-02-09,7:30:00 PM,Caesar Salad,Appetizer,4,10,40,Cash,Dine-In,103,Emily
2024-11-04,10:00:00 PM,Bourbon BBQ Burger,Entree,4,22,88,Credit Card,Takeaway,101,Sarah
2024-09-03,9:45:00 PM,Old Fashioned,Beverage,4,12,48,Mobile Payment,Dine-In,104,Carlos
2024-01-12,2:00:00 PM,New York Strip,Entree,9,38,342,Mobile Payment,Dine-In,102,Jake
2024-11-18,7:00:00 PM,Chocolate Lava Cake,Dessert,5,9,45,Cash,Dine-In,103,Emily
2024-04-02,7:45:00 PM,Chocolate Lava Cake,Dessert,9,9,81,Mobile Payment,Dine-In,103,Emily
2024-02-13,2:45:00 PM,Chocolate Lava Cake,Dessert,4,9,36,Credit Card,Dine-In,102,Jake
2024-07-29,8:15:00 PM,Chocolate Lava Cake,Dessert,5,9,45,Mobile Payment,Delivery,105,Nina
2024-05-15,1:30:00 PM,Old Fashioned,Beverage,5,12,60,Mobile Payment,Dine-In,102,Jake
2024-07-12,5:15:00 PM,Filet Mignon,Entree,2,42,84,Cash,Delivery,105,Nina
2024-12-16,5:15:00 PM,Chocolate Lava Cake,Dessert,2,9,18,Cash,Takeaway,105,Nina
2024-11-03,11:00:00 AM,Filet Mignon,Entree,3,42,126,Mobile Payment,Dine-In,105,Nina
2024-10-03,11:45:00 AM,Cabernet Sauvignon,Beverage,3,16,48,Credit Card,Dine-In,105,Nina
2024-08-07,2:45:00 PM,Grilled Asparagus,Side,2,8,16,Mobile Payment,Delivery,105,Nina
2024-02-20,5:15:00 PM,Shrimp Cocktail,Appetizer,9,14,126,Cash,Dine-In,103,Emily
2024-11-02,7:45:00 PM,Shrimp Cocktail,Appetizer,4,14,56,Cash,Delivery,101,Sarah
2024-10-22,7:00:00 PM,Cabernet Sauvignon,Beverage,2,16,32,Credit Card,Delivery,102,Jake
2024-12-18,4:45:00 PM,Mashed Potatoes,Side,1,7,7,Cash,Takeaway,105,Nina
2024-05-09,3:45:00 PM,Chocolate Lava Cake,Dessert,3,9,27,Mobile Payment,Takeaway,104,Carlos
2024-04-14,5:45:00 PM,New York Strip,Entree,6,38,228,Mobile Payment,Delivery,104,Carlos
2024-05-09,3:30:00 PM,Truffle Fries,Side,4,8,32,Mobile Payment,Dine-In,101,Sarah
2024-04-27,6:15:00 PM,Filet Mignon,Entree,4,42,168,Mobile Payment,Takeaway,103,Emily
2024-10-08,8:00:00 PM,New York Strip,Entree,8,38,304,Mobile Payment,Dine-In,101,Sarah
2024-03-15,6:45:00 PM,Filet Mignon,Entree,2,42,84,Credit Card,Dine-In,103,Emily
2024-02-10,8:00:00 PM,Truffle Fries,Side,8,8,64,Credit Card,Delivery,105,Nina
2024-05-26,10:00:00 PM,New York Strip,Entree,9,38,342,Credit Card,Dine-In,102,Jake
2024-12-02,7:30:00 PM,Caesar Salad,Appetizer,2,10,20,Mobile Payment,Delivery,105,Nina
2024-12-23,2:15:00 PM,Bourbon BBQ Burger,Entree,1,22,22,Credit Card,Dine-In,101,Sarah
2024-03-21,12:30:00 PM,Grilled Asparagus,Side,4,8,32,Mobile Payment,Takeaway,104,Carlos
2024-10-27,2:00:00 PM,Truffle Fries,Side,1,8,8,Cash,Delivery,103,Emily
2024-10-13,8:30:00 PM,Mashed Potatoes,Side,5,7,35,Cash,Delivery,102,Jake
2024-08-20,5:00:00 PM,Shrimp Cocktail,Appetizer,4,14,56,Credit Card,Delivery,101,Sarah
2024-10-13,12:30:00 PM,Mashed Potatoes,Side,1,7,7,Mobile Payment,Takeaway,105,Nina
2024-10-21,3:45:00 PM,Grilled Asparagus,Side,6,8,48,Credit Card,Dine-In,103,Emily
2024-08-22,9:45:00 PM,Chocolate Lava Cake,Dessert,2,9,18,Credit Card,Dine-In,103,Emily
2024-02-04,5:15:00 PM,Bourbon BBQ Burger,Entree,4,22,88,Credit Card,Takeaway,103,Emily
2024-09-21,7:00:00 PM,Truffle Fries,Side,6,8,48,Cash,Takeaway,101,Sarah
2024-07-23,9:30:00 PM,Filet Mignon,Entree,9,42,378,Cash,Takeaway,103,Emily
2024-06-30,2:30:00 PM,New York Strip,Entree,2,38,76,Credit Card,Delivery,102,Jake
2024-04-30,10:15:00 PM,Shrimp Cocktail,Appetizer,4,14,56,Cash,Dine-In,102,Jake
2024-11-12,4:15:00 PM,Filet Mignon,Entree,1,42,42,Cash,Delivery,104,Carlos
2024-11-10,11:00:00 AM,Old Fashioned,Beverage,3,12,36,Mobile Payment,Takeaway,104,Carlos
2024-10-21,3:45:00 PM,New York Strip,Entree,5,38,190,Credit Card,Takeaway,102,Jake
2024-10-22,1:00:00 PM,Cabernet Sauvignon,Beverage,4,16,64,Credit Card,Delivery,101,Sarah
2024-09-14,4:45:00 PM,Bourbon BBQ Burger,Entree,4,22,88,Credit Card,Dine-In,105,Nina
2024-08-23,4:00:00 PM,Ribeye Steak,Entree,4,35,140,Credit Card,Delivery,101,Sarah
2024-06-15,4:30:00 PM,New York Strip,Entree,9,38,342,Credit Card,Dine-In,103,Emily
2024-08-29,8:30:00 PM,Mashed Potatoes,Side,4,7,28,Credit Card,Takeaway,102,Jake
2024-08-02,10:30:00 PM,Mashed Potatoes,Side,9,7,63,Credit Card,Takeaway,102,Jake
2024-10-19,1:15:00 PM,Filet Mignon,Entree,5,42,210,Cash,Delivery,104,Carlos
2024-07-14,2:15:00 PM,Truffle Fries,Side,2,8,16,Credit Card,Dine-In,102,Jake
2024-08-03,6:15:00 PM,Bourbon BBQ Burger,Entree,10,22,220,Mobile Payment,Delivery,103,Emily
2024-09-06,3:30:00 PM,Cabernet Sauvignon,Beverage,7,16,112,Cash,Takeaway,101,Sarah
2024-12-19,1:00:00 PM,Caesar Salad,Appetizer,2,10,20,Credit Card,Delivery,101,Sarah
2024-08-18,10:30:00 PM,Shrimp Cocktail,Appetizer,7,14,98,Credit Card,Delivery,105,Nina
2024-05-11,4:00:00 PM,Grilled Asparagus,Side,2,8,16,Credit Card,Delivery,105,Nina
2024-04-11,8:15:00 PM,Shrimp Cocktail,Appetizer,6,14,84,Credit Card,Delivery,105,Nina
2024-09-06,10:45:00 PM,Filet Mignon,Entree,8,42,336,Mobile Payment,Takeaway,104,Carlos
2024-11-19,1:15:00 PM,Bourbon BBQ Burger,Entree,3,22,66,Credit Card,Delivery,105,Nina
2024-10-19,5:00:00 PM,Filet Mignon,Entree,5,42,210,Credit Card,Dine-In,103,Emily
2024-06-11,9:30:00 PM,Truffle Fries,Side,5,8,40,Mobile Payment,Delivery,104,Carlos
2024-05-18,6:30:00 PM,Truffle Fries,Side,11,8,88,Mobile Payment,Takeaway,104,Carlos
2024-03-26,1:00:00 PM,New York Strip,Entree,2,38,76,Mobile Payment,Takeaway,101,Sarah
2024-04-17,1:45:00 PM,Filet Mignon,Entree,1,42,42,Cash,Takeaway,105,Nina
2024-01-28,11:45:00 AM,Cabernet Sauvignon,Beverage,1,16,16,Cash,Takeaway,105,Nina
2024-03-20,12:45:00 PM,Shrimp Cocktail,Appetizer,2,14,28,Cash,Delivery,103,Emily
2024-08-14,9:15:00 PM,New York Strip,Entree,11,38,418,Cash,Dine-In,101,Sarah
2024-12-05,4:30:00 PM,Old Fashioned,Beverage,4,12,48,Mobile Payment,Takeaway,105,Nina
2024-08-15,1:15:00 PM,Chocolate Lava Cake,Dessert,4,9,36,Credit Card,Delivery,105,Nina
2024-08-10,7:30:00 PM,Mashed Potatoes,Side,8,7,56,Mobile Payment,Dine-In,101,Sarah
2024-08-14,3:30:00 PM,Grilled Asparagus,Side,3,8,24,Cash,Takeaway,101,Sarah
2024-01-01,7:15:00 PM,Mashed Potatoes,Side,7.2,7,50.4,Credit Card,Delivery,101,Sarah
2024-12-18,6:45:00 PM,Shrimp Cocktail,Appetizer,2,14,28,Credit Card,Takeaway,105,Nina
2024-04-28,11:30:00 AM,Caesar Salad,Appetizer,4,10,40,Mobile Payment,Takeaway,104,Carlos
2024-05-07,1:45:00 PM,Grilled Asparagus,Side,2,8,16,Credit Card,Dine-In,104,Carlos
2024-11-16,2:30:00 PM,Shrimp Cocktail,Appetizer,10,14,140,Credit Card,Takeaway,102,Jake
2024-02-05,1:15:00 PM,Shrimp Cocktail,Appetizer,1,14,14,Mobile Payment,Takeaway,105,Nina
2024-08-19,3:45:00 PM,Caesar Salad,Appetizer,2,10,20,Cash,Dine-In,101,Sarah
2024-09-30,11:15:00 AM,Filet Mignon,Entree,3,42,126,Credit Card,Dine-In,104,Carlos
2024-01-05,2:00:00 PM,New York Strip,Entree,2,38,76,Credit Card,Dine-In,103,Emily
2024-08-03,3:45:00 PM,Mashed Potatoes,Side,6,7,42,Mobile Payment,Dine-In,103,Emily
2024-02-11,1:00:00 PM,Shrimp Cocktail,Appetizer,5,14,70,Cash,Delivery,104,Carlos
2024-04-02,2:30:00 PM,Grilled Asparagus,Side,1,8,8,Cash,Delivery,102,Jake
2024-07-16,6:15:00 PM,Truffle Fries,Side,2,8,16,Cash,Takeaway,101,Sarah
2024-09-23,9:15:00 PM,Old Fashioned,Beverage,6,12,72,Mobile Payment,Takeaway,103,Emily
2024-03-22,9:00:00 PM,Truffle Fries,Side,12,8,96,Mobile Payment,Dine-In,103,Emily
2024-09-03,9:30:00 PM,Caesar Salad,Appetizer,7,10,70,Cash,Delivery,102,Jake
2024-02-27,2:45:00 PM,Mashed Potatoes,Side,1,7,7,Cash,Takeaway,105,Nina
2024-03-02,5:15:00 PM,Ribeye Steak,Entree,2,35,70,Mobile Payment,Delivery,104,Carlos
2024-12-18,8:15:00 PM,Mashed Potatoes,Side,2,7,14,Cash,Dine-In,104,Carlos
2024-02-16,9:30:00 PM,Bourbon BBQ Burger,Entree,2,22,44,Cash,Takeaway,102,Jake
2024-12-25,7:00:00 PM,New York Strip,Entree,7,38,266,Cash,Takeaway,105,Nina
2024-11-26,4:45:00 PM,Truffle Fries,Side,2,8,16,Cash,Delivery,104,Carlos
2024-07-02,10:15:00 PM,Shrimp Cocktail,Appetizer,2,14,28,Credit Card,Delivery,104,Carlos
2024-10-13,3:45:00 PM,Caesar Salad,Appetizer,5,10,50,Cash,Delivery,103,Emily
2024-06-14,10:45:00 PM,Shrimp Cocktail,Appetizer,10,14,140,Mobile Payment,Dine-In,101,Sarah
2024-09-28,1:45:00 PM,Shrimp Cocktail,Appetizer,5,14,70,Mobile Payment,Takeaway,104,Carlos
2024-01-01,9:45:00 PM,Truffle Fries,Side,4.8,8,38.4,Cash,Delivery,103,Emily
2024-11-13,2:30:00 PM,Truffle Fries,Side,1,8,8,Mobile Payment,Delivery,104,Carlos
2024-04-07,7:45:00 PM,Cabernet Sauvignon,Beverage,3,16,48,Mobile Payment,Takeaway,103,Emily
2024-07-28,9:30:00 PM,Filet Mignon,Entree,2,42,84,Mobile Payment,Delivery,101,Sarah
2024-01-23,1:15:00 PM,Ribeye Steak,Entree,2,35,70,Cash,Takeaway,102,Jake
2024-02-20,11:45:00 AM,Bourbon BBQ Burger,Entree,4,22,88,Mobile Payment,Delivery,105,Nina
2024-05-11,11:30:00 AM,Caesar Salad,Appetizer,11,10,110,Mobile Payment,Dine-In,101,Sarah
2024-04-16,9:45:00 PM,Filet Mignon,Entree,7,42,294,Mobile Payment,Dine-In,103,Emily
2024-10-12,10:45:00 PM,Mashed Potatoes,Side,2,7,14,Mobile Payment,Takeaway,105,Nina
2024-01-21,10:00:00 PM,Shrimp Cocktail,Appetizer,2,14,28,Cash,Delivery,101,Sarah
2024-02-21,10:15:00 PM,Cabernet Sauvignon,Beverage,8,16,128,Cash,Dine-In,105,Nina
2024-12-02,2:15:00 PM,Cabernet Sauvignon,Beverage,5,16,80,Credit Card,Delivery,101,Sarah
2024-11-22,8:30:00 PM,Bourbon BBQ Burger,Entree,8,22,176,Mobile Payment,Delivery,104,Carlos
2024-02-23,1:15:00 PM,Cabernet Sauvignon,Beverage,5,16,80,Mobile Payment,Takeaway,102,Jake
2024-09-30,8:45:00 PM,Mashed Potatoes,Side,5,7,35,Mobile Payment,Takeaway,103,Emily
2024-07-30,9:45:00 PM,Truffle Fries,Side,7,8,56,Mobile Payment,Dine-In,105,Nina
2024-10-06,2:45:00 PM,Cabernet Sauvignon,Beverage,3,16,48,Credit Card,Takeaway,104,Carlos
2024-07-22,11:00:00 AM,Shrimp Cocktail,Appetizer,5,14,70,Cash,Delivery,102,Jake
2024-06-03,11:30:00 AM,Caesar Salad,Appetizer,2,10,20,Credit Card,Dine-In,103,Emily
2024-10-10,7:15:00 PM,Filet Mignon,Entree,2,42,84,Credit Card,Takeaway,102,Jake
2024-03-11,3:30:00 PM,Chocolate Lava Cake,Dessert,2,9,18,Cash,Takeaway,103,Emily
2024-02-17,8:45:00 PM,Chocolate Lava Cake,Dessert,5,9,45,Mobile Payment,Dine-In,103,Emily
2024-09-04,1:45:00 PM,Truffle Fries,Side,5,8,40,Cash,Delivery,103,Emily
2024-01-20,10:45:00 PM,Filet Mignon,Entree,2,42,84,Credit Card,Takeaway,104,Carlos
2024-08-01,12:15:00 PM,Truffle Fries,Side,5,8,40,Cash,Delivery,104,Carlos
2024-01-28,3:00:00 PM,Mashed Potatoes,Side,5,7,35,Mobile Payment,Dine-In,103,Emily
2024-09-14,10:15:00 PM,New York Strip,Entree,2,38,76,Mobile Payment,Delivery,104,Carlos
2024-08-16,8:00:00 PM,Caesar Salad,Appetizer,7,10,70,Credit Card,Takeaway,102,Jake
2024-03-08,4:00:00 PM,Old Fashioned,Beverage,7,12,84,Mobile Payment,Dine-In,105,Nina
2024-07-23,3:00:00 PM,Grilled Asparagus,Side,5,8,40,Credit Card,Delivery,102,Jake
2024-03-10,6:15:00 PM,Old Fashioned,Beverage,9,12,108,Mobile Payment,Delivery,102,Jake
2024-10-14,8:15:00 PM,Caesar Salad,Appetizer,2,10,20,Credit Card,Takeaway,103,Emily
2024-12-16,8:00:00 PM,Filet Mignon,Entree,9,42,378,Credit Card,Takeaway,103,Emily
2024-04-07,4:30:00 PM,Chocolate Lava Cake,Dessert,1,9,9,Credit Card,Dine-In,103,Emily
2024-11-11,6:15:00 PM,Old Fashioned,Beverage,2,12,24,Cash,Dine-In,103,Emily
2024-03-20,10:00:00 PM,Filet Mignon,Entree,2,42,84,Cash,Delivery,102,Jake
2024-05-27,11:30:00 AM,Truffle Fries,Side,1,8,8,Credit Card,Takeaway,104,Carlos
2024-01-12,4:15:00 PM,Truffle Fries,Side,9,8,72,Cash,Dine-In,105,Nina
2024-09-24,3:45:00 PM,Chocolate Lava Cake,Dessert,2,9,18,Mobile Payment,Delivery,101,Sarah
2024-07-11,8:00:00 PM,Shrimp Cocktail,Appetizer,3,14,42,Cash,Takeaway,102,Jake
2024-12-22,8:30:00 PM,Ribeye Steak,Entree,9,35,315,Mobile Payment,Dine-In,101,Sarah
2024-07-17,9:30:00 PM,Bourbon BBQ Burger,Entree,5,22,110,Cash,Dine-In,103,Emily
2024-11-28,5:15:00 PM,Grilled Asparagus,Side,12,8,96,Mobile Payment,Dine-In,103,Emily
2024-09-05,8:00:00 PM,New York Strip,Entree,3,38,114,Mobile Payment,Takeaway,105,Nina
2024-12-30,11:00:00 AM,Caesar Salad,Appetizer,5,10,50,Credit Card,Takeaway,104,Carlos
2024-07-20,10:15:00 PM,Ribeye Steak,Entree,6,35,210,Mobile Payment,Takeaway,103,Emily
2024-11-16,3:15:00 PM,Cabernet Sauvignon,Beverage,5,16,80,Cash,Delivery,103,Emily
2024-07-17,11:30:00 AM,Caesar Salad,Appetizer,2,10,20,Credit Card,Takeaway,102,Jake
2024-02-14,10:45:00 PM,Cabernet Sauvignon,Beverage,12,16,192,Mobile Payment,Delivery,102,Jake
2024-08-01,2:15:00 PM,Grilled Asparagus,Side,3,8,24,Mobile Payment,Takeaway,104,Carlos
2024-10-04,1:15:00 PM,Bourbon BBQ Burger,Entree,3,22,66,Mobile Payment,Delivery,102,Jake
2024-03-11,3:15:00 PM,Grilled Asparagus,Side,2,8,16,Mobile Payment,Delivery,102,Jake
2024-06-11,12:00:00 PM,New York Strip,Entree,3,38,114,Cash,Delivery,101,Sarah
2024-06-12,5:45:00 PM,Shrimp Cocktail,Appetizer,7,14,98,Mobile Payment,Delivery,103,Emily
2024-03-18,2:00:00 PM,New York Strip,Entree,2,38,76,Cash,Delivery,105,Nina
2024-05-16,8:15:00 PM,Chocolate Lava Cake,Dessert,4,9,36,Cash,Delivery,101,Sarah
2024-07-02,12:45:00 PM,New York Strip,Entree,6,38,228,Mobile Payment,Takeaway,103,Emily
2024-04-04,5:45:00 PM,Old Fashioned,Beverage,3,12,36,Cash,Dine-In,102,Jake
2024-01-17,5:00:00 PM,Shrimp Cocktail,Appetizer,9,14,126,Cash,Delivery,102,Jake
2024-04-14,12:15:00 PM,Old Fashioned,Beverage,6,12,72,Credit Card,Delivery,103,Emily
2024-08-22,2:45:00 PM,Grilled Asparagus,Side,1,8,8,Mobile Payment,Delivery,104,Carlos
2024-06-09,5:00:00 PM,Cabernet Sauvignon,Beverage,2,16,32,Credit Card,Takeaway,101,Sarah
2024-05-05,7:45:00 PM,Truffle Fries,Side,2,8,16,Mobile Payment,Takeaway,105,Nina
2024-11-18,11:15:00 AM,Shrimp Cocktail,Appetizer,5,14,70,Credit Card,Takeaway,103,Emily
2024-08-24,1:45:00 PM,Shrimp Cocktail,Appetizer,9,14,126,Cash,Delivery,105,Nina
2024-03-13,6:45:00 PM,Filet Mignon,Entree,9,42,378,Cash,Dine-In,105,Nina
2024-12-22,7:15:00 PM,Grilled Asparagus,Side,7,8,56,Credit Card,Takeaway,101,Sarah
2024-04-01,6:15:00 PM,Old Fashioned,Beverage,2,12,24,Credit Card,Takeaway,102,Jake
2024-03-04,12:00:00 PM,Truffle Fries,Side,3,8,24,Mobile Payment,Takeaway,101,Sarah
2024-09-25,10:45:00 PM,Truffle Fries,Side,10,8,80,Mobile Payment,Dine-In,104,Carlos
2024-10-08,5:00:00 PM,New York Strip,Entree,6,38,228,Mobile Payment,Delivery,102,Jake
2024-03-24,1:15:00 PM,Truffle Fries,Side,1,8,8,Credit Card,Takeaway,103,Emily
2024-08-16,3:15:00 PM,Filet Mignon,Entree,2,42,84,Cash,Dine-In,105,Nina
2024-05-09,11:45:00 AM,Old Fashioned,Beverage,4,12,48,Mobile Payment,Dine-In,105,Nina
2024-09-09,2:15:00 PM,Chocolate Lava Cake,Dessert,3,9,27,Credit Card,Takeaway,104,Carlos
2024-02-10,8:00:00 PM,Caesar Salad,Appetizer,12,10,120,Credit Card,Delivery,105,Nina
2024-04-16,11:15:00 AM,New York Strip,Entree,1,38,38,Mobile Payment,Takeaway,101,Sarah
2024-03-15,11:30:00 AM,Mashed Potatoes,Side,1,7,7,Cash,Dine-In,104,Carlos
2024-04-01,1:30:00 PM,Chocolate Lava Cake,Dessert,4,9,36,Mobile Payment,Delivery,102,Jake
2024-08-21,10:30:00 PM,Ribeye Steak,Entree,2,35,70,Credit Card,Takeaway,103,Emily
2024-07-13,12:45:00 PM,Cabernet Sauvignon,Beverage,2,16,32,Credit Card,Takeaway,102,Jake
2024-03-03,10:30:00 PM,Mashed Potatoes,Side,12,7,84,Credit Card,Delivery,102,Jake
2024-12-22,2:00:00 PM,Filet Mignon,Entree,5,42,210,Mobile Payment,Delivery,105,Nina
2024-02-14,6:30:00 PM,Grilled Asparagus,Side,10.8,8,86.4,Credit Card,Takeaway,105,Nina
2024-10-21,8:30:00 PM,New York Strip,Entree,10,38,380,Mobile Payment,Takeaway,105,Nina
2024-11-19,6:45:00 PM,New York Strip,Entree,9,38,342,Cash,Delivery,103,Emily
2024-04-09,11:00:00 AM,Ribeye Steak,Entree,3,35,105,Mobile Payment,Dine-In,102,Jake
2024-11-11,5:45:00 PM,Ribeye Steak,Entree,7,35,245,Credit Card,Delivery,102,Jake
2024-01-06,9:15:00 PM,Truffle Fries,Side,6,8,48,Credit Card,Dine-In,103,Emily
2024-06-02,7:30:00 PM,Ribeye Steak,Entree,2,35,70,Mobile Payment,Takeaway,103,Emily
2024-07-21,10:00:00 PM,New York Strip,Entree,4,38,152,Credit Card,Takeaway,104,Carlos
2024-08-30,11:15:00 AM,Old Fashioned,Beverage,3,12,36,Mobile Payment,Takeaway,105,Nina
2024-06-20,6:45:00 PM,Truffle Fries,Side,2,8,16,Mobile Payment,Takeaway,105,Nina
2024-12-13,4:00:00 PM,Caesar Salad,Appetizer,7,10,70,Mobile Payment,Takeaway,103,Emily
2024-02-03,1:30:00 PM,Ribeye Steak,Entree,6,35,210,Credit Card,Delivery,105,Nina
2024-03-25,8:45:00 PM,New York Strip,Entree,9,38,342,Cash,Takeaway,103,Emily
2024-12-29,11:30:00 AM,Grilled Asparagus,Side,1,8,8,Credit Card,Dine-In,103,Emily
2024-08-19,3:15:00 PM,Cabernet Sauvignon,Beverage,3,16,48,Cash,Dine-In,103,Emily
2024-01-20,2:00:00 PM,Old Fashioned,Beverage,9,12,108,Cash,Takeaway,105,Nina
2024-03-19,2:30:00 PM,Old Fashioned,Beverage,4,12,48,Credit Card,Takeaway,102,Jake
2024-02-20,7:15:00 PM,Caesar Salad,Appetizer,2,10,20,Credit Card,Takeaway,105,Nina
2024-02-29,11:30:00 AM,Ribeye Steak,Entree,5,35,175,Cash,Takeaway,104,Carlos
2024-01-24,12:30:00 PM,Ribeye Steak,Entree,6,35,210,Credit Card,Delivery,102,Jake
2024-06-13,2:15:00 PM,Shrimp Cocktail,Appetizer,3,14,42,Mobile Payment,Takeaway,104,Carlos
2024-12-09,12:30:00 PM,New York Strip,Entree,2,38,76,Credit Card,Dine-In,101,Sarah
2024-11-14,7:00:00 PM,Caesar Salad,Appetizer,10,10,100,Credit Card,Delivery,103,Emily
2024-05-18,1:30:00 PM,Chocolate Lava Cake,Dessert,3,9,27,Cash,Dine-In,103,Emily
2024-11-09,4:45:00 PM,Ribeye Steak,Entree,4,35,140,Cash,Takeaway,101,Sarah
2024-02-24,5:00:00 PM,Filet Mignon,Entree,7,42,294,Credit Card,Dine-In,105,Nina
2024-10-30,9:45:00 PM,Chocolate Lava Cake,Dessert,5,9,45,Credit Card,Takeaway,102,Jake
2024-12-31,9:00:00 PM,Old Fashioned,Beverage,14.3,12,171.6,Cash,Dine-In,104,Carlos
2024-02-19,6:30:00 PM,Bourbon BBQ Burger,Entree,7,22,154,Credit Card,Dine-In,102,Jake
2024-03-14,8:30:00 PM,Mashed Potatoes,Side,7,7,49,Cash,Delivery,103,Emily
2024-06-15,6:45:00 PM,Ribeye Steak,Entree,2,35,70,Credit Card,Dine-In,103,Emily
2024-09-02,6:15:00 PM,Shrimp Cocktail,Appetizer,6,14,84,Mobile Payment,Delivery,102,Jake
2024-09-17,12:45:00 PM,Truffle Fries,Side,1,8,8,Credit Card,Delivery,101,Sarah
2024-06-03,7:45:00 PM,Grilled Asparagus,Side,9,8,72,Credit Card,Dine-In,105,Nina
2024-05-04,7:15:00 PM,Old Fashioned,Beverage,8,12,96,Cash,Takeaway,102,Jake
2024-12-21,8:45:00 PM,Grilled Asparagus,Side,9,8,72,Credit Card,Delivery,102,Jake
2024-03-29,9:00:00 PM,Truffle Fries,Side,11,8,88,Credit Card,Dine-In,105,Nina
2024-11-01,6:30:00 PM,Cabernet Sauvignon,Beverage,2,16,32,Credit Card,Dine-In,103,Emily
2024-07-26,12:00:00 PM,Bourbon BBQ Burger,Entree,9,22,198,Credit Card,Takeaway,104,Carlos
2024-11-26,9:00:00 PM,Filet Mignon,Entree,5,42,210,Cash,Delivery,101,Sarah
2024-03-16,9:15:00 PM,Old Fashioned,Beverage,9,12,108,Credit Card,Takeaway,105,Nina
2024-10-22,6:15:00 PM,Caesar Salad,Appetizer,7,10,70,Credit Card,Delivery,103,Emily
2024-08-10,10:30:00 PM,Filet Mignon,Entree,9,42,378,Cash,Delivery,105,Nina
2024-07-25,1:30:00 PM,Ribeye Steak,Entree,3,35,105,Mobile Payment,Dine-In,101,Sarah
2024-12-26,7:30:00 PM,Filet Mignon,Entree,6,42,252,Cash,Dine-In,104,Carlos
2024-12-25,8:45:00 PM,Bourbon BBQ Burger,Entree,7,22,154,Mobile Payment,Takeaway,104,Carlos
2024-07-14,5:15:00 PM,Bourbon BBQ Burger,Entree,5,22,110,Credit Card,Dine-In,102,Jake
2024-10-11,5:30:00 PM,Grilled Asparagus,Side,4,8,32,Credit Card,Delivery,102,Jake
2024-03-09,11:00:00 AM,Bourbon BBQ Burger,Entree,2,22,44,Cash,Delivery,104,Carlos
2024-12-02,5:15:00 PM,Filet Mignon,Entree,5,42,210,Mobile Payment,Takeaway,104,Carlos
2024-12-22,8:45:00 PM,Chocolate Lava Cake,Dessert,4,9,36,Credit Card,Delivery,104,Carlos
2024-10-09,6:45:00 PM,Mashed Potatoes,Side,4,7,28,Cash,Takeaway,105,Nina
2024-01-04,8:45:00 PM,Truffle Fries,Side,5,8,40,Mobile Payment,Delivery,103,Emily
2024-07-29,7:30:00 PM,Ribeye Steak,Entree,2,35,70,Mobile Payment,Takeaway,103,Emily
2024-02-27,8:45:00 PM,Truffle Fries,Side,2,8,16,Cash,Delivery,105,Nina
2024-05-23,6:00:00 PM,Cabernet Sauvignon,Beverage,8,16,128,Cash,Dine-In,104,Carlos
2024-11-18,10:00:00 PM,Bourbon BBQ Burger,Entree,11,22,242,Mobile Payment,Takeaway,105,Nina
2024-01-28,4:00:00 PM,Old Fashioned,Beverage,3,12,36,Mobile Payment,Takeaway,105,Nina
2024-06-18,5:30:00 PM,Shrimp Cocktail,Appetizer,6,14,84,Cash,Dine-In,105,Nina
2024-06-04,10:30:00 PM,Ribeye Steak,Entree,8,35,280,Mobile Payment,Dine-In,105,Nina
2024-01-27,9:30:00 PM,Truffle Fries,Side,10,8,80,Cash,Takeaway,104,Carlos
2024-02-12,1:00:00 PM,Shrimp Cocktail,Appetizer,3,14,42,Cash,Delivery,103,Emily
2024-05-20,3:00:00 PM,Truffle Fries,Side,1,8,8,Mobile Payment,Dine-In,105,Nina
2024-03-18,9:45:00 PM,Mashed Potatoes,Side,4,7,28,Credit Card,Delivery,102,Jake
2024-09-05,1:00:00 PM,Mashed Potatoes,Side,1,7,7,Cash,Delivery,102,Jake
2024-09-10,5:45:00 PM,Caesar Salad,Appetizer,9,10,90,Mobile Payment,Delivery,102,Jake
2024-04-17,8:30:00 PM,Ribeye Steak,Entree,5,35,175,Cash,Dine-In,102,Jake
2024-08-25,5:45:00 PM,Shrimp Cocktail,Appetizer,10,14,140,Mobile Payment,Delivery,102,Jake
2024-07-13,9:45:00 PM,Old Fashioned,Beverage,7,12,84,Cash,Delivery,104,Carlos
2024-01-07,3:45:00 PM,Grilled Asparagus,Side,4,8,32,Mobile Payment,Delivery,101,Sarah
2024-02-19,7:30:00 PM,Grilled Asparagus,Side,12,8,96,Mobile Payment,Takeaway,103,Emily
2024-05-18,3:00:00 PM,Shrimp Cocktail,Appetizer,9,14,126,Credit Card,Takeaway,102,Jake
2024-12-10,8:15:00 PM,Cabernet Sauvignon,Beverage,6,16,96,Mobile Payment,Delivery,102,Jake
2024-06-09,7:00:00 PM,Bourbon BBQ Burger,Entree,2,22,44,Cash,Dine-In,104,Carlos
2024-02-20,7:00:00 PM,Bourbon BBQ Burger,Entree,7,22,154,Credit Card,Dine-In,103,Emily
2024-05-08,2:00:00 PM,Ribeye Steak,Entree,4,35,140,Cash,Dine-In,105,Nina
2024-12-02,2:00:00 PM,Truffle Fries,Side,1,8,8,Cash,Delivery,102,Jake
2024-07-11,9:15:00 PM,Filet Mignon,Entree,5,42,210,Credit Card,Takeaway,104,Carlos
2024-12-04,12:45:00 PM,Shrimp Cocktail,Appetizer,5,14,70,Mobile Payment,Delivery,103,Emily
2024-05-11,1:00:00 PM,Shrimp Cocktail,Appetizer,2,14,28,Credit Card,Takeaway,103,Emily
2024-01-31,3:30:00 PM,New York Strip,Entree,3,38,114,Cash,Takeaway,102,Jake
2024-11-08,5:15:00 PM,Bourbon BBQ Burger,Entree,6,22,132,Cash,Dine-In,105,Nina
2024-08-08,2:00:00 PM,Old Fashioned,Beverage,3,12,36,Cash,Dine-In,101,Sarah
2024-02-06,8:30:00 PM,Old Fashioned,Beverage,2,12,24,Credit Card,Dine-In,101,Sarah
2024-01-20,9:45:00 PM,Shrimp Cocktail,Appetizer,5,14,70,Mobile Payment,Takeaway,104,Carlos
2024-10-21,11:45:00 AM,Old Fashioned,Beverage,4,12,48,Credit Card,Delivery,101,Sarah
2024-10-03,2:00:00 PM,Grilled Asparagus,Side,4,8,32,Cash,Delivery,105,Nina
2024-07-02,4:30:00 PM,Grilled Asparagus,Side,1,8,8,Mobile Payment,Delivery,101,Sarah
2024-07-06,7:30:00 PM,Filet Mignon,Entree,8,42,336,Credit Card,Delivery,102,Jake
2024-03-31,7:00:00 PM,Grilled Asparagus,Side,5,8,40,Credit Card,Delivery,104,Carlos
2024-02-24,9:30:00 PM,Old Fashioned,Beverage,2,12,24,Mobile Payment,Takeaway,102,Jake
2024-03-12,11:15:00 AM,Ribeye Steak,Entree,5,35,175,Cash,Takeaway,104,Carlos
2024-02-02,7:30:00 PM,Old Fashioned,Beverage,11,12,132,Credit Card,Dine-In,101,Sarah
2024-06-22,11:30:00 AM,Truffle Fries,Side,2,8,16,Credit Card,Dine-In,102,Jake
2024-11-30,9:45:00 PM,Bourbon BBQ Burger,Entree,9,22,198,Cash,Delivery,105,Nina
2024-04-29,12:00:00 PM,Truffle Fries,Side,2,8,16,Credit Card,Delivery,101,Sarah
2024-08-29,8:00:00 PM,Caesar Salad,Appetizer,4,10,40,Cash,Dine-In,101,Sarah
2024-06-06,12:45:00 PM,Chocolate Lava Cake,Dessert,2,9,18,Mobile Payment,Dine-In,101,Sarah
2024-02-28,6:15:00 PM,Filet Mignon,Entree,4,42,168,Credit Card,Takeaway,104,Carlos
2024-06-15,12:15:00 PM,Mashed Potatoes,Side,4,7,28,Cash,Delivery,102,Jake
2024-06-20,12:00:00 PM,Shrimp Cocktail,Appetizer,2,14,28,Credit Card,Dine-In,103,Emily
2024-10-10,1:45:00 PM,Caesar Salad,Appetizer,5,10,50,Cash,Dine-In,101,Sarah
2024-11-19,8:45:00 PM,New York Strip,Entree,2,38,76,Credit Card,Dine-In,101,Sarah
2024-01-04,1:00:00 PM,Truffle Fries,Side,5,8,40,Credit Card,Takeaway,104,Carlos
2024-12-20,1:15:00 PM,New York Strip,Entree,4,38,152,Mobile Payment,Takeaway,104,Carlos
2024-05-02,1:00:00 PM,Chocolate Lava Cake,Dessert,2,9,18,Mobile Payment,Takeaway,105,Nina
2024-02-15,9:30:00 PM,Mashed Potatoes,Side,8,7,56,Cash,Delivery,102,Jake
2024-04-08,12:00:00 PM,Chocolate Lava Cake,Dessert,3,9,27,Mobile Payment,Delivery,102,Jake
2024-08-25,9:15:00 PM,Shrimp Cocktail,Appetizer,2,14,28,Cash,Dine-In,102,Jake
2024-12-16,6:45:00 PM,New York Strip,Entree,3,38,114,Mobile Payment,Dine-In,101,Sarah
2024-11-26,4:30:00 PM,Caesar Salad,Appetizer,4,10,40,Credit Card,Takeaway,105,Nina
2024-08-20,11:00:00 AM,Truffle Fries,Side,1,8,8,Mobile Payment,Dine-In,102,Jake
2024-01-15,6:00:00 PM,Filet Mignon,Entree,4,42,168,Mobile Payment,Takeaway,105,Nina
2024-10-23,4:45:00 PM,Caesar Salad,Appetizer,3,10,30,Cash,Dine-In,103,Emily
2024-04-26,12:15:00 PM,Truffle Fries,Side,5,8,40,Cash,Takeaway,102,Jake
2024-02-07,6:45:00 PM,Ribeye Steak,Entree,8,35,280,Cash,Dine-In,105,Nina
2024-08-20,1:45:00 PM,Mashed Potatoes,Side,2,7,14,Credit Card,Delivery,102,Jake
2024-11-19,4:30:00 PM,Caesar Salad,Appetizer,3,10,30,Cash,Dine-In,105,Nina
2024-01-31,3:15:00 PM,Filet Mignon,Entree,5,42,210,Credit Card,Takeaway,102,Jake
2024-06-24,2:30:00 PM,Chocolate Lava Cake,Dessert,2,9,18,Mobile Payment,Delivery,102,Jake
2024-10-22,7:15:00 PM,Filet Mignon,Entree,8,42,336,Mobile Payment,Takeaway,102,Jake
2024-10-29,6:45:00 PM,Shrimp Cocktail,Appetizer,2,14,28,Mobile Payment,Takeaway,102,Jake
2024-05-06,4:45:00 PM,Chocolate Lava Cake,Dessert,2,9,18,Mobile Payment,Dine-In,105,Nina
2024-01-03,5:00:00 PM,Ribeye Steak,Entree,7,35,245,Mobile Payment,Delivery,101,Sarah
2024-08-05,7:45:00 PM,Old Fashioned,Beverage,2,12,24,Credit Card,Takeaway,102,Jake
2024-02-12,7:00:00 PM,Truffle Fries,Side,7,8,56,Cash,Dine-In,103,Emily
2024-05-31,2:00:00 PM,Ribeye Steak,Entree,7,35,245,Mobile Payment,Takeaway,102,Jake
2024-12-26,6:00:00 PM,Old Fashioned,Beverage,7,12,84,Cash,Delivery,104,Carlos
2024-04-04,4:45:00 PM,Truffle Fries,Side,1,8,8,Mobile Payment,Dine-In,104,Carlos
2024-12-19,4:00:00 PM,Shrimp Cocktail,Appetizer,4,14,56,Credit Card,Delivery,105,Nina
2024-10-04,8:15:00 PM,Bourbon BBQ Burger,Entree,2,22,44,Mobile Payment,Takeaway,101,Sarah
2024-09-20,9:30:00 PM,Ribeye Steak,Entree,2,35,70,Credit Card,Takeaway,104,Carlos
2024-11-12,11:30:00 AM,Mashed Potatoes,Side,2,7,14,Mobile Payment,Delivery,101,Sarah
2024-10-14,10:15:00 PM,New York Strip,Entree,6,38,228,Cash,Delivery,101,Sarah
2024-11-28,6:15:00 PM,Truffle Fries,Side,4.8,8,38.4,Credit Card,Takeaway,103,Emily
2024-09-14,9:45:00 PM,Shrimp Cocktail,Appetizer,2,14,28,Cash,Takeaway,103,Emily
2024-08-19,6:00:00 PM,Old Fashioned,Beverage,10,12,120,Mobile Payment,Delivery,103,Emily
2024-08-19,8:30:00 PM,Bourbon BBQ Burger,Entree,2,22,44,Cash,Takeaway,101,Sarah
2024-02-11,5:15:00 PM,Shrimp Cocktail,Appetizer,2,14,28,Cash,Dine-In,103,Emily
2024-02-27,10:15:00 PM,Old Fashioned,Beverage,4,12,48,Cash,Delivery,101,Sarah
2024-05-30,5:15:00 PM,Old Fashioned,Beverage,7,12,84,Credit Card,Takeaway,101,Sarah
2024-05-29,2:00:00 PM,Ribeye Steak,Entree,2,35,70,Mobile Payment,Delivery,103,Emily
2024-07-29,8:30:00 PM,Bourbon BBQ Burger,Entree,5,22,110,Credit Card,Delivery,105,Nina
2024-10-07,6:45:00 PM,Shrimp Cocktail,Appetizer,8,14,112,Cash,Takeaway,102,Jake
2024-05-13,2:45:00 PM,Mashed Potatoes,Side,3,7,21,Cash,Dine-In,103,Emily
2024-05-25,6:15:00 PM,Chocolate Lava Cake,Dessert,4,9,36,Mobile Payment,Delivery,103,Emily
2024-04-03,1:15:00 PM,New York Strip,Entree,2,38,76,Cash,Dine-In,103,Emily
2024-10-21,1:45:00 PM,Shrimp Cocktail,Appetizer,3,14,42,Cash,Dine-In,105,Nina
2024-12-28,11:30:00 AM,Mashed Potatoes,Side,4,7,28,Credit Card,Takeaway,105,Nina
2024-03-24,7:30:00 PM,Filet Mignon,Entree,2,42,84,Credit Card,Takeaway,102,Jake
2024-08-22,4:15:00 PM,Ribeye Steak,Entree,5,35,175,Mobile Payment,Takeaway,103,Emily
2024-08-30,3:15:00 PM,Chocolate Lava Cake,Dessert,6,9,54,Credit Card,Delivery,101,Sarah
2024-09-02,11:15:00 AM,Bourbon BBQ Burger,Entree,6,22,132,Cash,Takeaway,101,Sarah
2024-07-24,8:15:00 PM,Old Fashioned,Beverage,5,12,60,Cash,Takeaway,101,Sarah
2024-11-07,9:15:00 PM,Chocolate Lava Cake,Dessert,11,9,99,Cash,Takeaway,102,Jake
2024-01-12,12:45:00 PM,Bourbon BBQ Burger,Entree,1,22,22,Mobile Payment,Takeaway,102,Jake
2024-09-08,4:00:00 PM,Bourbon BBQ Burger,Entree,3,22,66,Credit Card,Dine-In,104,Carlos
2024-07-08,5:30:00 PM,Ribeye Steak,Entree,5,35,175,Credit Card,Takeaway,103,Emily
2024-08-16,7:00:00 PM,Caesar Salad,Appetizer,7,10,70,Mobile Payment,Takeaway,104,Carlos
2024-05-27,1:45:00 PM,Truffle Fries,Side,4,8,32,Cash,Delivery,105,Nina
2024-02-14,1:15:00 PM,Shrimp Cocktail,Appetizer,4.8,14,67.2,Mobile Payment,Takeaway,101,Sarah
2024-10-29,5:00:00 PM,Ribeye Steak,Entree,6,35,210,Mobile Payment,Takeaway,104,Carlos
2024-03-30,7:45:00 PM,Truffle Fries,Side,10,8,80,Cash,Dine-In,102,Jake
2024-07-14,3:45:00 PM,Ribeye Steak,Entree,3,35,105,Mobile Payment,Takeaway,104,Carlos
2024-10-13,10:45:00 PM,Caesar Salad,Appetizer,2,10,20,Cash,Dine-In,103,Emily
2024-06-02,9:45:00 PM,Filet Mignon,Entree,6,42,252,Credit Card,Dine-In,104,Carlos
2024-12-18,9:15:00 PM,Ribeye Steak,Entree,2,35,70,Credit Card,Takeaway,101,Sarah
2024-11-02,10:30:00 PM,Chocolate Lava Cake,Dessert,8,9,72,Mobile Payment,Takeaway,103,Emily
2024-11-17,9:45:00 PM,Truffle Fries,Side,2,8,16,Credit Card,Delivery,105,Nina
2024-01-09,3:15:00 PM,Chocolate Lava Cake,Dessert,1,9,9,Cash,Takeaway,104,Carlos
2024-12-20,1:30:00 PM,New York Strip,Entree,2,38,76,Credit Card,Takeaway,104,Carlos
2024-11-21,4:00:00 PM,Shrimp Cocktail,Appetizer,3,14,42,Mobile Payment,Delivery,101,Sarah
2024-09-20,2:15:00 PM,Filet Mignon,Entree,9,42,378,Cash,Delivery,103,Emily
2024-06-10,9:30:00 PM,Shrimp Cocktail,Appetizer,7,14,98,Cash,Delivery,105,Nina
2024-06-29,1:00:00 PM,New York Strip,Entree,10,38,380,Credit Card,Takeaway,104,Carlos
2024-07-29,4:15:00 PM,Filet Mignon,Entree,2,42,84,Cash,Delivery,102,Jake
2024-04-06,7:00:00 PM,Grilled Asparagus,Side,9,8,72,Cash,Dine-In,102,Jake
2024-01-09,6:30:00 PM,Shrimp Cocktail,Appetizer,5,14,70,Cash,Takeaway,105,Nina
2024-09-24,4:15:00 PM,Truffle Fries,Side,4,8,32,Cash,Delivery,101,Sarah
2024-04-23,1:15:00 PM,Truffle Fries,Side,2,8,16,Credit Card,Dine-In,102,Jake
2024-03-07,12:45:00 PM,Truffle Fries,Side,1,8,8,Cash,Dine-In,104,Carlos
2024-08-08,11:15:00 AM,Filet Mignon,Entree,1,42,42,Mobile Payment,Delivery,105,Nina
2024-01-31,6:00:00 PM,Shrimp Cocktail,Appetizer,2,14,28,Cash,Takeaway,101,Sarah
2024-02-19,12:15:00 PM,Chocolate Lava Cake,Dessert,2,9,18,Cash,Delivery,103,Emily
2024-01-15,12:15:00 PM,Truffle Fries,Side,3,8,24,Mobile Payment,Takeaway,103,Emily
2024-03-23,7:15:00 PM,Cabernet Sauvignon,Beverage,10,16,160,Cash,Dine-In,105,Nina
2024-01-08,7:15:00 PM,Truffle Fries,Side,3,8,24,Credit Card,Dine-In,105,Nina
2024-01-03,10:00:00 PM,Caesar Salad,Appetizer,10,10,100,Mobile Payment,Takeaway,103,Emily
2024-12-23,8:15:00 PM,Old Fashioned,Beverage,2,12,24,Cash,Takeaway,104,Carlos
2024-08-05,2:15:00 PM,Grilled Asparagus,Side,1,8,8,Credit Card,Dine-In,104,Carlos
2024-02-26,7:15:00 PM,Old Fashioned,Beverage,7,12,84,Mobile Payment,Takeaway,105,Nina
2024-01-21,12:30:00 PM,Old Fashioned,Beverage,1,12,12,Credit Card,Takeaway,104,Carlos
2024-11-03,10:30:00 PM,Bourbon BBQ Burger,Entree,10,22,220,Cash,Delivery,104,Carlos
2024-05-28,5:15:00 PM,Filet Mignon,Entree,8,42,336,Mobile Payment,Takeaway,102,Jake
2024-01-07,9:45:00 PM,Bourbon BBQ Burger,Entree,2,22,44,Credit Card,Takeaway,105,Nina
2024-12-03,9:00:00 PM,Filet Mignon,Entree,3,42,126,Credit Card,Takeaway,105,Nina
2024-02-22,10:15:00 PM,Filet Mignon,Entree,7,42,294,Cash,Takeaway,102,Jake
2024-10-31,5:00:00 PM,Caesar Salad,Appetizer,10,10,100,Mobile Payment,Takeaway,103,Emily
2024-12-31,8:30:00 PM,Bourbon BBQ Burger,Entree,11.7,22,257.4,Credit Card,Takeaway,105,Nina
2024-07-26,6:30:00 PM,New York Strip,Entree,9,38,342,Cash,Dine-In,103,Emily
2024-09-07,6:15:00 PM,Bourbon BBQ Burger,Entree,4,22,88,Cash,Dine-In,101,Sarah
2024-02-04,6:00:00 PM,New York Strip,Entree,7,38,266,Mobile Payment,Delivery,103,Emily
2024-03-19,3:00:00 PM,Filet Mignon,Entree,5,42,210,Credit Card,Takeaway,102,Jake
2024-05-30,9:45:00 PM,Old Fashioned,Beverage,8,12,96,Credit Card,Delivery,103,Emily
2024-10-03,7:00:00 PM,Ribeye Steak,Entree,7,35,245,Cash,Takeaway,104,Carlos
2024-06-10,5:45:00 PM,Old Fashioned,Beverage,2,12,24,Cash,Dine-In,105,Nina
2024-12-03,3:15:00 PM,Old Fashioned,Beverage,4,12,48,Cash,Takeaway,104,Carlos
2024-09-06,12:45:00 PM,Bourbon BBQ Burger,Entree,8,22,176,Mobile Payment,Delivery,105,Nina
2024-08-28,6:15:00 PM,Cabernet Sauvignon,Beverage,2,16,32,Credit Card,Takeaway,104,Carlos
2024-10-29,5:30:00 PM,Shrimp Cocktail,Appetizer,6,14,84,Cash,Dine-In,105,Nina
2024-01-24,1:30:00 PM,Mashed Potatoes,Side,6,7,42,Cash,Delivery,103,Emily
2024-07-13,12:45:00 PM,Mashed Potatoes,Side,6,7,42,Credit Card,Takeaway,101,Sarah
2024-12-04,2:15:00 PM,Caesar Salad,Appetizer,3,10,30,Mobile Payment,Dine-In,101,Sarah
2024-06-05,12:30:00 PM,New York Strip,Entree,1,38,38,Mobile Payment,Takeaway,101,Sarah
2024-08-23,9:45:00 PM,Chocolate Lava Cake,Dessert,9,9,81,Credit Card,Takeaway,101,Sarah
2024-12-22,6:00:00 PM,Mashed Potatoes,Side,8,7,56,Mobile Payment,Takeaway,103,Emily
2024-10-20,12:45:00 PM,Filet Mignon,Entree,2,42,84,Credit Card,Takeaway,105,Nina
2024-12-07,4:15:00 PM,Chocolate Lava Cake,Dessert,5,9,45,Credit Card,Takeaway,102,Jake
2024-09-11,9:00:00 PM,Cabernet Sauvignon,Beverage,4,16,64,Credit Card,Takeaway,101,Sarah
2024-06-01,8:45:00 PM,Caesar Salad,Appetizer,9,10,90,Mobile Payment,Dine-In,105,Nina
2024-02-18,8:30:00 PM,Shrimp Cocktail,Appetizer,2,14,28,Mobile Payment,Delivery,104,Carlos
2024-08-06,2:30:00 PM,Filet Mignon,Entree,3,42,126,Mobile Payment,Takeaway,104,Carlos
2024-12-05,7:30:00 PM,Caesar Salad,Appetizer,9,10,90,Credit Card,Takeaway,105,Nina
2024-09-20,6:15:00 PM,Ribeye Steak,Entree,9,35,315,Cash,Delivery,104,Carlos
2024-04-19,9:45:00 PM,Shrimp Cocktail,Appetizer,11,14,154,Mobile Payment,Takeaway,105,Nina
2024-11-16,11:15:00 AM,Mashed Potatoes,Side,8,7,56,Cash,Dine-In,102,Jake
2024-12-16,3:45:00 PM,Grilled Asparagus,Side,3,8,24,Cash,Delivery,102,Jake
2024-07-30,3:30:00 PM,Bourbon BBQ Burger,Entree,2,22,44,Credit Card,Delivery,105,Nina
2024-04-30,5:15:00 PM,Filet Mignon,Entree,4,42,168,Cash,Dine-In,102,Jake
2024-06-07,6:45:00 PM,Cabernet Sauvignon,Beverage,6,16,96,Credit Card,Delivery,101,Sarah
2024-04-13,1:30:00 PM,New York Strip,Entree,2,38,76,Credit Card,Takeaway,105,Nina
2024-03-31,9:00:00 PM,Truffle Fries,Side,7,8,56,Cash,Dine-In,101,Sarah
2024-06-09,8:30:00 PM,Filet Mignon,Entree,8,42,336,Credit Card,Delivery,101,Sarah
2024-07-22,10:15:00 PM,Caesar Salad,Appetizer,2,10,20,Mobile Payment,Delivery,105,Nina
2024-03-02,7:30:00 PM,Old Fashioned,Beverage,2,12,24,Cash,Delivery,101,Sarah
2024-06-09,4:45:00 PM,Truffle Fries,Side,2,8,16,Credit Card,Dine-In,102,Jake
2024-02-24,1:15:00 PM,Shrimp Cocktail,Appetizer,6,14,84,Credit Card,Takeaway,105,Nina
2024-01-29,6:30:00 PM,Truffle Fries,Side,2,8,16,Credit Card,Delivery,104,Carlos
2024-08-31,9:15:00 PM,Shrimp Cocktail,Appetizer,4,14,56,Credit Card,Takeaway,103,Emily
2024-06-06,11:00:00 AM,Truffle Fries,Side,1,8,8,Mobile Payment,Delivery,102,Jake
2024-05-09,7:45:00 PM,Shrimp Cocktail,Appetizer,6,14,84,Mobile Payment,Dine-In,105,Nina
2024-05-01,6:45:00 PM,Ribeye Steak,Entree,8,35,280,Credit Card,Takeaway,101,Sarah
2024-04-30,3:15:00 PM,New York Strip,Entree,3,38,114,Mobile Payment,Takeaway,104,Carlos
2024-01-18,3:00:00 PM,Old Fashioned,Beverage,4,12,48,Mobile Payment,Takeaway,103,Emily
2024-08-04,12:15:00 PM,Truffle Fries,Side,2,8,16,Mobile Payment,Dine-In,103,Emily
2024-08-03,8:30:00 PM,Old Fashioned,Beverage,2,12,24,Cash,Delivery,102,Jake
2024-11-18,6:15:00 PM,Ribeye Steak,Entree,9,35,315,Cash,Delivery,103,Emily
2024-06-09,8:00:00 PM,Filet Mignon,Entree,4,42,168,Cash,Delivery,102,Jake
2024-10-31,9:45:00 PM,Mashed Potatoes,Side,9,7,63,Credit Card,Delivery,102,Jake
2024-05-13,1:30:00 PM,Shrimp Cocktail,Appetizer,2,14,28,Cash,Takeaway,103,Emily
2024-04-03,5:45:00 PM,Chocolate Lava Cake,Dessert,4,9,36,Cash,Dine-In,105,Nina
2024-11-27,8:15:00 PM,Filet Mignon,Entree,10,42,420,Cash,Takeaway,102,Jake
2024-01-26,5:45:00 PM,Chocolate Lava Cake,Dessert,6,9,54,Cash,Dine-In,103,Emily
2024-03-28,8:00:00 PM,Ribeye Steak,Entree,11,35,385,Credit Card,Takeaway,104,Carlos
2024-03-01,2:15:00 PM,Caesar Salad,Appetizer,4,10,40,Credit Card,Delivery,104,Carlos
2024-07-14,1:45:00 PM,Caesar Salad,Appetizer,5,10,50,Cash,Takeaway,102,Jake
2024-08-02,1:45:00 PM,New York Strip,Entree,1,38,38,Credit Card,Takeaway,102,Jake
2024-11-12,6:15:00 PM,Mashed Potatoes,Side,11,7,77,Mobile Payment,Delivery,104,Carlos
2024-02-13,11:45:00 AM,New York Strip,Entree,3,38,114,Mobile Payment,Takeaway,102,Jake
2024-12-31,5:45:00 PM,Truffle Fries,Side,13,8,104,Credit Card,Dine-In,101,Sarah
2024-10-12,11:00:00 AM,Mashed Potatoes,Side,4,7,28,Credit Card,Takeaway,105,Nina
2024-12-09,8:00:00 PM,Ribeye Steak,Entree,6,35,210,Mobile Payment,Delivery,104,Carlos
2024-06-03,5:30:00 PM,New York Strip,Entree,12,38,456,Cash,Delivery,102,Jake
2024-05-13,1:45:00 PM,Mashed Potatoes,Side,4,7,28,Cash,Dine-In,103,Emily
2024-12-29,7:45:00 PM,New York Strip,Entree,7,38,266,Cash,Takeaway,101,Sarah
2024-03-06,6:30:00 PM,Truffle Fries,Side,7,8,56,Credit Card,Takeaway,103,Emily
2024-11-09,3:30:00 PM,Grilled Asparagus,Side,4,8,32,Credit Card,Delivery,104,Carlos
2024-03-18,7:45:00 PM,Ribeye Steak,Entree,3,35,105,Cash,Dine-In,102,Jake
2024-04-03,11:45:00 AM,Shrimp Cocktail,Appetizer,2,14,28,Mobile Payment,Takeaway,104,Carlos
2024-02-29,6:00:00 PM,Old Fashioned,Beverage,7,12,84,Mobile Payment,Delivery,104,Carlos
2024-08-22,6:00:00 PM,Truffle Fries,Side,3,8,24,Cash,Takeaway,101,Sarah
2024-04-14,3:15:00 PM,New York Strip,Entree,6,38,228,Credit Card,Delivery,105,Nina
2024-04-18,8:00:00 PM,Cabernet Sauvignon,Beverage,10,16,160,Cash,Takeaway,101,Sarah
2024-05-06,6:00:00 PM,Mashed Potatoes,Side,2,7,14,Credit Card,Delivery,101,Sarah
2024-07-20,4:00:00 PM,Mashed Potatoes,Side,3,7,21,Cash,Dine-In,104,Carlos
2024-12-28,9:45:00 PM,Old Fashioned,Beverage,6,12,72,Mobile Payment,Delivery,101,Sarah
2024-06-17,11:45:00 AM,Mashed Potatoes,Side,4,7,28,Cash,Dine-In,101,Sarah
2024-11-25,3:30:00 PM,Ribeye Steak,Entree,1,35,35,Mobile Payment,Delivery,104,Carlos
2024-02-17,5:30:00 PM,New York Strip,Entree,4,38,152,Credit Card,Dine-In,101,Sarah
2024-04-16,1:45:00 PM,Grilled Asparagus,Side,3,8,24,Mobile Payment,Delivery,102,Jake
2024-03-02,3:45:00 PM,Grilled Asparagus,Side,5,8,40,Mobile Payment,Delivery,102,Jake
2024-07-02,9:00:00 PM,Mashed Potatoes,Side,8,7,56,Cash,Takeaway,104,Carlos
2024-07-17,6:30:00 PM,Chocolate Lava Cake,Dessert,11,9,99,Credit Card,Dine-In,104,Carlos
2024-07-07,8:15:00 PM,Grilled Asparagus,Side,7,8,56,Cash,Dine-In,105,Nina
2024-06-23,6:15:00 PM,Bourbon BBQ Burger,Entree,5,22,110,Credit Card,Delivery,105,Nina
2024-02-12,3:45:00 PM,Grilled Asparagus,Side,1,8,8,Credit Card,Takeaway,102,Jake
2024-03-06,9:30:00 PM,Caesar Salad,Appetizer,9,10,90,Credit Card,Takeaway,105,Nina
2024-01-25,7:00:00 PM,Ribeye Steak,Entree,10,35,350,Cash,Delivery,104,Carlos
2024-07-30,12:45:00 PM,Bourbon BBQ Burger,Entree,5,22,110,Credit Card,Takeaway,103,Emily
2024-10-26,12:00:00 PM,Filet Mignon,Entree,6,42,252,Cash,Dine-In,104,Carlos
2024-01-24,12:45:00 PM,Truffle Fries,Side,3,8,24,Credit Card,Delivery,104,Carlos
2024-12-09,6:30:00 PM,Mashed Potatoes,Side,4,7,28,Cash,Dine-In,101,Sarah
2024-11-05,3:00:00 PM,Grilled Asparagus,Side,5,8,40,Cash,Dine-In,104,Carlos
2024-02-29,11:15:00 AM,Bourbon BBQ Burger,Entree,4,22,88,Credit Card,Delivery,104,Carlos
2024-12-02,10:45:00 PM,Shrimp Cocktail,Appetizer,11,14,154,Mobile Payment,Takeaway,104,Carlos
2024-06-03,12:15:00 PM,New York Strip,Entree,1,38,38,Cash,Dine-In,101,Sarah
2024-12-22,2:00:00 PM,Caesar Salad,Appetizer,5,10,50,Mobile Payment,Dine-In,102,Jake
2024-08-11,9:15:00 PM,Filet Mignon,Entree,7,42,294,Credit Card,Dine-In,104,Carlos
2024-08-04,11:00:00 AM,New York Strip,Entree,2,38,76,Mobile Payment,Delivery,104,Carlos
2024-09-05,6:00:00 PM,Old Fashioned,Beverage,8,12,96,Cash,Dine-In,103,Emily
2024-10-18,5:00:00 PM,Mashed Potatoes,Side,2,7,14,Cash,Delivery,104,Carlos
2024-07-31,6:30:00 PM,Ribeye Steak,Entree,7,35,245,Credit Card,Takeaway,105,Nina
2024-10-29,10:45:00 PM,Caesar Salad,Appetizer,2,10,20,Mobile Payment,Dine-In,104,Carlos
2024-10-22,4:00:00 PM,Shrimp Cocktail,Appetizer,3,14,42,Credit Card,Dine-In,104,Carlos
2024-11-14,9:30:00 PM,Old Fashioned,Beverage,8,12,96,Cash,Dine-In,103,Emily
2024-04-08,6:30:00 PM,Old Fashioned,Beverage,3,12,36,Mobile Payment,Dine-In,105,Nina
2024-12-16,4:45:00 PM,New York Strip,Entree,3,38,114,Mobile Payment,Delivery,104,Carlos
2024-08-01,9:30:00 PM,Old Fashioned,Beverage,4,12,48,Mobile Payment,Dine-In,103,Emily
2024-12-19,10:00:00 PM,Bourbon BBQ Burger,Entree,7,22,154,Cash,Dine-In,102,Jake
2024-03-21,8:45:00 PM,Filet Mignon,Entree,9,42,378,Credit Card,Takeaway,102,Jake
2024-04-17,7:00:00 PM,Ribeye Steak,Entree,5,35,175,Credit Card,Takeaway,102,Jake
2024-03-30,7:00:00 PM,Filet Mignon,Entree,7,42,294,Credit Card,Dine-In,105,Nina
2024-04-26,12:15:00 PM,Old Fashioned,Beverage,4,12,48,Credit Card,Takeaway,101,Sarah
2024-10-12,3:15:00 PM,Truffle Fries,Side,9,8,72,Mobile Payment,Delivery,101,Sarah
2024-12-27,11:45:00 AM,Old Fashioned,Beverage,1,12,12,Cash,Delivery,105,Nina
2024-02-22,7:00:00 PM,Cabernet Sauvignon,Beverage,2,16,32,Cash,Delivery,101,Sarah
2024-04-15,4:15:00 PM,Truffle Fries,Side,3,8,24,Mobile Payment,Takeaway,105,Nina
2024-09-12,10:00:00 PM,New York Strip,Entree,7,38,266,Credit Card,Dine-In,101,Sarah
2024-04-13,6:45:00 PM,Ribeye Steak,Entree,4,35,140,Credit Card,Takeaway,103,Emily
2024-09-15,1:00:00 PM,Shrimp Cocktail,Appetizer,3,14,42,Mobile Payment,Takeaway,103,Emily
2024-11-18,9:15:00 PM,New York Strip,Entree,11,38,418,Credit Card,Dine-In,102,Jake
2024-08-07,5:45:00 PM,Old Fashioned,Beverage,11,12,132,Mobile Payment,Takeaway,101,Sarah
2024-08-14,1:00:00 PM,Truffle Fries,Side,6,8,48,Cash,Dine-In,103,Emily
2024-06-10,5:15:00 PM,Grilled Asparagus,Side,2,8,16,Credit Card,Dine-In,102,Jake
2024-10-21,11:30:00 AM,Grilled Asparagus,Side,4,8,32,Mobile Payment,Delivery,105,Nina
2024-06-04,10:30:00 PM,Mashed Potatoes,Side,2,7,14,Credit Card,Delivery,105,Nina
2024-03-16,10:45:00 PM,Old Fashioned,Beverage,3,12,36,Mobile Payment,Delivery,105,Nina
2024-11-29,6:30:00 PM,Bourbon BBQ Burger,Entree,7,22,154,Cash,Takeaway,101,Sarah
2024-01-19,7:30:00 PM,Grilled Asparagus,Side,3,8,24,Mobile Payment,Delivery,103,Emily
2024-04-19,12:30:00 PM,Cabernet Sauvignon,Beverage,4,16,64,Mobile Payment,Dine-In,101,Sarah
2024-01-15,7:30:00 PM,Caesar Salad,Appetizer,6,10,60,Mobile Payment,Takeaway,105,Nina
2024-02-26,10:00:00 PM,Mashed Potatoes,Side,6,7,42,Mobile Payment,Delivery,103,Emily
2024-03-04,11:00:00 AM,Old Fashioned,Beverage,3,12,36,Mobile Payment,Delivery,101,Sarah
2024-08-20,4:15:00 PM,Truffle Fries,Side,5,8,40,Mobile Payment,Delivery,105,Nina
2024-10-31,2:30:00 PM,Shrimp Cocktail,Appetizer,3,14,42,Mobile Payment,Delivery,105,Nina
2024-12-10,1:45:00 PM,Cabernet Sauvignon,Beverage,2,16,32,Cash,Takeaway,105,Nina
2024-10-25,2:30:00 PM,Old Fashioned,Beverage,2,12,24,Cash,Delivery,104,Carlos
2024-07-29,12:00:00 PM,Ribeye Steak,Entree,4,35,140,Cash,Takeaway,102,Jake
2024-08-16,12:30:00 PM,Bourbon BBQ Burger,Entree,8,22,176,Credit Card,Delivery,105,Nina
2024-09-22,5:30:00 PM,Chocolate Lava Cake,Dessert,9,9,81,Mobile Payment,Takeaway,104,Carlos
2024-12-18,6:45:00 PM,New York Strip,Entree,5,38,190,Mobile Payment,Dine-In,104,Carlos
2024-12-30,6:15:00 PM,Truffle Fries,Side,12,8,96,Mobile Payment,Dine-In,102,Jake
2024-08-21,6:00:00 PM,Truffle Fries,Side,4,8,32,Mobile Payment,Takeaway,101,Sarah
2024-11-04,5:00:00 PM,Filet Mignon,Entree,7,42,294,Mobile Payment,Takeaway,101,Sarah
2024-09-24,1:00:00 PM,Mashed Potatoes,Side,3,7,21,Credit Card,Takeaway,103,Emily
2024-09-05,11:15:00 AM,New York Strip,Entree,5,38,190,Credit Card,Dine-In,103,Emily
2024-05-25,2:15:00 PM,Truffle Fries,Side,7,8,56,Cash,Dine-In,105,Nina
2024-06-27,12:00:00 PM,Grilled Asparagus,Side,3,8,24,Mobile Payment,Takeaway,105,Nina
2024-08-19,4:45:00 PM,Old Fashioned,Beverage,5,12,60,Cash,Dine-In,105,Nina
2024-11-21,6:45:00 PM,Bourbon BBQ Burger,Entree,8,22,176,Cash,Delivery,103,Emily
2024-02-15,8:45:00 PM,Grilled Asparagus,Side,4,8,32,Credit Card,Takeaway,105,Nina
2024-01-24,9:45:00 PM,Truffle Fries,Side,6,8,48,Mobile Payment,Dine-In,102,Jake
2024-12-28,11:30:00 AM,Cabernet Sauvignon,Beverage,2,16,32,Mobile Payment,Delivery,101,Sarah
2024-04-08,8:00:00 PM,Chocolate Lava Cake,Dessert,12,9,108,Cash,Takeaway,105,Nina
2024-01-10,12:15:00 PM,Ribeye Steak,Entree,4,35,140,Cash,Dine-In,105,Nina
2024-08-15,12:30:00 PM,Grilled Asparagus,Side,4,8,32,Cash,Takeaway,101,Sarah
2024-06-23,5:15:00 PM,Grilled Asparagus,Side,2,8,16,Mobile Payment,Takeaway,104,Carlos
2024-05-11,12:00:00 PM,Filet Mignon,Entree,10,42,420,Cash,Takeaway,102,Jake
2024-04-03,3:00:00 PM,New York Strip,Entree,3,38,114,Credit Card,Delivery,102,Jake
2024-01-31,8:30:00 PM,New York Strip,Entree,2,38,76,Mobile Payment,Dine-In,103,Emily
2024-07-18,12:30:00 PM,New York Strip,Entree,3,38,114,Credit Card,Takeaway,104,Carlos
2024-03-02,11:15:00 AM,Caesar Salad,Appetizer,9,10,90,Mobile Payment,Dine-In,104,Carlos
2024-09-17,7:45:00 PM,Filet Mignon,Entree,7,42,294,Cash,Takeaway,104,Carlos
2024-10-10,5:00:00 PM,Old Fashioned,Beverage,2,12,24,Credit Card,Delivery,102,Jake
2024-01-10,3:00:00 PM,Caesar Salad,Appetizer,5,10,50,Mobile Payment,Dine-In,103,Emily
2024-10-17,5:45:00 PM,Filet Mignon,Entree,11,42,462,Cash,Dine-In,103,Emily
2024-10-03,1:15:00 PM,Cabernet Sauvignon,Beverage,4,16,64,Mobile Payment,Takeaway,101,Sarah
2024-01-01,6:30:00 PM,Bourbon BBQ Burger,Entree,4.8,22,105.6,Cash,Dine-In,104,Carlos
2024-05-19,8:30:00 PM,Bourbon BBQ Burger,Entree,9,22,198,Credit Card,Delivery,102,Jake
2024-10-26,7:30:00 PM,Ribeye Steak,Entree,4,35,140,Mobile Payment,Delivery,105,Nina
2024-02-05,3:00:00 PM,Grilled Asparagus,Side,1,8,8,Cash,Delivery,105,Nina
2024-05-23,5:15:00 PM,Chocolate Lava Cake,Dessert,9,9,81,Credit Card,Delivery,103,Emily
2024-11-21,3:45:00 PM,Shrimp Cocktail,Appetizer,2,14,28,Mobile Payment,Takeaway,103,Emily
2024-04-17,6:30:00 PM,Ribeye Steak,Entree,5,35,175,Mobile Payment,Dine-In,105,Nina
2024-08-31,11:00:00 AM,Bourbon BBQ Burger,Entree,3,22,66,Credit Card,Delivery,104,Carlos
2024-07-20,7:00:00 PM,Bourbon BBQ Burger,Entree,2,22,44,Mobile Payment,Dine-In,104,Carlos
2024-12-10,12:30:00 PM,Grilled Asparagus,Side,5,8,40,Credit Card,Takeaway,102,Jake
2024-12-22,11:00:00 AM,Old Fashioned,Beverage,4,12,48,Cash,Takeaway,101,Sarah
2024-04-23,10:00:00 PM,Shrimp Cocktail,Appetizer,6,14,84,Cash,Dine-In,105,Nina
2024-11-16,3:15:00 PM,Caesar Salad,Appetizer,7,10,70,Credit Card,Dine-In,103,Emily
2024-09-09,10:15:00 PM,Ribeye Steak,Entree,3,35,105,Mobile Payment,Takeaway,101,Sarah
2024-05-22,8:45:00 PM,New York Strip,Entree,11,38,418,Cash,Delivery,105,Nina
2024-12-10,9:15:00 PM,Filet Mignon,Entree,8,42,336,Cash,Delivery,101,Sarah
2024-03-06,3:15:00 PM,Cabernet Sauvignon,Beverage,3,16,48,Cash,Delivery,101,Sarah
2024-12-20,9:30:00 PM,Bourbon BBQ Burger,Entree,10,22,220,Credit Card,Dine-In,104,Carlos
2024-11-24,9:00:00 PM,Mashed Potatoes,Side,9,7,63,Credit Card,Takeaway,101,Sarah
2024-12-14,7:45:00 PM,Old Fashioned,Beverage,6,12,72,Mobile Payment,Dine-In,102,Jake
2024-01-25,3:45:00 PM,Cabernet Sauvignon,Beverage,4,16,64,Credit Card,Dine-In,104,Carlos
2024-04-09,4:00:00 PM,Chocolate Lava Cake,Dessert,1,9,9,Mobile Payment,Dine-In,104,Carlos
2024-02-08,2:15:00 PM,New York Strip,Entree,3,38,114,Credit Card,Dine-In,101,Sarah
2024-01-15,6:45:00 PM,Ribeye Steak,Entree,10,35,350,Mobile Payment,Takeaway,103,Emily
2024-05-06,12:45:00 PM,Caesar Salad,Appetizer,3,10,30,Cash,Takeaway,105,Nina
2024-05-01,12:45:00 PM,Filet Mignon,Entree,4,42,168,Mobile Payment,Dine-In,101,Sarah
2024-02-01,11:45:00 AM,Mashed Potatoes,Side,1,7,7,Cash,Dine-In,104,Carlos
2024-01-29,3:45:00 PM,Filet Mignon,Entree,1,42,42,Mobile Payment,Dine-In,105,Nina
2024-01-27,3:45:00 PM,Grilled Asparagus,Side,2,8,16,Mobile Payment,Takeaway,102,Jake
2024-11-02,9:00:00 PM,Old Fashioned,Beverage,10,12,120,Credit Card,Takeaway,105,Nina
2024-11-13,12:30:00 PM,Bourbon BBQ Burger,Entree,1,22,22,Credit Card,Delivery,103,Emily
2024-10-27,2:00:00 PM,Filet Mignon,Entree,1,42,42,Mobile Payment,Delivery,101,Sarah
2024-10-30,2:15:00 PM,Bourbon BBQ Burger,Entree,5,22,110,Credit Card,Takeaway,104,Carlos
2024-09-03,10:45:00 PM,New York Strip,Entree,3,38,114,Cash,Dine-In,101,Sarah
2024-03-06,3:45:00 PM,Cabernet Sauvignon,Beverage,3,16,48,Credit Card,Delivery,105,Nina
2024-03-15,1:45:00 PM,Shrimp Cocktail,Appetizer,7,14,98,Credit Card,Takeaway,103,Emily
2024-01-05,7:15:00 PM,Ribeye Steak,Entree,4,35,140,Mobile Payment,Delivery,101,Sarah
2024-08-04,4:15:00 PM,Caesar Salad,Appetizer,2,10,20,Cash,Takeaway,102,Jake
2024-12-07,6:45:00 PM,Chocolate Lava Cake,Dessert,6,9,54,Mobile Payment,Delivery,103,Emily
2024-11-11,3:45:00 PM,Mashed Potatoes,Side,2,7,14,Cash,Takeaway,101,Sarah
2024-09-10,2:00:00 PM,Bourbon BBQ Burger,Entree,2,22,44,Mobile Payment,Dine-In,104,Carlos
2024-11-15,2:15:00 PM,Old Fashioned,Beverage,5,12,60,Mobile Payment,Takeaway,102,Jake
2024-07-23,1:00:00 PM,Mashed Potatoes,Side,1,7,7,Cash,Takeaway,101,Sarah
2024-10-11,12:15:00 PM,Shrimp Cocktail,Appetizer,6,14,84,Cash,Delivery,105,Nina
2024-07-03,11:00:00 AM,Caesar Salad,Appetizer,2,10,20,Credit Card,Dine-In,102,Jake
2024-05-14,10:15:00 PM,Mashed Potatoes,Side,10,7,70,Cash,Dine-In,102,Jake
2024-01-12,1:30:00 PM,Filet Mignon,Entree,2,42,84,Mobile Payment,Dine-In,104,Carlos
2024-12-01,12:30:00 PM,Caesar Salad,Appetizer,3,10,30,Credit Card,Dine-In,103,Emily
2024-07-09,9:15:00 PM,Cabernet Sauvignon,Beverage,9,16,144,Credit Card,Delivery,101,Sarah
2024-03-01,1:15:00 PM,Caesar Salad,Appetizer,2,10,20,Mobile Payment,Takeaway,103,Emily
2024-06-11,8:45:00 PM,Bourbon BBQ Burger,Entree,3,22,66,Cash,Delivery,105,Nina
2024-04-06,7:30:00 PM,New York Strip,Entree,5,38,190,Cash,Dine-In,103,Emily
2024-03-05,7:45:00 PM,Caesar Salad,Appetizer,2,10,20,Credit Card,Delivery,105,Nina
2024-02-03,1:45:00 PM,Bourbon BBQ Burger,Entree,8,22,176,Credit Card,Takeaway,105,Nina
2024-08-25,1:30:00 PM,Truffle Fries,Side,3,8,24,Mobile Payment,Delivery,104,Carlos
2024-09-10,6:30:00 PM,Chocolate Lava Cake,Dessert,7,9,63,Mobile Payment,Delivery,101,Sarah
2024-04-16,2:15:00 PM,Old Fashioned,Beverage,2,12,24,Credit Card,Dine-In,103,Emily
2024-08-05,5:15:00 PM,Mashed Potatoes,Side,6,7,42,Mobile Payment,Dine-In,102,Jake
2024-02-13,3:45:00 PM,Cabernet Sauvignon,Beverage,3,16,48,Cash,Delivery,101,Sarah
2024-08-26,7:30:00 PM,Grilled Asparagus,Side,9,8,72,Credit Card,Takeaway,104,Carlos
2024-07-07,6:30:00 PM,Shrimp Cocktail,Appetizer,8,14,112,Cash,Dine-In,104,Carlos
2024-04-29,3:00:00 PM,Mashed Potatoes,Side,1,7,7,Credit Card,Delivery,105,Nina
2024-10-06,9:00:00 PM,Shrimp Cocktail,Appetizer,4,14,56,Cash,Dine-In,101,Sarah
2024-07-03,11:15:00 AM,Mashed Potatoes,Side,2,7,14,Mobile Payment,Takeaway,103,Emily
2024-06-03,10:30:00 PM,Caesar Salad,Appetizer,8,10,80,Cash,Delivery,105,Nina
2024-05-13,11:30:00 AM,Shrimp Cocktail,Appetizer,3,14,42,Credit Card,Takeaway,105,Nina
2024-12-01,11:45:00 AM,Bourbon BBQ Burger,Entree,5,22,110,Cash,Takeaway,102,Jake
2024-04-26,10:15:00 PM,Old Fashioned,Beverage,5,12,60,Mobile Payment,Delivery,105,Nina
2024-08-27,10:45:00 PM,Mashed Potatoes,Side,2,7,14,Credit Card,Dine-In,104,Carlos
2024-12-23,5:15:00 PM,Old Fashioned,Beverage,7,12,84,Mobile Payment,Dine-In,103,Emily
2024-03-12,8:15:00 PM,Shrimp Cocktail,Appetizer,2,14,28,Credit Card,Delivery,103,Emily
2024-06-22,2:45:00 PM,Grilled Asparagus,Side,7,8,56,Mobile Payment,Delivery,103,Emily
2024-06-15,8:00:00 PM,Chocolate Lava Cake,Dessert,2,9,18,Cash,Dine-In,103,Emily
2024-10-17,9:45:00 PM,Grilled Asparagus,Side,4,8,32,Credit Card,Dine-In,105,Nina
2024-07-16,2:45:00 PM,Filet Mignon,Entree,3,42,126,Mobile Payment,Takeaway,103,Emily
2024-02-17,1:00:00 PM,Bourbon BBQ Burger,Entree,9,22,198,Cash,Dine-In,105,Nina
2024-09-07,11:15:00 AM,Caesar Salad,Appetizer,2,10,20,Credit Card,Takeaway,102,Jake
2024-04-29,3:00:00 PM,Old Fashioned,Beverage,1,12,12,Credit Card,Delivery,101,Sarah
2024-03-28,4:45:00 PM,Grilled Asparagus,Side,2,8,16,Cash,Dine-In,105,Nina
2024-08-02,6:00:00 PM,Grilled Asparagus,Side,5,8,40,Cash,Dine-In,103,Emily
2024-08-09,10:45:00 PM,New York Strip,Entree,11,38,418,Mobile Payment,Takeaway,105,Nina
2024-04-13,7:45:00 PM,Shrimp Cocktail,Appetizer,4,14,56,Cash,Dine-In,104,Carlos
2024-02-02,5:15:00 PM,Cabernet Sauvignon,Beverage,6,16,96,Mobile Payment,Takeaway,104,Carlos
2024-08-24,8:00:00 PM,Truffle Fries,Side,2,8,16,Credit Card,Delivery,104,Carlos
2024-06-26,10:30:00 PM,Grilled Asparagus,Side,12,8,96,Cash,Takeaway,102,Jake
2024-04-01,8:45:00 PM,Old Fashioned,Beverage,7,12,84,Mobile Payment,Dine-In,105,Nina
2024-02-18,5:00:00 PM,Caesar Salad,Appetizer,4,10,40,Credit Card,Delivery,105,Nina
2024-05-29,9:00:00 PM,Truffle Fries,Side,3,8,24,Credit Card,Takeaway,105,Nina
2024-03-03,4:00:00 PM,Filet Mignon,Entree,5,42,210,Credit Card,Takeaway,104,Carlos
2024-03-25,3:15:00 PM,Cabernet Sauvignon,Beverage,1,16,16,Credit Card,Dine-In,101,Sarah
2024-11-23,10:45:00 PM,Grilled Asparagus,Side,5,8,40,Mobile Payment,Takeaway,102,Jake
2024-07-22,11:00:00 AM,Shrimp Cocktail,Appetizer,1,14,14,Mobile Payment,Dine-In,103,Emily
2024-12-09,10:45:00 PM,Old Fashioned,Beverage,10,12,120,Cash,Dine-In,105,Nina
2024-12-02,2:45:00 PM,New York Strip,Entree,4,38,152,Credit Card,Dine-In,102,Jake
2024-01-10,8:00:00 PM,New York Strip,Entree,6,38,228,Cash,Delivery,104,Carlos
2024-03-27,12:00:00 PM,Bourbon BBQ Burger,Entree,3,22,66,Cash,Takeaway,103,Emily
2024-04-01,2:00:00 PM,Bourbon BBQ Burger,Entree,6,22,132,Cash,Takeaway,101,Sarah
2024-11-21,7:00:00 PM,Grilled Asparagus,Side,5,8,40,Credit Card,Dine-In,105,Nina
2024-01-03,11:45:00 AM,Caesar Salad,Appetizer,2,10,20,Credit Card,Dine-In,102,Jake
2024-02-16,11:45:00 AM,Ribeye Steak,Entree,1,35,35,Credit Card,Dine-In,101,Sarah
2024-04-22,12:15:00 PM,Truffle Fries,Side,2,8,16,Cash,Takeaway,105,Nina
2024-02-25,4:30:00 PM,Cabernet Sauvignon,Beverage,2,16,32,Mobile Payment,Dine-In,105,Nina
2024-07-21,5:00:00 PM,Caesar Salad,Appetizer,4,10,40,Cash,Takeaway,103,Emily
2024-03-29,11:45:00 AM,Bourbon BBQ Burger,Entree,5,22,110,Cash,Takeaway,102,Jake
2024-08-22,2:00:00 PM,Bourbon BBQ Burger,Entree,3,22,66,Mobile Payment,Delivery,103,Emily
2024-01-23,12:15:00 PM,Grilled Asparagus,Side,3,8,24,Mobile Payment,Takeaway,101,Sarah
2024-12-30,7:15:00 PM,Shrimp Cocktail,Appetizer,2,14,28,Mobile Payment,Takeaway,104,Carlos
2024-12-13,10:15:00 PM,Mashed Potatoes,Side,4,7,28,Mobile Payment,Delivery,103,Emily
2024-12-07,6:00:00 PM,Mashed Potatoes,Side,2,7,14,Mobile Payment,Delivery,104,Carlos
2024-07-14,7:15:00 PM,Cabernet Sauvignon,Beverage,9,16,144,Mobile Payment,Dine-In,102,Jake
2024-01-11,8:00:00 PM,Shrimp Cocktail,Appetizer,3,14,42,Mobile Payment,Takeaway,102,Jake
2024-11-13,12:00:00 PM,New York Strip,Entree,3,38,114,Credit Card,Takeaway,102,Jake
2024-03-18,5:15:00 PM,Bourbon BBQ Burger,Entree,2,22,44,Cash,Delivery,105,Nina
2024-08-15,10:30:00 PM,New York Strip,Entree,6,38,228,Credit Card,Delivery,101,Sarah
2024-09-23,5:30:00 PM,Ribeye Steak,Entree,4,35,140,Mobile Payment,Takeaway,103,Emily
2024-05-04,2:00:00 PM,Bourbon BBQ Burger,Entree,4,22,88,Mobile Payment,Delivery,102,Jake
2024-11-07,5:30:00 PM,New York Strip,Entree,9,38,342,Mobile Payment,Dine-In,101,Sarah
2024-09-08,12:15:00 PM,Ribeye Steak,Entree,2,35,70,Cash,Dine-In,101,Sarah
2024-03-29,8:15:00 PM,Caesar Salad,Appetizer,11,10,110,Cash,Takeaway,104,Carlos
2024-06-08,1:15:00 PM,Caesar Salad,Appetizer,7,10,70,Cash,Delivery,102,Jake
2024-06-04,3:45:00 PM,Bourbon BBQ Burger,Entree,2,22,44,Credit Card,Takeaway,101,Sarah
2024-07-03,5:45:00 PM,New York Strip,Entree,7,38,266,Credit Card,Takeaway,105,Nina
2024-11-08,10:45:00 PM,New York Strip,Entree,10,38,380,Cash,Takeaway,104,Carlos
2024-02-12,3:15:00 PM,Cabernet Sauvignon,Beverage,2,16,32,Credit Card,Takeaway,104,Carlos
2024-06-05,6:30:00 PM,Grilled Asparagus,Side,9,8,72,Mobile Payment,Takeaway,101,Sarah
2024-06-19,1:45:00 PM,Caesar Salad,Appetizer,2,10,20,Cash,Dine-In,101,Sarah
2024-09-13,10:30:00 PM,Old Fashioned,Beverage,8,12,96,Credit Card,Takeaway,103,Emily
2024-07-15,6:30:00 PM,Bourbon BBQ Burger,Entree,10,22,220,Cash,Takeaway,101,Sarah
2024-03-04,5:15:00 PM,Caesar Salad,Appetizer,8,10,80,Credit Card,Delivery,103,Emily
2024-09-17,10:45:00 PM,Bourbon BBQ Burger,Entree,6,22,132,Mobile Payment,Dine-In,104,Carlos
2024-08-05,10:15:00 PM,Caesar Salad,Appetizer,9,10,90,Cash,Takeaway,101,Sarah
2024-12-23,9:15:00 PM,Shrimp Cocktail,Appetizer,11,14,154,Credit Card,Delivery,102,Jake
2024-05-10,2:15:00 PM,Ribeye Steak,Entree,2,35,70,Cash,Delivery,104,Carlos
2024-07-22,10:00:00 PM,Cabernet Sauvignon,Beverage,3,16,48,Credit Card,Dine-In,104,Carlos
2024-05-09,10:30:00 PM,Cabernet Sauvignon,Beverage,11,16,176,Mobile Payment,Takeaway,105,Nina
2024-06-06,10:45:00 PM,Truffle Fries,Side,2,8,16,Cash,Delivery,105,Nina
2024-06-25,1:30:00 PM,Truffle Fries,Side,2,8,16,Mobile Payment,Takeaway,103,Emily
2024-01-04,1:45:00 PM,Ribeye Steak,Entree,1,35,35,Cash,Delivery,104,Carlos
2024-09-25,5:30:00 PM,Truffle Fries,Side,7,8,56,Cash,Dine-In,103,Emily
2024-04-05,10:15:00 PM,Caesar Salad,Appetizer,9,10,90,Cash,Delivery,101,Sarah
2024-08-18,8:15:00 PM,New York Strip,Entree,4,38,152,Cash,Delivery,102,Jake
2024-04-08,3:45:00 PM,Old Fashioned,Beverage,5,12,60,Cash,Delivery,102,Jake
2024-02-10,3:00:00 PM,Grilled Asparagus,Side,2,8,16,Credit Card,Dine-In,103,Emily
2024-01-16,8:15:00 PM,Old Fashioned,Beverage,8,12,96,Mobile Payment,Dine-In,101,Sarah
2024-02-01,3:00:00 PM,Bourbon BBQ Burger,Entree,4,22,88,Cash,Dine-In,102,Jake
2024-09-24,11:45:00 AM,Chocolate Lava Cake,Dessert,5,9,45,Credit Card,Takeaway,104,Carlos
2024-06-21,8:45:00 PM,Mashed Potatoes,Side,6,7,42,Mobile Payment,Takeaway,103,Emily
2024-05-02,4:45:00 PM,Grilled Asparagus,Side,5,8,40,Cash,Takeaway,103,Emily
2024-02-21,11:45:00 AM,Truffle Fries,Side,3,8,24,Mobile Payment,Dine-In,101,Sarah
2024-11-04,12:30:00 PM,Truffle Fries,Side,2,8,16,Credit Card,Takeaway,105,Nina
2024-12-17,9:45:00 PM,Cabernet Sauvignon,Beverage,10,16,160,Mobile Payment,Dine-In,101,Sarah
2024-11-22,4:00:00 PM,Bourbon BBQ Burger,Entree,5,22,110,Cash,Delivery,103,Emily
2024-12-13,6:15:00 PM,Chocolate Lava Cake,Dessert,9,9,81,Credit Card,Delivery,105,Nina
2024-02-11,4:45:00 PM,Old Fashioned,Beverage,1,12,12,Mobile Payment,Takeaway,103,Emily
2024-11-06,2:15:00 PM,Cabernet Sauvignon,Beverage,5,16,80,Mobile Payment,Delivery,101,Sarah
2024-03-06,6:00:00 PM,Shrimp Cocktail,Appetizer,12,14,168,Credit Card,Dine-In,104,Carlos
2024-02-29,6:15:00 PM,Caesar Salad,Appetizer,4,10,40,Cash,Delivery,101,Sarah
2024-02-24,5:00:00 PM,New York Strip,Entree,5,38,190,Credit Card,Takeaway,102,Jake
2024-05-11,9:45:00 PM,Bourbon BBQ Burger,Entree,2,22,44,Mobile Payment,Dine-In,105,Nina
2024-11-20,10:45:00 PM,Filet Mignon,Entree,7,42,294,Cash,Delivery,105,Nina
2024-02-03,9:30:00 PM,Grilled Asparagus,Side,7,8,56,Mobile Payment,Delivery,105,Nina
2024-08-11,2:15:00 PM,Shrimp Cocktail,Appetizer,1,14,14,Credit Card,Dine-In,101,Sarah
2024-02-15,4:15:00 PM,Truffle Fries,Side,1,8,8,Mobile Payment,Takeaway,102,Jake
2024-06-09,5:00:00 PM,Shrimp Cocktail,Appetizer,2,14,28,Mobile Payment,Delivery,102,Jake
2024-07-17,5:30:00 PM,Mashed Potatoes,Side,3,7,21,Mobile Payment,Delivery,105,Nina
2024-10-29,2:00:00 PM,Grilled Asparagus,Side,1,8,8,Mobile Payment,Takeaway,103,Emily
2024-03-15,3:15:00 PM,Old Fashioned,Beverage,6,12,72,Cash,Delivery,103,Emily
2024-03-15,10:00:00 PM,Chocolate Lava Cake,Dessert,6,9,54,Credit Card,Delivery,101,Sarah
2024-05-20,10:45:00 PM,Bourbon BBQ Burger,Entree,5,22,110,Credit Card,Takeaway,104,Carlos
2024-01-31,4:15:00 PM,Truffle Fries,Side,2,8,16,Mobile Payment,Dine-In,101,Sarah
2024-04-01,6:45:00 PM,Shrimp Cocktail,Appetizer,4,14,56,Cash,Delivery,104,Carlos
2024-06-21,5:45:00 PM,Mashed Potatoes,Side,9,7,63,Credit Card,Dine-In,105,Nina
2024-05-24,3:15:00 PM,Truffle Fries,Side,8,8,64,Credit Card,Dine-In,102,Jake
2024-06-14,8:00:00 PM,Truffle Fries,Side,5,8,40,Credit Card,Delivery,102,Jake
2024-10-22,1:45:00 PM,Truffle Fries,Side,3,8,24,Credit Card,Dine-In,102,Jake
2024-04-21,10:15:00 PM,Truffle Fries,Side,2,8,16,Credit Card,Delivery,105,Nina
2024-02-22,9:15:00 PM,Grilled Asparagus,Side,10,8,80,Mobile Payment,Dine-In,101,Sarah
2024-02-19,4:45:00 PM,New York Strip,Entree,1,38,38,Cash,Delivery,103,Emily
2024-10-30,5:15:00 PM,Bourbon BBQ Burger,Entree,8,22,176,Cash,Dine-In,101,Sarah
2024-05-03,5:45:00 PM,Shrimp Cocktail,Appetizer,9,14,126,Cash,Delivery,104,Carlos
2024-12-20,9:00:00 PM,Old Fashioned,Beverage,7,12,84,Credit Card,Delivery,104,Carlos
2024-07-07,11:00:00 AM,Filet Mignon,Entree,1,42,42,Cash,Takeaway,105,Nina
2024-04-25,11:45:00 AM,Shrimp Cocktail,Appetizer,1,14,14,Mobile Payment,Dine-In,104,Carlos
2024-09-04,9:45:00 PM,Shrimp Cocktail,Appetizer,10,14,140,Cash,Dine-In,103,Emily
2024-02-02,10:15:00 PM,Grilled Asparagus,Side,2,8,16,Credit Card,Delivery,105,Nina
2024-09-28,6:00:00 PM,Cabernet Sauvignon,Beverage,10,16,160,Mobile Payment,Delivery,101,Sarah
2024-04-16,9:00:00 PM,New York Strip,Entree,10,38,380,Mobile Payment,Dine-In,101,Sarah
2024-10-11,6:30:00 PM,Filet Mignon,Entree,2,42,84,Cash,Delivery,102,Jake
2024-11-30,1:00:00 PM,Cabernet Sauvignon,Beverage,6,16,96,Cash,Dine-In,101,Sarah
2024-09-16,3:30:00 PM,Cabernet Sauvignon,Beverage,2,16,32,Credit Card,Delivery,101,Sarah
2024-05-07,3:00:00 PM,Cabernet Sauvignon,Beverage,3,16,48,Mobile Payment,Delivery,104,Carlos
2024-03-12,8:45:00 PM,Truffle Fries,Side,7,8,56,Mobile Payment,Takeaway,105,Nina
2024-10-02,7:15:00 PM,Truffle Fries,Side,2,8,16,Mobile Payment,Dine-In,102,Jake
2024-01-19,2:15:00 PM,Shrimp Cocktail,Appetizer,3,14,42,Cash,Delivery,105,Nina
2024-04-20,8:30:00 PM,Shrimp Cocktail,Appetizer,4,14,56,Mobile Payment,Delivery,104,Carlos
2024-02-08,7:30:00 PM,Shrimp Cocktail,Appetizer,7,14,98,Mobile Payment,Dine-In,104,Carlos
2024-08-21,12:30:00 PM,Bourbon BBQ Burger,Entree,3,22,66,Mobile Payment,Dine-In,105,Nina
2024-04-14,12:30:00 PM,Bourbon BBQ Burger,Entree,2,22,44,Mobile Payment,Takeaway,105,Nina
2024-12-02,9:15:00 PM,Grilled Asparagus,Side,4,8,32,Credit Card,Takeaway,104,Carlos
2024-01-14,8:15:00 PM,Filet Mignon,Entree,6,42,252,Cash,Delivery,101,Sarah
2024-12-16,7:45:00 PM,Filet Mignon,Entree,5,42,210,Mobile Payment,Dine-In,103,Emily
2024-06-19,3:15:00 PM,Caesar Salad,Appetizer,3,10,30,Cash,Dine-In,104,Carlos
2024-04-23,5:00:00 PM,Filet Mignon,Entree,5,42,210,Mobile Payment,Delivery,103,Emily
2024-10-28,6:00:00 PM,Cabernet Sauvignon,Beverage,6,16,96,Mobile Payment,Delivery,103,Emily
2024-10-09,3:00:00 PM,Ribeye Steak,Entree,2,35,70,Credit Card,Takeaway,102,Jake
2024-06-25,10:45:00 PM,Old Fashioned,Beverage,8,12,96,Cash,Takeaway,101,Sarah
2024-12-17,7:15:00 PM,Bourbon BBQ Burger,Entree,4,22,88,Cash,Takeaway,105,Nina
2024-05-16,11:30:00 AM,Truffle Fries,Side,2,8,16,Mobile Payment,Delivery,104,Carlos
2024-12-27,6:15:00 PM,Old Fashioned,Beverage,5,12,60,Credit Card,Delivery,103,Emily
2024-05-21,5:15:00 PM,Shrimp Cocktail,Appetizer,2,14,28,Credit Card,Takeaway,103,Emily
2024-02-16,9:00:00 PM,Filet Mignon,Entree,4,42,168,Cash,Dine-In,105,Nina
2024-01-30,12:30:00 PM,Cabernet Sauvignon,Beverage,3,16,48,Cash,Takeaway,105,Nina
2024-03-10,6:45:00 PM,Cabernet Sauvignon,Beverage,9,16,144,Mobile Payment,Dine-In,104,Carlos
2024-01-08,8:15:00 PM,Truffle Fries,Side,2,8,16,Mobile Payment,Takeaway,105,Nina
2024-06-25,2:00:00 PM,Chocolate Lava Cake,Dessert,4,9,36,Cash,Delivery,105,Nina
2024-04-25,1:00:00 PM,Mashed Potatoes,Side,2,7,14,Mobile Payment,Takeaway,101,Sarah
2024-08-04,6:45:00 PM,New York Strip,Entree,5,38,190,Cash,Takeaway,102,Jake
2024-10-03,12:30:00 PM,Shrimp Cocktail,Appetizer,4,14,56,Credit Card,Takeaway,102,Jake
2024-01-02,10:45:00 PM,Caesar Salad,Appetizer,6,10,60,Mobile Payment,Delivery,101,Sarah
2024-08-25,8:45:00 PM,Ribeye Steak,Entree,6,35,210,Cash,Delivery,104,Carlos
2024-06-17,3:30:00 PM,Filet Mignon,Entree,1,42,42,Credit Card,Delivery,102,Jake
2024-07-24,4:00:00 PM,Filet Mignon,Entree,4,42,168,Credit Card,Dine-In,101,Sarah
2024-09-27,7:15:00 PM,Grilled Asparagus,Side,2,8,16,Credit Card,Dine-In,102,Jake
2024-12-02,3:15:00 PM,Old Fashioned,Beverage,4,12,48,Credit Card,Takeaway,103,Emily
2024-08-07,1:30:00 PM,Filet Mignon,Entree,5,42,210,Mobile Payment,Takeaway,102,Jake
2024-03-12,4:45:00 PM,Ribeye Steak,Entree,2,35,70,Mobile Payment,Dine-In,101,Sarah
2024-04-07,3:00:00 PM,New York Strip,Entree,5,38,190,Credit Card,Delivery,103,Emily
2024-01-17,1:15:00 PM,Old Fashioned,Beverage,4,12,48,Cash,Takeaway,104,Carlos
2024-10-08,6:15:00 PM,Mashed Potatoes,Side,9,7,63,Mobile Payment,Delivery,104,Carlos
2024-03-08,12:00:00 PM,Ribeye Steak,Entree,3,35,105,Cash,Takeaway,105,Nina
2024-01-07,9:15:00 PM,Ribeye Steak,Entree,5,35,175,Credit Card,Delivery,101,Sarah
2024-08-10,6:30:00 PM,Shrimp Cocktail,Appetizer,9,14,126,Cash,Takeaway,102,Jake
2024-11-12,1:15:00 PM,Caesar Salad,Appetizer,2,10,20,Cash,Takeaway,102,Jake
2024-12-07,5:15:00 PM,Old Fashioned,Beverage,2,12,24,Mobile Payment,Delivery,105,Nina
2024-11-08,1:15:00 PM,Chocolate Lava Cake,Dessert,3,9,27,Cash,Dine-In,102,Jake
2024-07-24,11:30:00 AM,Caesar Salad,Appetizer,2,10,20,Credit Card,Dine-In,105,Nina
2024-04-12,12:00:00 PM,Grilled Asparagus,Side,6,8,48,Mobile Payment,Takeaway,102,Jake
2024-04-23,4:45:00 PM,Old Fashioned,Beverage,1,12,12,Mobile Payment,Takeaway,101,Sarah
2024-06-04,12:30:00 PM,Mashed Potatoes,Side,3,7,21,Credit Card,Delivery,104,Carlos
2024-05-06,4:00:00 PM,New York Strip,Entree,1,38,38,Cash,Dine-In,103,Emily
2024-04-18,3:45:00 PM,Shrimp Cocktail,Appetizer,5,14,70,Cash,Takeaway,102,Jake
2024-05-09,6:30:00 PM,Mashed Potatoes,Side,7,7,49,Cash,Dine-In,101,Sarah
2024-12-15,7:15:00 PM,Mashed Potatoes,Side,6,7,42,Mobile Payment,Takeaway,105,Nina
2024-09-27,8:30:00 PM,Caesar Salad,Appetizer,6,10,60,Cash,Delivery,104,Carlos
2024-02-14,12:15:00 PM,Bourbon BBQ Burger,Entree,6,22,132,Cash,Dine-In,105,Nina
2024-12-01,2:15:00 PM,Truffle Fries,Side,5,8,40,Cash,Dine-In,105,Nina
2024-11-12,4:30:00 PM,Truffle Fries,Side,5,8,40,Cash,Delivery,102,Jake
2024-01-23,1:15:00 PM,Grilled Asparagus,Side,6,8,48,Mobile Payment,Takeaway,105,Nina
2024-06-26,4:45:00 PM,Bourbon BBQ Burger,Entree,1,22,22,Credit Card,Dine-In,104,Carlos
2024-08-02,7:00:00 PM,New York Strip,Entree,11,38,418,Credit Card,Delivery,102,Jake
2024-05-28,11:00:00 AM,Truffle Fries,Side,2,8,16,Mobile Payment,Takeaway,104,Carlos
2024-12-16,7:00:00 PM,New York Strip,Entree,7,38,266,Mobile Payment,Takeaway,105,Nina
2024-07-18,5:30:00 PM,Caesar Salad,Appetizer,4,10,40,Cash,Dine-In,105,Nina
2024-04-21,8:00:00 PM,Cabernet Sauvignon,Beverage,6,16,96,Mobile Payment,Delivery,105,Nina
2024-05-12,3:15:00 PM,Shrimp Cocktail,Appetizer,4.5,14,63,Mobile Payment,Dine-In,102,Jake
2024-04-24,11:15:00 AM,Shrimp Cocktail,Appetizer,1,14,14,Mobile Payment,Dine-In,103,Emily
2024-03-09,3:00:00 PM,Bourbon BBQ Burger,Entree,3,22,66,Cash,Delivery,101,Sarah
2024-01-01,9:30:00 PM,Bourbon BBQ Burger,Entree,12,22,264,Credit Card,Takeaway,101,Sarah
2024-12-27,7:30:00 PM,Truffle Fries,Side,4,8,32,Credit Card,Delivery,103,Emily
2024-06-15,11:00:00 AM,Mashed Potatoes,Side,4,7,28,Mobile Payment,Takeaway,102,Jake
2024-05-11,11:00:00 AM,Truffle Fries,Side,8,8,64,Mobile Payment,Takeaway,105,Nina
2024-10-09,2:45:00 PM,Caesar Salad,Appetizer,3,10,30,Credit Card,Dine-In,105,Nina
2024-11-18,5:15:00 PM,Old Fashioned,Beverage,4,12,48,Mobile Payment,Delivery,104,Carlos
2024-07-07,1:45:00 PM,Filet Mignon,Entree,5,42,210,Cash,Takeaway,102,Jake
2024-03-31,2:45:00 PM,Truffle Fries,Side,2,8,16,Mobile Payment,Takeaway,101,Sarah
2024-06-07,1:15:00 PM,Grilled Asparagus,Side,7,8,56,Cash,Dine-In,102,Jake
2024-02-06,5:15:00 PM,Old Fashioned,Beverage,7,12,84,Cash,Delivery,105,Nina
2024-03-11,10:00:00 PM,Chocolate Lava Cake,Dessert,2,9,18,Credit Card,Takeaway,101,Sarah
2024-02-26,11:00:00 AM,New York Strip,Entree,2,38,76,Cash,Takeaway,102,Jake
2024-11-17,8:00:00 PM,Ribeye Steak,Entree,2,35,70,Mobile Payment,Delivery,103,Emily
2024-12-28,12:15:00 PM,New York Strip,Entree,7,38,266,Mobile Payment,Takeaway,102,Jake
2024-06-06,4:45:00 PM,New York Strip,Entree,2,38,76,Cash,Delivery,103,Emily
2024-11-17,7:00:00 PM,Ribeye Steak,Entree,2,35,70,Cash,Delivery,103,Emily
2024-02-22,7:45:00 PM,New York Strip,Entree,2,38,76,Cash,Dine-In,102,Jake
2024-08-06,5:15:00 PM,Mashed Potatoes,Side,7,7,49,Cash,Delivery,104,Carlos
2024-12-17,10:00:00 PM,Old Fashioned,Beverage,4,12,48,Cash,Dine-In,101,Sarah
2024-05-24,4:00:00 PM,Chocolate Lava Cake,Dessert,5,9,45,Cash,Takeaway,101,Sarah
2024-01-23,8:15:00 PM,New York Strip,Entree,7,38,266,Mobile Payment,Takeaway,105,Nina
2024-04-02,9:45:00 PM,New York Strip,Entree,6,38,228,Mobile Payment,Takeaway,103,Emily
2024-02-23,3:45:00 PM,Bourbon BBQ Burger,Entree,5,22,110,Credit Card,Delivery,101,Sarah
2024-01-02,1:15:00 PM,Mashed Potatoes,Side,2,7,14,Credit Card,Takeaway,104,Carlos
2024-02-04,12:45:00 PM,Truffle Fries,Side,4,8,32,Cash,Dine-In,103,Emily
2024-03-06,1:45:00 PM,Mashed Potatoes,Side,3,7,21,Credit Card,Takeaway,104,Carlos
2024-12-21,5:30:00 PM,New York Strip,Entree,5,38,190,Credit Card,Takeaway,105,Nina
2024-09-11,7:45:00 PM,Cabernet Sauvignon,Beverage,10,16,160,Cash,Takeaway,101,Sarah
2024-10-24,10:45:00 PM,Cabernet Sauvignon,Beverage,8,16,128,Mobile Payment,Delivery,102,Jake
2024-12-25,12:15:00 PM,Mashed Potatoes,Side,1,7,7,Cash,Dine-In,103,Emily
2024-10-12,6:15:00 PM,Filet Mignon,Entree,2,42,84,Credit Card,Takeaway,102,Jake
2024-05-30,6:15:00 PM,Cabernet Sauvignon,Beverage,7,16,112,Cash,Dine-In,102,Jake
2024-01-29,10:15:00 PM,Filet Mignon,Entree,4,42,168,Credit Card,Delivery,101,Sarah
2024-12-22,5:30:00 PM,Ribeye Steak,Entree,2,35,70,Mobile Payment,Delivery,101,Sarah
2024-09-01,8:15:00 PM,Ribeye Steak,Entree,4,35,140,Credit Card,Dine-In,101,Sarah
2024-05-05,12:00:00 PM,Chocolate Lava Cake,Dessert,4,9,36,Cash,Dine-In,104,Carlos
2024-03-12,10:30:00 PM,Old Fashioned,Beverage,8,12,96,Mobile Payment,Takeaway,104,Carlos
2024-11-26,10:00:00 PM,Shrimp Cocktail,Appetizer,2,14,28,Cash,Dine-In,101,Sarah
2024-11-05,1:15:00 PM,Ribeye Steak,Entree,4,35,140,Credit Card,Delivery,104,Carlos
2024-10-10,10:30:00 PM,Chocolate Lava Cake,Dessert,11,9,99,Credit Card,Delivery,102,Jake
2024-08-04,1:30:00 PM,Filet Mignon,Entree,6,42,252,Credit Card,Dine-In,102,Jake
2024-07-24,8:00:00 PM,Caesar Salad,Appetizer,7,10,70,Cash,Delivery,105,Nina
2024-11-05,12:45:00 PM,Old Fashioned,Beverage,3,12,36,Mobile Payment,Delivery,104,Carlos
2024-07-13,1:00:00 PM,Mashed Potatoes,Side,8,7,56,Cash,Takeaway,101,Sarah
2024-02-23,12:30:00 PM,Chocolate Lava Cake,Dessert,5,9,45,Cash,Dine-In,103,Emily
2024-03-24,7:00:00 PM,Filet Mignon,Entree,5,42,210,Mobile Payment,Dine-In,103,Emily
2024-04-06,7:15:00 PM,Bourbon BBQ Burger,Entree,2,22,44,Cash,Takeaway,101,Sarah
2024-10-18,8:00:00 PM,Chocolate Lava Cake,Dessert,7,9,63,Cash,Dine-In,103,Emily
2024-02-17,3:00:00 PM,Mashed Potatoes,Side,6,7,42,Credit Card,Delivery,102,Jake
2024-06-10,5:30:00 PM,New York Strip,Entree,2,38,76,Credit Card,Takeaway,105,Nina
2024-02-21,7:15:00 PM,Ribeye Steak,Entree,9,35,315,Credit Card,Takeaway,105,Nina
2024-01-20,3:15:00 PM,New York Strip,Entree,6,38,228,Cash,Delivery,101,Sarah
2024-04-28,2:15:00 PM,Truffle Fries,Side,2,8,16,Mobile Payment,Delivery,105,Nina
2024-11-29,7:30:00 PM,Old Fashioned,Beverage,3,12,36,Credit Card,Takeaway,103,Emily
2024-11-15,5:00:00 PM,Truffle Fries,Side,7,8,56,Cash,Dine-In,105,Nina
2024-11-06,12:15:00 PM,Chocolate Lava Cake,Dessert,4,9,36,Cash,Dine-In,102,Jake
2024-06-07,7:00:00 PM,Old Fashioned,Beverage,2,12,24,Credit Card,Takeaway,102,Jake
2024-05-31,1:00:00 PM,Shrimp Cocktail,Appetizer,7,14,98,Credit Card,Takeaway,101,Sarah
2024-02-06,1:45:00 PM,Shrimp Cocktail,Appetizer,4,14,56,Credit Card,Takeaway,102,Jake
2024-03-04,8:45:00 PM,Ribeye Steak,Entree,6,35,210,Credit Card,Takeaway,104,Carlos
2024-11-13,9:15:00 PM,Old Fashioned,Beverage,7,12,84,Mobile Payment,Delivery,103,Emily
2024-07-10,12:45:00 PM,Cabernet Sauvignon,Beverage,4,16,64,Credit Card,Delivery,101,Sarah
2024-11-13,9:00:00 PM,Truffle Fries,Side,4,8,32,Mobile Payment,Delivery,101,Sarah
2024-03-20,12:30:00 PM,Grilled Asparagus,Side,2,8,16,Mobile Payment,Takeaway,101,Sarah
2024-04-24,5:45:00 PM,Bourbon BBQ Burger,Entree,2,22,44,Credit Card,Takeaway,104,Carlos
2024-11-24,7:45:00 PM,Filet Mignon,Entree,2,42,84,Cash,Delivery,101,Sarah
2024-07-22,5:15:00 PM,Grilled Asparagus,Side,7,8,56,Cash,Takeaway,103,Emily
2024-11-05,6:15:00 PM,Truffle Fries,Side,7,8,56,Cash,Takeaway,104,Carlos
2024-01-20,7:15:00 PM,Old Fashioned,Beverage,4,12,48,Mobile Payment,Dine-In,103,Emily
2024-10-17,11:45:00 AM,Ribeye Steak,Entree,3,35,105,Credit Card,Takeaway,102,Jake
2024-01-28,2:00:00 PM,Bourbon BBQ Burger,Entree,4,22,88,Credit Card,Takeaway,102,Jake
2024-02-12,1:00:00 PM,Shrimp Cocktail,Appetizer,3,14,42,Cash,Takeaway,104,Carlos
2024-08-02,7:15:00 PM,Bourbon BBQ Burger,Entree,5,22,110,Cash,Dine-In,101,Sarah
2024-08-07,4:30:00 PM,New York Strip,Entree,2,38,76,Credit Card,Takeaway,104,Carlos
2024-08-31,7:15:00 PM,Truffle Fries,Side,8,8,64,Credit Card,Delivery,105,Nina
2024-07-18,11:15:00 AM,Filet Mignon,Entree,6,42,252,Mobile Payment,Dine-In,103,Emily
2024-12-06,10:30:00 PM,Ribeye Steak,Entree,4,35,140,Credit Card,Dine-In,104,Carlos
2024-06-11,12:45:00 PM,Shrimp Cocktail,Appetizer,6,14,84,Mobile Payment,Dine-In,104,Carlos
2024-03-05,9:45:00 PM,Bourbon BBQ Burger,Entree,10,22,220,Cash,Dine-In,102,Jake
2024-04-06,5:15:00 PM,Chocolate Lava Cake,Dessert,6,9,54,Cash,Takeaway,102,Jake
2024-04-07,9:00:00 PM,Mashed Potatoes,Side,5,7,35,Cash,Takeaway,103,Emily
2024-09-14,12:45:00 PM,Bourbon BBQ Burger,Entree,8,22,176,Credit Card,Takeaway,103,Emily
2024-06-29,7:45:00 PM,Cabernet Sauvignon,Beverage,5,16,80,Cash,Dine-In,104,Carlos
2024-08-07,4:15:00 PM,Cabernet Sauvignon,Beverage,6,16,96,Cash,Delivery,104,Carlos
2024-07-14,3:45:00 PM,Bourbon BBQ Burger,Entree,3,22,66,Mobile Payment,Delivery,101,Sarah
2024-02-14,12:00:00 PM,Bourbon BBQ Burger,Entree,1.2,22,26.4,Mobile Payment,Takeaway,101,Sarah
2024-09-11,10:00:00 PM,Bourbon BBQ Burger,Entree,7,22,154,Mobile Payment,Delivery,101,Sarah
2024-12-07,3:45:00 PM,Caesar Salad,Appetizer,4,10,40,Credit Card,Delivery,104,Carlos
2024-02-28,2:45:00 PM,Filet Mignon,Entree,3,42,126,Credit Card,Takeaway,104,Carlos
2024-01-04,4:15:00 PM,Cabernet Sauvignon,Beverage,3,16,48,Credit Card,Delivery,103,Emily
2024-06-06,5:15:00 PM,Ribeye Steak,Entree,8,35,280,Cash,Dine-In,101,Sarah
2024-03-19,4:30:00 PM,Mashed Potatoes,Side,2,7,14,Mobile Payment,Takeaway,102,Jake
2024-10-11,5:15:00 PM,Chocolate Lava Cake,Dessert,9,9,81,Cash,Delivery,104,Carlos
2024-03-06,9:45:00 PM,Truffle Fries,Side,4,8,32,Credit Card,Takeaway,105,Nina
2024-03-22,5:15:00 PM,Filet Mignon,Entree,5,42,210,Mobile Payment,Dine-In,105,Nina
2024-07-19,9:30:00 PM,Cabernet Sauvignon,Beverage,4,16,64,Credit Card,Dine-In,101,Sarah
2024-02-17,11:45:00 AM,Ribeye Steak,Entree,10,35,350,Cash,Dine-In,105,Nina
2024-12-28,7:00:00 PM,Chocolate Lava Cake,Dessert,7,9,63,Cash,Delivery,102,Jake
2024-08-20,9:30:00 PM,New York Strip,Entree,4,38,152,Mobile Payment,Dine-In,103,Emily
2024-04-09,7:15:00 PM,Truffle Fries,Side,7,8,56,Credit Card,Delivery,101,Sarah
2024-05-20,12:15:00 PM,Bourbon BBQ Burger,Entree,1,22,22,Mobile Payment,Delivery,101,Sarah
2024-02-26,6:00:00 PM,Filet Mignon,Entree,3,42,126,Credit Card,Takeaway,102,Jake
2024-02-17,12:45:00 PM,Mashed Potatoes,Side,3,7,21,Credit Card,Dine-In,104,Carlos
2024-01-12,5:00:00 PM,Old Fashioned,Beverage,2,12,24,Cash,Delivery,104,Carlos
2024-07-11,4:45:00 PM,New York Strip,Entree,2,38,76,Credit Card,Dine-In,102,Jake
2024-12-03,8:00:00 PM,Filet Mignon,Entree,5,42,210,Credit Card,Takeaway,105,Nina
2024-11-03,7:00:00 PM,New York Strip,Entree,9,38,342,Mobile Payment,Takeaway,101,Sarah
2024-04-08,8:00:00 PM,Cabernet Sauvignon,Beverage,2,16,32,Mobile Payment,Delivery,102,Jake
2024-04-20,4:00:00 PM,Caesar Salad,Appetizer,2,10,20,Credit Card,Dine-In,102,Jake
2024-02-12,10:15:00 PM,Shrimp Cocktail,Appetizer,6,14,84,Credit Card,Dine-In,101,Sarah
2024-06-27,10:30:00 PM,Old Fashioned,Beverage,8,12,96,Credit Card,Delivery,104,Carlos
2024-04-08,3:15:00 PM,Caesar Salad,Appetizer,3,10,30,Credit Card,Dine-In,105,Nina
2024-10-27,3:15:00 PM,Caesar Salad,Appetizer,4,10,40,Credit Card,Takeaway,104,Carlos
2024-11-01,10:30:00 PM,Mashed Potatoes,Side,10,7,70,Cash,Delivery,104,Carlos
2024-08-07,2:30:00 PM,Mashed Potatoes,Side,1,7,7,Credit Card,Dine-In,101,Sarah
2024-09-18,3:45:00 PM,Shrimp Cocktail,Appetizer,5,14,70,Mobile Payment,Delivery,103,Emily
2024-07-22,11:00:00 AM,New York Strip,Entree,3,38,114,Credit Card,Dine-In,103,Emily
2024-05-05,12:15:00 PM,Bourbon BBQ Burger,Entree,2,22,44,Credit Card,Dine-In,103,Emily
2024-03-03,11:30:00 AM,Truffle Fries,Side,1,8,8,Mobile Payment,Takeaway,102,Jake
2024-08-26,8:30:00 PM,Caesar Salad,Appetizer,12,10,120,Cash,Takeaway,103,Emily
2024-11-04,2:15:00 PM,Filet Mignon,Entree,6,42,252,Credit Card,Delivery,105,Nina
2024-12-09,12:45:00 PM,Bourbon BBQ Burger,Entree,4,22,88,Credit Card,Takeaway,102,Jake
2024-04-10,11:45:00 AM,Old Fashioned,Beverage,1,12,12,Credit Card,Takeaway,101,Sarah
2024-03-04,6:15:00 PM,Chocolate Lava Cake,Dessert,5,9,45,Mobile Payment,Takeaway,102,Jake
2024-10-22,11:30:00 AM,Ribeye Steak,Entree,4,35,140,Cash,Takeaway,103,Emily
2024-03-08,5:00:00 PM,Cabernet Sauvignon,Beverage,9,16,144,Cash,Takeaway,101,Sarah
2024-02-05,6:00:00 PM,Grilled Asparagus,Side,7,8,56,Credit Card,Takeaway,103,Emily
2024-07-23,12:30:00 PM,Old Fashioned,Beverage,5,12,60,Cash,Takeaway,103,Emily
2024-12-22,6:45:00 PM,Bourbon BBQ Burger,Entree,2,22,44,Credit Card,Delivery,101,Sarah
2024-01-15,2:00:00 PM,Ribeye Steak,Entree,2,35,70,Cash,Takeaway,104,Carlos
2024-04-25,1:00:00 PM,Caesar Salad,Appetizer,3,10,30,Mobile Payment,Dine-In,101,Sarah
2024-05-12,11:00:00 AM,Ribeye Steak,Entree,4.5,35,157.5,Cash,Takeaway,103,Emily
2024-12-18,8:45:00 PM,Shrimp Cocktail,Appetizer,4,14,56,Cash,Delivery,104,Carlos
2024-03-02,1:30:00 PM,New York Strip,Entree,9,38,342,Credit Card,Delivery,104,Carlos
2024-12-08,12:15:00 PM,Chocolate Lava Cake,Dessert,4,9,36,Mobile Payment,Takeaway,103,Emily
2024-06-13,10:45:00 PM,Caesar Salad,Appetizer,2,10,20,Credit Card,Takeaway,101,Sarah
2024-06-29,7:15:00 PM,Bourbon BBQ Burger,Entree,5,22,110,Mobile Payment,Dine-In,101,Sarah
2024-09-10,11:15:00 AM,Ribeye Steak,Entree,2,35,70,Credit Card,Takeaway,102,Jake
2024-09-06,12:30:00 PM,Caesar Salad,Appetizer,9,10,90,Mobile Payment,Delivery,103,Emily
2024-06-08,10:45:00 PM,Bourbon BBQ Burger,Entree,4,22,88,Mobile Payment,Dine-In,102,Jake
2024-04-22,4:45:00 PM,Old Fashioned,Beverage,4,12,48,Mobile Payment,Dine-In,104,Carlos
2024-04-06,12:30:00 PM,Grilled Asparagus,Side,4,8,32,Mobile Payment,Takeaway,105,Nina
2024-11-27,12:15:00 PM,Old Fashioned,Beverage,1,12,12,Mobile Payment,Dine-In,102,Jake
2024-01-09,6:15:00 PM,Shrimp Cocktail,Appetizer,2,14,28,Credit Card,Delivery,105,Nina
2024-08-19,4:30:00 PM,Filet Mignon,Entree,5,42,210,Cash,Takeaway,104,Carlos
2024-04-18,1:45:00 PM,Cabernet Sauvignon,Beverage,4,16,64,Mobile Payment,Takeaway,101,Sarah
2024-08-13,3:30:00 PM,Filet Mignon,Entree,1,42,42,Mobile Payment,Takeaway,104,Carlos
2024-04-09,3:15:00 PM,Grilled Asparagus,Side,2,8,16,Mobile Payment,Takeaway,105,Nina
2024-11-07,6:45:00 PM,Filet Mignon,Entree,2,42,84,Mobile Payment,Dine-In,101,Sarah
2024-04-22,12:00:00 PM,Ribeye Steak,Entree,6,35,210,Credit Card,Dine-In,101,Sarah
2024-09-29,12:30:00 PM,Caesar Salad,Appetizer,5,10,50,Mobile Payment,Delivery,104,Carlos
2024-07-19,5:00:00 PM,Caesar Salad,Appetizer,7,10,70,Credit Card,Dine-In,102,Jake
2024-04-14,4:30:00 PM,Truffle Fries,Side,6,8,48,Credit Card,Delivery,101,Sarah
2024-02-18,1:45:00 PM,Truffle Fries,Side,3,8,24,Mobile Payment,Dine-In,102,Jake
2024-06-10,9:00:00 PM,New York Strip,Entree,4,38,152,Credit Card,Takeaway,102,Jake
2024-01-07,9:45:00 PM,Grilled Asparagus,Side,7,8,56,Cash,Dine-In,103,Emily
2024-02-09,1:00:00 PM,Chocolate Lava Cake,Dessert,4,9,36,Credit Card,Delivery,101,Sarah
2024-09-07,2:45:00 PM,Filet Mignon,Entree,2,42,84,Cash,Delivery,103,Emily
2024-04-26,7:15:00 PM,New York Strip,Entree,2,38,76,Cash,Takeaway,103,Emily
2024-08-19,6:30:00 PM,Cabernet Sauvignon,Beverage,6,16,96,Mobile Payment,Takeaway,103,Emily
2024-07-05,6:00:00 PM,Mashed Potatoes,Side,5,7,35,Mobile Payment,Takeaway,105,Nina
2024-12-05,8:45:00 PM,Filet Mignon,Entree,6,42,252,Mobile Payment,Delivery,101,Sarah
2024-03-16,5:15:00 PM,Bourbon BBQ Burger,Entree,4,22,88,Credit Card,Takeaway,101,Sarah
2024-05-05,8:45:00 PM,Mashed Potatoes,Side,4,7,28,Mobile Payment,Dine-In,102,Jake
2024-07-12,9:00:00 PM,Shrimp Cocktail,Appetizer,8,14,112,Credit Card,Delivery,102,Jake
2024-05-15,9:30:00 PM,Mashed Potatoes,Side,7,7,49,Mobile Payment,Takeaway,103,Emily
2024-06-07,2:00:00 PM,Chocolate Lava Cake,Dessert,9,9,81,Mobile Payment,Takeaway,105,Nina
2024-03-03,5:45:00 PM,Chocolate Lava Cake,Dessert,6,9,54,Credit Card,Dine-In,101,Sarah
2024-09-12,9:15:00 PM,Old Fashioned,Beverage,4,12,48,Mobile Payment,Takeaway,105,Nina
2024-10-12,9:15:00 PM,Shrimp Cocktail,Appetizer,6,14,84,Credit Card,Dine-In,103,Emily
2024-01-08,6:00:00 PM,Caesar Salad,Appetizer,6,10,60,Mobile Payment,Dine-In,101,Sarah
2024-09-07,3:00:00 PM,Grilled Asparagus,Side,6,8,48,Mobile Payment,Dine-In,101,Sarah
2024-05-08,1:30:00 PM,Shrimp Cocktail,Appetizer,6,14,84,Mobile Payment,Delivery,102,Jake
2024-02-14,10:30:00 PM,New York Strip,Entree,3.6,38,136.8,Credit Card,Delivery,101,Sarah
2024-05-28,2:00:00 PM,Old Fashioned,Beverage,3,12,36,Cash,Delivery,104,Carlos
2024-08-04,5:00:00 PM,Shrimp Cocktail,Appetizer,7,14,98,Mobile Payment,Takeaway,102,Jake
2024-10-15,5:30:00 PM,Chocolate Lava Cake,Dessert,3,9,27,Mobile Payment,Dine-In,103,Emily
2024-03-10,5:15:00 PM,Shrimp Cocktail,Appetizer,6,14,84,Cash,Takeaway,105,Nina
2024-11-17,6:15:00 PM,Grilled Asparagus,Side,9,8,72,Cash,Dine-In,105,Nina
2024-08-14,10:30:00 PM,Cabernet Sauvignon,Beverage,6,16,96,Credit Card,Takeaway,104,Carlos
2024-08-26,5:45:00 PM,Old Fashioned,Beverage,2,12,24,Mobile Payment,Dine-In,104,Carlos
2024-02-15,1:30:00 PM,Caesar Salad,Appetizer,5,10,50,Mobile Payment,Takeaway,102,Jake
2024-11-13,7:30:00 PM,Ribeye Steak,Entree,7,35,245,Cash,Takeaway,101,Sarah
2024-08-24,7:45:00 PM,Ribeye Steak,Entree,2,35,70,Cash,Takeaway,101,Sarah
2024-06-19,8:00:00 PM,Shrimp Cocktail,Appetizer,11,14,154,Credit Card,Delivery,103,Emily
2024-02-01,12:00:00 PM,Truffle Fries,Side,2,8,16,Mobile Payment,Dine-In,105,Nina
2024-09-10,1:15:00 PM,Bourbon BBQ Burger,Entree,2,22,44,Credit Card,Delivery,103,Emily
2024-01-04,6:15:00 PM,Filet Mignon,Entree,2,42,84,Cash,Dine-In,105,Nina
2024-03-02,7:00:00 PM,Caesar Salad,Appetizer,4,10,40,Cash,Takeaway,101,Sarah
2024-09-15,6:45:00 PM,Ribeye Steak,Entree,2,35,70,Credit Card,Takeaway,104,Carlos
2024-04-04,2:30:00 PM,Chocolate Lava Cake,Dessert,3,9,27,Mobile Payment,Delivery,101,Sarah
2024-08-09,1:00:00 PM,New York Strip,Entree,3,38,114,Mobile Payment,Delivery,102,Jake
2024-03-28,7:15:00 PM,Old Fashioned,Beverage,9,12,108,Credit Card,Takeaway,101,Sarah
2024-10-28,6:30:00 PM,Bourbon BBQ Burger,Entree,7,22,154,Credit Card,Takeaway,101,Sarah
2024-08-25,5:45:00 PM,New York Strip,Entree,2,38,76,Credit Card,Takeaway,101,Sarah
2024-10-15,5:00:00 PM,Chocolate Lava Cake,Dessert,5,9,45,Cash,Delivery,105,Nina
2024-08-15,11:30:00 AM,New York Strip,Entree,3,38,114,Mobile Payment,Takeaway,103,Emily
2024-01-05,1:30:00 PM,Cabernet Sauvignon,Beverage,7,16,112,Cash,Takeaway,105,Nina
2024-07-18,7:00:00 PM,New York Strip,Entree,4,38,152,Credit Card,Delivery,105,Nina
2024-06-22,6:15:00 PM,Shrimp Cocktail,Appetizer,6,14,84,Credit Card,Dine-In,104,Carlos
2024-07-11,6:15:00 PM,Chocolate Lava Cake,Dessert,10,9,90,Mobile Payment,Delivery,103,Emily
2024-03-07,10:30:00 PM,Chocolate Lava Cake,Dessert,9,9,81,Credit Card,Delivery,105,Nina
2024-07-25,12:00:00 PM,Ribeye Steak,Entree,2,35,70,Cash,Dine-In,101,Sarah
2024-09-12,9:45:00 PM,Mashed Potatoes,Side,5,7,35,Mobile Payment,Dine-In,101,Sarah
2024-03-30,10:45:00 PM,Grilled Asparagus,Side,2,8,16,Cash,Delivery,103,Emily
2024-02-28,11:00:00 AM,Old Fashioned,Beverage,3,12,36,Mobile Payment,Delivery,101,Sarah
2024-03-30,4:00:00 PM,Truffle Fries,Side,8,8,64,Credit Card,Dine-In,105,Nina
2024-10-11,2:15:00 PM,Shrimp Cocktail,Appetizer,6,14,84,Credit Card,Delivery,103,Emily
2024-04-25,2:15:00 PM,Grilled Asparagus,Side,6,8,48,Cash,Dine-In,105,Nina
2024-01-13,9:00:00 PM,Caesar Salad,Appetizer,2,10,20,Cash,Dine-In,103,Emily
2024-07-27,8:00:00 PM,Mashed Potatoes,Side,3,7,21,Mobile Payment,Delivery,105,Nina
2024-09-11,2:15:00 PM,Chocolate Lava Cake,Dessert,5,9,45,Mobile Payment,Takeaway,103,Emily
2024-11-12,7:15:00 PM,Filet Mignon,Entree,9,42,378,Credit Card,Delivery,104,Carlos
2024-02-06,8:00:00 PM,New York Strip,Entree,9,38,342,Credit Card,Dine-In,101,Sarah
2024-09-12,2:00:00 PM,Chocolate Lava Cake,Dessert,5,9,45,Credit Card,Dine-In,102,Jake
2024-05-28,3:45:00 PM,Truffle Fries,Side,3,8,24,Cash,Dine-In,103,Emily
2024-02-08,7:15:00 PM,Cabernet Sauvignon,Beverage,12,16,192,Mobile Payment,Takeaway,104,Carlos
2024-11-12,11:00:00 AM,Chocolate Lava Cake,Dessert,4,9,36,Credit Card,Delivery,101,Sarah
2024-01-17,4:45:00 PM,Shrimp Cocktail,Appetizer,2,14,28,Credit Card,Dine-In,102,Jake
2024-04-14,7:30:00 PM,Bourbon BBQ Burger,Entree,2,22,44,Cash,Takeaway,101,Sarah
2024-10-15,8:00:00 PM,Mashed Potatoes,Side,2,7,14,Credit Card,Delivery,105,Nina
2024-02-11,7:45:00 PM,New York Strip,Entree,7,38,266,Mobile Payment,Dine-In,101,Sarah
2024-01-19,6:15:00 PM,Bourbon BBQ Burger,Entree,6,22,132,Credit Card,Takeaway,103,Emily
2024-04-26,11:00:00 AM,Ribeye Steak,Entree,2,35,70,Mobile Payment,Delivery,104,Carlos
2024-12-15,9:00:00 PM,Cabernet Sauvignon,Beverage,7,16,112,Cash,Takeaway,104,Carlos
2024-12-22,1:45:00 PM,Truffle Fries,Side,5,8,40,Mobile Payment,Dine-In,101,Sarah
2024-08-12,12:30:00 PM,Mashed Potatoes,Side,2,7,14,Credit Card,Takeaway,101,Sarah
2024-05-01,2:00:00 PM,Chocolate Lava Cake,Dessert,1,9,9,Cash,Takeaway,105,Nina
2024-10-17,11:00:00 AM,Truffle Fries,Side,2,8,16,Cash,Dine-In,101,Sarah
2024-03-05,6:15:00 PM,Shrimp Cocktail,Appetizer,2,14,28,Credit Card,Takeaway,105,Nina
2024-12-01,2:30:00 PM,New York Strip,Entree,4,38,152,Credit Card,Takeaway,101,Sarah
2024-12-02,12:00:00 PM,Shrimp Cocktail,Appetizer,5,14,70,Cash,Takeaway,103,Emily
2024-04-22,6:30:00 PM,Mashed Potatoes,Side,12,7,84,Credit Card,Delivery,102,Jake
2024-09-26,3:30:00 PM,Truffle Fries,Side,5,8,40,Mobile Payment,Dine-In,101,Sarah
2024-06-26,5:45:00 PM,Shrimp Cocktail,Appetizer,2,14,28,Cash,Dine-In,105,Nina
2024-04-28,3:15:00 PM,Filet Mignon,Entree,3,42,126,Mobile Payment,Dine-In,101,Sarah
2024-04-30,10:45:00 PM,Bourbon BBQ Burger,Entree,9,22,198,Cash,Dine-In,104,Carlos
2024-01-18,3:30:00 PM,Chocolate Lava Cake,Dessert,4,9,36,Credit Card,Dine-In,101,Sarah
2024-05-22,8:45:00 PM,Old Fashioned,Beverage,2,12,24,Credit Card,Takeaway,104,Carlos
2024-01-23,2:15:00 PM,Grilled Asparagus,Side,2,8,16,Mobile Payment,Takeaway,105,Nina
2024-01-27,9:30:00 PM,Ribeye Steak,Entree,11,35,385,Credit Card,Dine-In,105,Nina
2024-06-21,3:15:00 PM,Ribeye Steak,Entree,5,35,175,Mobile Payment,Delivery,104,Carlos
2024-08-06,10:00:00 PM,Filet Mignon,Entree,11,42,462,Credit Card,Delivery,103,Emily
2024-09-30,6:45:00 PM,Chocolate Lava Cake,Dessert,12,9,108,Mobile Payment,Takeaway,102,Jake
2024-07-14,6:15:00 PM,New York Strip,Entree,2,38,76,Credit Card,Delivery,103,Emily
2024-02-13,2:30:00 PM,Mashed Potatoes,Side,6,7,42,Credit Card,Dine-In,105,Nina
2024-05-20,4:30:00 PM,Bourbon BBQ Burger,Entree,3,22,66,Mobile Payment,Delivery,101,Sarah
2024-03-04,3:30:00 PM,Shrimp Cocktail,Appetizer,2,14,28,Credit Card,Takeaway,101,Sarah
2024-08-13,11:45:00 AM,Ribeye Steak,Entree,2,35,70,Credit Card,Delivery,105,Nina
2024-04-21,5:00:00 PM,Chocolate Lava Cake,Dessert,2,9,18,Credit Card,Delivery,105,Nina
2024-06-09,12:45:00 PM,New York Strip,Entree,3,38,114,Credit Card,Takeaway,104,Carlos
2024-03-06,2:15:00 PM,New York Strip,Entree,5,38,190,Mobile Payment,Dine-In,102,Jake
2024-02-28,9:00:00 PM,New York Strip,Entree,9,38,342,Credit Card,Delivery,103,Emily
2024-01-22,7:15:00 PM,Ribeye Steak,Entree,6,35,210,Credit Card,Dine-In,103,Emily
2024-10-03,10:00:00 PM,Chocolate Lava Cake,Dessert,5,9,45,Credit Card,Dine-In,101,Sarah
2024-09-16,6:00:00 PM,Cabernet Sauvignon,Beverage,2,16,32,Cash,Dine-In,103,Emily
2024-10-19,4:45:00 PM,Filet Mignon,Entree,7,42,294,Credit Card,Dine-In,101,Sarah
2024-06-16,8:30:00 PM,Mashed Potatoes,Side,9,7,63,Mobile Payment,Takeaway,104,Carlos
2024-05-30,8:00:00 PM,New York Strip,Entree,6,38,228,Cash,Takeaway,102,Jake
2024-10-29,11:00:00 AM,Chocolate Lava Cake,Dessert,2,9,18,Credit Card,Delivery,105,Nina
2024-10-24,10:30:00 PM,Caesar Salad,Appetizer,9,10,90,Mobile Payment,Dine-In,102,Jake
2024-07-14,9:00:00 PM,Filet Mignon,Entree,5,42,210,Mobile Payment,Delivery,105,Nina
2024-11-18,7:45:00 PM,Cabernet Sauvignon,Beverage,2,16,32,Mobile Payment,Dine-In,105,Nina
2024-08-29,9:45:00 PM,Mashed Potatoes,Side,7,7,49,Cash,Delivery,103,Emily
2024-05-04,4:15:00 PM,Mashed Potatoes,Side,4,7,28,Credit Card,Takeaway,101,Sarah
2024-12-20,2:45:00 PM,Truffle Fries,Side,5,8,40,Credit Card,Dine-In,103,Emily
2024-10-13,7:00:00 PM,Mashed Potatoes,Side,7,7,49,Mobile Payment,Dine-In,104,Carlos
2024-08-02,2:15:00 PM,Cabernet Sauvignon,Beverage,3,16,48,Credit Card,Delivery,105,Nina
2024-12-06,1:30:00 PM,Shrimp Cocktail,Appetizer,4,14,56,Credit Card,Dine-In,101,Sarah
2024-07-28,5:15:00 PM,Chocolate Lava Cake,Dessert,9,9,81,Mobile Payment,Dine-In,102,Jake
2024-08-20,11:15:00 AM,Filet Mignon,Entree,4,42,168,Credit Card,Delivery,104,Carlos
2024-02-21,1:00:00 PM,Grilled Asparagus,Side,1,8,8,Mobile Payment,Dine-In,101,Sarah
2024-03-08,7:45:00 PM,Grilled Asparagus,Side,6,8,48,Cash,Takeaway,105,Nina
2024-05-03,10:30:00 PM,Filet Mignon,Entree,6,42,252,Credit Card,Delivery,105,Nina
2024-11-11,12:00:00 PM,Filet Mignon,Entree,3,42,126,Credit Card,Takeaway,104,Carlos
2024-08-11,3:45:00 PM,Truffle Fries,Side,2,8,16,Mobile Payment,Dine-In,105,Nina
2024-09-17,12:15:00 PM,Ribeye Steak,Entree,5,35,175,Mobile Payment,Takeaway,104,Carlos
2024-07-13,4:45:00 PM,New York Strip,Entree,10,38,380,Mobile Payment,Delivery,103,Emily
2024-02-19,2:30:00 PM,Old Fashioned,Beverage,3,12,36,Cash,Delivery,105,Nina
2024-09-25,8:45:00 PM,Shrimp Cocktail,Appetizer,6,14,84,Credit Card,Takeaway,102,Jake
2024-03-14,11:15:00 AM,Grilled Asparagus,Side,6,8,48,Credit Card,Delivery,105,Nina
2024-06-09,12:30:00 PM,Shrimp Cocktail,Appetizer,2,14,28,Cash,Takeaway,103,Emily
2024-09-06,6:15:00 PM,New York Strip,Entree,7,38,266,Credit Card,Delivery,101,Sarah
2024-04-28,9:30:00 PM,New York Strip,Entree,2,38,76,Cash,Delivery,105,Nina
2024-03-27,11:00:00 AM,Cabernet Sauvignon,Beverage,6,16,96,Cash,Dine-In,104,Carlos
2024-01-14,4:15:00 PM,Shrimp Cocktail,Appetizer,5,14,70,Credit Card,Delivery,104,Carlos
2024-09-23,1:45:00 PM,Shrimp Cocktail,Appetizer,1,14,14,Mobile Payment,Delivery,101,Sarah
2024-08-15,5:45:00 PM,Shrimp Cocktail,Appetizer,2,14,28,Cash,Takeaway,101,Sarah
2024-06-30,12:15:00 PM,Truffle Fries,Side,1,8,8,Credit Card,Dine-In,105,Nina
2024-06-20,3:45:00 PM,Bourbon BBQ Burger,Entree,5,22,110,Mobile Payment,Dine-In,103,Emily
2024-01-20,5:00:00 PM,Truffle Fries,Side,11,8,88,Credit Card,Dine-In,105,Nina
2024-12-04,9:00:00 PM,Bourbon BBQ Burger,Entree,2,22,44,Cash,Dine-In,105,Nina
2024-07-11,2:15:00 PM,Shrimp Cocktail,Appetizer,4,14,56,Cash,Takeaway,102,Jake
2024-09-11,3:15:00 PM,Caesar Salad,Appetizer,1,10,10,Mobile Payment,Delivery,102,Jake
2024-01-02,5:00:00 PM,Old Fashioned,Beverage,10,12,120,Mobile Payment,Dine-In,102,Jake
2024-01-20,5:30:00 PM,Chocolate Lava Cake,Dessert,9,9,81,Mobile Payment,Delivery,102,Jake
2024-11-22,4:45:00 PM,Cabernet Sauvignon,Beverage,3,16,48,Credit Card,Dine-In,103,Emily
2024-12-08,6:45:00 PM,Bourbon BBQ Burger,Entree,10,22,220,Mobile Payment,Takeaway,105,Nina
2024-09-03,3:00:00 PM,Caesar Salad,Appetizer,1,10,10,Credit Card,Takeaway,104,Carlos
2024-06-15,2:45:00 PM,Filet Mignon,Entree,4,42,168,Credit Card,Takeaway,101,Sarah
2024-06-26,10:45:00 PM,Truffle Fries,Side,4,8,32,Credit Card,Takeaway,105,Nina
2024-07-29,9:15:00 PM,Ribeye Steak,Entree,5,35,175,Credit Card,Delivery,102,Jake
2024-07-28,11:30:00 AM,Shrimp Cocktail,Appetizer,3,14,42,Credit Card,Takeaway,104,Carlos
2024-08-05,5:30:00 PM,Ribeye Steak,Entree,6,35,210,Credit Card,Delivery,102,Jake
2024-06-22,9:00:00 PM,Shrimp Cocktail,Appetizer,10,14,140,Credit Card,Dine-In,105,Nina
2024-03-26,7:15:00 PM,Bourbon BBQ Burger,Entree,2,22,44,Mobile Payment,Delivery,103,Emily
2024-03-07,8:00:00 PM,Truffle Fries,Side,2,8,16,Credit Card,Dine-In,103,Emily
2024-06-29,7:00:00 PM,Bourbon BBQ Burger,Entree,2,22,44,Mobile Payment,Dine-In,103,Emily
2024-10-01,2:15:00 PM,Cabernet Sauvignon,Beverage,4,16,64,Mobile Payment,Dine-In,103,Emily
2024-03-23,4:30:00 PM,Grilled Asparagus,Side,4,8,32,Mobile Payment,Delivery,102,Jake
2024-01-07,11:00:00 AM,Cabernet Sauvignon,Beverage,1,16,16,Mobile Payment,Takeaway,104,Carlos
2024-01-22,1:30:00 PM,Shrimp Cocktail,Appetizer,1,14,14,Cash,Delivery,102,Jake
2024-01-18,3:00:00 PM,Grilled Asparagus,Side,4,8,32,Cash,Delivery,103,Emily
2024-02-13,12:00:00 PM,Cabernet Sauvignon,Beverage,3,16,48,Cash,Dine-In,105,Nina
2024-11-05,1:00:00 PM,Truffle Fries,Side,5,8,40,Credit Card,Dine-In,105,Nina
2024-06-08,4:45:00 PM,Cabernet Sauvignon,Beverage,2,16,32,Credit Card,Takeaway,104,Carlos
2024-04-13,12:30:00 PM,Bourbon BBQ Burger,Entree,7,22,154,Credit Card,Takeaway,103,Emily
2024-08-07,12:15:00 PM,Grilled Asparagus,Side,4,8,32,Credit Card,Takeaway,103,Emily
2024-12-25,7:15:00 PM,Grilled Asparagus,Side,2,8,16,Credit Card,Delivery,104,Carlos
2024-07-09,7:00:00 PM,Old Fashioned,Beverage,4,12,48,Mobile Payment,Dine-In,104,Carlos
2024-04-28,6:30:00 PM,Old Fashioned,Beverage,8,12,96,Cash,Delivery,103,Emily
2024-06-19,1:00:00 PM,Filet Mignon,Entree,5,42,210,Cash,Dine-In,104,Carlos
2024-10-30,2:00:00 PM,New York Strip,Entree,5,38,190,Mobile Payment,Takeaway,105,Nina
2024-10-17,2:00:00 PM,Old Fashioned,Beverage,3,12,36,Credit Card,Takeaway,103,Emily
2024-03-18,11:30:00 AM,Truffle Fries,Side,6,8,48,Mobile Payment,Takeaway,101,Sarah
2024-05-17,10:15:00 PM,Cabernet Sauvignon,Beverage,7,16,112,Mobile Payment,Takeaway,103,Emily
2024-11-29,2:30:00 PM,Old Fashioned,Beverage,5,12,60,Mobile Payment,Delivery,101,Sarah
2024-02-23,5:00:00 PM,Grilled Asparagus,Side,4,8,32,Cash,Dine-In,105,Nina
2024-03-03,1:15:00 PM,Old Fashioned,Beverage,1,12,12,Cash,Takeaway,104,Carlos
2024-03-28,9:45:00 PM,New York Strip,Entree,10,38,380,Credit Card,Takeaway,101,Sarah
2024-05-31,12:45:00 PM,Shrimp Cocktail,Appetizer,4,14,56,Mobile Payment,Takeaway,105,Nina
2024-07-09,8:15:00 PM,New York Strip,Entree,5,38,190,Mobile Payment,Delivery,102,Jake
2024-11-10,10:30:00 PM,Cabernet Sauvignon,Beverage,10,16,160,Credit Card,Takeaway,104,Carlos
2024-04-17,4:15:00 PM,New York Strip,Entree,6,38,228,Mobile Payment,Takeaway,101,Sarah
2024-06-11,5:15:00 PM,New York Strip,Entree,8,38,304,Cash,Dine-In,103,Emily
2024-12-25,2:15:00 PM,Truffle Fries,Side,1,8,8,Mobile Payment,Takeaway,103,Emily
2024-02-18,11:45:00 AM,Chocolate Lava Cake,Dessert,2,9,18,Cash,Takeaway,105,Nina
2024-04-25,4:00:00 PM,Caesar Salad,Appetizer,2,10,20,Credit Card,Takeaway,105,Nina
2024-06-05,4:45:00 PM,Shrimp Cocktail,Appetizer,6,14,84,Mobile Payment,Delivery,102,Jake
2024-02-09,8:15:00 PM,Filet Mignon,Entree,5,42,210,Credit Card,Dine-In,103,Emily
2024-10-15,12:15:00 PM,Cabernet Sauvignon,Beverage,6,16,96,Mobile Payment,Takeaway,103,Emily
2024-10-21,8:30:00 PM,Truffle Fries,Side,11,8,88,Mobile Payment,Takeaway,102,Jake
2024-03-27,11:15:00 AM,Caesar Salad,Appetizer,1,10,10,Mobile Payment,Dine-In,102,Jake
2024-03-25,6:00:00 PM,Mashed Potatoes,Side,2,7,14,Cash,Dine-In,105,Nina
2024-08-13,5:45:00 PM,Mashed Potatoes,Side,5,7,35,Mobile Payment,Dine-In,102,Jake
2024-10-13,5:45:00 PM,Grilled Asparagus,Side,6,8,48,Credit Card,Takeaway,105,Nina
2024-06-11,7:00:00 PM,Chocolate Lava Cake,Dessert,4,9,36,Cash,Delivery,103,Emily
2024-12-30,1:45:00 PM,Cabernet Sauvignon,Beverage,4,16,64,Credit Card,Delivery,103,Emily
2024-12-16,12:45:00 PM,Bourbon BBQ Burger,Entree,3,22,66,Cash,Dine-In,103,Emily
2024-08-26,9:30:00 PM,Truffle Fries,Side,8,8,64,Cash,Delivery,105,Nina
2024-04-07,5:30:00 PM,New York Strip,Entree,2,38,76,Cash,Takeaway,103,Emily
2024-09-26,2:00:00 PM,Chocolate Lava Cake,Dessert,3,9,27,Credit Card,Dine-In,103,Emily
2024-05-09,7:00:00 PM,Chocolate Lava Cake,Dessert,7,9,63,Cash,Delivery,103,Emily
2024-11-24,6:45:00 PM,Ribeye Steak,Entree,5,35,175,Credit Card,Delivery,101,Sarah
2024-10-19,11:45:00 AM,Chocolate Lava Cake,Dessert,8,9,72,Credit Card,Dine-In,104,Carlos
2024-11-27,7:00:00 PM,Ribeye Steak,Entree,5,35,175,Cash,Delivery,102,Jake
2024-12-27,10:15:00 PM,New York Strip,Entree,2,38,76,Credit Card,Dine-In,101,Sarah
2024-08-15,9:00:00 PM,Mashed Potatoes,Side,2,7,14,Mobile Payment,Takeaway,102,Jake
2024-12-01,8:00:00 PM,Mashed Potatoes,Side,5,7,35,Mobile Payment,Dine-In,105,Nina
2024-07-06,7:00:00 PM,Bourbon BBQ Burger,Entree,7,22,154,Credit Card,Delivery,101,Sarah
2024-02-03,2:15:00 PM,Truffle Fries,Side,5,8,40,Cash,Dine-In,104,Carlos
2024-01-23,3:15:00 PM,Truffle Fries,Side,4,8,32,Credit Card,Dine-In,101,Sarah
2024-06-08,3:30:00 PM,Filet Mignon,Entree,5,42,210,Credit Card,Delivery,101,Sarah
2024-10-16,6:00:00 PM,Filet Mignon,Entree,2,42,84,Cash,Delivery,101,Sarah
2024-04-05,4:00:00 PM,New York Strip,Entree,1,38,38,Cash,Delivery,103,Emily
2024-08-23,12:15:00 PM,Shrimp Cocktail,Appetizer,3,14,42,Mobile Payment,Delivery,102,Jake
2024-06-07,11:45:00 AM,Truffle Fries,Side,4,8,32,Cash,Takeaway,102,Jake
2024-10-16,4:45:00 PM,Caesar Salad,Appetizer,2,10,20,Credit Card,Dine-In,102,Jake
2024-05-31,3:45:00 PM,Shrimp Cocktail,Appetizer,2,14,28,Credit Card,Takeaway,105,Nina
2024-07-05,4:45:00 PM,Bourbon BBQ Burger,Entree,3,22,66,Cash,Delivery,104,Carlos
2024-03-20,7:15:00 PM,Truffle Fries,Side,7,8,56,Credit Card,Delivery,103,Emily
2024-04-16,4:30:00 PM,Filet Mignon,Entree,5,42,210,Cash,Takeaway,102,Jake
2024-08-27,3:00:00 PM,Filet Mignon,Entree,4,42,168,Mobile Payment,Delivery,102,Jake
2024-08-31,1:45:00 PM,Chocolate Lava Cake,Dessert,6,9,54,Credit Card,Delivery,104,Carlos
2024-12-03,8:00:00 PM,Mashed Potatoes,Side,2,7,14,Mobile Payment,Takeaway,101,Sarah
2024-03-22,5:45:00 PM,Mashed Potatoes,Side,5,7,35,Mobile Payment,Dine-In,102,Jake
2024-07-02,3:15:00 PM,Old Fashioned,Beverage,6,12,72,Cash,Dine-In,104,Carlos
2024-11-11,6:45:00 PM,Truffle Fries,Side,7,8,56,Credit Card,Dine-In,103,Emily
2024-07-10,8:30:00 PM,Old Fashioned,Beverage,7,12,84,Credit Card,Dine-In,102,Jake
2024-09-16,12:45:00 PM,Grilled Asparagus,Side,3,8,24,Mobile Payment,Takeaway,105,Nina
2024-01-15,1:15:00 PM,Shrimp Cocktail,Appetizer,5,14,70,Mobile Payment,Delivery,102,Jake
2024-10-17,1:15:00 PM,Bourbon BBQ Burger,Entree,2,22,44,Cash,Dine-In,103,Emily
2024-03-13,4:45:00 PM,Grilled Asparagus,Side,2,8,16,Credit Card,Dine-In,102,Jake
2024-04-12,1:30:00 PM,Shrimp Cocktail,Appetizer,2,14,28,Cash,Dine-In,102,Jake
2024-08-11,12:15:00 PM,New York Strip,Entree,4,38,152,Credit Card,Dine-In,104,Carlos
2024-03-22,4:00:00 PM,Old Fashioned,Beverage,9,12,108,Mobile Payment,Takeaway,102,Jake
2024-08-29,9:45:00 PM,Old Fashioned,Beverage,4,12,48,Cash,Takeaway,102,Jake
2024-06-11,1:45:00 PM,Mashed Potatoes,Side,3,7,21,Mobile Payment,Delivery,104,Carlos
2024-11-01,5:00:00 PM,Mashed Potatoes,Side,8,7,56,Mobile Payment,Delivery,105,Nina
2024-01-14,2:15:00 PM,Caesar Salad,Appetizer,3,10,30,Credit Card,Takeaway,105,Nina
2024-01-01,8:45:00 PM,Filet Mignon,Entree,6,42,252,Cash,Takeaway,102,Jake
2024-01-23,2:30:00 PM,Grilled Asparagus,Side,1,8,8,Credit Card,Takeaway,102,Jake
2024-08-05,1:30:00 PM,Shrimp Cocktail,Appetizer,5,14,70,Mobile Payment,Takeaway,101,Sarah
2024-05-13,5:15:00 PM,New York Strip,Entree,9,38,342,Mobile Payment,Delivery,101,Sarah
2024-08-26,12:30:00 PM,Bourbon BBQ Burger,Entree,1,22,22,Mobile Payment,Takeaway,101,Sarah
2024-03-23,4:15:00 PM,Chocolate Lava Cake,Dessert,7,9,63,Credit Card,Delivery,104,Carlos
2024-01-06,6:45:00 PM,Grilled Asparagus,Side,2,8,16,Credit Card,Takeaway,103,Emily
2024-11-20,12:45:00 PM,Cabernet Sauvignon,Beverage,2,16,32,Credit Card,Delivery,103,Emily
2024-09-30,4:00:00 PM,New York Strip,Entree,3,38,114,Mobile Payment,Takeaway,101,Sarah
2024-03-17,11:30:00 AM,Truffle Fries,Side,4,8,32,Credit Card,Dine-In,105,Nina
2024-11-10,10:45:00 PM,Grilled Asparagus,Side,2,8,16,Credit Card,Takeaway,101,Sarah
2024-03-03,6:45:00 PM,Mashed Potatoes,Side,2,7,14,Mobile Payment,Delivery,103,Emily
2024-05-09,5:30:00 PM,Bourbon BBQ Burger,Entree,6,22,132,Cash,Delivery,103,Emily
2024-04-01,3:30:00 PM,Grilled Asparagus,Side,1,8,8,Credit Card,Takeaway,103,Emily
2024-11-21,11:00:00 AM,Mashed Potatoes,Side,1,7,7,Mobile Payment,Delivery,104,Carlos
2024-05-07,1:00:00 PM,Cabernet Sauvignon,Beverage,1,16,16,Cash,Delivery,102,Jake
2024-11-20,6:45:00 PM,Shrimp Cocktail,Appetizer,6,14,84,Credit Card,Delivery,105,Nina
2024-05-04,10:45:00 PM,Ribeye Steak,Entree,2,35,70,Credit Card,Takeaway,101,Sarah
2024-03-16,8:00:00 PM,Grilled Asparagus,Side,10,8,80,Mobile Payment,Dine-In,103,Emily
2024-11-22,10:30:00 PM,Grilled Asparagus,Side,9,8,72,Cash,Dine-In,103,Emily
2024-11-30,10:00:00 PM,Grilled Asparagus,Side,2,8,16,Cash,Delivery,103,Emily
2024-06-04,8:15:00 PM,Truffle Fries,Side,2,8,16,Credit Card,Delivery,104,Carlos
2024-04-20,5:30:00 PM,Truffle Fries,Side,4,8,32,Credit Card,Delivery,101,Sarah
2024-11-05,5:15:00 PM,Bourbon BBQ Burger,Entree,7,22,154,Credit Card,Dine-In,104,Carlos
2024-04-16,11:45:00 AM,Bourbon BBQ Burger,Entree,2,22,44,Credit Card,Takeaway,104,Carlos
2024-11-02,9:30:00 PM,Filet Mignon,Entree,3,42,126,Cash,Dine-In,103,Emily
2024-04-23,12:30:00 PM,Truffle Fries,Side,4,8,32,Credit Card,Delivery,104,Carlos
2024-11-21,8:30:00 PM,Cabernet Sauvignon,Beverage,8,16,128,Credit Card,Delivery,101,Sarah
2024-06-24,4:30:00 PM,Mashed Potatoes,Side,5,7,35,Cash,Takeaway,104,Carlos
2024-04-17,7:15:00 PM,Bourbon BBQ Burger,Entree,8,22,176,Credit Card,Takeaway,101,Sarah
2024-12-04,8:00:00 PM,Bourbon BBQ Burger,Entree,8,22,176,Mobile Payment,Takeaway,101,Sarah
2024-04-16,10:30:00 PM,Shrimp Cocktail,Appetizer,6,14,84,Credit Card,Takeaway,104,Carlos
2024-01-16,1:15:00 PM,Chocolate Lava Cake,Dessert,4,9,36,Mobile Payment,Takeaway,104,Carlos
2024-01-12,3:45:00 PM,Caesar Salad,Appetizer,6,10,60,Mobile Payment,Dine-In,104,Carlos
2024-11-06,12:00:00 PM,Grilled Asparagus,Side,2,8,16,Cash,Dine-In,105,Nina
2024-05-28,1:15:00 PM,Truffle Fries,Side,4,8,32,Mobile Payment,Takeaway,103,Emily
2024-04-21,5:30:00 PM,Mashed Potatoes,Side,7,7,49,Mobile Payment,Dine-In,103,Emily
2024-09-14,7:45:00 PM,Caesar Salad,Appetizer,7,10,70,Credit Card,Takeaway,103,Emily
2024-08-18,1:15:00 PM,Grilled Asparagus,Side,3,8,24,Cash,Delivery,103,Emily
2024-08-25,9:15:00 PM,Bourbon BBQ Burger,Entree,2,22,44,Credit Card,Delivery,104,Carlos
2024-08-02,5:15:00 PM,Bourbon BBQ Burger,Entree,2,22,44,Mobile Payment,Dine-In,102,Jake
2024-11-08,8:00:00 PM,Chocolate Lava Cake,Dessert,8,9,72,Mobile Payment,Takeaway,101,Sarah
2024-06-15,8:15:00 PM,New York Strip,Entree,10,38,380,Mobile Payment,Takeaway,101,Sarah
2024-07-08,11:45:00 AM,Cabernet Sauvignon,Beverage,4,16,64,Cash,Dine-In,104,Carlos
2024-07-07,10:15:00 PM,New York Strip,Entree,7,38,266,Mobile Payment,Dine-In,103,Emily
2024-03-08,3:00:00 PM,Ribeye Steak,Entree,3,35,105,Mobile Payment,Takeaway,104,Carlos
2024-05-05,9:45:00 PM,Caesar Salad,Appetizer,4,10,40,Credit Card,Delivery,101,Sarah
2024-11-05,4:15:00 PM,Caesar Salad,Appetizer,5,10,50,Mobile Payment,Dine-In,101,Sarah
2024-01-17,9:45:00 PM,Cabernet Sauvignon,Beverage,7,16,112,Credit Card,Dine-In,104,Carlos
2024-05-13,10:00:00 PM,Truffle Fries,Side,11,8,88,Mobile Payment,Delivery,101,Sarah
2024-08-12,6:00:00 PM,Shrimp Cocktail,Appetizer,9,14,126,Mobile Payment,Dine-In,103,Emily
2024-07-23,10:45:00 PM,Grilled Asparagus,Side,2,8,16,Cash,Dine-In,103,Emily
2024-10-23,12:15:00 PM,Mashed Potatoes,Side,5,7,35,Mobile Payment,Takeaway,102,Jake
2024-05-04,6:15:00 PM,Shrimp Cocktail,Appetizer,2,14,28,Credit Card,Delivery,101,Sarah
2024-08-22,10:45:00 PM,Caesar Salad,Appetizer,7,10,70,Credit Card,Takeaway,104,Carlos
2024-06-18,6:30:00 PM,Chocolate Lava Cake,Dessert,7,9,63,Mobile Payment,Dine-In,102,Jake
2024-03-16,7:30:00 PM,Ribeye Steak,Entree,5,35,175,Credit Card,Delivery,103,Emily
2024-12-31,3:30:00 PM,Truffle Fries,Side,2.6,8,20.8,Mobile Payment,Delivery,103,Emily
2024-08-31,10:45:00 PM,Bourbon BBQ Burger,Entree,7,22,154,Cash,Delivery,102,Jake
2024-03-16,8:30:00 PM,Grilled Asparagus,Side,5,8,40,Mobile Payment,Dine-In,101,Sarah
2024-04-18,8:30:00 PM,New York Strip,Entree,10,38,380,Cash,Takeaway,103,Emily
2024-09-17,10:45:00 PM,Old Fashioned,Beverage,12,12,144,Cash,Takeaway,102,Jake
2024-10-27,7:30:00 PM,Cabernet Sauvignon,Beverage,6,16,96,Credit Card,Takeaway,102,Jake
2024-09-25,6:15:00 PM,Old Fashioned,Beverage,8,12,96,Cash,Delivery,101,Sarah
2024-06-24,2:30:00 PM,Caesar Salad,Appetizer,2,10,20,Cash,Takeaway,105,Nina
2024-03-02,9:15:00 PM,Mashed Potatoes,Side,7,7,49,Credit Card,Delivery,101,Sarah
2024-09-25,2:15:00 PM,Mashed Potatoes,Side,1,7,7,Credit Card,Delivery,101,Sarah
2024-06-17,7:00:00 PM,Shrimp Cocktail,Appetizer,11,14,154,Mobile Payment,Delivery,105,Nina
2024-02-10,11:45:00 AM,Chocolate Lava Cake,Dessert,9,9,81,Cash,Dine-In,103,Emily
2024-04-03,10:15:00 PM,Caesar Salad,Appetizer,9,10,90,Cash,Dine-In,105,Nina
2024-05-16,7:30:00 PM,Filet Mignon,Entree,4,42,168,Mobile Payment,Dine-In,102,Jake
2024-09-24,3:00:00 PM,Caesar Salad,Appetizer,2,10,20,Cash,Delivery,105,Nina
2024-09-01,6:00:00 PM,Cabernet Sauvignon,Beverage,2,16,32,Credit Card,Delivery,101,Sarah
2024-04-10,6:00:00 PM,Old Fashioned,Beverage,2,12,24,Credit Card,Dine-In,101,Sarah
2024-10-04,8:15:00 PM,Chocolate Lava Cake,Dessert,8,9,72,Credit Card,Delivery,101,Sarah
2024-10-24,5:00:00 PM,Truffle Fries,Side,9,8,72,Mobile Payment,Dine-In,105,Nina
2024-11-21,8:45:00 PM,Ribeye Steak,Entree,7,35,245,Credit Card,Delivery,103,Emily
2024-09-09,9:15:00 PM,Mashed Potatoes,Side,9,7,63,Credit Card,Delivery,103,Emily
2024-11-26,3:30:00 PM,Cabernet Sauvignon,Beverage,2,16,32,Credit Card,Takeaway,105,Nina
2024-09-14,3:45:00 PM,Filet Mignon,Entree,3,42,126,Credit Card,Dine-In,103,Emily
2024-09-17,6:45:00 PM,New York Strip,Entree,3,38,114,Cash,Takeaway,103,Emily
2024-02-18,6:30:00 PM,Bourbon BBQ Burger,Entree,9,22,198,Cash,Dine-In,101,Sarah
2024-04-28,2:30:00 PM,Cabernet Sauvignon,Beverage,3,16,48,Credit Card,Delivery,104,Carlos
2024-02-22,9:30:00 PM,Chocolate Lava Cake,Dessert,4,9,36,Mobile Payment,Delivery,102,Jake
2024-06-14,1:15:00 PM,Grilled Asparagus,Side,3,8,24,Cash,Delivery,102,Jake
2024-06-15,7:45:00 PM,Bourbon BBQ Burger,Entree,8,22,176,Credit Card,Delivery,103,Emily
2024-04-27,3:45:00 PM,Shrimp Cocktail,Appetizer,6,14,84,Cash,Takeaway,103,Emily
2024-06-30,10:30:00 PM,Old Fashioned,Beverage,7,12,84,Credit Card,Delivery,104,Carlos
2024-08-01,11:45:00 AM,Ribeye Steak,Entree,4,35,140,Credit Card,Delivery,102,Jake
2024-08-21,3:00:00 PM,Truffle Fries,Side,2,8,16,Cash,Delivery,103,Emily
2024-05-30,4:00:00 PM,Mashed Potatoes,Side,4,7,28,Credit Card,Takeaway,105,Nina
2024-10-13,10:15:00 PM,Caesar Salad,Appetizer,11,10,110,Mobile Payment,Takeaway,103,Emily
2024-02-24,12:15:00 PM,New York Strip,Entree,6,38,228,Mobile Payment,Takeaway,105,Nina
2024-08-28,11:45:00 AM,Truffle Fries,Side,5,8,40,Cash,Takeaway,105,Nina
2024-10-27,5:00:00 PM,Filet Mignon,Entree,2,42,84,Mobile Payment,Takeaway,103,Emily
2024-10-02,4:45:00 PM,Shrimp Cocktail,Appetizer,1,14,14,Credit Card,Dine-In,101,Sarah
2024-06-15,10:45:00 PM,New York Strip,Entree,4,38,152,Mobile Payment,Takeaway,105,Nina
2024-04-12,7:00:00 PM,Old Fashioned,Beverage,4,12,48,Credit Card,Delivery,105,Nina
2024-12-04,3:30:00 PM,Truffle Fries,Side,1,8,8,Cash,Dine-In,103,Emily
2024-07-03,6:15:00 PM,New York Strip,Entree,6,38,228,Credit Card,Dine-In,104,Carlos
2024-07-04,4:15:00 PM,Bourbon BBQ Burger,Entree,2,22,44,Credit Card,Delivery,101,Sarah
2024-03-12,12:45:00 PM,Grilled Asparagus,Side,4,8,32,Credit Card,Dine-In,105,Nina
2024-01-31,7:30:00 PM,Ribeye Steak,Entree,11,35,385,Credit Card,Dine-In,105,Nina
2024-06-16,7:45:00 PM,Shrimp Cocktail,Appetizer,11,14,154,Credit Card,Delivery,101,Sarah
2024-02-08,8:00:00 PM,Cabernet Sauvignon,Beverage,2,16,32,Mobile Payment,Dine-In,105,Nina
2024-02-14,8:45:00 PM,Chocolate Lava Cake,Dessert,4.8,9,43.2,Cash,Delivery,104,Carlos
2024-05-21,6:45:00 PM,Truffle Fries,Side,5,8,40,Mobile Payment,Takeaway,101,Sarah
2024-04-03,9:30:00 PM,Old Fashioned,Beverage,8,12,96,Mobile Payment,Delivery,104,Carlos
2024-01-11,5:30:00 PM,Ribeye Steak,Entree,11,35,385,Credit Card,Dine-In,101,Sarah
2024-04-25,4:45:00 PM,New York Strip,Entree,3,38,114,Cash,Delivery,103,Emily
2024-09-29,6:15:00 PM,Chocolate Lava Cake,Dessert,7,9,63,Mobile Payment,Delivery,102,Jake
2024-04-06,1:15:00 PM,Shrimp Cocktail,Appetizer,3,14,42,Cash,Dine-In,105,Nina
2024-11-04,11:15:00 AM,Cabernet Sauvignon,Beverage,3,16,48,Cash,Takeaway,103,Emily
2024-04-27,9:15:00 PM,Caesar Salad,Appetizer,5,10,50,Cash,Takeaway,103,Emily
2024-04-29,2:30:00 PM,Ribeye Steak,Entree,2,35,70,Credit Card,Dine-In,104,Carlos
2024-01-14,6:15:00 PM,Grilled Asparagus,Side,2,8,16,Credit Card,Takeaway,104,Carlos
2024-04-11,2:45:00 PM,Chocolate Lava Cake,Dessert,1,9,9,Cash,Dine-In,105,Nina
2024-10-23,10:00:00 PM,New York Strip,Entree,4,38,152,Cash,Takeaway,105,Nina
2024-07-02,10:30:00 PM,Grilled Asparagus,Side,4,8,32,Cash,Dine-In,105,Nina
2024-07-03,6:30:00 PM,Cabernet Sauvignon,Beverage,2,16,32,Credit Card,Dine-In,101,Sarah
2024-07-13,5:45:00 PM,Filet Mignon,Entree,6,42,252,Credit Card,Takeaway,101,Sarah
2024-08-10,9:30:00 PM,Caesar Salad,Appetizer,2,10,20,Mobile Payment,Delivery,104,Carlos
2024-08-29,11:30:00 AM,Truffle Fries,Side,3,8,24,Cash,Dine-In,102,Jake
2024-03-31,8:00:00 PM,New York Strip,Entree,11,38,418,Cash,Dine-In,104,Carlos
2024-01-20,11:15:00 AM,Truffle Fries,Side,6,8,48,Credit Card,Delivery,104,Carlos
2024-03-21,5:15:00 PM,New York Strip,Entree,11,38,418,Cash,Delivery,102,Jake
2024-07-05,12:15:00 PM,Ribeye Steak,Entree,7,35,245,Cash,Takeaway,104,Carlos
2024-11-16,4:30:00 PM,Chocolate Lava Cake,Dessert,6,9,54,Cash,Dine-In,103,Emily
2024-01-15,6:00:00 PM,Truffle Fries,Side,5,8,40,Credit Card,Dine-In,105,Nina
2024-07-12,8:15:00 PM,New York Strip,Entree,2,38,76,Cash,Takeaway,102,Jake
2024-02-17,5:00:00 PM,Filet Mignon,Entree,7,42,294,Credit Card,Takeaway,105,Nina
2024-08-13,1:00:00 PM,Shrimp Cocktail,Appetizer,3,14,42,Credit Card,Takeaway,102,Jake
2024-06-14,9:30:00 PM,Chocolate Lava Cake,Dessert,2,9,18,Credit Card,Takeaway,105,Nina
2024-04-10,1:15:00 PM,Cabernet Sauvignon,Beverage,2,16,32,Cash,Dine-In,101,Sarah
2024-02-18,10:45:00 PM,Shrimp Cocktail,Appetizer,10,14,140,Cash,Dine-In,102,Jake
2024-05-08,1:30:00 PM,Mashed Potatoes,Side,4,7,28,Mobile Payment,Delivery,105,Nina
2024-09-21,8:30:00 PM,New York Strip,Entree,6,38,228,Credit Card,Takeaway,102,Jake
2024-10-23,10:00:00 PM,Truffle Fries,Side,9,8,72,Mobile Payment,Dine-In,102,Jake
2024-04-03,11:15:00 AM,Bourbon BBQ Burger,Entree,1,22,22,Cash,Dine-In,104,Carlos
2024-06-14,11:45:00 AM,Old Fashioned,Beverage,4,12,48,Cash,Delivery,105,Nina
2024-07-26,6:15:00 PM,Old Fashioned,Beverage,11,12,132,Credit Card,Delivery,104,Carlos
2024-03-01,10:30:00 PM,Bourbon BBQ Burger,Entree,10,22,220,Credit Card,Takeaway,102,Jake
2024-05-10,4:45:00 PM,Cabernet Sauvignon,Beverage,6,16,96,Mobile Payment,Dine-In,103,Emily
2024-09-22,3:00:00 PM,Mashed Potatoes,Side,4,7,28,Mobile Payment,Dine-In,105,Nina
2024-03-05,12:15:00 PM,Old Fashioned,Beverage,1,12,12,Cash,Delivery,103,Emily
2024-03-05,4:30:00 PM,Old Fashioned,Beverage,4,12,48,Mobile Payment,Dine-In,105,Nina
2024-04-03,5:15:00 PM,New York Strip,Entree,5,38,190,Cash,Dine-In,103,Emily
2024-09-26,8:15:00 PM,Chocolate Lava Cake,Dessert,11,9,99,Mobile Payment,Dine-In,105,Nina
2024-07-04,7:15:00 PM,Truffle Fries,Side,8,8,64,Cash,Takeaway,102,Jake
2024-02-21,9:15:00 PM,Bourbon BBQ Burger,Entree,9,22,198,Cash,Delivery,102,Jake
2024-10-03,8:45:00 PM,Caesar Salad,Appetizer,7,10,70,Cash,Takeaway,103,Emily
2024-07-18,7:45:00 PM,Old Fashioned,Beverage,7,12,84,Credit Card,Dine-In,103,Emily
2024-01-01,12:30:00 PM,Truffle Fries,Side,7.2,8,57.6,Mobile Payment,Takeaway,102,Jake
2024-11-09,8:00:00 PM,Ribeye Steak,Entree,8,35,280,Cash,Dine-In,104,Carlos
2024-03-23,2:45:00 PM,New York Strip,Entree,7,38,266,Credit Card,Delivery,102,Jake
2024-05-07,4:00:00 PM,Caesar Salad,Appetizer,3,10,30,Cash,Takeaway,101,Sarah
2024-10-26,9:15:00 PM,Caesar Salad,Appetizer,8,10,80,Cash,Delivery,103,Emily
2024-06-16,11:00:00 AM,Cabernet Sauvignon,Beverage,3,16,48,Mobile Payment,Dine-In,105,Nina
2024-08-29,2:45:00 PM,Shrimp Cocktail,Appetizer,1,14,14,Mobile Payment,Delivery,105,Nina
2024-08-20,1:00:00 PM,Truffle Fries,Side,3,8,24,Credit Card,Dine-In,104,Carlos
2024-05-10,12:45:00 PM,Grilled Asparagus,Side,8,8,64,Cash,Delivery,104,Carlos
2024-05-29,2:00:00 PM,Filet Mignon,Entree,5,42,210,Mobile Payment,Takeaway,102,Jake
2024-12-06,6:45:00 PM,Grilled Asparagus,Side,2,8,16,Mobile Payment,Dine-In,103,Emily
2024-05-21,3:30:00 PM,Grilled Asparagus,Side,3,8,24,Credit Card,Dine-In,101,Sarah
2024-02-21,10:45:00 PM,Caesar Salad,Appetizer,12,10,120,Credit Card,Dine-In,105,Nina
2024-08-10,9:30:00 PM,Filet Mignon,Entree,9,42,378,Mobile Payment,Delivery,105,Nina
2024-07-11,8:45:00 PM,Ribeye Steak,Entree,10,35,350,Cash,Delivery,101,Sarah
2024-10-21,12:00:00 PM,Caesar Salad,Appetizer,3,10,30,Mobile Payment,Delivery,105,Nina
2024-08-03,5:00:00 PM,Mashed Potatoes,Side,7,7,49,Credit Card,Delivery,105,Nina
2024-01-20,5:45:00 PM,Bourbon BBQ Burger,Entree,2,22,44,Cash,Delivery,102,Jake
2024-01-13,9:30:00 PM,Filet Mignon,Entree,6,42,252,Credit Card,Dine-In,104,Carlos
2024-05-09,4:30:00 PM,Mashed Potatoes,Side,2,7,14,Credit Card,Takeaway,101,Sarah
2024-06-15,6:30:00 PM,New York Strip,Entree,4,38,152,Mobile Payment,Delivery,103,Emily
2024-07-24,4:15:00 PM,Old Fashioned,Beverage,1,12,12,Credit Card,Takeaway,105,Nina
2024-10-02,10:15:00 PM,Mashed Potatoes,Side,6,7,42,Cash,Delivery,101,Sarah
2024-11-23,5:30:00 PM,Chocolate Lava Cake,Dessert,8,9,72,Mobile Payment,Dine-In,104,Carlos
2024-04-13,3:45:00 PM,Mashed Potatoes,Side,6,7,42,Credit Card,Takeaway,102,Jake
2024-03-27,4:00:00 PM,Filet Mignon,Entree,2,42,84,Mobile Payment,Takeaway,105,Nina
2024-12-24,9:30:00 PM,Cabernet Sauvignon,Beverage,11,16,176,Cash,Takeaway,105,Nina
2024-12-22,12:15:00 PM,Filet Mignon,Entree,1,42,42,Mobile Payment,Delivery,104,Carlos
2024-05-14,1:30:00 PM,Cabernet Sauvignon,Beverage,4,16,64,Credit Card,Dine-In,104,Carlos
2024-02-23,10:30:00 PM,Chocolate Lava Cake,Dessert,9,9,81,Cash,Takeaway,102,Jake
2024-08-14,11:15:00 AM,Cabernet Sauvignon,Beverage,2,16,32,Mobile Payment,Takeaway,101,Sarah
2024-09-10,2:15:00 PM,Caesar Salad,Appetizer,2,10,20,Credit Card,Delivery,102,Jake
2024-03-15,11:30:00 AM,Caesar Salad,Appetizer,2,10,20,Mobile Payment,Takeaway,104,Carlos
2024-07-31,7:15:00 PM,Grilled Asparagus,Side,3,8,24,Mobile Payment,Delivery,104,Carlos
2024-11-17,8:45:00 PM,Truffle Fries,Side,6,8,48,Mobile Payment,Takeaway,103,Emily
2024-08-08,4:30:00 PM,Caesar Salad,Appetizer,4,10,40,Mobile Payment,Takeaway,101,Sarah
2024-12-20,1:30:00 PM,Truffle Fries,Side,3,8,24,Mobile Payment,Delivery,102,Jake
2024-02-19,7:45:00 PM,Cabernet Sauvignon,Beverage,5,16,80,Cash,Delivery,102,Jake
2024-06-27,10:15:00 PM,Old Fashioned,Beverage,6,12,72,Mobile Payment,Dine-In,104,Carlos
2024-11-12,6:45:00 PM,Chocolate Lava Cake,Dessert,8,9,72,Cash,Dine-In,101,Sarah
2024-10-13,6:00:00 PM,Mashed Potatoes,Side,8,7,56,Mobile Payment,Dine-In,101,Sarah
2024-12-15,4:00:00 PM,Truffle Fries,Side,3,8,24,Mobile Payment,Takeaway,101,Sarah
2024-12-31,8:45:00 PM,Grilled Asparagus,Side,5.2,8,41.6,Credit Card,Dine-In,104,Carlos
2024-06-07,7:30:00 PM,Mashed Potatoes,Side,4,7,28,Mobile Payment,Delivery,104,Carlos
2024-03-14,7:30:00 PM,Ribeye Steak,Entree,8,35,280,Cash,Delivery,103,Emily
2024-10-27,12:00:00 PM,Chocolate Lava Cake,Dessert,1,9,9,Mobile Payment,Takeaway,102,Jake
2024-04-09,2:15:00 PM,New York Strip,Entree,1,38,38,Mobile Payment,Takeaway,101,Sarah
2024-06-18,12:00:00 PM,Grilled Asparagus,Side,6,8,48,Mobile Payment,Delivery,104,Carlos
2024-07-27,5:45:00 PM,New York Strip,Entree,7,38,266,Cash,Dine-In,103,Emily
2024-06-30,1:45:00 PM,Shrimp Cocktail,Appetizer,4,14,56,Cash,Dine-In,103,Emily
2024-07-24,2:15:00 PM,Mashed Potatoes,Side,1,7,7,Credit Card,Takeaway,101,Sarah
2024-09-25,3:00:00 PM,Chocolate Lava Cake,Dessert,1,9,9,Mobile Payment,Dine-In,103,Emily
2024-02-18,1:00:00 PM,Cabernet Sauvignon,Beverage,1,16,16,Cash,Takeaway,104,Carlos
2024-06-05,11:30:00 AM,Filet Mignon,Entree,2,42,84,Cash,Delivery,105,Nina
2024-09-12,1:15:00 PM,Mashed Potatoes,Side,1,7,7,Mobile Payment,Dine-In,105,Nina
2024-07-10,8:15:00 PM,Old Fashioned,Beverage,5,12,60,Mobile Payment,Dine-In,104,Carlos
2024-01-16,8:00:00 PM,Cabernet Sauvignon,Beverage,2,16,32,Credit Card,Takeaway,101,Sarah
2024-06-27,9:15:00 PM,Chocolate Lava Cake,Dessert,12,9,108,Cash,Dine-In,104,Carlos
2024-04-08,8:15:00 PM,Chocolate Lava Cake,Dessert,5,9,45,Credit Card,Delivery,105,Nina
2024-07-18,6:00:00 PM,Bourbon BBQ Burger,Entree,9,22,198,Cash,Takeaway,102,Jake
2024-07-06,1:15:00 PM,Old Fashioned,Beverage,3,12,36,Credit Card,Dine-In,103,Emily
2024-01-31,6:00:00 PM,Cabernet Sauvignon,Beverage,2,16,32,Mobile Payment,Delivery,103,Emily
2024-09-26,8:45:00 PM,Cabernet Sauvignon,Beverage,3,16,48,Credit Card,Takeaway,102,Jake
2024-08-17,2:30:00 PM,Bourbon BBQ Burger,Entree,7,22,154,Credit Card,Takeaway,104,Carlos
2024-02-12,6:00:00 PM,Old Fashioned,Beverage,2,12,24,Credit Card,Delivery,104,Carlos
2024-11-08,5:30:00 PM,Old Fashioned,Beverage,5,12,60,Mobile Payment,Delivery,101,Sarah
2024-09-27,11:15:00 AM,Filet Mignon,Entree,5,42,210,Mobile Payment,Delivery,105,Nina
2024-10-04,1:30:00 PM,Truffle Fries,Side,2,8,16,Mobile Payment,Dine-In,101,Sarah
2024-06-04,5:15:00 PM,Mashed Potatoes,Side,12,7,84,Cash,Delivery,104,Carlos
2024-09-17,7:15:00 PM,Cabernet Sauvignon,Beverage,7,16,112,Mobile Payment,Delivery,101,Sarah
2024-04-19,12:45:00 PM,New York Strip,Entree,3,38,114,Mobile Payment,Takeaway,101,Sarah
2024-12-31,2:45:00 PM,Caesar Salad,Appetizer,7.8,10,78,Mobile Payment,Delivery,101,Sarah
2024-01-24,5:15:00 PM,Truffle Fries,Side,2,8,16,Credit Card,Dine-In,102,Jake
2024-12-03,4:15:00 PM,Grilled Asparagus,Side,2,8,16,Credit Card,Takeaway,101,Sarah
2024-03-20,1:15:00 PM,Chocolate Lava Cake,Dessert,3,9,27,Credit Card,Delivery,105,Nina
2024-12-29,9:30:00 PM,Caesar Salad,Appetizer,7,10,70,Credit Card,Delivery,101,Sarah
2024-07-31,5:45:00 PM,Shrimp Cocktail,Appetizer,5,14,70,Credit Card,Takeaway,105,Nina
2024-01-06,9:45:00 PM,Ribeye Steak,Entree,7,35,245,Cash,Delivery,102,Jake
2024-02-06,9:00:00 PM,Filet Mignon,Entree,4,42,168,Credit Card,Dine-In,102,Jake
2024-10-01,4:15:00 PM,Truffle Fries,Side,3,8,24,Mobile Payment,Delivery,104,Carlos
2024-05-25,7:30:00 PM,Shrimp Cocktail,Appetizer,9,14,126,Credit Card,Dine-In,101,Sarah
2024-07-21,2:00:00 PM,Cabernet Sauvignon,Beverage,4,16,64,Cash,Dine-In,105,Nina
2024-01-19,6:45:00 PM,Filet Mignon,Entree,2,42,84,Cash,Dine-In,104,Carlos
2024-04-04,12:00:00 PM,Caesar Salad,Appetizer,4,10,40,Mobile Payment,Takeaway,104,Carlos
2024-03-14,6:00:00 PM,Bourbon BBQ Burger,Entree,11,22,242,Cash,Dine-In,103,Emily
2024-01-23,8:00:00 PM,New York Strip,Entree,6,38,228,Credit Card,Dine-In,103,Emily
2024-08-24,2:00:00 PM,Grilled Asparagus,Side,8,8,64,Cash,Takeaway,105,Nina
2024-02-02,2:15:00 PM,Bourbon BBQ Burger,Entree,3,22,66,Credit Card,Delivery,104,Carlos
2024-01-13,6:00:00 PM,Caesar Salad,Appetizer,9,10,90,Mobile Payment,Takeaway,105,Nina
2024-03-23,1:30:00 PM,Ribeye Steak,Entree,1,35,35,Mobile Payment,Dine-In,104,Carlos
2024-09-22,7:00:00 PM,Chocolate Lava Cake,Dessert,4,9,36,Mobile Payment,Takeaway,103,Emily
2024-01-20,1:00:00 PM,Bourbon BBQ Burger,Entree,4,22,88,Cash,Takeaway,101,Sarah
2024-10-15,11:45:00 AM,Chocolate Lava Cake,Dessert,1,9,9,Cash,Delivery,101,Sarah
2024-10-15,7:00:00 PM,Ribeye Steak,Entree,8,35,280,Mobile Payment,Delivery,104,Carlos
2024-05-24,9:45:00 PM,Old Fashioned,Beverage,4,12,48,Mobile Payment,Takeaway,105,Nina
2024-05-08,4:45:00 PM,Old Fashioned,Beverage,2,12,24,Credit Card,Delivery,103,Emily
2024-04-24,1:30:00 PM,Bourbon BBQ Burger,Entree,2,22,44,Credit Card,Takeaway,102,Jake
2024-07-07,10:00:00 PM,Grilled Asparagus,Side,6,8,48,Cash,Dine-In,104,Carlos
2024-07-29,10:15:00 PM,Grilled Asparagus,Side,4,8,32,Mobile Payment,Takeaway,102,Jake
2024-07-26,5:45:00 PM,Old Fashioned,Beverage,8,12,96,Credit Card,Takeaway,104,Carlos
2024-07-05,4:30:00 PM,Bourbon BBQ Burger,Entree,6,22,132,Cash,Delivery,105,Nina
2024-04-15,2:15:00 PM,Truffle Fries,Side,2,8,16,Mobile Payment,Dine-In,105,Nina
2024-07-05,6:45:00 PM,Mashed Potatoes,Side,6,7,42,Cash,Takeaway,102,Jake
2024-08-28,12:45:00 PM,Shrimp Cocktail,Appetizer,4,14,56,Credit Card,Dine-In,102,Jake
2024-04-21,4:15:00 PM,Bourbon BBQ Burger,Entree,4,22,88,Mobile Payment,Takeaway,102,Jake
2024-08-14,11:15:00 AM,Grilled Asparagus,Side,6,8,48,Mobile Payment,Dine-In,103,Emily
2024-12-14,8:15:00 PM,Bourbon BBQ Burger,Entree,7,22,154,Mobile Payment,Dine-In,102,Jake
2024-07-29,4:45:00 PM,Caesar Salad,Appetizer,2,10,20,Credit Card,Takeaway,105,Nina
2024-11-09,7:00:00 PM,Bourbon BBQ Burger,Entree,2,22,44,Cash,Dine-In,101,Sarah
2024-01-05,11:30:00 AM,Filet Mignon,Entree,4,42,168,Credit Card,Dine-In,102,Jake
2024-04-19,3:00:00 PM,Mashed Potatoes,Side,6,7,42,Credit Card,Delivery,104,Carlos
2024-08-31,4:15:00 PM,Shrimp Cocktail,Appetizer,6,14,84,Cash,Delivery,102,Jake
2024-03-18,1:45:00 PM,Filet Mignon,Entree,5,42,210,Mobile Payment,Takeaway,102,Jake
2024-10-14,7:45:00 PM,Truffle Fries,Side,6,8,48,Mobile Payment,Dine-In,101,Sarah
2024-12-05,1:45:00 PM,Filet Mignon,Entree,1,42,42,Cash,Takeaway,104,Carlos
2024-07-13,6:15:00 PM,Ribeye Steak,Entree,9,35,315,Mobile Payment,Takeaway,104,Carlos
2024-10-26,8:15:00 PM,Old Fashioned,Beverage,2,12,24,Credit Card,Delivery,105,Nina
2024-06-25,4:00:00 PM,Mashed Potatoes,Side,1,7,7,Cash,Dine-In,105,Nina
2024-06-02,9:45:00 PM,New York Strip,Entree,2,38,76,Mobile Payment,Dine-In,103,Emily
2024-05-29,10:00:00 PM,Mashed Potatoes,Side,10,7,70,Credit Card,Dine-In,105,Nina
2024-10-29,5:15:00 PM,Mashed Potatoes,Side,6,7,42,Cash,Delivery,103,Emily
2024-09-23,11:45:00 AM,Mashed Potatoes,Side,2,7,14,Cash,Delivery,102,Jake
2024-12-24,3:30:00 PM,Old Fashioned,Beverage,4,12,48,Credit Card,Dine-In,103,Emily
2024-12-02,6:00:00 PM,Mashed Potatoes,Side,11,7,77,Cash,Dine-In,105,Nina
2024-01-06,10:00:00 PM,Shrimp Cocktail,Appetizer,9,14,126,Cash,Takeaway,104,Carlos
2024-07-17,11:30:00 AM,Truffle Fries,Side,4,8,32,Credit Card,Takeaway,105,Nina
2024-08-05,5:30:00 PM,New York Strip,Entree,7,38,266,Mobile Payment,Takeaway,105,Nina
2024-04-08,6:30:00 PM,Shrimp Cocktail,Appetizer,2,14,28,Credit Card,Delivery,101,Sarah
2024-12-07,4:00:00 PM,Ribeye Steak,Entree,4,35,140,Cash,Dine-In,101,Sarah
2024-03-31,4:00:00 PM,New York Strip,Entree,4,38,152,Cash,Dine-In,101,Sarah
2024-01-05,10:00:00 PM,Truffle Fries,Side,5,8,40,Mobile Payment,Dine-In,102,Jake
2024-10-25,9:45:00 PM,Bourbon BBQ Burger,Entree,6,22,132,Mobile Payment,Dine-In,105,Nina
2024-03-03,11:15:00 AM,Caesar Salad,Appetizer,1,10,10,Cash,Dine-In,101,Sarah
2024-01-02,5:15:00 PM,Caesar Salad,Appetizer,2,10,20,Mobile Payment,Dine-In,104,Carlos
2024-06-13,9:15:00 PM,Old Fashioned,Beverage,4,12,48,Mobile Payment,Takeaway,105,Nina
2024-12-27,1:45:00 PM,Shrimp Cocktail,Appetizer,7,14,98,Cash,Takeaway,102,Jake
2024-09-16,11:00:00 AM,New York Strip,Entree,2,38,76,Credit Card,Dine-In,105,Nina
2024-10-21,2:00:00 PM,Truffle Fries,Side,1,8,8,Cash,Dine-In,103,Emily
2024-04-26,1:45:00 PM,Bourbon BBQ Burger,Entree,8,22,176,Credit Card,Delivery,104,Carlos
2024-09-16,9:30:00 PM,Caesar Salad,Appetizer,7,10,70,Credit Card,Takeaway,102,Jake
2024-09-28,11:30:00 AM,Shrimp Cocktail,Appetizer,4,14,56,Cash,Dine-In,101,Sarah
2024-09-09,4:00:00 PM,Chocolate Lava Cake,Dessert,4,9,36,Cash,Delivery,104,Carlos
2024-01-07,10:00:00 PM,Mashed Potatoes,Side,11,7,77,Credit Card,Delivery,105,Nina
2024-12-13,12:30:00 PM,Truffle Fries,Side,5,8,40,Credit Card,Takeaway,104,Carlos
2024-07-08,6:30:00 PM,Old Fashioned,Beverage,7,12,84,Mobile Payment,Delivery,102,Jake
2024-04-26,8:15:00 PM,Ribeye Steak,Entree,5,35,175,Credit Card,Takeaway,104,Carlos
2024-06-15,5:45:00 PM,Old Fashioned,Beverage,7,12,84,Cash,Dine-In,104,Carlos
2024-08-02,11:15:00 AM,Mashed Potatoes,Side,5,7,35,Mobile Payment,Dine-In,104,Carlos
2024-07-06,11:45:00 AM,Bourbon BBQ Burger,Entree,4,22,88,Cash,Delivery,102,Jake
2024-04-21,12:00:00 PM,Grilled Asparagus,Side,5,8,40,Cash,Takeaway,103,Emily
2024-04-11,11:45:00 AM,Grilled Asparagus,Side,2,8,16,Credit Card,Delivery,103,Emily
2024-04-26,2:45:00 PM,Chocolate Lava Cake,Dessert,6,9,54,Credit Card,Takeaway,102,Jake
2024-09-06,9:00:00 PM,Mashed Potatoes,Side,2,7,14,Cash,Takeaway,104,Carlos
2024-11-07,3:15:00 PM,Caesar Salad,Appetizer,6,10,60,Credit Card,Dine-In,104,Carlos
2024-09-08,11:30:00 AM,Bourbon BBQ Burger,Entree,2,22,44,Credit Card,Delivery,103,Emily
2024-12-16,8:45:00 PM,Chocolate Lava Cake,Dessert,2,9,18,Mobile Payment,Dine-In,105,Nina
2024-05-24,4:30:00 PM,Truffle Fries,Side,3,8,24,Credit Card,Delivery,104,Carlos
2024-02-02,11:45:00 AM,Mashed Potatoes,Side,7,7,49,Cash,Dine-In,103,Emily
2024-12-18,2:30:00 PM,Bourbon BBQ Burger,Entree,4,22,88,Credit Card,Delivery,103,Emily
2024-10-22,4:15:00 PM,New York Strip,Entree,3,38,114,Mobile Payment,Delivery,102,Jake
2024-12-28,8:15:00 PM,Caesar Salad,Appetizer,7,10,70,Mobile Payment,Takeaway,101,Sarah
2024-06-09,7:00:00 PM,Grilled Asparagus,Side,4,8,32,Mobile Payment,Takeaway,101,Sarah
2024-09-27,6:45:00 PM,Chocolate Lava Cake,Dessert,7,9,63,Cash,Takeaway,104,Carlos
2024-04-08,3:15:00 PM,Mashed Potatoes,Side,1,7,7,Credit Card,Dine-In,102,Jake
2024-11-20,11:30:00 AM,Mashed Potatoes,Side,4,7,28,Credit Card,Delivery,102,Jake
2024-05-19,4:45:00 PM,Mashed Potatoes,Side,5,7,35,Mobile Payment,Dine-In,102,Jake
2024-11-01,8:00:00 PM,Shrimp Cocktail,Appetizer,2,14,28,Mobile Payment,Dine-In,105,Nina
2024-09-15,3:15:00 PM,Grilled Asparagus,Side,4,8,32,Mobile Payment,Dine-In,103,Emily
2024-05-13,2:15:00 PM,Shrimp Cocktail,Appetizer,1,14,14,Cash,Delivery,104,Carlos
2024-02-10,4:45:00 PM,New York Strip,Entree,6,38,228,Mobile Payment,Takeaway,105,Nina
2024-03-21,8:45:00 PM,Mashed Potatoes,Side,2,7,14,Credit Card,Takeaway,103,Emily
2024-04-11,10:45:00 PM,Shrimp Cocktail,Appetizer,4,14,56,Mobile Payment,Dine-In,103,Emily
2024-01-09,12:00:00 PM,Mashed Potatoes,Side,5,7,35,Credit Card,Takeaway,102,Jake
2024-06-10,10:45:00 PM,Cabernet Sauvignon,Beverage,2,16,32,Mobile Payment,Takeaway,103,Emily
2024-07-21,1:30:00 PM,Chocolate Lava Cake,Dessert,1,9,9,Mobile Payment,Takeaway,103,Emily
2024-10-16,8:00:00 PM,Cabernet Sauvignon,Beverage,2,16,32,Mobile Payment,Delivery,102,Jake
2024-09-11,12:00:00 PM,New York Strip,Entree,2,38,76,Cash,Delivery,102,Jake
2024-12-31,2:00:00 PM,Mashed Potatoes,Side,3.9,7,27.3,Credit Card,Dine-In,104,Carlos
2024-06-24,12:45:00 PM,Grilled Asparagus,Side,5,8,40,Cash,Delivery,104,Carlos
2024-11-24,5:15:00 PM,Cabernet Sauvignon,Beverage,2,16,32,Cash,Takeaway,102,Jake
2024-02-29,3:15:00 PM,Caesar Salad,Appetizer,1,10,10,Mobile Payment,Delivery,105,Nina
2024-01-13,11:15:00 AM,Old Fashioned,Beverage,2,12,24,Cash,Dine-In,102,Jake
2024-03-19,1:30:00 PM,Mashed Potatoes,Side,5,7,35,Mobile Payment,Delivery,104,Carlos
2024-01-10,7:30:00 PM,Old Fashioned,Beverage,2,12,24,Mobile Payment,Delivery,104,Carlos
2024-10-08,12:00:00 PM,Caesar Salad,Appetizer,5,10,50,Cash,Dine-In,102,Jake
2024-10-25,6:00:00 PM,Mashed Potatoes,Side,2,7,14,Mobile Payment,Takeaway,105,Nina
2024-03-25,5:15:00 PM,New York Strip,Entree,9,38,342,Cash,Delivery,105,Nina
2024-05-24,3:30:00 PM,Cabernet Sauvignon,Beverage,6,16,96,Cash,Dine-In,105,Nina
2024-05-11,4:15:00 PM,Mashed Potatoes,Side,6,7,42,Credit Card,Dine-In,103,Emily
2024-08-19,11:45:00 AM,Chocolate Lava Cake,Dessert,5,9,45,Credit Card,Dine-In,102,Jake
2024-02-27,11:45:00 AM,Filet Mignon,Entree,2,42,84,Cash,Delivery,103,Emily
2024-12-19,9:15:00 PM,Chocolate Lava Cake,Dessert,6,9,54,Credit Card,Takeaway,101,Sarah
2024-11-27,9:15:00 PM,Chocolate Lava Cake,Dessert,6,9,54,Cash,Delivery,101,Sarah
2024-06-07,11:15:00 AM,New York Strip,Entree,5,38,190,Cash,Takeaway,104,Carlos
2024-06-16,6:45:00 PM,Chocolate Lava Cake,Dessert,5,9,45,Credit Card,Takeaway,105,Nina
2024-11-01,3:15:00 PM,Filet Mignon,Entree,8,42,336,Cash,Dine-In,101,Sarah
2024-11-13,11:00:00 AM,Shrimp Cocktail,Appetizer,1,14,14,Credit Card,Takeaway,104,Carlos
2024-10-17,1:00:00 PM,Ribeye Steak,Entree,3,35,105,Cash,Delivery,102,Jake
2024-08-04,10:30:00 PM,Filet Mignon,Entree,5,42,210,Credit Card,Delivery,101,Sarah
2024-06-01,11:00:00 AM,Shrimp Cocktail,Appetizer,3,14,42,Credit Card,Takeaway,102,Jake
2024-03-02,9:00:00 PM,Old Fashioned,Beverage,3,12,36,Cash,Dine-In,101,Sarah
2024-04-30,6:30:00 PM,Shrimp Cocktail,Appetizer,2,14,28,Mobile Payment,Delivery,104,Carlos
2024-02-02,10:15:00 PM,Caesar Salad,Appetizer,2,10,20,Credit Card,Delivery,104,Carlos
2024-01-16,11:45:00 AM,Grilled Asparagus,Side,4,8,32,Credit Card,Dine-In,101,Sarah
2024-10-22,11:00:00 AM,Shrimp Cocktail,Appetizer,3,14,42,Mobile Payment,Takeaway,102,Jake
2024-05-16,11:30:00 AM,Caesar Salad,Appetizer,2,10,20,Mobile Payment,Takeaway,101,Sarah
2024-11-28,11:45:00 AM,Cabernet Sauvignon,Beverage,3.6,16,57.6,Cash,Delivery,101,Sarah
2024-05-26,4:00:00 PM,Chocolate Lava Cake,Dessert,3,9,27,Credit Card,Takeaway,105,Nina
2024-03-24,4:30:00 PM,Truffle Fries,Side,5,8,40,Mobile Payment,Dine-In,103,Emily
2024-11-23,4:45:00 PM,New York Strip,Entree,10,38,380,Credit Card,Takeaway,104,Carlos
2024-06-26,3:15:00 PM,Bourbon BBQ Burger,Entree,4,22,88,Mobile Payment,Delivery,104,Carlos
2024-07-03,5:00:00 PM,Chocolate Lava Cake,Dessert,6,9,54,Cash,Takeaway,103,Emily
2024-11-26,6:45:00 PM,Cabernet Sauvignon,Beverage,5,16,80,Cash,Takeaway,105,Nina
2024-11-16,1:30:00 PM,Cabernet Sauvignon,Beverage,4,16,64,Mobile Payment,Dine-In,102,Jake
2024-12-20,5:00:00 PM,Grilled Asparagus,Side,2,8,16,Mobile Payment,Delivery,101,Sarah
2024-09-23,12:00:00 PM,Shrimp Cocktail,Appetizer,4,14,56,Mobile Payment,Dine-In,102,Jake
2024-12-16,10:30:00 PM,Old Fashioned,Beverage,2,12,24,Credit Card,Delivery,103,Emily
2024-10-07,5:45:00 PM,Caesar Salad,Appetizer,9,10,90,Credit Card,Delivery,104,Carlos
2024-12-18,12:15:00 PM,Bourbon BBQ Burger,Entree,4,22,88,Cash,Delivery,102,Jake
2024-01-01,7:00:00 PM,Old Fashioned,Beverage,6,12,72,Cash,Delivery,103,Emily
2024-05-03,5:30:00 PM,Caesar Salad,Appetizer,10,10,100,Mobile Payment,Dine-In,102,Jake
2024-01-13,11:00:00 AM,Shrimp Cocktail,Appetizer,2,14,28,Cash,Dine-In,101,Sarah
2024-02-04,3:45:00 PM,Filet Mignon,Entree,4,42,168,Credit Card,Delivery,104,Carlos
2024-01-06,10:30:00 PM,Mashed Potatoes,Side,8,7,56,Credit Card,Dine-In,103,Emily
2024-08-07,8:45:00 PM,Bourbon BBQ Burger,Entree,10,22,220,Mobile Payment,Dine-In,104,Carlos
2024-01-17,6:30:00 PM,Mashed Potatoes,Side,2,7,14,Credit Card,Delivery,104,Carlos
2024-07-15,7:00:00 PM,Grilled Asparagus,Side,10,8,80,Mobile Payment,Takeaway,104,Carlos
2024-01-14,5:00:00 PM,Old Fashioned,Beverage,2,12,24,Credit Card,Takeaway,105,Nina
2024-02-17,12:15:00 PM,Truffle Fries,Side,1,8,8,Credit Card,Takeaway,103,Emily
2024-05-03,8:45:00 PM,Ribeye Steak,Entree,7,35,245,Credit Card,Delivery,104,Carlos
2024-04-20,8:45:00 PM,Filet Mignon,Entree,2,42,84,Mobile Payment,Dine-In,105,Nina
2024-12-11,11:45:00 AM,Filet Mignon,Entree,6,42,252,Cash,Takeaway,103,Emily
2024-12-22,8:45:00 PM,Cabernet Sauvignon,Beverage,2,16,32,Credit Card,Delivery,101,Sarah
2024-12-23,7:45:00 PM,New York Strip,Entree,7,38,266,Credit Card,Dine-In,101,Sarah
2024-05-28,8:30:00 PM,Grilled Asparagus,Side,2,8,16,Mobile Payment,Dine-In,101,Sarah
2024-04-11,6:45:00 PM,Caesar Salad,Appetizer,2,10,20,Credit Card,Delivery,102,Jake
2024-07-11,11:30:00 AM,New York Strip,Entree,2,38,76,Credit Card,Delivery,105,Nina
2024-09-09,2:45:00 PM,Truffle Fries,Side,1,8,8,Cash,Dine-In,102,Jake
2024-03-08,10:00:00 PM,Old Fashioned,Beverage,7,12,84,Credit Card,Delivery,104,Carlos
2024-01-11,10:30:00 PM,Bourbon BBQ Burger,Entree,9,22,198,Cash,Takeaway,104,Carlos
2024-01-18,3:45:00 PM,Cabernet Sauvignon,Beverage,4,16,64,Cash,Dine-In,101,Sarah
2024-05-14,9:30:00 PM,Old Fashioned,Beverage,8,12,96,Mobile Payment,Dine-In,102,Jake
2024-03-02,11:15:00 AM,Filet Mignon,Entree,9,42,378,Cash,Delivery,102,Jake
2024-08-16,9:30:00 PM,Cabernet Sauvignon,Beverage,6,16,96,Credit Card,Dine-In,102,Jake
2024-10-25,5:00:00 PM,Cabernet Sauvignon,Beverage,2,16,32,Cash,Dine-In,102,Jake
2024-06-02,1:45:00 PM,Ribeye Steak,Entree,3,35,105,Cash,Delivery,101,Sarah
2024-02-27,7:30:00 PM,Chocolate Lava Cake,Dessert,12,9,108,Cash,Takeaway,102,Jake
2024-06-12,2:45:00 PM,Caesar Salad,Appetizer,2,10,20,Mobile Payment,Takeaway,104,Carlos
2024-09-02,2:00:00 PM,New York Strip,Entree,5,38,190,Mobile Payment,Delivery,105,Nina
2024-02-06,1:15:00 PM,Cabernet Sauvignon,Beverage,2,16,32,Cash,Takeaway,105,Nina
2024-02-07,8:15:00 PM,Caesar Salad,Appetizer,7,10,70,Mobile Payment,Takeaway,102,Jake
2024-05-14,5:00:00 PM,Grilled Asparagus,Side,2,8,16,Credit Card,Takeaway,101,Sarah
2024-04-08,9:30:00 PM,Grilled Asparagus,Side,7,8,56,Mobile Payment,Dine-In,102,Jake
2024-09-02,8:45:00 PM,Bourbon BBQ Burger,Entree,3,22,66,Cash,Delivery,105,Nina
2024-05-27,6:00:00 PM,Grilled Asparagus,Side,9,8,72,Cash,Takeaway,101,Sarah
2024-10-14,12:15:00 PM,Bourbon BBQ Burger,Entree,1,22,22,Credit Card,Takeaway,104,Carlos
2024-05-23,6:30:00 PM,Shrimp Cocktail,Appetizer,10,14,140,Mobile Payment,Takeaway,103,Emily
2024-08-28,7:45:00 PM,Grilled Asparagus,Side,11,8,88,Mobile Payment,Delivery,105,Nina
2024-11-02,9:15:00 PM,Old Fashioned,Beverage,5,12,60,Cash,Delivery,104,Carlos
2024-06-24,7:00:00 PM,Shrimp Cocktail,Appetizer,6,14,84,Credit Card,Takeaway,105,Nina
2024-09-19,2:30:00 PM,Mashed Potatoes,Side,2,7,14,Mobile Payment,Dine-In,103,Emily
2024-06-05,2:30:00 PM,Cabernet Sauvignon,Beverage,4,16,64,Credit Card,Takeaway,105,Nina
2024-08-05,9:15:00 PM,Chocolate Lava Cake,Dessert,4,9,36,Mobile Payment,Takeaway,102,Jake
2024-12-17,9:30:00 PM,Truffle Fries,Side,10,8,80,Mobile Payment,Takeaway,102,Jake
2024-08-24,8:15:00 PM,Filet Mignon,Entree,7,42,294,Mobile Payment,Dine-In,102,Jake
2024-11-02,9:30:00 PM,New York Strip,Entree,9,38,342,Credit Card,Dine-In,104,Carlos
2024-09-04,10:30:00 PM,Chocolate Lava Cake,Dessert,9,9,81,Mobile Payment,Takeaway,102,Jake
2024-05-10,8:00:00 PM,Shrimp Cocktail,Appetizer,2,14,28,Credit Card,Delivery,104,Carlos
2024-01-02,12:15:00 PM,Shrimp Cocktail,Appetizer,4,14,56,Credit Card,Delivery,105,Nina
2024-05-21,7:45:00 PM,Caesar Salad,Appetizer,7,10,70,Cash,Takeaway,104,Carlos
2024-10-31,12:45:00 PM,Grilled Asparagus,Side,4,8,32,Credit Card,Dine-In,102,Jake
2024-04-02,12:30:00 PM,Ribeye Steak,Entree,1,35,35,Cash,Takeaway,101,Sarah
2024-10-07,7:30:00 PM,New York Strip,Entree,2,38,76,Mobile Payment,Delivery,104,Carlos
2024-04-14,11:00:00 AM,Ribeye Steak,Entree,1,35,35,Credit Card,Delivery,103,Emily
2024-05-25,5:15:00 PM,Caesar Salad,Appetizer,4,10,40,Mobile Payment,Delivery,105,Nina
2024-05-16,7:30:00 PM,Caesar Salad,Appetizer,4,10,40,Cash,Delivery,105,Nina
2024-06-11,2:15:00 PM,Grilled Asparagus,Side,2,8,16,Mobile Payment,Delivery,101,Sarah
2024-03-23,12:30:00 PM,Old Fashioned,Beverage,2,12,24,Cash,Dine-In,104,Carlos
2024-04-23,2:45:00 PM,Chocolate Lava Cake,Dessert,2,9,18,Cash,Dine-In,103,Emily
2024-02-24,11:15:00 AM,Bourbon BBQ Burger,Entree,6,22,132,Credit Card,Delivery,105,Nina
2024-07-16,6:15:00 PM,Caesar Salad,Appetizer,2,10,20,Cash,Takeaway,104,Carlos
2024-08-14,1:45:00 PM,Chocolate Lava Cake,Dessert,4,9,36,Cash,Delivery,103,Emily
2024-04-15,9:45:00 PM,Grilled Asparagus,Side,11,8,88,Credit Card,Takeaway,101,Sarah
2024-09-12,7:45:00 PM,Old Fashioned,Beverage,10,12,120,Cash,Takeaway,102,Jake
2024-12-26,12:45:00 PM,New York Strip,Entree,4,38,152,Cash,Dine-In,103,Emily
2024-06-29,5:30:00 PM,Caesar Salad,Appetizer,7,10,70,Cash,Takeaway,105,Nina
2024-08-28,11:15:00 AM,Bourbon BBQ Burger,Entree,1,22,22,Credit Card,Delivery,101,Sarah
2024-07-18,8:30:00 PM,Mashed Potatoes,Side,7,7,49,Cash,Takeaway,104,Carlos
2024-08-16,5:00:00 PM,Grilled Asparagus,Side,6,8,48,Credit Card,Dine-In,103,Emily
2024-07-06,3:45:00 PM,New York Strip,Entree,3,38,114,Cash,Delivery,105,Nina
2024-11-02,7:15:00 PM,Ribeye Steak,Entree,7,35,245,Credit Card,Dine-In,102,Jake
2024-02-16,10:15:00 PM,Filet Mignon,Entree,9,42,378,Mobile Payment,Delivery,101,Sarah
2024-05-08,12:30:00 PM,Old Fashioned,Beverage,2,12,24,Credit Card,Dine-In,104,Carlos
2024-05-22,1:15:00 PM,Grilled Asparagus,Side,4,8,32,Cash,Delivery,101,Sarah
2024-04-28,12:00:00 PM,Chocolate Lava Cake,Dessert,2,9,18,Credit Card,Delivery,104,Carlos
2024-08-04,1:15:00 PM,Ribeye Steak,Entree,2,35,70,Mobile Payment,Delivery,101,Sarah
2024-02-04,12:30:00 PM,New York Strip,Entree,5,38,190,Cash,Takeaway,105,Nina
2024-07-07,10:15:00 PM,New York Strip,Entree,11,38,418,Cash,Dine-In,101,Sarah
2024-06-15,1:30:00 PM,Cabernet Sauvignon,Beverage,2,16,32,Mobile Payment,Delivery,101,Sarah
2024-07-20,1:15:00 PM,Ribeye Steak,Entree,8,35,280,Cash,Dine-In,102,Jake
2024-11-07,4:30:00 PM,Old Fashioned,Beverage,2,12,24,Credit Card,Dine-In,101,Sarah
2024-12-31,2:15:00 PM,Bourbon BBQ Burger,Entree,7.8,22,171.6,Cash,Dine-In,104,Carlos
2024-03-10,11:30:00 AM,Old Fashioned,Beverage,4,12,48,Credit Card,Delivery,104,Carlos
2024-10-08,7:45:00 PM,Cabernet Sauvignon,Beverage,9,16,144,Mobile Payment,Delivery,103,Emily
2024-11-06,8:45:00 PM,Shrimp Cocktail,Appetizer,9,14,126,Credit Card,Dine-In,105,Nina
2024-09-12,1:00:00 PM,Caesar Salad,Appetizer,1,10,10,Mobile Payment,Takeaway,103,Emily
2024-02-29,8:45:00 PM,Grilled Asparagus,Side,7,8,56,Credit Card,Takeaway,101,Sarah
2024-06-10,6:15:00 PM,Ribeye Steak,Entree,4,35,140,Credit Card,Delivery,102,Jake
2024-08-18,8:15:00 PM,Bourbon BBQ Burger,Entree,7,22,154,Credit Card,Dine-In,102,Jake
2024-01-09,2:45:00 PM,Shrimp Cocktail,Appetizer,4,14,56,Credit Card,Takeaway,104,Carlos
2024-07-09,2:45:00 PM,New York Strip,Entree,3,38,114,Cash,Dine-In,102,Jake
2024-11-23,12:30:00 PM,Mashed Potatoes,Side,2,7,14,Credit Card,Takeaway,104,Carlos
2024-11-30,5:00:00 PM,Chocolate Lava Cake,Dessert,6,9,54,Credit Card,Delivery,105,Nina
2024-09-01,11:45:00 AM,Filet Mignon,Entree,3,42,126,Credit Card,Dine-In,103,Emily
2024-09-16,1:00:00 PM,Filet Mignon,Entree,2,42,84,Mobile Payment,Delivery,105,Nina
2024-05-18,11:00:00 AM,Cabernet Sauvignon,Beverage,4,16,64,Mobile Payment,Delivery,103,Emily
2024-01-13,6:45:00 PM,Mashed Potatoes,Side,10,7,70,Credit Card,Takeaway,105,Nina
2024-06-16,3:30:00 PM,Ribeye Steak,Entree,4,35,140,Mobile Payment,Dine-In,104,Carlos
2024-09-06,5:00:00 PM,Bourbon BBQ Burger,Entree,11,22,242,Mobile Payment,Delivery,105,Nina
2024-09-16,12:15:00 PM,Grilled Asparagus,Side,3,8,24,Mobile Payment,Delivery,104,Carlos
2024-11-21,3:15:00 PM,New York Strip,Entree,2,38,76,Cash,Delivery,104,Carlos
2024-05-21,5:15:00 PM,Ribeye Steak,Entree,2,35,70,Credit Card,Dine-In,102,Jake
2024-04-09,5:15:00 PM,Grilled Asparagus,Side,4,8,32,Credit Card,Delivery,105,Nina
2024-05-10,2:00:00 PM,Filet Mignon,Entree,4,42,168,Cash,Takeaway,104,Carlos
2024-02-03,2:45:00 PM,New York Strip,Entree,7,38,266,Cash,Dine-In,104,Carlos
2024-06-24,8:30:00 PM,Old Fashioned,Beverage,7,12,84,Mobile Payment,Delivery,105,Nina
2024-06-18,9:30:00 PM,Cabernet Sauvignon,Beverage,3,16,48,Mobile Payment,Delivery,105,Nina
2024-09-23,9:30:00 PM,Chocolate Lava Cake,Dessert,4,9,36,Cash,Dine-In,104,Carlos
2024-09-04,3:30:00 PM,Cabernet Sauvignon,Beverage,3,16,48,Credit Card,Delivery,104,Carlos
2024-01-27,8:30:00 PM,Shrimp Cocktail,Appetizer,2,14,28,Cash,Delivery,102,Jake
2024-04-22,2:45:00 PM,New York Strip,Entree,1,38,38,Mobile Payment,Delivery,105,Nina
2024-07-04,5:45:00 PM,Grilled Asparagus,Side,10,8,80,Credit Card,Takeaway,101,Sarah
2024-05-04,1:45:00 PM,Bourbon BBQ Burger,Entree,2,22,44,Credit Card,Dine-In,104,Carlos
2024-07-26,5:15:00 PM,Grilled Asparagus,Side,7,8,56,Cash,Takeaway,103,Emily
2024-03-01,3:15:00 PM,Old Fashioned,Beverage,6,12,72,Credit Card,Delivery,102,Jake
2024-07-26,5:15:00 PM,Shrimp Cocktail,Appetizer,4,14,56,Mobile Payment,Dine-In,103,Emily
2024-03-22,8:30:00 PM,Chocolate Lava Cake,Dessert,8,9,72,Cash,Dine-In,101,Sarah
2024-02-12,10:00:00 PM,New York Strip,Entree,11,38,418,Credit Card,Takeaway,101,Sarah
2024-12-23,9:15:00 PM,Ribeye Steak,Entree,2,35,70,Credit Card,Dine-In,101,Sarah
2024-03-09,3:30:00 PM,Bourbon BBQ Burger,Entree,5,22,110,Mobile Payment,Delivery,101,Sarah
2024-01-21,1:30:00 PM,Mashed Potatoes,Side,1,7,7,Cash,Delivery,101,Sarah
2024-01-21,8:00:00 PM,Caesar Salad,Appetizer,5,10,50,Credit Card,Takeaway,101,Sarah
2024-05-16,8:30:00 PM,Chocolate Lava Cake,Dessert,11,9,99,Cash,Delivery,103,Emily
2024-03-11,12:45:00 PM,Chocolate Lava Cake,Dessert,3,9,27,Cash,Delivery,105,Nina
2024-02-19,6:15:00 PM,Truffle Fries,Side,7,8,56,Cash,Takeaway,103,Emily
2024-12-06,1:45:00 PM,Old Fashioned,Beverage,5,12,60,Mobile Payment,Takeaway,103,Emily
2024-11-30,10:45:00 PM,Grilled Asparagus,Side,3,8,24,Credit Card,Delivery,103,Emily
2024-04-17,2:45:00 PM,New York Strip,Entree,2,38,76,Cash,Dine-In,101,Sarah
2024-10-27,12:15:00 PM,Filet Mignon,Entree,3,42,126,Cash,Dine-In,101,Sarah
2024-05-24,4:30:00 PM,Chocolate Lava Cake,Dessert,3,9,27,Mobile Payment,Takeaway,104,Carlos
2024-07-28,12:30:00 PM,Truffle Fries,Side,2,8,16,Credit Card,Delivery,101,Sarah
2024-07-05,1:45:00 PM,Caesar Salad,Appetizer,4,10,40,Cash,Dine-In,101,Sarah
2024-05-09,5:15:00 PM,Old Fashioned,Beverage,7,12,84,Mobile Payment,Takeaway,103,Emily
2024-08-18,1:30:00 PM,Truffle Fries,Side,4,8,32,Mobile Payment,Takeaway,105,Nina
2024-12-24,1:00:00 PM,New York Strip,Entree,3,38,114,Credit Card,Dine-In,104,Carlos
2024-06-20,1:00:00 PM,New York Strip,Entree,2,38,76,Mobile Payment,Delivery,104,Carlos
2024-05-22,2:15:00 PM,Grilled Asparagus,Side,1,8,8,Cash,Delivery,103,Emily
2024-12-30,4:30:00 PM,Mashed Potatoes,Side,1,7,7,Cash,Takeaway,105,Nina
2024-04-13,2:15:00 PM,Mashed Potatoes,Side,9,7,63,Credit Card,Delivery,104,Carlos
2024-09-27,8:15:00 PM,Grilled Asparagus,Side,2,8,16,Credit Card,Delivery,105,Nina
2024-10-07,3:45:00 PM,Ribeye Steak,Entree,3,35,105,Credit Card,Dine-In,104,Carlos
2024-10-28,9:00:00 PM,Old Fashioned,Beverage,7,12,84,Credit Card,Delivery,105,Nina
2024-04-28,4:15:00 PM,Old Fashioned,Beverage,3,12,36,Credit Card,Delivery,101,Sarah
2024-04-27,9:30:00 PM,Grilled Asparagus,Side,7,8,56,Cash,Delivery,102,Jake
2024-01-21,2:45:00 PM,Caesar Salad,Appetizer,3,10,30,Cash,Takeaway,101,Sarah
2024-02-08,3:45:00 PM,Ribeye Steak,Entree,6,35,210,Mobile Payment,Delivery,103,Emily
2024-11-03,9:00:00 PM,Old Fashioned,Beverage,9,12,108,Cash,Delivery,105,Nina
2024-05-27,12:15:00 PM,Grilled Asparagus,Side,5,8,40,Mobile Payment,Takeaway,102,Jake
2024-10-06,9:15:00 PM,Ribeye Steak,Entree,7,35,245,Cash,Takeaway,102,Jake
2024-09-02,11:00:00 AM,New York Strip,Entree,3,38,114,Cash,Delivery,103,Emily
2024-12-09,3:45:00 PM,New York Strip,Entree,4,38,152,Cash,Delivery,102,Jake
2024-07-04,12:30:00 PM,Shrimp Cocktail,Appetizer,6,14,84,Mobile Payment,Delivery,101,Sarah
2024-02-09,1:00:00 PM,Ribeye Steak,Entree,3,35,105,Cash,Takeaway,102,Jake
2024-02-28,6:30:00 PM,Filet Mignon,Entree,10,42,420,Mobile Payment,Takeaway,105,Nina
2024-03-03,6:30:00 PM,Filet Mignon,Entree,5,42,210,Cash,Takeaway,102,Jake
2024-07-17,2:30:00 PM,Truffle Fries,Side,1,8,8,Mobile Payment,Dine-In,101,Sarah
2024-03-24,1:30:00 PM,New York Strip,Entree,6,38,228,Mobile Payment,Delivery,102,Jake
2024-09-02,9:30:00 PM,Ribeye Steak,Entree,7,35,245,Credit Card,Takeaway,101,Sarah
2024-09-19,5:15:00 PM,New York Strip,Entree,4,38,152,Mobile Payment,Delivery,104,Carlos
2024-10-27,10:00:00 PM,Truffle Fries,Side,3,8,24,Mobile Payment,Takeaway,105,Nina
2024-08-22,5:30:00 PM,Bourbon BBQ Burger,Entree,7,22,154,Cash,Dine-In,101,Sarah
2024-08-19,2:00:00 PM,Chocolate Lava Cake,Dessert,3,9,27,Cash,Delivery,103,Emily
2024-11-28,4:45:00 PM,Truffle Fries,Side,1.2,8,9.6,Credit Card,Takeaway,101,Sarah
2024-03-09,12:00:00 PM,Chocolate Lava Cake,Dessert,3,9,27,Credit Card,Takeaway,105,Nina
2024-10-09,10:30:00 PM,Filet Mignon,Entree,10,42,420,Cash,Delivery,103,Emily
2024-05-05,3:45:00 PM,Shrimp Cocktail,Appetizer,1,14,14,Cash,Dine-In,103,Emily
2024-12-06,1:30:00 PM,Grilled Asparagus,Side,3,8,24,Credit Card,Takeaway,104,Carlos
2024-02-08,7:30:00 PM,Filet Mignon,Entree,8,42,336,Credit Card,Delivery,103,Emily
2024-07-27,11:00:00 AM,Shrimp Cocktail,Appetizer,4,14,56,Cash,Delivery,101,Sarah
2024-03-11,7:00:00 PM,Mashed Potatoes,Side,2,7,14,Cash,Takeaway,103,Emily
2024-06-11,12:15:00 PM,Chocolate Lava Cake,Dessert,2,9,18,Mobile Payment,Dine-In,102,Jake
2024-01-26,3:30:00 PM,Cabernet Sauvignon,Beverage,8,16,128,Cash,Delivery,105,Nina
2024-10-22,10:30:00 PM,Cabernet Sauvignon,Beverage,6,16,96,Cash,Takeaway,101,Sarah
2024-06-08,5:00:00 PM,Bourbon BBQ Burger,Entree,6,22,132,Credit Card,Delivery,101,Sarah
2024-03-11,12:00:00 PM,Chocolate Lava Cake,Dessert,1,9,9,Cash,Takeaway,101,Sarah
2024-08-28,4:45:00 PM,Cabernet Sauvignon,Beverage,1,16,16,Credit Card,Dine-In,105,Nina
2024-10-14,2:00:00 PM,Mashed Potatoes,Side,2,7,14,Cash,Delivery,105,Nina
2024-12-24,12:00:00 PM,Old Fashioned,Beverage,2,12,24,Mobile Payment,Delivery,102,Jake
2024-03-27,10:15:00 PM,Grilled Asparagus,Side,2,8,16,Mobile Payment,Delivery,103,Emily
2024-10-22,10:15:00 PM,Old Fashioned,Beverage,9,12,108,Cash,Dine-In,104,Carlos
2024-04-18,8:45:00 PM,Caesar Salad,Appetizer,9,10,90,Credit Card,Takeaway,102,Jake
2024-07-26,8:45:00 PM,Chocolate Lava Cake,Dessert,7,9,63,Credit Card,Dine-In,105,Nina
2024-03-04,10:45:00 PM,Shrimp Cocktail,Appetizer,12,14,168,Credit Card,Dine-In,101,Sarah
2024-07-26,8:15:00 PM,Truffle Fries,Side,5,8,40,Mobile Payment,Dine-In,105,Nina
2024-04-04,9:00:00 PM,Bourbon BBQ Burger,Entree,4,22,88,Cash,Delivery,101,Sarah
2024-04-28,2:00:00 PM,Truffle Fries,Side,1,8,8,Mobile Payment,Takeaway,102,Jake
2024-04-21,3:00:00 PM,Chocolate Lava Cake,Dessert,1,9,9,Mobile Payment,Dine-In,101,Sarah
2024-12-22,11:45:00 AM,Filet Mignon,Entree,3,42,126,Cash,Takeaway,102,Jake
2024-03-16,10:00:00 PM,Mashed Potatoes,Side,6,7,42,Credit Card,Takeaway,105,Nina
2024-12-14,3:45:00 PM,Bourbon BBQ Burger,Entree,4,22,88,Mobile Payment,Dine-In,102,Jake
2024-07-18,4:15:00 PM,Bourbon BBQ Burger,Entree,2,22,44,Credit Card,Takeaway,103,Emily
2024-08-11,11:30:00 AM,Ribeye Steak,Entree,4,35,140,Credit Card,Dine-In,101,Sarah
2024-01-31,10:45:00 PM,Cabernet Sauvignon,Beverage,5,16,80,Cash,Takeaway,101,Sarah
2024-05-27,1:30:00 PM,Shrimp Cocktail,Appetizer,2,14,28,Credit Card,Dine-In,104,Carlos
2024-09-28,12:45:00 PM,Mashed Potatoes,Side,6,7,42,Mobile Payment,Dine-In,104,Carlos
2024-04-12,10:30:00 PM,Old Fashioned,Beverage,9,12,108,Credit Card,Dine-In,104,Carlos
2024-04-22,6:15:00 PM,Ribeye Steak,Entree,5,35,175,Mobile Payment,Takeaway,104,Carlos
2024-04-22,7:15:00 PM,Filet Mignon,Entree,6,42,252,Mobile Payment,Takeaway,105,Nina
2024-05-10,10:00:00 PM,Shrimp Cocktail,Appetizer,12,14,168,Credit Card,Delivery,104,Carlos
2024-01-11,12:00:00 PM,Caesar Salad,Appetizer,4,10,40,Credit Card,Dine-In,105,Nina
2024-11-10,8:15:00 PM,Bourbon BBQ Burger,Entree,6,22,132,Mobile Payment,Dine-In,102,Jake
2024-01-11,4:45:00 PM,Chocolate Lava Cake,Dessert,3,9,27,Cash,Takeaway,102,Jake
2024-04-05,12:30:00 PM,Truffle Fries,Side,7,8,56,Credit Card,Delivery,103,Emily
2024-10-27,2:45:00 PM,Bourbon BBQ Burger,Entree,5,22,110,Mobile Payment,Delivery,103,Emily
2024-02-19,5:45:00 PM,Chocolate Lava Cake,Dessert,4,9,36,Cash,Takeaway,101,Sarah
2024-06-21,4:45:00 PM,Caesar Salad,Appetizer,6,10,60,Credit Card,Takeaway,102,Jake
2024-08-08,7:00:00 PM,Truffle Fries,Side,2,8,16,Cash,Delivery,102,Jake
2024-04-28,5:00:00 PM,Caesar Salad,Appetizer,7,10,70,Credit Card,Delivery,101,Sarah
2024-02-22,9:45:00 PM,Truffle Fries,Side,4,8,32,Cash,Delivery,102,Jake
2024-04-21,4:00:00 PM,Ribeye Steak,Entree,3,35,105,Cash,Delivery,104,Carlos
2024-03-02,3:45:00 PM,Caesar Salad,Appetizer,2,10,20,Credit Card,Dine-In,105,Nina
2024-03-01,12:30:00 PM,Chocolate Lava Cake,Dessert,9,9,81,Mobile Payment,Delivery,102,Jake
2024-01-23,6:30:00 PM,Cabernet Sauvignon,Beverage,4,16,64,Mobile Payment,Delivery,101,Sarah
2024-09-07,2:45:00 PM,Mashed Potatoes,Side,2,7,14,Cash,Delivery,105,Nina
2024-04-27,8:30:00 PM,Ribeye Steak,Entree,7,35,245,Mobile Payment,Takeaway,103,Emily
2024-08-19,7:15:00 PM,Ribeye Steak,Entree,2,35,70,Mobile Payment,Delivery,101,Sarah
2024-12-07,3:15:00 PM,New York Strip,Entree,3,38,114,Cash,Delivery,101,Sarah
2024-04-01,2:15:00 PM,Caesar Salad,Appetizer,2,10,20,Credit Card,Takeaway,101,Sarah
2024-12-04,6:15:00 PM,Chocolate Lava Cake,Dessert,4,9,36,Cash,Dine-In,102,Jake
2024-07-06,9:30:00 PM,Bourbon BBQ Burger,Entree,7,22,154,Cash,Delivery,101,Sarah
2024-03-22,6:45:00 PM,Ribeye Steak,Entree,3,35,105,Credit Card,Dine-In,105,Nina
2024-03-30,9:45:00 PM,Filet Mignon,Entree,2,42,84,Cash,Dine-In,101,Sarah
2024-03-19,5:00:00 PM,Grilled Asparagus,Side,5,8,40,Mobile Payment,Dine-In,103,Emily
2024-12-31,7:30:00 PM,Old Fashioned,Beverage,5.2,12,62.4,Mobile Payment,Delivery,105,Nina
2024-04-20,6:45:00 PM,New York Strip,Entree,10,38,380,Credit Card,Takeaway,103,Emily
2024-05-13,8:15:00 PM,Truffle Fries,Side,2,8,16,Cash,Takeaway,103,Emily
2024-07-11,7:45:00 PM,Filet Mignon,Entree,11,42,462,Cash,Delivery,102,Jake
2024-01-28,2:00:00 PM,Cabernet Sauvignon,Beverage,4,16,64,Credit Card,Delivery,105,Nina
2024-12-30,10:15:00 PM,Ribeye Steak,Entree,11,35,385,Cash,Delivery,102,Jake
2024-03-05,2:00:00 PM,Cabernet Sauvignon,Beverage,5,16,80,Mobile Payment,Dine-In,102,Jake
2024-10-02,7:00:00 PM,Mashed Potatoes,Side,11,7,77,Mobile Payment,Dine-In,103,Emily
2024-05-13,4:15:00 PM,New York Strip,Entree,1,38,38,Credit Card,Takeaway,102,Jake
2024-03-12,2:00:00 PM,Cabernet Sauvignon,Beverage,2,16,32,Mobile Payment,Takeaway,101,Sarah
2024-08-04,10:00:00 PM,Truffle Fries,Side,7,8,56,Credit Card,Dine-In,103,Emily
2024-06-21,11:00:00 AM,Ribeye Steak,Entree,1,35,35,Mobile Payment,Delivery,101,Sarah
2024-01-16,12:30:00 PM,New York Strip,Entree,6,38,228,Cash,Dine-In,102,Jake
2024-09-03,12:45:00 PM,Cabernet Sauvignon,Beverage,3,16,48,Cash,Delivery,105,Nina
2024-01-14,10:15:00 PM,Mashed Potatoes,Side,6,7,42,Credit Card,Delivery,101,Sarah
2024-09-15,9:30:00 PM,Shrimp Cocktail,Appetizer,5,14,70,Cash,Dine-In,105,Nina
2024-03-16,8:45:00 PM,Shrimp Cocktail,Appetizer,7,14,98,Mobile Payment,Dine-In,102,Jake
2024-03-30,3:00:00 PM,Mashed Potatoes,Side,7,7,49,Credit Card,Dine-In,105,Nina
2024-08-10,6:00:00 PM,Ribeye Steak,Entree,11,35,385,Cash,Dine-In,103,Emily
2024-05-05,5:30:00 PM,Bourbon BBQ Burger,Entree,6,22,132,Cash,Takeaway,105,Nina
2024-05-20,7:15:00 PM,Grilled Asparagus,Side,8,8,64,Mobile Payment,Dine-In,102,Jake
2024-07-30,1:30:00 PM,Cabernet Sauvignon,Beverage,2,16,32,Credit Card,Takeaway,101,Sarah
2024-07-06,3:15:00 PM,Chocolate Lava Cake,Dessert,8,9,72,Mobile Payment,Dine-In,105,Nina
2024-12-31,11:45:00 AM,Ribeye Steak,Entree,5.2,35,182,Cash,Dine-In,104,Carlos
2024-11-04,8:45:00 PM,Chocolate Lava Cake,Dessert,5,9,45,Cash,Delivery,105,Nina
2024-04-04,1:00:00 PM,Ribeye Steak,Entree,3,35,105,Cash,Dine-In,104,Carlos
2024-05-09,7:00:00 PM,Cabernet Sauvignon,Beverage,11,16,176,Mobile Payment,Dine-In,103,Emily
2024-11-16,10:30:00 PM,Bourbon BBQ Burger,Entree,3,22,66,Mobile Payment,Takeaway,104,Carlos
2024-05-07,7:15:00 PM,Grilled Asparagus,Side,4,8,32,Mobile Payment,Delivery,101,Sarah
2024-07-23,3:15:00 PM,New York Strip,Entree,1,38,38,Cash,Delivery,104,Carlos
2024-11-12,9:30:00 PM,Truffle Fries,Side,3,8,24,Mobile Payment,Delivery,103,Emily
2024-07-27,3:15:00 PM,Ribeye Steak,Entree,3,35,105,Credit Card,Delivery,102,Jake
2024-07-07,10:45:00 PM,Caesar Salad,Appetizer,2,10,20,Credit Card,Takeaway,101,Sarah
2024-08-24,11:45:00 AM,Shrimp Cocktail,Appetizer,7,14,98,Cash,Takeaway,103,Emily
2024-05-28,11:15:00 AM,Grilled Asparagus,Side,2,8,16,Mobile Payment,Delivery,103,Emily
2024-06-23,7:15:00 PM,Shrimp Cocktail,Appetizer,4,14,56,Mobile Payment,Dine-In,101,Sarah
2024-08-28,5:30:00 PM,Grilled Asparagus,Side,7,8,56,Credit Card,Delivery,105,Nina
2024-09-28,7:00:00 PM,Caesar Salad,Appetizer,2,10,20,Credit Card,Dine-In,105,Nina
2024-12-23,7:15:00 PM,Shrimp Cocktail,Appetizer,6,14,84,Mobile Payment,Dine-In,104,Carlos
2024-11-08,10:00:00 PM,Bourbon BBQ Burger,Entree,6,22,132,Cash,Takeaway,101,Sarah
2024-05-29,2:15:00 PM,Caesar Salad,Appetizer,2,10,20,Credit Card,Dine-In,105,Nina
2024-05-11,8:30:00 PM,Truffle Fries,Side,2,8,16,Credit Card,Delivery,102,Jake
2024-03-13,12:00:00 PM,Filet Mignon,Entree,6,42,252,Credit Card,Delivery,104,Carlos
2024-03-04,7:00:00 PM,Chocolate Lava Cake,Dessert,5,9,45,Cash,Delivery,101,Sarah
2024-11-19,9:15:00 PM,Old Fashioned,Beverage,5,12,60,Cash,Takeaway,103,Emily
2024-04-25,11:45:00 AM,Ribeye Steak,Entree,1,35,35,Cash,Delivery,105,Nina
2024-09-11,4:45:00 PM,Filet Mignon,Entree,4,42,168,Mobile Payment,Takeaway,105,Nina
2024-09-25,11:00:00 AM,New York Strip,Entree,2,38,76,Cash,Dine-In,105,Nina
2024-02-24,4:45:00 PM,Filet Mignon,Entree,9,42,378,Cash,Delivery,105,Nina
2024-01-07,2:45:00 PM,Mashed Potatoes,Side,4,7,28,Mobile Payment,Delivery,104,Carlos
2024-05-15,10:30:00 PM,Chocolate Lava Cake,Dessert,2,9,18,Mobile Payment,Takeaway,101,Sarah
2024-11-13,9:15:00 PM,Grilled Asparagus,Side,7,8,56,Mobile Payment,Takeaway,102,Jake
2024-01-30,12:30:00 PM,Chocolate Lava Cake,Dessert,1,9,9,Cash,Delivery,105,Nina
2024-05-26,12:30:00 PM,Caesar Salad,Appetizer,2,10,20,Credit Card,Delivery,104,Carlos
2024-06-24,11:15:00 AM,Grilled Asparagus,Side,2,8,16,Cash,Delivery,102,Jake
2024-04-20,8:15:00 PM,Filet Mignon,Entree,4,42,168,Credit Card,Takeaway,103,Emily
2024-06-21,5:00:00 PM,Filet Mignon,Entree,5,42,210,Cash,Delivery,103,Emily
2024-03-07,7:45:00 PM,Truffle Fries,Side,2,8,16,Credit Card,Delivery,101,Sarah
2024-06-21,2:45:00 PM,Grilled Asparagus,Side,6,8,48,Credit Card,Delivery,101,Sarah
2024-09-22,10:00:00 PM,Filet Mignon,Entree,4,42,168,Credit Card,Dine-In,101,Sarah
2024-04-08,11:15:00 AM,Mashed Potatoes,Side,5,7,35,Credit Card,Delivery,101,Sarah
2024-01-14,5:15:00 PM,Bourbon BBQ Burger,Entree,9,22,198,Cash,Takeaway,102,Jake
2024-02-21,1:15:00 PM,Shrimp Cocktail,Appetizer,3,14,42,Credit Card,Dine-In,104,Carlos
2024-09-17,7:15:00 PM,Grilled Asparagus,Side,9,8,72,Cash,Takeaway,104,Carlos
2024-08-05,7:15:00 PM,Chocolate Lava Cake,Dessert,5,9,45,Mobile Payment,Takeaway,103,Emily
2024-01-21,12:15:00 PM,Shrimp Cocktail,Appetizer,5,14,70,Cash,Delivery,104,Carlos
2024-04-09,4:30:00 PM,Caesar Salad,Appetizer,5,10,50,Mobile Payment,Delivery,105,Nina
2024-03-10,5:00:00 PM,Caesar Salad,Appetizer,4,10,40,Mobile Payment,Takeaway,105,Nina
2024-03-04,11:00:00 AM,Bourbon BBQ Burger,Entree,3,22,66,Credit Card,Delivery,101,Sarah
2024-11-06,11:30:00 AM,Chocolate Lava Cake,Dessert,5,9,45,Mobile Payment,Dine-In,103,Emily
2024-05-26,8:15:00 PM,Ribeye Steak,Entree,9,35,315,Credit Card,Delivery,102,Jake
2024-07-25,8:45:00 PM,Chocolate Lava Cake,Dessert,9,9,81,Credit Card,Delivery,103,Emily
2024-10-09,9:45:00 PM,Filet Mignon,Entree,10,42,420,Credit Card,Dine-In,105,Nina
2024-07-06,8:45:00 PM,Bourbon BBQ Burger,Entree,10,22,220,Cash,Dine-In,103,Emily
2024-10-16,12:30:00 PM,Ribeye Steak,Entree,5,35,175,Credit Card,Delivery,105,Nina
2024-04-09,1:15:00 PM,Filet Mignon,Entree,2,42,84,Cash,Takeaway,102,Jake
2024-08-08,5:00:00 PM,Grilled Asparagus,Side,12,8,96,Mobile Payment,Dine-In,105,Nina
2024-08-30,1:45:00 PM,Bourbon BBQ Burger,Entree,2,22,44,Credit Card,Takeaway,101,Sarah
2024-11-24,6:15:00 PM,Truffle Fries,Side,4,8,32,Credit Card,Delivery,102,Jake
2024-09-23,8:15:00 PM,Mashed Potatoes,Side,11,7,77,Credit Card,Delivery,102,Jake
2024-09-23,1:00:00 PM,Shrimp Cocktail,Appetizer,1,14,14,Credit Card,Takeaway,101,Sarah
2024-03-13,10:45:00 PM,Mashed Potatoes,Side,2,7,14,Mobile Payment,Dine-In,104,Carlos
2024-10-29,4:15:00 PM,Grilled Asparagus,Side,3,8,24,Cash,Delivery,104,Carlos
2024-10-20,5:30:00 PM,Grilled Asparagus,Side,2,8,16,Cash,Dine-In,105,Nina
2024-09-03,5:00:00 PM,Bourbon BBQ Burger,Entree,3,22,66,Cash,Delivery,103,Emily
2024-10-19,4:00:00 PM,Shrimp Cocktail,Appetizer,3,14,42,Credit Card,Takeaway,105,Nina
2024-03-17,2:30:00 PM,Cabernet Sauvignon,Beverage,3,16,48,Mobile Payment,Dine-In,101,Sarah
2024-03-25,6:15:00 PM,Ribeye Steak,Entree,2,35,70,Mobile Payment,Delivery,104,Carlos
2024-11-03,5:45:00 PM,Filet Mignon,Entree,2,42,84,Cash,Takeaway,105,Nina
2024-04-13,12:00:00 PM,Bourbon BBQ Burger,Entree,4,22,88,Mobile Payment,Takeaway,101,Sarah
2024-01-25,12:45:00 PM,Cabernet Sauvignon,Beverage,1,16,16,Mobile Payment,Delivery,103,Emily
2024-02-11,3:00:00 PM,Truffle Fries,Side,3,8,24,Cash,Takeaway,104,Carlos
2024-03-31,9:15:00 PM,Chocolate Lava Cake,Dessert,8,9,72,Mobile Payment,Takeaway,102,Jake
2024-01-26,10:30:00 PM,Caesar Salad,Appetizer,6,10,60,Credit Card,Dine-In,104,Carlos
2024-08-13,6:30:00 PM,Grilled Asparagus,Side,5,8,40,Cash,Delivery,104,Carlos
2024-03-12,10:45:00 PM,Grilled Asparagus,Side,4,8,32,Mobile Payment,Dine-In,103,Emily
2024-01-10,7:00:00 PM,Truffle Fries,Side,8,8,64,Mobile Payment,Delivery,104,Carlos
2024-07-15,11:15:00 AM,Chocolate Lava Cake,Dessert,5,9,45,Cash,Takeaway,101,Sarah
2024-07-22,7:30:00 PM,Filet Mignon,Entree,4,42,168,Cash,Dine-In,104,Carlos
2024-04-28,12:15:00 PM,Mashed Potatoes,Side,4,7,28,Mobile Payment,Dine-In,102,Jake
2024-06-25,5:00:00 PM,Old Fashioned,Beverage,9,12,108,Cash,Takeaway,101,Sarah
2024-04-14,1:00:00 PM,Filet Mignon,Entree,6,42,252,Cash,Dine-In,104,Carlos
2024-02-27,2:45:00 PM,Caesar Salad,Appetizer,4,10,40,Mobile Payment,Takeaway,102,Jake
2024-08-27,6:30:00 PM,Grilled Asparagus,Side,2,8,16,Cash,Dine-In,104,Carlos
2024-02-08,9:30:00 PM,Shrimp Cocktail,Appetizer,6,14,84,Mobile Payment,Dine-In,102,Jake
2024-10-23,4:00:00 PM,New York Strip,Entree,3,38,114,Credit Card,Delivery,101,Sarah
2024-02-18,5:30:00 PM,Shrimp Cocktail,Appetizer,2,14,28,Cash,Takeaway,102,Jake
2024-12-15,3:00:00 PM,Grilled Asparagus,Side,4,8,32,Mobile Payment,Dine-In,102,Jake
2024-08-25,10:45:00 PM,Bourbon BBQ Burger,Entree,9,22,198,Cash,Dine-In,101,Sarah
2024-01-08,1:00:00 PM,Old Fashioned,Beverage,5,12,60,Mobile Payment,Dine-In,101,Sarah
2024-11-17,2:30:00 PM,Cabernet Sauvignon,Beverage,4,16,64,Cash,Delivery,105,Nina
2024-06-23,10:45:00 PM,Truffle Fries,Side,10,8,80,Credit Card,Dine-In,104,Carlos
2024-04-28,7:15:00 PM,Filet Mignon,Entree,11,42,462,Cash,Delivery,103,Emily
2024-07-28,11:30:00 AM,Caesar Salad,Appetizer,5,10,50,Credit Card,Delivery,101,Sarah
2024-09-09,10:45:00 PM,Grilled Asparagus,Side,2,8,16,Credit Card,Takeaway,101,Sarah
2024-07-25,6:15:00 PM,Grilled Asparagus,Side,11,8,88,Cash,Dine-In,103,Emily
2024-01-02,5:15:00 PM,Filet Mignon,Entree,4,42,168,Cash,Dine-In,103,Emily
2024-06-16,9:15:00 PM,Filet Mignon,Entree,7,42,294,Mobile Payment,Delivery,103,Emily
2024-01-08,4:45:00 PM,Filet Mignon,Entree,3,42,126,Credit Card,Delivery,102,Jake
2024-02-07,7:15:00 PM,Filet Mignon,Entree,12,42,504,Cash,Takeaway,105,Nina
2024-07-22,6:00:00 PM,Cabernet Sauvignon,Beverage,8,16,128,Mobile Payment,Delivery,103,Emily
2024-04-30,5:30:00 PM,Cabernet Sauvignon,Beverage,2,16,32,Cash,Dine-In,101,Sarah
2024-06-18,11:15:00 AM,Bourbon BBQ Burger,Entree,5,22,110,Credit Card,Delivery,105,Nina
2024-12-20,3:30:00 PM,Bourbon BBQ Burger,Entree,3,22,66,Credit Card,Delivery,103,Emily
2024-11-08,7:00:00 PM,Bourbon BBQ Burger,Entree,2,22,44,Credit Card,Takeaway,104,Carlos
2024-11-16,7:45:00 PM,Ribeye Steak,Entree,7,35,245,Cash,Takeaway,102,Jake
2024-04-30,7:45:00 PM,Old Fashioned,Beverage,8,12,96,Credit Card,Dine-In,105,Nina
2024-12-02,1:00:00 PM,Chocolate Lava Cake,Dessert,4,9,36,Credit Card,Takeaway,101,Sarah
2024-11-10,12:45:00 PM,Old Fashioned,Beverage,4,12,48,Mobile Payment,Takeaway,104,Carlos
2024-10-04,1:45:00 PM,Cabernet Sauvignon,Beverage,6,16,96,Mobile Payment,Dine-In,102,Jake
2024-06-12,7:15:00 PM,Old Fashioned,Beverage,2,12,24,Mobile Payment,Delivery,103,Emily
2024-12-14,7:00:00 PM,Grilled Asparagus,Side,5,8,40,Mobile Payment,Delivery,102,Jake
2024-07-07,11:30:00 AM,Ribeye Steak,Entree,2,35,70,Credit Card,Takeaway,105,Nina
2024-06-18,9:45:00 PM,Chocolate Lava Cake,Dessert,2,9,18,Cash,Delivery,101,Sarah
2024-03-26,3:15:00 PM,Truffle Fries,Side,3,8,24,Credit Card,Takeaway,103,Emily
2024-04-03,7:45:00 PM,Old Fashioned,Beverage,11,12,132,Credit Card,Dine-In,102,Jake
2024-06-29,8:30:00 PM,New York Strip,Entree,5,38,190,Mobile Payment,Dine-In,105,Nina
2024-10-21,3:45:00 PM,Caesar Salad,Appetizer,2,10,20,Mobile Payment,Delivery,101,Sarah
2024-06-23,5:15:00 PM,Shrimp Cocktail,Appetizer,2,14,28,Mobile Payment,Delivery,103,Emily
2024-04-05,7:30:00 PM,Truffle Fries,Side,8,8,64,Cash,Takeaway,104,Carlos
2024-03-26,8:15:00 PM,Grilled Asparagus,Side,9,8,72,Cash,Delivery,102,Jake
2024-06-24,7:30:00 PM,Filet Mignon,Entree,4,42,168,Mobile Payment,Dine-In,105,Nina
2024-12-29,5:30:00 PM,Mashed Potatoes,Side,2,7,14,Mobile Payment,Takeaway,105,Nina
2024-05-14,5:30:00 PM,Ribeye Steak,Entree,10,35,350,Credit Card,Takeaway,103,Emily
2024-05-13,2:00:00 PM,Caesar Salad,Appetizer,3,10,30,Mobile Payment,Delivery,101,Sarah
2024-12-11,7:00:00 PM,Filet Mignon,Entree,8,42,336,Mobile Payment,Takeaway,102,Jake
2024-01-25,2:30:00 PM,Chocolate Lava Cake,Dessert,2,9,18,Credit Card,Dine-In,101,Sarah
2024-07-05,2:45:00 PM,Shrimp Cocktail,Appetizer,1,14,14,Credit Card,Takeaway,104,Carlos
2024-02-25,4:30:00 PM,Caesar Salad,Appetizer,1,10,10,Cash,Delivery,102,Jake
2024-07-06,8:15:00 PM,Grilled Asparagus,Side,9,8,72,Mobile Payment,Delivery,101,Sarah
2024-05-01,5:45:00 PM,Mashed Potatoes,Side,2,7,14,Cash,Delivery,103,Emily
2024-03-17,10:00:00 PM,Shrimp Cocktail,Appetizer,2,14,28,Cash,Takeaway,102,Jake
2024-08-21,5:00:00 PM,Truffle Fries,Side,9,8,72,Mobile Payment,Takeaway,105,Nina
2024-01-31,8:15:00 PM,Old Fashioned,Beverage,2,12,24,Credit Card,Takeaway,102,Jake
2024-04-30,7:30:00 PM,Grilled Asparagus,Side,4,8,32,Cash,Takeaway,105,Nina
2024-08-07,5:00:00 PM,Mashed Potatoes,Side,11,7,77,Mobile Payment,Takeaway,104,Carlos
2024-10-02,6:30:00 PM,Shrimp Cocktail,Appetizer,3,14,42,Cash,Takeaway,103,Emily
2024-09-18,4:30:00 PM,Cabernet Sauvignon,Beverage,3,16,48,Mobile Payment,Delivery,104,Carlos
2024-07-05,4:30:00 PM,New York Strip,Entree,7,38,266,Cash,Takeaway,105,Nina
2024-03-01,12:45:00 PM,Mashed Potatoes,Side,1,7,7,Cash,Dine-In,101,Sarah
2024-01-22,1:30:00 PM,Mashed Potatoes,Side,2,7,14,Mobile Payment,Delivery,102,Jake
2024-02-07,2:15:00 PM,Bourbon BBQ Burger,Entree,1,22,22,Credit Card,Takeaway,101,Sarah
2024-04-16,11:30:00 AM,Mashed Potatoes,Side,4,7,28,Cash,Delivery,102,Jake
2024-11-20,9:45:00 PM,Cabernet Sauvignon,Beverage,4,16,64,Mobile Payment,Dine-In,103,Emily
2024-06-04,3:45:00 PM,Grilled Asparagus,Side,5,8,40,Mobile Payment,Delivery,104,Carlos
2024-03-14,6:15:00 PM,Grilled Asparagus,Side,7,8,56,Mobile Payment,Takeaway,103,Emily
2024-11-25,5:15:00 PM,Truffle Fries,Side,2,8,16,Cash,Takeaway,105,Nina
2024-12-26,1:30:00 PM,Shrimp Cocktail,Appetizer,2,14,28,Cash,Delivery,102,Jake
2024-03-29,10:00:00 PM,Truffle Fries,Side,3,8,24,Cash,Dine-In,102,Jake
2024-04-12,8:15:00 PM,Bourbon BBQ Burger,Entree,2,22,44,Mobile Payment,Takeaway,105,Nina
2024-02-17,11:45:00 AM,Truffle Fries,Side,2,8,16,Cash,Delivery,102,Jake
2024-07-31,3:45:00 PM,New York Strip,Entree,2,38,76,Mobile Payment,Delivery,104,Carlos
2024-06-25,11:15:00 AM,Old Fashioned,Beverage,4,12,48,Mobile Payment,Delivery,101,Sarah
2024-12-06,6:15:00 PM,New York Strip,Entree,7,38,266,Credit Card,Takeaway,103,Emily
2024-05-13,10:30:00 PM,Cabernet Sauvignon,Beverage,7,16,112,Credit Card,Dine-In,104,Carlos
2024-03-20,8:00:00 PM,Mashed Potatoes,Side,4,7,28,Mobile Payment,Dine-In,105,Nina
2024-12-08,10:45:00 PM,Grilled Asparagus,Side,8,8,64,Cash,Delivery,101,Sarah
2024-07-19,11:15:00 AM,Truffle Fries,Side,7,8,56,Cash,Delivery,104,Carlos
2024-03-30,12:45:00 PM,Bourbon BBQ Burger,Entree,3,22,66,Cash,Takeaway,102,Jake
2024-10-16,9:15:00 PM,Ribeye Steak,Entree,5,35,175,Cash,Dine-In,102,Jake
2024-10-22,8:15:00 PM,Truffle Fries,Side,7,8,56,Cash,Dine-In,104,Carlos
2024-06-16,9:00:00 PM,Bourbon BBQ Burger,Entree,5,22,110,Cash,Delivery,105,Nina
2024-03-14,2:15:00 PM,Mashed Potatoes,Side,3,7,21,Mobile Payment,Dine-In,105,Nina
2024-10-03,2:30:00 PM,Cabernet Sauvignon,Beverage,3,16,48,Credit Card,Takeaway,101,Sarah
2024-09-07,10:45:00 PM,Truffle Fries,Side,9,8,72,Cash,Dine-In,104,Carlos
2024-05-28,2:00:00 PM,Chocolate Lava Cake,Dessert,2,9,18,Credit Card,Takeaway,105,Nina
2024-09-12,8:00:00 PM,New York Strip,Entree,8,38,304,Mobile Payment,Delivery,104,Carlos
2024-01-02,1:15:00 PM,Old Fashioned,Beverage,1,12,12,Cash,Dine-In,103,Emily
2024-05-06,9:45:00 PM,Cabernet Sauvignon,Beverage,7,16,112,Mobile Payment,Dine-In,102,Jake
2024-09-08,10:30:00 PM,New York Strip,Entree,11,38,418,Mobile Payment,Delivery,102,Jake
2024-03-07,1:00:00 PM,Bourbon BBQ Burger,Entree,1,22,22,Cash,Takeaway,104,Carlos
2024-01-28,7:15:00 PM,New York Strip,Entree,2,38,76,Cash,Takeaway,105,Nina
2024-09-07,8:45:00 PM,Cabernet Sauvignon,Beverage,11,16,176,Mobile Payment,Delivery,104,Carlos
2024-06-27,9:15:00 PM,Truffle Fries,Side,7,8,56,Mobile Payment,Delivery,103,Emily
2024-04-04,2:45:00 PM,Ribeye Steak,Entree,1,35,35,Cash,Dine-In,103,Emily
2024-06-03,2:45:00 PM,Bourbon BBQ Burger,Entree,1,22,22,Mobile Payment,Delivery,103,Emily
2024-02-26,6:00:00 PM,Mashed Potatoes,Side,3,7,21,Cash,Delivery,105,Nina
2024-02-17,11:15:00 AM,Bourbon BBQ Burger,Entree,7,22,154,Cash,Delivery,105,Nina
2024-06-27,9:00:00 PM,Filet Mignon,Entree,7,42,294,Cash,Takeaway,103,Emily
2024-11-30,10:15:00 PM,Ribeye Steak,Entree,11,35,385,Cash,Dine-In,105,Nina
2024-07-31,6:00:00 PM,Caesar Salad,Appetizer,9,10,90,Credit Card,Dine-In,105,Nina
2024-02-28,1:45:00 PM,Ribeye Steak,Entree,2,35,70,Mobile Payment,Dine-In,101,Sarah
2024-04-16,1:00:00 PM,Bourbon BBQ Burger,Entree,4,22,88,Credit Card,Takeaway,102,Jake
2024-01-28,12:00:00 PM,Filet Mignon,Entree,1,42,42,Credit Card,Takeaway,101,Sarah
2024-03-07,1:00:00 PM,Filet Mignon,Entree,4,42,168,Mobile Payment,Dine-In,104,Carlos
2024-03-10,10:30:00 PM,Bourbon BBQ Burger,Entree,9,22,198,Credit Card,Dine-In,102,Jake
2024-11-14,10:15:00 PM,Ribeye Steak,Entree,7,35,245,Mobile Payment,Dine-In,104,Carlos
2024-07-13,4:15:00 PM,Cabernet Sauvignon,Beverage,2,16,32,Mobile Payment,Dine-In,104,Carlos
2024-11-29,9:30:00 PM,Cabernet Sauvignon,Beverage,2,16,32,Cash,Takeaway,102,Jake
2024-02-21,12:30:00 PM,Ribeye Steak,Entree,4,35,140,Mobile Payment,Takeaway,105,Nina
2024-03-12,4:00:00 PM,Chocolate Lava Cake,Dessert,2,9,18,Cash,Dine-In,105,Nina
2024-05-26,5:15:00 PM,Ribeye Steak,Entree,9,35,315,Cash,Delivery,103,Emily
2024-06-28,10:45:00 PM,Filet Mignon,Entree,2,42,84,Cash,Delivery,105,Nina
2024-11-01,4:15:00 PM,Truffle Fries,Side,6,8,48,Credit Card,Dine-In,101,Sarah
2024-04-27,6:00:00 PM,New York Strip,Entree,6,38,228,Cash,Takeaway,103,Emily
2024-10-08,4:30:00 PM,Grilled Asparagus,Side,3,8,24,Cash,Dine-In,101,Sarah
2024-05-12,12:15:00 PM,Ribeye Steak,Entree,3,35,105,Credit Card,Dine-In,104,Carlos
2024-03-04,4:15:00 PM,Old Fashioned,Beverage,2,12,24,Mobile Payment,Takeaway,103,Emily
2024-01-31,1:00:00 PM,Old Fashioned,Beverage,1,12,12,Credit Card,Takeaway,105,Nina
2024-01-12,5:15:00 PM,New York Strip,Entree,4,38,152,Credit Card,Delivery,101,Sarah
2024-06-24,4:30:00 PM,New York Strip,Entree,1,38,38,Cash,Delivery,103,Emily
2024-01-17,2:00:00 PM,Filet Mignon,Entree,1,42,42,Mobile Payment,Takeaway,104,Carlos
2024-09-11,8:45:00 PM,Mashed Potatoes,Side,8,7,56,Credit Card,Delivery,101,Sarah
2024-07-08,6:30:00 PM,Mashed Potatoes,Side,6,7,42,Credit Card,Dine-In,102,Jake
2024-05-08,6:00:00 PM,New York Strip,Entree,7,38,266,Credit Card,Takeaway,101,Sarah
2024-02-26,11:00:00 AM,Filet Mignon,Entree,6,42,252,Cash,Dine-In,102,Jake
2024-01-14,10:45:00 PM,Cabernet Sauvignon,Beverage,4,16,64,Cash,Takeaway,104,Carlos
2024-05-21,12:45:00 PM,New York Strip,Entree,5,38,190,Mobile Payment,Dine-In,105,Nina
2024-01-07,7:00:00 PM,Truffle Fries,Side,7,8,56,Credit Card,Dine-In,102,Jake
2024-10-30,11:00:00 AM,Mashed Potatoes,Side,1,7,7,Credit Card,Dine-In,102,Jake
2024-09-17,11:45:00 AM,Old Fashioned,Beverage,1,12,12,Cash,Dine-In,104,Carlos
2024-12-30,2:30:00 PM,Filet Mignon,Entree,1,42,42,Credit Card,Takeaway,105,Nina
2024-05-21,6:30:00 PM,Caesar Salad,Appetizer,7,10,70,Cash,Dine-In,102,Jake
2024-01-13,11:45:00 AM,New York Strip,Entree,5,38,190,Mobile Payment,Delivery,103,Emily
2024-08-16,5:45:00 PM,Chocolate Lava Cake,Dessert,6,9,54,Credit Card,Dine-In,102,Jake
2024-03-02,7:00:00 PM,Mashed Potatoes,Side,3,7,21,Mobile Payment,Dine-In,105,Nina
2024-07-25,1:45:00 PM,Shrimp Cocktail,Appetizer,3,14,42,Credit Card,Takeaway,102,Jake
2024-02-10,4:00:00 PM,Cabernet Sauvignon,Beverage,3,16,48,Cash,Delivery,104,Carlos
2024-01-10,11:00:00 AM,Shrimp Cocktail,Appetizer,4,14,56,Credit Card,Takeaway,101,Sarah
2024-06-08,4:00:00 PM,Filet Mignon,Entree,2,42,84,Cash,Takeaway,105,Nina
2024-09-05,9:45:00 PM,Filet Mignon,Entree,6,42,252,Cash,Dine-In,103,Emily
2024-10-26,2:00:00 PM,Truffle Fries,Side,9,8,72,Mobile Payment,Delivery,103,Emily
2024-10-20,11:30:00 AM,Caesar Salad,Appetizer,1,10,10,Credit Card,Dine-In,101,Sarah
2024-05-10,8:00:00 PM,Chocolate Lava Cake,Dessert,7,9,63,Mobile Payment,Delivery,104,Carlos
2024-07-21,8:45:00 PM,Bourbon BBQ Burger,Entree,4,22,88,Mobile Payment,Dine-In,102,Jake
2024-08-25,8:45:00 PM,Bourbon BBQ Burger,Entree,2,22,44,Credit Card,Takeaway,105,Nina
2024-10-11,10:30:00 PM,Filet Mignon,Entree,9,42,378,Credit Card,Dine-In,102,Jake
2024-04-20,6:30:00 PM,Ribeye Steak,Entree,9,35,315,Credit Card,Delivery,103,Emily
2024-05-07,2:15:00 PM,Mashed Potatoes,Side,5,7,35,Cash,Dine-In,105,Nina
2024-12-08,8:30:00 PM,Chocolate Lava Cake,Dessert,12,9,108,Cash,Delivery,104,Carlos
2024-01-08,12:30:00 PM,New York Strip,Entree,5,38,190,Mobile Payment,Dine-In,101,Sarah
2024-04-19,6:00:00 PM,Cabernet Sauvignon,Beverage,8,16,128,Mobile Payment,Dine-In,101,Sarah
2024-02-15,5:00:00 PM,New York Strip,Entree,2,38,76,Mobile Payment,Delivery,103,Emily
2024-02-18,7:00:00 PM,Caesar Salad,Appetizer,5,10,50,Mobile Payment,Delivery,105,Nina
2024-10-19,7:45:00 PM,New York Strip,Entree,2,38,76,Cash,Takeaway,101,Sarah
2024-10-02,7:30:00 PM,Bourbon BBQ Burger,Entree,12,22,264,Cash,Dine-In,105,Nina
2024-07-23,3:30:00 PM,Cabernet Sauvignon,Beverage,2,16,32,Cash,Dine-In,104,Carlos
2024-07-01,7:15:00 PM,Chocolate Lava Cake,Dessert,10,9,90,Mobile Payment,Takeaway,104,Carlos
2024-01-06,7:15:00 PM,Ribeye Steak,Entree,2,35,70,Credit Card,Delivery,101,Sarah
2024-08-02,6:30:00 PM,Old Fashioned,Beverage,2,12,24,Cash,Dine-In,104,Carlos
2024-10-15,12:30:00 PM,Chocolate Lava Cake,Dessert,4,9,36,Cash,Delivery,101,Sarah
2024-03-21,7:45:00 PM,Bourbon BBQ Burger,Entree,12,22,264,Credit Card,Dine-In,105,Nina
2024-12-09,5:15:00 PM,Old Fashioned,Beverage,7,12,84,Mobile Payment,Delivery,104,Carlos
2024-12-06,9:00:00 PM,Shrimp Cocktail,Appetizer,2,14,28,Mobile Payment,Takeaway,102,Jake
2024-12-31,12:30:00 PM,Filet Mignon,Entree,7.8,42,327.6,Credit Card,Dine-In,103,Emily
2024-08-06,11:45:00 AM,Cabernet Sauvignon,Beverage,2,16,32,Cash,Takeaway,103,Emily
2024-12-11,10:15:00 PM,Mashed Potatoes,Side,6,7,42,Credit Card,Dine-In,104,Carlos
2024-10-24,9:45:00 PM,New York Strip,Entree,6,38,228,Mobile Payment,Dine-In,105,Nina
2024-08-03,10:30:00 PM,Chocolate Lava Cake,Dessert,9,9,81,Credit Card,Delivery,102,Jake
2024-05-15,8:45:00 PM,Ribeye Steak,Entree,5,35,175,Credit Card,Delivery,103,Emily
2024-03-18,12:45:00 PM,Ribeye Steak,Entree,2,35,70,Mobile Payment,Takeaway,101,Sarah
2024-07-16,1:15:00 PM,Mashed Potatoes,Side,6,7,42,Cash,Delivery,104,Carlos
2024-05-20,7:15:00 PM,Ribeye Steak,Entree,12,35,420,Mobile Payment,Dine-In,103,Emily
2024-09-30,5:15:00 PM,Chocolate Lava Cake,Dessert,2,9,18,Credit Card,Dine-In,103,Emily
2024-07-21,6:15:00 PM,Cabernet Sauvignon,Beverage,8,16,128,Mobile Payment,Delivery,101,Sarah
2024-08-05,11:00:00 AM,Filet Mignon,Entree,3,42,126,Cash,Dine-In,101,Sarah
2024-10-27,10:15:00 PM,Mashed Potatoes,Side,11,7,77,Mobile Payment,Dine-In,102,Jake
2024-12-31,5:00:00 PM,Caesar Salad,Appetizer,6.5,10,65,Credit Card,Delivery,104,Carlos
2024-01-01,4:15:00 PM,Caesar Salad,Appetizer,1.2,10,12,Credit Card,Takeaway,105,Nina
2024-09-18,12:45:00 PM,Mashed Potatoes,Side,1,7,7,Cash,Takeaway,103,Emily
2024-06-03,6:15:00 PM,Shrimp Cocktail,Appetizer,2,14,28,Mobile Payment,Dine-In,104,Carlos
2024-06-11,9:00:00 PM,Caesar Salad,Appetizer,5,10,50,Credit Card,Dine-In,105,Nina
2024-08-01,5:00:00 PM,Old Fashioned,Beverage,7,12,84,Mobile Payment,Dine-In,105,Nina
2024-03-05,10:30:00 PM,Chocolate Lava Cake,Dessert,12,9,108,Mobile Payment,Delivery,101,Sarah
2024-10-06,7:00:00 PM,Grilled Asparagus,Side,7,8,56,Mobile Payment,Dine-In,101,Sarah
2024-05-19,12:45:00 PM,Shrimp Cocktail,Appetizer,4,14,56,Mobile Payment,Dine-In,102,Jake
2024-06-16,8:15:00 PM,Grilled Asparagus,Side,7,8,56,Credit Card,Delivery,104,Carlos
2024-11-11,9:15:00 PM,Truffle Fries,Side,9,8,72,Credit Card,Delivery,105,Nina
2024-10-08,6:30:00 PM,Cabernet Sauvignon,Beverage,7,16,112,Mobile Payment,Takeaway,101,Sarah
2024-06-16,4:30:00 PM,Mashed Potatoes,Side,1,7,7,Cash,Dine-In,105,Nina
2024-03-10,10:15:00 PM,Ribeye Steak,Entree,8,35,280,Credit Card,Dine-In,104,Carlos
2024-12-21,11:30:00 AM,Filet Mignon,Entree,2,42,84,Credit Card,Dine-In,104,Carlos
2024-12-15,10:00:00 PM,Caesar Salad,Appetizer,10,10,100,Mobile Payment,Delivery,104,Carlos
2024-04-16,5:30:00 PM,Caesar Salad,Appetizer,8,10,80,Mobile Payment,Delivery,102,Jake
2024-02-21,7:30:00 PM,Mashed Potatoes,Side,6,7,42,Mobile Payment,Dine-In,104,Carlos
2024-09-05,11:00:00 AM,Ribeye Steak,Entree,6,35,210,Mobile Payment,Delivery,105,Nina
2024-06-03,1:30:00 PM,Cabernet Sauvignon,Beverage,5,16,80,Credit Card,Dine-In,101,Sarah
2024-05-30,5:45:00 PM,Bourbon BBQ Burger,Entree,5,22,110,Mobile Payment,Delivery,105,Nina
2024-08-10,5:45:00 PM,Grilled Asparagus,Side,2,8,16,Credit Card,Takeaway,103,Emily
2024-03-23,11:30:00 AM,Mashed Potatoes,Side,8,7,56,Credit Card,Takeaway,104,Carlos
2024-06-23,7:00:00 PM,Chocolate Lava Cake,Dessert,7,9,63,Credit Card,Takeaway,102,Jake
2024-04-08,7:00:00 PM,Grilled Asparagus,Side,4,8,32,Cash,Takeaway,103,Emily
2024-07-26,5:15:00 PM,Bourbon BBQ Burger,Entree,5,22,110,Credit Card,Takeaway,103,Emily
2024-01-28,12:45:00 PM,Bourbon BBQ Burger,Entree,3,22,66,Mobile Payment,Delivery,103,Emily
2024-04-27,11:00:00 AM,Truffle Fries,Side,8,8,64,Cash,Dine-In,101,Sarah
2024-03-30,1:30:00 PM,New York Strip,Entree,6,38,228,Credit Card,Takeaway,104,Carlos
2024-06-08,5:15:00 PM,Mashed Potatoes,Side,9,7,63,Cash,Takeaway,101,Sarah
2024-02-23,12:15:00 PM,Shrimp Cocktail,Appetizer,1,14,14,Cash,Takeaway,105,Nina
2024-05-08,7:45:00 PM,Ribeye Steak,Entree,2,35,70,Mobile Payment,Dine-In,101,Sarah
2024-08-30,8:45:00 PM,Old Fashioned,Beverage,9,12,108,Mobile Payment,Dine-In,102,Jake
2024-02-10,1:30:00 PM,Old Fashioned,Beverage,2,12,24,Credit Card,Takeaway,102,Jake
2024-07-28,3:15:00 PM,Bourbon BBQ Burger,Entree,4,22,88,Cash,Dine-In,101,Sarah
2024-03-25,11:15:00 AM,Cabernet Sauvignon,Beverage,3,16,48,Cash,Delivery,104,Carlos
2024-06-24,2:45:00 PM,Mashed Potatoes,Side,6,7,42,Mobile Payment,Takeaway,105,Nina
2024-01-25,6:30:00 PM,Bourbon BBQ Burger,Entree,4,22,88,Credit Card,Takeaway,105,Nina
2024-03-30,3:15:00 PM,Filet Mignon,Entree,10,42,420,Mobile Payment,Dine-In,105,Nina
2024-06-15,3:30:00 PM,Shrimp Cocktail,Appetizer,2,14,28,Cash,Delivery,104,Carlos
2024-05-10,3:30:00 PM,Shrimp Cocktail,Appetizer,7,14,98,Credit Card,Delivery,102,Jake
2024-04-10,12:00:00 PM,New York Strip,Entree,2,38,76,Cash,Delivery,104,Carlos
2024-05-26,7:45:00 PM,Bourbon BBQ Burger,Entree,11,22,242,Mobile Payment,Dine-In,104,Carlos
2024-08-12,5:15:00 PM,Caesar Salad,Appetizer,7,10,70,Mobile Payment,Delivery,102,Jake
2024-09-07,1:00:00 PM,Caesar Salad,Appetizer,8,10,80,Mobile Payment,Takeaway,102,Jake
2024-02-07,6:30:00 PM,Truffle Fries,Side,2,8,16,Mobile Payment,Delivery,101,Sarah
2024-02-04,8:45:00 PM,Caesar Salad,Appetizer,2,10,20,Credit Card,Takeaway,102,Jake
2024-01-17,5:15:00 PM,Mashed Potatoes,Side,12,7,84,Mobile Payment,Dine-In,103,Emily
2024-11-15,2:30:00 PM,Caesar Salad,Appetizer,4,10,40,Cash,Dine-In,101,Sarah
2024-09-20,12:45:00 PM,Old Fashioned,Beverage,6,12,72,Mobile Payment,Takeaway,105,Nina
2024-02-04,5:30:00 PM,New York Strip,Entree,6,38,228,Credit Card,Takeaway,103,Emily
2024-05-13,3:45:00 PM,Ribeye Steak,Entree,5,35,175,Cash,Delivery,103,Emily
2024-12-18,12:45:00 PM,Chocolate Lava Cake,Dessert,5,9,45,Cash,Takeaway,105,Nina
2024-02-24,11:30:00 AM,Caesar Salad,Appetizer,9,10,90,Cash,Dine-In,105,Nina
2024-08-21,7:30:00 PM,Cabernet Sauvignon,Beverage,7,16,112,Mobile Payment,Delivery,105,Nina
2024-08-05,8:15:00 PM,Truffle Fries,Side,10,8,80,Cash,Takeaway,103,Emily
2024-09-03,8:15:00 PM,Old Fashioned,Beverage,2,12,24,Credit Card,Takeaway,102,Jake
2024-05-09,5:15:00 PM,Ribeye Steak,Entree,2,35,70,Mobile Payment,Delivery,105,Nina
2024-07-14,10:30:00 PM,New York Strip,Entree,6,38,228,Cash,Dine-In,105,Nina
2024-11-28,2:45:00 PM,New York Strip,Entree,7.2,38,273.6,Cash,Dine-In,105,Nina
2024-02-22,1:00:00 PM,Bourbon BBQ Burger,Entree,6,22,132,Credit Card,Dine-In,104,Carlos
2024-03-21,8:15:00 PM,New York Strip,Entree,9,38,342,Mobile Payment,Dine-In,105,Nina
2024-10-12,2:15:00 PM,New York Strip,Entree,2,38,76,Cash,Dine-In,101,Sarah
2024-04-04,2:15:00 PM,Ribeye Steak,Entree,1,35,35,Cash,Delivery,105,Nina
2024-07-16,6:45:00 PM,Grilled Asparagus,Side,2,8,16,Cash,Dine-In,105,Nina
2024-11-19,8:45:00 PM,Truffle Fries,Side,7,8,56,Cash,Dine-In,105,Nina
2024-02-12,3:15:00 PM,Mashed Potatoes,Side,4,7,28,Cash,Takeaway,101,Sarah
2024-04-30,7:30:00 PM,Mashed Potatoes,Side,4,7,28,Mobile Payment,Dine-In,105,Nina
2024-09-18,11:45:00 AM,Shrimp Cocktail,Appetizer,4,14,56,Mobile Payment,Delivery,102,Jake
2024-04-09,4:30:00 PM,Grilled Asparagus,Side,5,8,40,Credit Card,Delivery,101,Sarah
2024-01-18,11:15:00 AM,Truffle Fries,Side,1,8,8,Credit Card,Takeaway,102,Jake
2024-01-02,4:30:00 PM,Mashed Potatoes,Side,5,7,35,Credit Card,Takeaway,101,Sarah
2024-06-18,11:00:00 AM,Grilled Asparagus,Side,5,8,40,Mobile Payment,Takeaway,104,Carlos
2024-05-17,12:00:00 PM,Ribeye Steak,Entree,7,35,245,Credit Card,Takeaway,101,Sarah
2024-12-28,12:15:00 PM,Shrimp Cocktail,Appetizer,2,14,28,Credit Card,Delivery,103,Emily
2024-02-21,5:30:00 PM,Chocolate Lava Cake,Dessert,9,9,81,Cash,Delivery,105,Nina
2024-01-08,4:15:00 PM,Grilled Asparagus,Side,4,8,32,Mobile Payment,Dine-In,103,Emily
2024-10-10,1:45:00 PM,Cabernet Sauvignon,Beverage,4,16,64,Mobile Payment,Delivery,104,Carlos
2024-03-22,5:45:00 PM,Ribeye Steak,Entree,9,35,315,Cash,Delivery,104,Carlos
2024-10-12,7:00:00 PM,Old Fashioned,Beverage,12,12,144,Mobile Payment,Delivery,104,Carlos
2024-11-10,12:30:00 PM,Ribeye Steak,Entree,3,35,105,Mobile Payment,Takeaway,102,Jake
2024-07-04,6:00:00 PM,Chocolate Lava Cake,Dessert,7,9,63,Credit Card,Dine-In,105,Nina
2024-05-01,1:00:00 PM,Filet Mignon,Entree,2,42,84,Credit Card,Delivery,103,Emily
2024-08-20,9:15:00 PM,Grilled Asparagus,Side,2,8,16,Credit Card,Dine-In,105,Nina
2024-01-03,8:30:00 PM,New York Strip,Entree,2,38,76,Credit Card,Takeaway,103,Emily
2024-09-18,4:00:00 PM,Old Fashioned,Beverage,4,12,48,Credit Card,Takeaway,101,Sarah
2024-12-09,10:15:00 PM,Old Fashioned,Beverage,6,12,72,Credit Card,Delivery,102,Jake
2024-02-08,12:15:00 PM,Shrimp Cocktail,Appetizer,1,14,14,Mobile Payment,Delivery,105,Nina
2024-07-25,1:45:00 PM,Shrimp Cocktail,Appetizer,2,14,28,Cash,Dine-In,105,Nina
2024-09-01,4:00:00 PM,Old Fashioned,Beverage,1,12,12,Mobile Payment,Takeaway,103,Emily
2024-05-16,1:00:00 PM,Cabernet Sauvignon,Beverage,4,16,64,Mobile Payment,Takeaway,103,Emily
2024-09-05,11:30:00 AM,Grilled Asparagus,Side,6,8,48,Cash,Dine-In,105,Nina
2024-03-13,1:30:00 PM,Old Fashioned,Beverage,1,12,12,Mobile Payment,Delivery,101,Sarah
2024-01-26,12:45:00 PM,Caesar Salad,Appetizer,5,10,50,Credit Card,Takeaway,101,Sarah
2024-08-23,1:15:00 PM,New York Strip,Entree,5,38,190,Credit Card,Dine-In,105,Nina
2024-03-24,7:30:00 PM,Truffle Fries,Side,7,8,56,Cash,Dine-In,101,Sarah
2024-09-05,7:15:00 PM,New York Strip,Entree,5,38,190,Mobile Payment,Takeaway,102,Jake
2024-02-16,1:45:00 PM,Filet Mignon,Entree,7,42,294,Mobile Payment,Takeaway,101,Sarah
2024-09-03,12:00:00 PM,Mashed Potatoes,Side,6,7,42,Mobile Payment,Delivery,101,Sarah
2024-02-16,12:30:00 PM,Ribeye Steak,Entree,8,35,280,Cash,Takeaway,101,Sarah
2024-12-02,12:30:00 PM,New York Strip,Entree,4,38,152,Cash,Delivery,101,Sarah
2024-07-04,2:45:00 PM,Ribeye Steak,Entree,4,35,140,Cash,Dine-In,101,Sarah
2024-01-17,6:00:00 PM,Grilled Asparagus,Side,9,8,72,Credit Card,Delivery,101,Sarah
2024-01-03,6:30:00 PM,Truffle Fries,Side,2,8,16,Mobile Payment,Delivery,103,Emily
2024-10-14,10:30:00 PM,Truffle Fries,Side,5,8,40,Cash,Delivery,102,Jake
2024-10-17,7:45:00 PM,Grilled Asparagus,Side,10,8,80,Mobile Payment,Delivery,102,Jake
2024-07-30,4:15:00 PM,Chocolate Lava Cake,Dessert,3,9,27,Credit Card,Takeaway,101,Sarah
2024-07-30,10:00:00 PM,Chocolate Lava Cake,Dessert,10,9,90,Cash,Takeaway,102,Jake
2024-06-08,7:00:00 PM,Caesar Salad,Appetizer,2,10,20,Cash,Takeaway,103,Emily
2024-01-24,1:30:00 PM,Cabernet Sauvignon,Beverage,5,16,80,Credit Card,Dine-In,102,Jake
2024-02-05,6:30:00 PM,Caesar Salad,Appetizer,6,10,60,Credit Card,Takeaway,105,Nina
2024-05-03,4:15:00 PM,Grilled Asparagus,Side,8,8,64,Cash,Takeaway,103,Emily
2024-10-06,5:00:00 PM,Truffle Fries,Side,8,8,64,Credit Card,Dine-In,105,Nina
2024-10-07,2:30:00 PM,Shrimp Cocktail,Appetizer,4,14,56,Mobile Payment,Dine-In,105,Nina
2024-06-04,1:30:00 PM,Caesar Salad,Appetizer,4,10,40,Mobile Payment,Takeaway,104,Carlos
2024-03-11,7:00:00 PM,Mashed Potatoes,Side,7,7,49,Cash,Takeaway,104,Carlos
2024-05-21,10:00:00 PM,Grilled Asparagus,Side,5,8,40,Credit Card,Delivery,103,Emily
2024-06-29,12:30:00 PM,Grilled Asparagus,Side,3,8,24,Cash,Delivery,102,Jake
2024-01-05,8:00:00 PM,Cabernet Sauvignon,Beverage,5,16,80,Credit Card,Dine-In,101,Sarah
2024-09-09,9:30:00 PM,Truffle Fries,Side,2,8,16,Mobile Payment,Delivery,101,Sarah
2024-04-29,12:00:00 PM,Filet Mignon,Entree,4,42,168,Mobile Payment,Takeaway,101,Sarah
2024-11-03,9:00:00 PM,New York Strip,Entree,7,38,266,Credit Card,Delivery,104,Carlos
2024-12-15,5:00:00 PM,Bourbon BBQ Burger,Entree,4,22,88,Cash,Delivery,101,Sarah
2024-07-26,10:30:00 PM,Caesar Salad,Appetizer,6,10,60,Credit Card,Delivery,101,Sarah
2024-12-15,1:00:00 PM,Filet Mignon,Entree,2,42,84,Cash,Takeaway,103,Emily
2024-10-16,4:00:00 PM,Ribeye Steak,Entree,2,35,70,Credit Card,Delivery,101,Sarah
2024-02-10,4:00:00 PM,Mashed Potatoes,Side,4,7,28,Mobile Payment,Dine-In,103,Emily
2024-12-01,9:30:00 PM,Old Fashioned,Beverage,10,12,120,Credit Card,Dine-In,104,Carlos
2024-05-24,11:45:00 AM,Filet Mignon,Entree,7,42,294,Mobile Payment,Dine-In,102,Jake
2024-08-25,8:00:00 PM,Mashed Potatoes,Side,10,7,70,Mobile Payment,Takeaway,101,Sarah
2024-04-28,9:00:00 PM,Ribeye Steak,Entree,2,35,70,Credit Card,Takeaway,105,Nina
2024-04-20,3:00:00 PM,Caesar Salad,Appetizer,10,10,100,Cash,Dine-In,103,Emily
2024-06-27,1:00:00 PM,Caesar Salad,Appetizer,5,10,50,Cash,Delivery,105,Nina
2024-12-23,3:00:00 PM,Filet Mignon,Entree,5,42,210,Credit Card,Delivery,105,Nina
2024-02-18,2:30:00 PM,Chocolate Lava Cake,Dessert,5,9,45,Cash,Delivery,103,Emily
2024-06-26,2:30:00 PM,Bourbon BBQ Burger,Entree,5,22,110,Credit Card,Dine-In,101,Sarah
2024-07-04,5:00:00 PM,Ribeye Steak,Entree,2,35,70,Credit Card,Takeaway,105,Nina
2024-10-22,11:00:00 AM,Grilled Asparagus,Side,5,8,40,Credit Card,Delivery,101,Sarah
2024-02-07,7:45:00 PM,Truffle Fries,Side,8,8,64,Credit Card,Takeaway,101,Sarah
2024-12-22,2:45:00 PM,Cabernet Sauvignon,Beverage,3,16,48,Mobile Payment,Delivery,102,Jake
2024-04-21,9:15:00 PM,Chocolate Lava Cake,Dessert,6,9,54,Credit Card,Delivery,103,Emily
2024-04-25,11:00:00 AM,Grilled Asparagus,Side,4,8,32,Credit Card,Takeaway,102,Jake
2024-06-20,4:00:00 PM,Caesar Salad,Appetizer,2,10,20,Mobile Payment,Takeaway,101,Sarah
2024-02-07,6:15:00 PM,Grilled Asparagus,Side,5,8,40,Credit Card,Dine-In,104,Carlos
2024-04-04,3:00:00 PM,Old Fashioned,Beverage,5,12,60,Credit Card,Dine-In,105,Nina
2024-02-01,9:15:00 PM,Bourbon BBQ Burger,Entree,11,22,242,Mobile Payment,Dine-In,102,Jake
2024-04-23,3:30:00 PM,Filet Mignon,Entree,1,42,42,Cash,Delivery,101,Sarah
2024-10-19,11:45:00 AM,Bourbon BBQ Burger,Entree,2,22,44,Credit Card,Dine-In,101,Sarah
2024-11-22,7:45:00 PM,Cabernet Sauvignon,Beverage,5,16,80,Cash,Dine-In,102,Jake
2024-02-29,12:45:00 PM,Grilled Asparagus,Side,5,8,40,Cash,Dine-In,105,Nina
2024-01-04,3:30:00 PM,Old Fashioned,Beverage,3,12,36,Mobile Payment,Delivery,105,Nina
2024-08-18,4:15:00 PM,Filet Mignon,Entree,2,42,84,Mobile Payment,Delivery,105,Nina
2024-08-04,3:15:00 PM,Grilled Asparagus,Side,1,8,8,Cash,Dine-In,104,Carlos
2024-12-09,1:00:00 PM,Truffle Fries,Side,2,8,16,Credit Card,Takeaway,103,Emily
2024-09-23,1:00:00 PM,Shrimp Cocktail,Appetizer,4,14,56,Credit Card,Dine-In,105,Nina
2024-03-05,11:45:00 AM,Filet Mignon,Entree,1,42,42,Credit Card,Dine-In,102,Jake
2024-12-31,7:00:00 PM,New York Strip,Entree,5.2,38,197.6,Credit Card,Delivery,102,Jake
2024-02-20,9:15:00 PM,Filet Mignon,Entree,6,42,252,Mobile Payment,Dine-In,105,Nina
2024-10-20,6:00:00 PM,Bourbon BBQ Burger,Entree,6,22,132,Mobile Payment,Dine-In,104,Carlos
2024-02-24,12:45:00 PM,Caesar Salad,Appetizer,9,10,90,Credit Card,Takeaway,105,Nina
2024-10-08,12:30:00 PM,Chocolate Lava Cake,Dessert,4,9,36,Mobile Payment,Takeaway,102,Jake
2024-12-26,10:00:00 PM,Grilled Asparagus,Side,10,8,80,Mobile Payment,Dine-In,101,Sarah
2024-06-22,2:45:00 PM,Cabernet Sauvignon,Beverage,10,16,160,Cash,Dine-In,105,Nina
2024-07-11,8:15:00 PM,Cabernet Sauvignon,Beverage,8,16,128,Credit Card,Dine-In,105,Nina
2024-05-21,4:30:00 PM,Ribeye Steak,Entree,1,35,35,Mobile Payment,Dine-In,102,Jake
2024-09-01,1:00:00 PM,Ribeye Steak,Entree,2,35,70,Mobile Payment,Dine-In,105,Nina
2024-05-30,7:15:00 PM,Bourbon BBQ Burger,Entree,4,22,88,Cash,Delivery,102,Jake
2024-01-31,3:00:00 PM,Shrimp Cocktail,Appetizer,3,14,42,Credit Card,Takeaway,102,Jake
2024-03-08,10:00:00 PM,Filet Mignon,Entree,8,42,336,Credit Card,Delivery,105,Nina
2024-12-29,2:00:00 PM,Bourbon BBQ Burger,Entree,2,22,44,Mobile Payment,Delivery,101,Sarah
2024-03-06,11:15:00 AM,Ribeye Steak,Entree,3,35,105,Mobile Payment,Delivery,102,Jake
2024-04-22,1:15:00 PM,Truffle Fries,Side,4,8,32,Credit Card,Takeaway,102,Jake
2024-12-22,12:15:00 PM,Mashed Potatoes,Side,2,7,14,Cash,Dine-In,105,Nina
2024-02-17,5:30:00 PM,Ribeye Steak,Entree,9,35,315,Credit Card,Takeaway,102,Jake
2024-01-02,9:00:00 PM,Mashed Potatoes,Side,12,7,84,Cash,Takeaway,104,Carlos
2024-08-23,4:45:00 PM,Chocolate Lava Cake,Dessert,1,9,9,Mobile Payment,Delivery,102,Jake
2024-03-08,12:00:00 PM,Bourbon BBQ Burger,Entree,2,22,44,Mobile Payment,Dine-In,104,Carlos
2024-12-15,9:00:00 PM,Old Fashioned,Beverage,5,12,60,Credit Card,Delivery,101,Sarah
2024-03-22,8:15:00 PM,Filet Mignon,Entree,2,42,84,Credit Card,Dine-In,105,Nina
2024-05-21,12:45:00 PM,Grilled Asparagus,Side,2,8,16,Cash,Delivery,101,Sarah
2024-04-13,12:45:00 PM,Old Fashioned,Beverage,2,12,24,Mobile Payment,Dine-In,103,Emily
2024-07-26,7:30:00 PM,Grilled Asparagus,Side,7,8,56,Credit Card,Dine-In,104,Carlos
2024-04-29,10:45:00 PM,New York Strip,Entree,2,38,76,Mobile Payment,Delivery,104,Carlos
2024-07-04,4:00:00 PM,Shrimp Cocktail,Appetizer,5,14,70,Credit Card,Takeaway,103,Emily
2024-12-01,11:45:00 AM,Grilled Asparagus,Side,4,8,32,Cash,Delivery,103,Emily
2024-11-05,2:15:00 PM,Chocolate Lava Cake,Dessert,4,9,36,Credit Card,Dine-In,103,Emily
2024-11-27,8:45:00 PM,New York Strip,Entree,7,38,266,Cash,Dine-In,102,Jake
2024-07-16,1:45:00 PM,Filet Mignon,Entree,1,42,42,Credit Card,Dine-In,103,Emily
2024-04-20,5:15:00 PM,Truffle Fries,Side,6,8,48,Mobile Payment,Delivery,103,Emily
2024-05-16,9:15:00 PM,Filet Mignon,Entree,11,42,462,Mobile Payment,Delivery,101,Sarah
2024-09-30,10:45:00 PM,Chocolate Lava Cake,Dessert,9,9,81,Cash,Delivery,105,Nina
2024-07-27,1:15:00 PM,Truffle Fries,Side,5,8,40,Mobile Payment,Dine-In,105,Nina
2024-10-19,9:45:00 PM,Shrimp Cocktail,Appetizer,5,14,70,Cash,Delivery,103,Emily
2024-05-02,1:30:00 PM,Old Fashioned,Beverage,2,12,24,Credit Card,Delivery,101,Sarah
2024-07-05,7:15:00 PM,Caesar Salad,Appetizer,5,10,50,Credit Card,Dine-In,101,Sarah
2024-12-19,2:00:00 PM,Filet Mignon,Entree,3,42,126,Mobile Payment,Delivery,104,Carlos
2024-07-26,11:30:00 AM,Truffle Fries,Side,5,8,40,Credit Card,Takeaway,104,Carlos
2024-12-19,8:30:00 PM,Old Fashioned,Beverage,6,12,72,Credit Card,Takeaway,105,Nina
2024-12-30,10:30:00 PM,Truffle Fries,Side,5,8,40,Cash,Takeaway,102,Jake
2024-08-11,4:45:00 PM,Shrimp Cocktail,Appetizer,3,14,42,Credit Card,Delivery,105,Nina
2024-09-14,5:00:00 PM,Grilled Asparagus,Side,3,8,24,Credit Card,Dine-In,101,Sarah
2024-03-31,4:30:00 PM,Mashed Potatoes,Side,1,7,7,Mobile Payment,Delivery,101,Sarah
2024-10-20,4:30:00 PM,Cabernet Sauvignon,Beverage,1,16,16,Credit Card,Dine-In,104,Carlos
2024-11-01,1:30:00 PM,Mashed Potatoes,Side,8,7,56,Credit Card,Takeaway,103,Emily
2024-08-16,1:00:00 PM,Caesar Salad,Appetizer,2,10,20,Credit Card,Takeaway,102,Jake
2024-05-02,4:00:00 PM,Shrimp Cocktail,Appetizer,2,14,28,Credit Card,Dine-In,103,Emily
2024-01-27,9:30:00 PM,Bourbon BBQ Burger,Entree,12,22,264,Mobile Payment,Dine-In,102,Jake
2024-03-21,5:00:00 PM,Shrimp Cocktail,Appetizer,7,14,98,Credit Card,Dine-In,101,Sarah
2024-08-19,8:45:00 PM,Caesar Salad,Appetizer,10,10,100,Cash,Dine-In,101,Sarah
2024-01-16,7:00:00 PM,Old Fashioned,Beverage,12,12,144,Credit Card,Dine-In,102,Jake
2024-03-02,12:30:00 PM,Truffle Fries,Side,9,8,72,Credit Card,Dine-In,105,Nina
2024-05-23,4:15:00 PM,Caesar Salad,Appetizer,3,10,30,Mobile Payment,Takeaway,102,Jake
2024-08-09,7:45:00 PM,Shrimp Cocktail,Appetizer,5,14,70,Mobile Payment,Delivery,104,Carlos
2024-01-25,12:45:00 PM,Caesar Salad,Appetizer,2,10,20,Mobile Payment,Delivery,101,Sarah
2024-12-20,7:45:00 PM,Mashed Potatoes,Side,5,7,35,Cash,Takeaway,104,Carlos
2024-08-19,1:45:00 PM,Grilled Asparagus,Side,3,8,24,Credit Card,Dine-In,102,Jake
2024-08-27,11:00:00 AM,Shrimp Cocktail,Appetizer,1,14,14,Mobile Payment,Dine-In,103,Emily
2024-03-19,6:00:00 PM,Ribeye Steak,Entree,6,35,210,Credit Card,Delivery,105,Nina
2024-12-03,11:00:00 AM,Ribeye Steak,Entree,2,35,70,Credit Card,Delivery,102,Jake
2024-03-06,12:30:00 PM,New York Strip,Entree,3,38,114,Credit Card,Delivery,102,Jake
2024-03-02,5:00:00 PM,Chocolate Lava Cake,Dessert,7,9,63,Cash,Delivery,101,Sarah
2024-04-21,5:00:00 PM,Old Fashioned,Beverage,5,12,60,Cash,Dine-In,101,Sarah
2024-04-11,5:30:00 PM,Mashed Potatoes,Side,4,7,28,Mobile Payment,Takeaway,102,Jake
2024-01-14,8:15:00 PM,Chocolate Lava Cake,Dessert,9,9,81,Cash,Takeaway,102,Jake
2024-07-10,8:30:00 PM,Bourbon BBQ Burger,Entree,5,22,110,Cash,Dine-In,102,Jake
2024-03-18,9:45:00 PM,Caesar Salad,Appetizer,12,10,120,Cash,Delivery,105,Nina
2024-11-07,1:00:00 PM,Shrimp Cocktail,Appetizer,3,14,42,Credit Card,Delivery,102,Jake
2024-06-30,2:15:00 PM,Caesar Salad,Appetizer,3,10,30,Credit Card,Dine-In,105,Nina
2024-06-28,11:45:00 AM,Grilled Asparagus,Side,1,8,8,Cash,Delivery,104,Carlos
2024-01-24,7:15:00 PM,Grilled Asparagus,Side,9,8,72,Credit Card,Dine-In,105,Nina
2024-03-22,2:45:00 PM,Ribeye Steak,Entree,1,35,35,Cash,Takeaway,101,Sarah
2024-03-20,5:00:00 PM,Mashed Potatoes,Side,9,7,63,Cash,Delivery,105,Nina
2024-11-19,1:00:00 PM,Old Fashioned,Beverage,4,12,48,Mobile Payment,Takeaway,105,Nina
2024-05-12,5:45:00 PM,Caesar Salad,Appetizer,7.5,10,75,Credit Card,Takeaway,102,Jake
2024-03-15,2:15:00 PM,Truffle Fries,Side,3,8,24,Cash,Dine-In,105,Nina
2024-01-09,9:00:00 PM,Chocolate Lava Cake,Dessert,6,9,54,Credit Card,Dine-In,103,Emily
2024-10-13,9:15:00 PM,Truffle Fries,Side,4,8,32,Cash,Delivery,103,Emily
2024-07-26,11:45:00 AM,New York Strip,Entree,8,38,304,Credit Card,Dine-In,103,Emily
2024-12-01,11:45:00 AM,Caesar Salad,Appetizer,3,10,30,Cash,Dine-In,101,Sarah
2024-09-29,11:30:00 AM,Grilled Asparagus,Side,5,8,40,Credit Card,Dine-In,102,Jake
2024-01-04,6:30:00 PM,Caesar Salad,Appetizer,10,10,100,Credit Card,Dine-In,105,Nina
2024-06-14,1:00:00 PM,Bourbon BBQ Burger,Entree,2,22,44,Cash,Takeaway,102,Jake
2024-07-24,9:00:00 PM,Cabernet Sauvignon,Beverage,7,16,112,Mobile Payment,Takeaway,102,Jake
2024-10-19,10:45:00 PM,Bourbon BBQ Burger,Entree,6,22,132,Credit Card,Dine-In,103,Emily
2024-05-21,6:00:00 PM,Mashed Potatoes,Side,7,7,49,Credit Card,Delivery,101,Sarah
2024-03-30,9:00:00 PM,Mashed Potatoes,Side,2,7,14,Credit Card,Delivery,103,Emily
2024-02-06,12:30:00 PM,Mashed Potatoes,Side,4,7,28,Credit Card,Dine-In,105,Nina
2024-12-09,12:45:00 PM,Chocolate Lava Cake,Dessert,2,9,18,Mobile Payment,Takeaway,104,Carlos
2024-10-07,6:30:00 PM,New York Strip,Entree,2,38,76,Credit Card,Dine-In,102,Jake
2024-01-10,3:15:00 PM,Grilled Asparagus,Side,2,8,16,Mobile Payment,Dine-In,101,Sarah
2024-11-14,9:45:00 PM,Filet Mignon,Entree,4,42,168,Mobile Payment,Delivery,101,Sarah
2024-03-17,3:00:00 PM,Caesar Salad,Appetizer,6,10,60,Cash,Delivery,104,Carlos
2024-11-13,5:45:00 PM,Cabernet Sauvignon,Beverage,11,16,176,Mobile Payment,Takeaway,104,Carlos
2024-01-19,8:45:00 PM,Caesar Salad,Appetizer,2,10,20,Cash,Takeaway,104,Carlos
2024-09-04,2:00:00 PM,Chocolate Lava Cake,Dessert,2,9,18,Cash,Takeaway,104,Carlos
2024-12-11,11:45:00 AM,Mashed Potatoes,Side,5,7,35,Mobile Payment,Delivery,105,Nina
2024-08-31,9:45:00 PM,Mashed Potatoes,Side,4,7,28,Mobile Payment,Dine-In,105,Nina
2024-12-23,10:30:00 PM,Caesar Salad,Appetizer,2,10,20,Mobile Payment,Dine-In,104,Carlos
2024-06-17,3:15:00 PM,Ribeye Steak,Entree,4,35,140,Mobile Payment,Delivery,105,Nina
2024-11-22,4:15:00 PM,Caesar Salad,Appetizer,2,10,20,Cash,Dine-In,102,Jake
2024-03-02,8:00:00 PM,Mashed Potatoes,Side,2,7,14,Credit Card,Takeaway,104,Carlos
2024-05-19,3:45:00 PM,Shrimp Cocktail,Appetizer,4,14,56,Cash,Delivery,101,Sarah
2024-01-01,1:45:00 PM,Cabernet Sauvignon,Beverage,6,16,96,Credit Card,Takeaway,103,Emily
2024-10-05,9:45:00 PM,Old Fashioned,Beverage,9,12,108,Credit Card,Delivery,104,Carlos
2024-10-30,6:30:00 PM,Filet Mignon,Entree,9,42,378,Cash,Takeaway,103,Emily
2024-08-06,10:00:00 PM,Shrimp Cocktail,Appetizer,7,14,98,Cash,Dine-In,104,Carlos
2024-05-05,4:30:00 PM,Truffle Fries,Side,2,8,16,Credit Card,Dine-In,101,Sarah
2024-10-28,10:45:00 PM,Shrimp Cocktail,Appetizer,10,14,140,Credit Card,Delivery,102,Jake
2024-08-25,6:00:00 PM,Filet Mignon,Entree,11,42,462,Mobile Payment,Takeaway,102,Jake
2024-10-18,10:45:00 PM,Caesar Salad,Appetizer,6,10,60,Cash,Dine-In,103,Emily
2024-10-30,6:00:00 PM,New York Strip,Entree,6,38,228,Credit Card,Dine-In,102,Jake
2024-09-27,1:45:00 PM,Grilled Asparagus,Side,3,8,24,Credit Card,Takeaway,102,Jake
2024-02-10,4:30:00 PM,Cabernet Sauvignon,Beverage,9,16,144,Mobile Payment,Delivery,103,Emily
2024-11-09,5:30:00 PM,Shrimp Cocktail,Appetizer,9,14,126,Mobile Payment,Takeaway,102,Jake
2024-06-01,4:30:00 PM,Shrimp Cocktail,Appetizer,4,14,56,Credit Card,Delivery,103,Emily
2024-02-07,3:00:00 PM,Grilled Asparagus,Side,5,8,40,Mobile Payment,Delivery,102,Jake
2024-11-07,2:30:00 PM,Shrimp Cocktail,Appetizer,5,14,70,Credit Card,Takeaway,102,Jake
2024-10-21,3:45:00 PM,Shrimp Cocktail,Appetizer,1,14,14,Mobile Payment,Delivery,105,Nina
2024-03-28,1:15:00 PM,Ribeye Steak,Entree,4,35,140,Credit Card,Delivery,104,Carlos
2024-03-06,8:45:00 PM,Truffle Fries,Side,5,8,40,Mobile Payment,Delivery,105,Nina
2024-11-24,7:30:00 PM,Filet Mignon,Entree,3,42,126,Cash,Dine-In,101,Sarah
2024-10-19,6:15:00 PM,Ribeye Steak,Entree,5,35,175,Cash,Takeaway,101,Sarah
2024-09-02,4:30:00 PM,Cabernet Sauvignon,Beverage,3,16,48,Cash,Takeaway,104,Carlos
2024-07-08,4:45:00 PM,Chocolate Lava Cake,Dessert,2,9,18,Cash,Dine-In,102,Jake
2024-01-06,11:30:00 AM,Shrimp Cocktail,Appetizer,7,14,98,Credit Card,Takeaway,104,Carlos
2024-02-02,1:15:00 PM,Chocolate Lava Cake,Dessert,2,9,18,Cash,Dine-In,103,Emily
2024-02-24,1:00:00 PM,Caesar Salad,Appetizer,7,10,70,Credit Card,Takeaway,103,Emily
2024-09-27,10:45:00 PM,Caesar Salad,Appetizer,6,10,60,Mobile Payment,Takeaway,104,Carlos
2024-01-02,7:45:00 PM,Filet Mignon,Entree,10,42,420,Mobile Payment,Dine-In,101,Sarah
2024-05-13,10:30:00 PM,Cabernet Sauvignon,Beverage,6,16,96,Cash,Takeaway,103,Emily
2024-07-22,5:15:00 PM,Filet Mignon,Entree,2,42,84,Cash,Delivery,105,Nina
2024-07-08,11:15:00 AM,Shrimp Cocktail,Appetizer,2,14,28,Cash,Takeaway,102,Jake
2024-12-09,10:15:00 PM,Ribeye Steak,Entree,4,35,140,Cash,Takeaway,104,Carlos
2024-05-29,1:30:00 PM,Grilled Asparagus,Side,2,8,16,Mobile Payment,Dine-In,101,Sarah
2024-06-03,2:45:00 PM,Truffle Fries,Side,5,8,40,Credit Card,Delivery,104,Carlos
2024-10-03,11:00:00 AM,Cabernet Sauvignon,Beverage,3,16,48,Mobile Payment,Delivery,102,Jake
2024-10-18,3:45:00 PM,Chocolate Lava Cake,Dessert,1,9,9,Cash,Delivery,101,Sarah
2024-11-27,9:45:00 PM,Old Fashioned,Beverage,5,12,60,Cash,Takeaway,103,Emily
2024-04-06,11:30:00 AM,Caesar Salad,Appetizer,6,10,60,Cash,Dine-In,102,Jake
2024-10-01,4:00:00 PM,New York Strip,Entree,2,38,76,Mobile Payment,Delivery,103,Emily
2024-08-04,5:30:00 PM,New York Strip,Entree,10,38,380,Credit Card,Delivery,102,Jake
2024-04-11,2:15:00 PM,Cabernet Sauvignon,Beverage,2,16,32,Mobile Payment,Dine-In,101,Sarah
2024-03-10,11:15:00 AM,Mashed Potatoes,Side,4,7,28,Mobile Payment,Dine-In,102,Jake
2024-04-14,11:15:00 AM,Ribeye Steak,Entree,2,35,70,Cash,Takeaway,104,Carlos
2024-08-27,6:00:00 PM,Truffle Fries,Side,2,8,16,Mobile Payment,Takeaway,104,Carlos
2024-07-05,11:45:00 AM,Grilled Asparagus,Side,3,8,24,Credit Card,Delivery,105,Nina
2024-06-26,4:15:00 PM,Truffle Fries,Side,1,8,8,Cash,Takeaway,103,Emily
2024-04-17,11:00:00 AM,New York Strip,Entree,2,38,76,Mobile Payment,Delivery,105,Nina
2024-05-12,6:15:00 PM,Caesar Salad,Appetizer,3,10,30,Cash,Takeaway,102,Jake
2024-01-24,1:30:00 PM,Old Fashioned,Beverage,1,12,12,Mobile Payment,Delivery,101,Sarah
2024-02-16,6:15:00 PM,New York Strip,Entree,4,38,152,Credit Card,Dine-In,103,Emily
2024-01-30,6:45:00 PM,Shrimp Cocktail,Appetizer,10,14,140,Credit Card,Delivery,101,Sarah
2024-08-31,9:45:00 PM,Mashed Potatoes,Side,7,7,49,Credit Card,Dine-In,105,Nina
2024-11-03,1:30:00 PM,Ribeye Steak,Entree,4,35,140,Credit Card,Delivery,105,Nina
2024-04-26,7:45:00 PM,New York Strip,Entree,9,38,342,Mobile Payment,Dine-In,103,Emily
2024-09-15,12:15:00 PM,New York Strip,Entree,3,38,114,Mobile Payment,Dine-In,105,Nina
2024-12-18,4:45:00 PM,Grilled Asparagus,Side,6,8,48,Credit Card,Delivery,103,Emily
2024-09-16,10:15:00 PM,Caesar Salad,Appetizer,7,10,70,Cash,Delivery,102,Jake
2024-08-19,8:00:00 PM,New York Strip,Entree,2,38,76,Cash,Dine-In,101,Sarah
2024-01-25,12:45:00 PM,Cabernet Sauvignon,Beverage,1,16,16,Cash,Delivery,103,Emily
2024-12-18,7:45:00 PM,Truffle Fries,Side,12,8,96,Cash,Delivery,101,Sarah
2024-08-20,11:45:00 AM,Shrimp Cocktail,Appetizer,1,14,14,Mobile Payment,Dine-In,105,Nina
2024-03-18,4:00:00 PM,Chocolate Lava Cake,Dessert,4,9,36,Mobile Payment,Takeaway,103,Emily
2024-04-01,8:30:00 PM,Truffle Fries,Side,2,8,16,Credit Card,Dine-In,102,Jake
2024-03-30,1:45:00 PM,Grilled Asparagus,Side,5,8,40,Cash,Dine-In,105,Nina
2024-08-20,1:15:00 PM,Ribeye Steak,Entree,3,35,105,Credit Card,Dine-In,102,Jake
2024-02-27,5:15:00 PM,Grilled Asparagus,Side,6,8,48,Mobile Payment,Takeaway,105,Nina
2024-11-26,5:15:00 PM,Caesar Salad,Appetizer,2,10,20,Mobile Payment,Delivery,102,Jake
2024-04-13,3:30:00 PM,Shrimp Cocktail,Appetizer,7,14,98,Cash,Takeaway,105,Nina
2024-09-22,6:30:00 PM,Ribeye Steak,Entree,6,35,210,Credit Card,Dine-In,102,Jake
2024-01-06,4:45:00 PM,Cabernet Sauvignon,Beverage,6,16,96,Cash,Delivery,103,Emily
2024-04-07,9:45:00 PM,Old Fashioned,Beverage,6,12,72,Mobile Payment,Delivery,102,Jake
2024-07-22,5:15:00 PM,New York Strip,Entree,11,38,418,Mobile Payment,Takeaway,104,Carlos
2024-04-29,3:15:00 PM,Old Fashioned,Beverage,4,12,48,Credit Card,Takeaway,102,Jake
2024-03-22,4:15:00 PM,Ribeye Steak,Entree,7,35,245,Cash,Takeaway,103,Emily
2024-10-04,12:15:00 PM,Chocolate Lava Cake,Dessert,3,9,27,Cash,Delivery,103,Emily
2024-10-20,10:15:00 PM,New York Strip,Entree,8,38,304,Credit Card,Dine-In,101,Sarah
2024-06-14,5:15:00 PM,Ribeye Steak,Entree,4,35,140,Mobile Payment,Takeaway,103,Emily
2024-12-06,10:45:00 PM,Caesar Salad,Appetizer,7,10,70,Cash,Takeaway,102,Jake
2024-11-26,5:15:00 PM,Chocolate Lava Cake,Dessert,6,9,54,Mobile Payment,Dine-In,101,Sarah
2024-08-08,5:00:00 PM,Mashed Potatoes,Side,6,7,42,Mobile Payment,Delivery,101,Sarah
2024-11-26,9:30:00 PM,Filet Mignon,Entree,4,42,168,Cash,Delivery,101,Sarah
2024-04-24,9:00:00 PM,Ribeye Steak,Entree,6,35,210,Mobile Payment,Delivery,102,Jake
2024-12-26,1:00:00 PM,Bourbon BBQ Burger,Entree,1,22,22,Cash,Dine-In,101,Sarah
2024-03-29,12:30:00 PM,Truffle Fries,Side,5,8,40,Mobile Payment,Delivery,101,Sarah
2024-12-30,4:15:00 PM,Grilled Asparagus,Side,6,8,48,Credit Card,Delivery,104,Carlos
2024-07-24,3:00:00 PM,Filet Mignon,Entree,6,42,252,Cash,Delivery,103,Emily
2024-05-14,7:00:00 PM,Grilled Asparagus,Side,6,8,48,Credit Card,Dine-In,101,Sarah
2024-01-22,5:15:00 PM,Chocolate Lava Cake,Dessert,11,9,99,Credit Card,Takeaway,105,Nina
2024-09-02,2:30:00 PM,Cabernet Sauvignon,Beverage,2,16,32,Mobile Payment,Takeaway,104,Carlos
2024-05-24,5:30:00 PM,Truffle Fries,Side,2,8,16,Mobile Payment,Takeaway,102,Jake
2024-04-21,3:15:00 PM,Filet Mignon,Entree,4,42,168,Cash,Delivery,104,Carlos
2024-03-15,1:00:00 PM,Caesar Salad,Appetizer,3,10,30,Cash,Takeaway,101,Sarah
2024-01-24,3:15:00 PM,Chocolate Lava Cake,Dessert,2,9,18,Mobile Payment,Dine-In,101,Sarah
2024-05-24,10:45:00 PM,Cabernet Sauvignon,Beverage,9,16,144,Mobile Payment,Dine-In,101,Sarah
2024-08-29,8:45:00 PM,New York Strip,Entree,7,38,266,Mobile Payment,Delivery,105,Nina
2024-11-09,3:00:00 PM,Bourbon BBQ Burger,Entree,4,22,88,Mobile Payment,Delivery,102,Jake
2024-02-26,10:00:00 PM,Ribeye Steak,Entree,5,35,175,Credit Card,Takeaway,104,Carlos
2024-01-11,10:15:00 PM,Truffle Fries,Side,2,8,16,Cash,Dine-In,103,Emily
2024-04-10,10:15:00 PM,Cabernet Sauvignon,Beverage,6,16,96,Cash,Delivery,104,Carlos
2024-04-06,12:00:00 PM,Mashed Potatoes,Side,2,7,14,Credit Card,Dine-In,103,Emily
2024-05-05,7:15:00 PM,Cabernet Sauvignon,Beverage,2,16,32,Credit Card,Delivery,102,Jake
2024-08-01,8:15:00 PM,Bourbon BBQ Burger,Entree,10,22,220,Mobile Payment,Dine-In,101,Sarah
2024-08-18,5:45:00 PM,New York Strip,Entree,9,38,342,Credit Card,Dine-In,102,Jake
2024-03-31,7:15:00 PM,Cabernet Sauvignon,Beverage,12,16,192,Credit Card,Delivery,102,Jake
2024-04-19,6:45:00 PM,Truffle Fries,Side,2,8,16,Mobile Payment,Takeaway,101,Sarah
2024-11-19,7:45:00 PM,New York Strip,Entree,9,38,342,Credit Card,Dine-In,102,Jake
2024-08-10,7:30:00 PM,Filet Mignon,Entree,2,42,84,Cash,Dine-In,102,Jake
2024-12-05,7:15:00 PM,Caesar Salad,Appetizer,5,10,50,Mobile Payment,Delivery,102,Jake
2024-02-20,9:15:00 PM,Mashed Potatoes,Side,4,7,28,Credit Card,Delivery,105,Nina
2024-02-02,7:45:00 PM,Mashed Potatoes,Side,2,7,14,Credit Card,Takeaway,104,Carlos
2024-07-16,12:00:00 PM,Grilled Asparagus,Side,3,8,24,Mobile Payment,Dine-In,101,Sarah
2024-11-21,7:00:00 PM,Bourbon BBQ Burger,Entree,7,22,154,Cash,Dine-In,105,Nina
2024-03-06,6:45:00 PM,Grilled Asparagus,Side,2,8,16,Credit Card,Delivery,101,Sarah
2024-06-29,8:45:00 PM,Chocolate Lava Cake,Dessert,8,9,72,Mobile Payment,Dine-In,105,Nina
2024-12-20,3:30:00 PM,Bourbon BBQ Burger,Entree,5,22,110,Cash,Delivery,101,Sarah
2024-03-18,10:45:00 PM,Grilled Asparagus,Side,6,8,48,Mobile Payment,Takeaway,105,Nina
2024-07-15,1:30:00 PM,Chocolate Lava Cake,Dessert,1,9,9,Cash,Takeaway,104,Carlos
2024-04-14,3:15:00 PM,Mashed Potatoes,Side,3,7,21,Cash,Delivery,103,Emily
2024-12-09,5:00:00 PM,Old Fashioned,Beverage,6,12,72,Cash,Delivery,105,Nina
2024-01-12,6:30:00 PM,Bourbon BBQ Burger,Entree,8,22,176,Cash,Delivery,104,Carlos
2024-08-04,8:30:00 PM,Filet Mignon,Entree,8,42,336,Mobile Payment,Delivery,104,Carlos
2024-09-05,11:00:00 AM,Cabernet Sauvignon,Beverage,5,16,80,Credit Card,Takeaway,104,Carlos
2024-05-10,7:30:00 PM,Bourbon BBQ Burger,Entree,10,22,220,Mobile Payment,Takeaway,104,Carlos
2024-05-21,12:15:00 PM,Chocolate Lava Cake,Dessert,6,9,54,Credit Card,Dine-In,104,Carlos
2024-08-24,2:30:00 PM,Old Fashioned,Beverage,9,12,108,Mobile Payment,Takeaway,102,Jake
2024-07-23,10:00:00 PM,Grilled Asparagus,Side,5,8,40,Mobile Payment,Delivery,101,Sarah
2024-05-15,3:30:00 PM,Ribeye Steak,Entree,5,35,175,Cash,Delivery,105,Nina
2024-07-20,11:30:00 AM,New York Strip,Entree,2,38,76,Cash,Dine-In,104,Carlos
2024-03-12,6:00:00 PM,Grilled Asparagus,Side,9,8,72,Credit Card,Delivery,105,Nina
2024-02-01,11:15:00 AM,Shrimp Cocktail,Appetizer,4,14,56,Credit Card,Takeaway,105,Nina
2024-02-23,2:00:00 PM,Cabernet Sauvignon,Beverage,7,16,112,Mobile Payment,Delivery,102,Jake
2024-12-06,11:30:00 AM,Old Fashioned,Beverage,5,12,60,Mobile Payment,Delivery,105,Nina
2024-05-01,8:45:00 PM,Shrimp Cocktail,Appetizer,2,14,28,Mobile Payment,Takeaway,104,Carlos
2024-05-01,11:15:00 AM,Old Fashioned,Beverage,3,12,36,Cash,Dine-In,101,Sarah
2024-04-18,11:30:00 AM,Truffle Fries,Side,4,8,32,Mobile Payment,Takeaway,101,Sarah
2024-10-30,8:30:00 PM,Bourbon BBQ Burger,Entree,4,22,88,Cash,Takeaway,104,Carlos
2024-05-29,12:30:00 PM,Chocolate Lava Cake,Dessert,2,9,18,Credit Card,Delivery,103,Emily
2024-08-09,6:00:00 PM,Cabernet Sauvignon,Beverage,8,16,128,Mobile Payment,Dine-In,101,Sarah
2024-09-28,6:15:00 PM,Grilled Asparagus,Side,2,8,16,Cash,Dine-In,102,Jake
2024-08-06,4:00:00 PM,Ribeye Steak,Entree,2,35,70,Credit Card,Takeaway,103,Emily
2024-05-09,1:00:00 PM,Grilled Asparagus,Side,4,8,32,Credit Card,Delivery,103,Emily
2024-08-04,7:45:00 PM,Mashed Potatoes,Side,4,7,28,Credit Card,Dine-In,104,Carlos
2024-03-13,1:00:00 PM,Mashed Potatoes,Side,3,7,21,Mobile Payment,Delivery,104,Carlos
2024-09-01,1:30:00 PM,Grilled Asparagus,Side,2,8,16,Cash,Dine-In,101,Sarah
2024-11-07,11:30:00 AM,Caesar Salad,Appetizer,2,10,20,Mobile Payment,Delivery,103,Emily
2024-08-13,11:30:00 AM,Old Fashioned,Beverage,3,12,36,Credit Card,Takeaway,103,Emily
2024-10-04,3:30:00 PM,Mashed Potatoes,Side,8,7,56,Cash,Delivery,104,Carlos
2024-06-16,1:00:00 PM,Caesar Salad,Appetizer,5,10,50,Cash,Takeaway,101,Sarah
2024-09-07,12:15:00 PM,Shrimp Cocktail,Appetizer,4,14,56,Mobile Payment,Takeaway,102,Jake
2024-02-22,1:00:00 PM,Ribeye Steak,Entree,2,35,70,Credit Card,Dine-In,102,Jake
2024-02-16,12:45:00 PM,Caesar Salad,Appetizer,3,10,30,Mobile Payment,Takeaway,104,Carlos
2024-03-21,5:30:00 PM,Cabernet Sauvignon,Beverage,10,16,160,Mobile Payment,Dine-In,105,Nina
2024-06-26,7:30:00 PM,Truffle Fries,Side,6,8,48,Mobile Payment,Takeaway,102,Jake
2024-04-02,8:30:00 PM,New York Strip,Entree,5,38,190,Cash,Delivery,103,Emily
2024-02-21,5:00:00 PM,Cabernet Sauvignon,Beverage,5,16,80,Credit Card,Takeaway,105,Nina
2024-02-13,6:00:00 PM,Ribeye Steak,Entree,7,35,245,Cash,Delivery,101,Sarah
2024-07-04,3:00:00 PM,Shrimp Cocktail,Appetizer,4,14,56,Credit Card,Takeaway,103,Emily
2024-08-29,2:30:00 PM,Bourbon BBQ Burger,Entree,2,22,44,Credit Card,Dine-In,103,Emily
2024-08-12,7:30:00 PM,Filet Mignon,Entree,9,42,378,Cash,Takeaway,105,Nina
2024-06-02,10:45:00 PM,Caesar Salad,Appetizer,6,10,60,Credit Card,Delivery,102,Jake
2024-01-19,4:15:00 PM,Old Fashioned,Beverage,6,12,72,Mobile Payment,Dine-In,102,Jake
2024-04-09,12:15:00 PM,Grilled Asparagus,Side,1,8,8,Cash,Delivery,102,Jake
2024-05-02,9:15:00 PM,Grilled Asparagus,Side,2,8,16,Mobile Payment,Takeaway,105,Nina
2024-09-30,1:00:00 PM,Mashed Potatoes,Side,2,7,14,Credit Card,Delivery,104,Carlos
2024-04-10,11:30:00 AM,Cabernet Sauvignon,Beverage,4,16,64,Cash,Takeaway,101,Sarah
2024-06-09,1:00:00 PM,Old Fashioned,Beverage,3,12,36,Credit Card,Takeaway,102,Jake
2024-06-16,10:15:00 PM,Old Fashioned,Beverage,9,12,108,Cash,Dine-In,105,Nina
2024-10-16,12:30:00 PM,Grilled Asparagus,Side,3,8,24,Cash,Takeaway,103,Emily
2024-07-14,6:00:00 PM,Truffle Fries,Side,8,8,64,Credit Card,Delivery,104,Carlos
2024-03-24,8:45:00 PM,Chocolate Lava Cake,Dessert,2,9,18,Credit Card,Dine-In,102,Jake
2024-07-21,1:30:00 PM,Grilled Asparagus,Side,4,8,32,Credit Card,Takeaway,101,Sarah
2024-11-08,8:00:00 PM,Truffle Fries,Side,2,8,16,Cash,Dine-In,105,Nina
2024-10-31,7:30:00 PM,Old Fashioned,Beverage,4,12,48,Mobile Payment,Dine-In,105,Nina
2024-04-29,9:30:00 PM,New York Strip,Entree,2,38,76,Mobile Payment,Dine-In,105,Nina
2024-10-31,5:30:00 PM,Shrimp Cocktail,Appetizer,4,14,56,Mobile Payment,Takeaway,104,Carlos
2024-05-21,10:30:00 PM,Chocolate Lava Cake,Dessert,12,9,108,Mobile Payment,Takeaway,105,Nina
2024-07-08,6:15:00 PM,Cabernet Sauvignon,Beverage,6,16,96,Credit Card,Takeaway,105,Nina
2024-06-27,7:15:00 PM,Cabernet Sauvignon,Beverage,2,16,32,Mobile Payment,Dine-In,102,Jake
2024-03-14,12:45:00 PM,Truffle Fries,Side,5,8,40,Credit Card,Delivery,105,Nina
2024-11-07,9:00:00 PM,New York Strip,Entree,5,38,190,Mobile Payment,Delivery,102,Jake
2024-11-23,8:45:00 PM,Filet Mignon,Entree,9,42,378,Cash,Takeaway,105,Nina
2024-09-27,3:30:00 PM,Mashed Potatoes,Side,2,7,14,Credit Card,Dine-In,104,Carlos
2024-09-11,1:45:00 PM,Cabernet Sauvignon,Beverage,1,16,16,Cash,Dine-In,102,Jake
2024-11-22,11:15:00 AM,Cabernet Sauvignon,Beverage,7,16,112,Credit Card,Takeaway,105,Nina
2024-02-28,12:15:00 PM,Chocolate Lava Cake,Dessert,5,9,45,Mobile Payment,Dine-In,103,Emily
2024-06-21,8:00:00 PM,Ribeye Steak,Entree,11,35,385,Mobile Payment,Delivery,105,Nina
2024-11-18,1:00:00 PM,Old Fashioned,Beverage,5,12,60,Mobile Payment,Dine-In,103,Emily
2024-06-10,1:45:00 PM,Grilled Asparagus,Side,4,8,32,Cash,Dine-In,103,Emily
2024-02-15,9:30:00 PM,Truffle Fries,Side,12,8,96,Mobile Payment,Dine-In,104,Carlos
2024-01-07,9:30:00 PM,Caesar Salad,Appetizer,4,10,40,Mobile Payment,Takeaway,101,Sarah
2024-03-03,12:15:00 PM,Chocolate Lava Cake,Dessert,1,9,9,Cash,Dine-In,105,Nina
2024-03-05,8:45:00 PM,Shrimp Cocktail,Appetizer,3,14,42,Mobile Payment,Takeaway,103,Emily
2024-03-03,2:45:00 PM,Ribeye Steak,Entree,5,35,175,Cash,Delivery,105,Nina
2024-06-16,7:00:00 PM,Cabernet Sauvignon,Beverage,2,16,32,Cash,Takeaway,103,Emily
2024-02-01,1:30:00 PM,Caesar Salad,Appetizer,4,10,40,Cash,Takeaway,101,Sarah
2024-06-24,10:45:00 PM,Caesar Salad,Appetizer,8,10,80,Credit Card,Dine-In,104,Carlos
2024-02-10,2:30:00 PM,Cabernet Sauvignon,Beverage,8,16,128,Credit Card,Delivery,102,Jake
2024-04-17,4:15:00 PM,Chocolate Lava Cake,Dessert,1,9,9,Mobile Payment,Dine-In,103,Emily
2024-10-05,4:45:00 PM,Filet Mignon,Entree,5,42,210,Mobile Payment,Takeaway,104,Carlos
2024-12-06,2:00:00 PM,Bourbon BBQ Burger,Entree,5,22,110,Credit Card,Takeaway,102,Jake
2024-10-26,6:15:00 PM,Mashed Potatoes,Side,6,7,42,Cash,Dine-In,104,Carlos
2024-05-28,2:45:00 PM,Bourbon BBQ Burger,Entree,6,22,132,Cash,Delivery,102,Jake
2024-09-17,2:45:00 PM,Old Fashioned,Beverage,2,12,24,Credit Card,Dine-In,102,Jake
2024-10-05,8:45:00 PM,Bourbon BBQ Burger,Entree,8,22,176,Credit Card,Dine-In,103,Emily
2024-05-07,3:15:00 PM,Cabernet Sauvignon,Beverage,1,16,16,Credit Card,Takeaway,103,Emily
2024-02-05,10:45:00 PM,Filet Mignon,Entree,2,42,84,Cash,Delivery,104,Carlos
2024-06-14,9:15:00 PM,Mashed Potatoes,Side,11,7,77,Mobile Payment,Takeaway,104,Carlos
2024-05-15,11:30:00 AM,Filet Mignon,Entree,1,42,42,Cash,Delivery,105,Nina
2024-10-06,11:15:00 AM,Old Fashioned,Beverage,2,12,24,Cash,Takeaway,102,Jake
2024-09-06,5:15:00 PM,Grilled Asparagus,Side,4,8,32,Mobile Payment,Dine-In,103,Emily
2024-11-20,3:30:00 PM,Old Fashioned,Beverage,1,12,12,Mobile Payment,Delivery,102,Jake
2024-10-30,4:15:00 PM,Ribeye Steak,Entree,6,35,210,Credit Card,Delivery,101,Sarah
2024-08-02,6:45:00 PM,Shrimp Cocktail,Appetizer,11,14,154,Mobile Payment,Delivery,101,Sarah
2024-10-18,1:15:00 PM,Cabernet Sauvignon,Beverage,7,16,112,Credit Card,Delivery,105,Nina
2024-08-20,3:30:00 PM,Mashed Potatoes,Side,1,7,7,Mobile Payment,Dine-In,103,Emily
2024-10-02,10:45:00 PM,New York Strip,Entree,8,38,304,Cash,Takeaway,103,Emily
2024-04-10,11:45:00 AM,Cabernet Sauvignon,Beverage,5,16,80,Cash,Dine-In,104,Carlos
2024-05-18,10:00:00 PM,Caesar Salad,Appetizer,7,10,70,Cash,Delivery,105,Nina
2024-09-24,12:45:00 PM,Caesar Salad,Appetizer,6,10,60,Credit Card,Takeaway,103,Emily
2024-09-19,2:15:00 PM,Caesar Salad,Appetizer,5,10,50,Credit Card,Takeaway,104,Carlos
2024-01-08,3:00:00 PM,Caesar Salad,Appetizer,1,10,10,Mobile Payment,Dine-In,105,Nina
2024-02-27,4:15:00 PM,Cabernet Sauvignon,Beverage,5,16,80,Cash,Dine-In,105,Nina
2024-03-06,5:15:00 PM,Mashed Potatoes,Side,6,7,42,Cash,Dine-In,103,Emily
2024-02-04,9:15:00 PM,Caesar Salad,Appetizer,2,10,20,Mobile Payment,Dine-In,103,Emily
2024-08-18,6:15:00 PM,Ribeye Steak,Entree,5,35,175,Credit Card,Dine-In,101,Sarah
2024-01-29,10:45:00 PM,Truffle Fries,Side,9,8,72,Mobile Payment,Takeaway,101,Sarah
2024-10-16,2:15:00 PM,Shrimp Cocktail,Appetizer,4,14,56,Cash,Delivery,101,Sarah
2024-01-31,8:45:00 PM,Truffle Fries,Side,11,8,88,Credit Card,Dine-In,102,Jake
2024-03-14,3:45:00 PM,Ribeye Steak,Entree,5,35,175,Mobile Payment,Delivery,105,Nina
2024-08-31,1:45:00 PM,Shrimp Cocktail,Appetizer,9,14,126,Credit Card,Dine-In,102,Jake
2024-03-31,4:00:00 PM,Old Fashioned,Beverage,3,12,36,Cash,Dine-In,103,Emily
2024-01-08,3:15:00 PM,New York Strip,Entree,4,38,152,Cash,Dine-In,105,Nina
2024-11-14,11:00:00 AM,Caesar Salad,Appetizer,3,10,30,Credit Card,Delivery,104,Carlos
2024-02-20,10:45:00 PM,Caesar Salad,Appetizer,2,10,20,Credit Card,Dine-In,102,Jake
2024-10-06,5:45:00 PM,Truffle Fries,Side,4,8,32,Cash,Dine-In,101,Sarah
2024-01-17,8:30:00 PM,Caesar Salad,Appetizer,9,10,90,Credit Card,Delivery,102,Jake
2024-02-05,8:30:00 PM,Caesar Salad,Appetizer,7,10,70,Mobile Payment,Delivery,101,Sarah
2024-01-06,4:45:00 PM,Old Fashioned,Beverage,10,12,120,Credit Card,Dine-In,101,Sarah
2024-02-19,6:15:00 PM,New York Strip,Entree,5,38,190,Mobile Payment,Dine-In,101,Sarah
2024-08-24,2:45:00 PM,Filet Mignon,Entree,4,42,168,Cash,Delivery,104,Carlos
2024-03-28,1:00:00 PM,Filet Mignon,Entree,2,42,84,Mobile Payment,Takeaway,105,Nina
2024-01-22,10:45:00 PM,Filet Mignon,Entree,7,42,294,Credit Card,Dine-In,102,Jake
2024-03-02,11:30:00 AM,Mashed Potatoes,Side,5,7,35,Mobile Payment,Takeaway,101,Sarah
2024-09-10,12:15:00 PM,Cabernet Sauvignon,Beverage,1,16,16,Credit Card,Dine-In,104,Carlos
2024-05-11,3:15:00 PM,Grilled Asparagus,Side,2,8,16,Cash,Dine-In,103,Emily
2024-05-30,1:15:00 PM,Mashed Potatoes,Side,2,7,14,Cash,Delivery,104,Carlos
2024-01-08,1:30:00 PM,New York Strip,Entree,2,38,76,Mobile Payment,Takeaway,101,Sarah
2024-03-13,10:00:00 PM,Chocolate Lava Cake,Dessert,6,9,54,Credit Card,Delivery,104,Carlos
2024-08-30,1:45:00 PM,Chocolate Lava Cake,Dessert,2,9,18,Cash,Delivery,102,Jake
2024-08-03,9:30:00 PM,Mashed Potatoes,Side,2,7,14,Cash,Dine-In,104,Carlos
2024-07-28,12:45:00 PM,Chocolate Lava Cake,Dessert,3,9,27,Mobile Payment,Delivery,101,Sarah
2024-12-12,1:30:00 PM,Mashed Potatoes,Side,3,7,21,Mobile Payment,Delivery,103,Emily
2024-02-27,5:00:00 PM,New York Strip,Entree,2,38,76,Cash,Delivery,101,Sarah
2024-06-12,7:00:00 PM,New York Strip,Entree,8,38,304,Mobile Payment,Takeaway,103,Emily
2024-11-06,7:45:00 PM,Shrimp Cocktail,Appetizer,9,14,126,Mobile Payment,Takeaway,105,Nina
2024-12-11,5:15:00 PM,Caesar Salad,Appetizer,8,10,80,Credit Card,Dine-In,101,Sarah
2024-09-13,7:30:00 PM,Shrimp Cocktail,Appetizer,9,14,126,Credit Card,Dine-In,105,Nina
2024-04-28,6:00:00 PM,Chocolate Lava Cake,Dessert,2,9,18,Mobile Payment,Dine-In,104,Carlos
2024-05-29,8:15:00 PM,Filet Mignon,Entree,8,42,336,Credit Card,Dine-In,101,Sarah
2024-07-25,8:15:00 PM,Grilled Asparagus,Side,10,8,80,Mobile Payment,Delivery,102,Jake
2024-04-11,4:15:00 PM,Shrimp Cocktail,Appetizer,5,14,70,Credit Card,Delivery,104,Carlos
2024-05-18,6:00:00 PM,Cabernet Sauvignon,Beverage,3,16,48,Cash,Dine-In,105,Nina
2024-09-27,5:30:00 PM,Shrimp Cocktail,Appetizer,8,14,112,Cash,Dine-In,101,Sarah
2024-03-27,12:15:00 PM,Caesar Salad,Appetizer,4,10,40,Mobile Payment,Delivery,102,Jake
2024-01-08,4:30:00 PM,Ribeye Steak,Entree,2,35,70,Cash,Dine-In,101,Sarah
2024-01-11,11:45:00 AM,Caesar Salad,Appetizer,3,10,30,Mobile Payment,Delivery,104,Carlos
2024-08-20,2:00:00 PM,Chocolate Lava Cake,Dessert,1,9,9,Cash,Delivery,105,Nina
2024-10-19,8:00:00 PM,Filet Mignon,Entree,5,42,210,Cash,Takeaway,101,Sarah
2024-01-12,8:00:00 PM,Grilled Asparagus,Side,10,8,80,Mobile Payment,Delivery,102,Jake
2024-04-30,1:45:00 PM,Caesar Salad,Appetizer,4,10,40,Mobile Payment,Delivery,105,Nina
2024-10-22,10:45:00 PM,Truffle Fries,Side,9,8,72,Cash,Takeaway,101,Sarah
2024-10-04,10:30:00 PM,Shrimp Cocktail,Appetizer,10,14,140,Cash,Delivery,104,Carlos
2024-09-02,3:45:00 PM,Caesar Salad,Appetizer,1,10,10,Cash,Dine-In,105,Nina
2024-10-28,7:30:00 PM,Bourbon BBQ Burger,Entree,4,22,88,Cash,Takeaway,101,Sarah
2024-02-19,10:15:00 PM,Old Fashioned,Beverage,2,12,24,Cash,Delivery,101,Sarah
2024-06-11,12:30:00 PM,Truffle Fries,Side,3,8,24,Credit Card,Delivery,102,Jake
2024-10-20,3:15:00 PM,Ribeye Steak,Entree,2,35,70,Mobile Payment,Takeaway,101,Sarah
2024-02-05,4:15:00 PM,Mashed Potatoes,Side,2,7,14,Credit Card,Takeaway,104,Carlos
2024-01-16,6:30:00 PM,Grilled Asparagus,Side,11,8,88,Mobile Payment,Delivery,103,Emily
2024-05-25,8:30:00 PM,Grilled Asparagus,Side,7,8,56,Credit Card,Dine-In,101,Sarah
2024-02-18,11:15:00 AM,Shrimp Cocktail,Appetizer,1,14,14,Cash,Delivery,105,Nina
2024-02-16,10:15:00 PM,New York Strip,Entree,3,38,114,Mobile Payment,Takeaway,105,Nina
2024-05-27,11:15:00 AM,Grilled Asparagus,Side,2,8,16,Cash,Delivery,103,Emily
2024-09-13,12:45:00 PM,Shrimp Cocktail,Appetizer,4,14,56,Cash,Takeaway,102,Jake
2024-07-02,9:15:00 PM,Grilled Asparagus,Side,6,8,48,Cash,Dine-In,103,Emily
2024-08-20,11:00:00 AM,Shrimp Cocktail,Appetizer,1,14,14,Cash,Delivery,101,Sarah
2024-10-13,1:30:00 PM,Filet Mignon,Entree,5,42,210,Cash,Delivery,104,Carlos
2024-02-05,9:15:00 PM,Bourbon BBQ Burger,Entree,6,22,132,Credit Card,Delivery,101,Sarah
2024-05-26,9:45:00 PM,Filet Mignon,Entree,2,42,84,Cash,Takeaway,105,Nina
2024-03-29,2:00:00 PM,Shrimp Cocktail,Appetizer,7,14,98,Credit Card,Dine-In,101,Sarah
2024-02-13,1:15:00 PM,Cabernet Sauvignon,Beverage,2,16,32,Credit Card,Dine-In,101,Sarah
2024-02-15,10:15:00 PM,Caesar Salad,Appetizer,4,10,40,Mobile Payment,Delivery,104,Carlos
2024-02-05,4:00:00 PM,New York Strip,Entree,1,38,38,Mobile Payment,Takeaway,105,Nina
2024-07-10,11:45:00 AM,Truffle Fries,Side,4,8,32,Credit Card,Takeaway,102,Jake
2024-05-12,3:45:00 PM,Truffle Fries,Side,1.5,8,12,Credit Card,Delivery,102,Jake
2024-03-14,6:45:00 PM,Caesar Salad,Appetizer,5,10,50,Credit Card,Dine-In,101,Sarah
2024-11-14,12:30:00 PM,Caesar Salad,Appetizer,1,10,10,Credit Card,Takeaway,102,Jake
2024-06-07,6:15:00 PM,Shrimp Cocktail,Appetizer,5,14,70,Credit Card,Delivery,104,Carlos
2024-02-12,6:45:00 PM,Cabernet Sauvignon,Beverage,4,16,64,Cash,Takeaway,101,Sarah
2024-12-13,1:45:00 PM,Bourbon BBQ Burger,Entree,3,22,66,Credit Card,Takeaway,101,Sarah
2024-09-17,5:45:00 PM,Truffle Fries,Side,8,8,64,Credit Card,Delivery,104,Carlos
2024-03-19,1:30:00 PM,Filet Mignon,Entree,5,42,210,Credit Card,Takeaway,105,Nina
2024-08-14,7:30:00 PM,Chocolate Lava Cake,Dessert,6,9,54,Credit Card,Takeaway,101,Sarah
2024-12-05,1:00:00 PM,Bourbon BBQ Burger,Entree,2,22,44,Credit Card,Dine-In,101,Sarah
2024-07-30,12:30:00 PM,Cabernet Sauvignon,Beverage,5,16,80,Credit Card,Takeaway,102,Jake
2024-03-05,2:30:00 PM,Shrimp Cocktail,Appetizer,2,14,28,Credit Card,Dine-In,103,Emily
2024-08-02,10:45:00 PM,Cabernet Sauvignon,Beverage,4,16,64,Cash,Dine-In,101,Sarah
2024-06-21,9:45:00 PM,Shrimp Cocktail,Appetizer,10,14,140,Mobile Payment,Takeaway,102,Jake
2024-07-01,3:15:00 PM,Ribeye Steak,Entree,3,35,105,Mobile Payment,Delivery,103,Emily
2024-05-24,9:00:00 PM,Filet Mignon,Entree,2,42,84,Mobile Payment,Delivery,105,Nina
2024-09-09,2:00:00 PM,Cabernet Sauvignon,Beverage,2,16,32,Credit Card,Dine-In,101,Sarah
2024-12-08,5:15:00 PM,Shrimp Cocktail,Appetizer,3,14,42,Credit Card,Delivery,105,Nina
2024-05-27,7:15:00 PM,Truffle Fries,Side,2,8,16,Mobile Payment,Delivery,103,Emily
2024-10-27,5:00:00 PM,Grilled Asparagus,Side,7,8,56,Credit Card,Dine-In,103,Emily
2024-02-20,12:00:00 PM,New York Strip,Entree,1,38,38,Cash,Takeaway,103,Emily
2024-04-10,9:30:00 PM,Filet Mignon,Entree,3,42,126,Cash,Dine-In,101,Sarah
2024-12-28,5:00:00 PM,Shrimp Cocktail,Appetizer,10,14,140,Mobile Payment,Delivery,104,Carlos
2024-01-03,2:45:00 PM,New York Strip,Entree,1,38,38,Mobile Payment,Delivery,105,Nina
2024-07-16,11:00:00 AM,Caesar Salad,Appetizer,2,10,20,Cash,Delivery,102,Jake
2024-02-23,8:45:00 PM,Cabernet Sauvignon,Beverage,10,16,160,Mobile Payment,Delivery,101,Sarah
2024-02-11,12:30:00 PM,Ribeye Steak,Entree,1,35,35,Cash,Takeaway,104,Carlos
2024-02-29,2:00:00 PM,Truffle Fries,Side,4,8,32,Mobile Payment,Dine-In,105,Nina
2024-08-26,9:45:00 PM,Ribeye Steak,Entree,2,35,70,Mobile Payment,Takeaway,102,Jake
2024-06-30,9:00:00 PM,Truffle Fries,Side,10,8,80,Credit Card,Dine-In,105,Nina
2024-11-27,3:45:00 PM,Cabernet Sauvignon,Beverage,3,16,48,Credit Card,Dine-In,101,Sarah
2024-02-09,2:45:00 PM,Mashed Potatoes,Side,3,7,21,Credit Card,Delivery,102,Jake
2024-12-27,12:00:00 PM,Old Fashioned,Beverage,3,12,36,Mobile Payment,Delivery,104,Carlos
2024-09-24,10:00:00 PM,Old Fashioned,Beverage,4,12,48,Credit Card,Delivery,101,Sarah
2024-04-26,6:00:00 PM,Grilled Asparagus,Side,2,8,16,Credit Card,Dine-In,105,Nina
2024-12-19,7:00:00 PM,Chocolate Lava Cake,Dessert,7,9,63,Cash,Dine-In,102,Jake
2024-12-12,8:45:00 PM,Shrimp Cocktail,Appetizer,8,14,112,Credit Card,Dine-In,105,Nina
2024-04-11,6:30:00 PM,Caesar Salad,Appetizer,2,10,20,Credit Card,Takeaway,105,Nina
2024-02-24,11:15:00 AM,Shrimp Cocktail,Appetizer,10,14,140,Cash,Delivery,105,Nina
2024-07-06,4:45:00 PM,Cabernet Sauvignon,Beverage,2,16,32,Cash,Dine-In,103,Emily
2024-12-08,3:15:00 PM,New York Strip,Entree,2,38,76,Credit Card,Dine-In,102,Jake
2024-03-03,5:00:00 PM,Grilled Asparagus,Side,9,8,72,Mobile Payment,Takeaway,105,Nina
2024-06-29,6:30:00 PM,Grilled Asparagus,Side,7,8,56,Cash,Takeaway,104,Carlos
2024-12-15,9:30:00 PM,Filet Mignon,Entree,7,42,294,Mobile Payment,Delivery,101,Sarah
2024-05-05,8:30:00 PM,Truffle Fries,Side,4,8,32,Cash,Takeaway,101,Sarah
2024-02-29,5:30:00 PM,New York Strip,Entree,7,38,266,Cash,Dine-In,104,Carlos
2024-01-05,2:15:00 PM,Mashed Potatoes,Side,1,7,7,Mobile Payment,Delivery,103,Emily
2024-03-21,3:15:00 PM,Truffle Fries,Side,1,8,8,Mobile Payment,Delivery,102,Jake
2024-10-22,1:30:00 PM,Cabernet Sauvignon,Beverage,3,16,48,Mobile Payment,Dine-In,102,Jake
2024-01-13,11:30:00 AM,Filet Mignon,Entree,7,42,294,Mobile Payment,Dine-In,101,Sarah
2024-06-10,2:00:00 PM,New York Strip,Entree,1,38,38,Credit Card,Dine-In,104,Carlos
2024-08-31,10:30:00 PM,Truffle Fries,Side,11,8,88,Credit Card,Delivery,103,Emily
2024-07-25,10:15:00 PM,Caesar Salad,Appetizer,12,10,120,Credit Card,Dine-In,103,Emily
2024-10-08,12:00:00 PM,Ribeye Steak,Entree,3,35,105,Cash,Dine-In,103,Emily
2024-09-12,5:30:00 PM,New York Strip,Entree,10,38,380,Mobile Payment,Delivery,104,Carlos
2024-03-03,4:45:00 PM,Caesar Salad,Appetizer,5,10,50,Credit Card,Takeaway,101,Sarah
2024-03-11,7:00:00 PM,Old Fashioned,Beverage,9,12,108,Credit Card,Dine-In,102,Jake
2024-04-29,8:30:00 PM,Chocolate Lava Cake,Dessert,7,9,63,Mobile Payment,Dine-In,103,Emily
2024-07-04,3:15:00 PM,Grilled Asparagus,Side,1,8,8,Mobile Payment,Delivery,104,Carlos
2024-03-23,2:45:00 PM,Ribeye Steak,Entree,3,35,105,Credit Card,Takeaway,104,Carlos
2024-07-08,3:45:00 PM,Old Fashioned,Beverage,5,12,60,Cash,Dine-In,103,Emily
2024-02-03,6:00:00 PM,Ribeye Steak,Entree,8,35,280,Cash,Dine-In,105,Nina
2024-08-25,12:30:00 PM,Grilled Asparagus,Side,3,8,24,Mobile Payment,Takeaway,105,Nina
2024-11-24,2:45:00 PM,Bourbon BBQ Burger,Entree,1,22,22,Cash,Dine-In,104,Carlos
2024-06-11,3:15:00 PM,Cabernet Sauvignon,Beverage,1,16,16,Cash,Takeaway,103,Emily
2024-02-07,3:30:00 PM,Truffle Fries,Side,4,8,32,Mobile Payment,Dine-In,104,Carlos
2024-01-26,1:15:00 PM,Mashed Potatoes,Side,5,7,35,Credit Card,Delivery,105,Nina
2024-07-25,1:45:00 PM,New York Strip,Entree,4,38,152,Mobile Payment,Takeaway,101,Sarah
2024-08-17,5:45:00 PM,Shrimp Cocktail,Appetizer,5,14,70,Cash,Takeaway,104,Carlos
2024-12-15,2:15:00 PM,Old Fashioned,Beverage,1,12,12,Mobile Payment,Dine-In,103,Emily
2024-04-16,10:45:00 PM,Old Fashioned,Beverage,9,12,108,Mobile Payment,Dine-In,103,Emily
2024-11-05,1:15:00 PM,Cabernet Sauvignon,Beverage,5,16,80,Mobile Payment,Delivery,104,Carlos
2024-11-06,11:45:00 AM,Bourbon BBQ Burger,Entree,1,22,22,Credit Card,Delivery,105,Nina
2024-07-20,8:15:00 PM,New York Strip,Entree,2,38,76,Mobile Payment,Takeaway,103,Emily
2024-04-30,3:00:00 PM,Mashed Potatoes,Side,1,7,7,Mobile Payment,Delivery,105,Nina
2024-03-15,6:15:00 PM,Chocolate Lava Cake,Dessert,9,9,81,Mobile Payment,Dine-In,103,Emily
2024-11-01,6:45:00 PM,Shrimp Cocktail,Appetizer,2,14,28,Credit Card,Dine-In,103,Emily
2024-07-29,6:00:00 PM,Truffle Fries,Side,8,8,64,Mobile Payment,Delivery,104,Carlos
2024-09-12,10:30:00 PM,Mashed Potatoes,Side,6,7,42,Cash,Takeaway,101,Sarah
2024-10-27,10:00:00 PM,Caesar Salad,Appetizer,10,10,100,Credit Card,Dine-In,102,Jake
2024-09-01,2:45:00 PM,Truffle Fries,Side,2,8,16,Credit Card,Delivery,102,Jake
2024-04-02,11:15:00 AM,New York Strip,Entree,2,38,76,Credit Card,Dine-In,101,Sarah
2024-02-08,6:30:00 PM,Bourbon BBQ Burger,Entree,9,22,198,Credit Card,Delivery,101,Sarah
2024-09-08,12:45:00 PM,New York Strip,Entree,1,38,38,Credit Card,Dine-In,105,Nina
2024-10-05,4:00:00 PM,Shrimp Cocktail,Appetizer,6,14,84,Mobile Payment,Takeaway,105,Nina
2024-10-10,2:00:00 PM,Mashed Potatoes,Side,2,7,14,Cash,Takeaway,105,Nina
2024-01-05,2:15:00 PM,New York Strip,Entree,2,38,76,Cash,Delivery,104,Carlos
2024-10-18,7:00:00 PM,Filet Mignon,Entree,5,42,210,Cash,Delivery,104,Carlos
2024-05-17,6:00:00 PM,Ribeye Steak,Entree,9,35,315,Mobile Payment,Dine-In,101,Sarah
2024-08-18,6:00:00 PM,Caesar Salad,Appetizer,2,10,20,Credit Card,Dine-In,104,Carlos
2024-01-21,4:00:00 PM,Ribeye Steak,Entree,3,35,105,Mobile Payment,Dine-In,102,Jake
2024-04-04,5:45:00 PM,New York Strip,Entree,6,38,228,Credit Card,Takeaway,105,Nina
2024-04-24,12:45:00 PM,New York Strip,Entree,4,38,152,Credit Card,Takeaway,104,Carlos
2024-05-03,7:00:00 PM,Cabernet Sauvignon,Beverage,4,16,64,Mobile Payment,Dine-In,104,Carlos
2024-06-15,3:00:00 PM,New York Strip,Entree,5,38,190,Mobile Payment,Delivery,105,Nina
2024-10-08,4:00:00 PM,Truffle Fries,Side,6,8,48,Cash,Delivery,105,Nina
2024-04-25,1:45:00 PM,Truffle Fries,Side,2,8,16,Credit Card,Dine-In,105,Nina
2024-02-14,1:00:00 PM,Grilled Asparagus,Side,2.4,8,19.2,Credit Card,Delivery,101,Sarah
2024-06-01,8:45:00 PM,Ribeye Steak,Entree,4,35,140,Credit Card,Delivery,104,Carlos
2024-08-19,5:30:00 PM,New York Strip,Entree,8,38,304,Cash,Delivery,103,Emily
2024-07-01,2:45:00 PM,Shrimp Cocktail,Appetizer,5,14,70,Mobile Payment,Delivery,105,Nina
2024-07-10,11:45:00 AM,Truffle Fries,Side,1,8,8,Mobile Payment,Delivery,104,Carlos
2024-06-03,11:45:00 AM,Truffle Fries,Side,4,8,32,Credit Card,Takeaway,101,Sarah
2024-03-27,11:00:00 AM,Bourbon BBQ Burger,Entree,1,22,22,Mobile Payment,Dine-In,105,Nina
2024-01-24,1:15:00 PM,Filet Mignon,Entree,4,42,168,Credit Card,Dine-In,105,Nina
2024-01-17,3:30:00 PM,Cabernet Sauvignon,Beverage,5,16,80,Cash,Delivery,102,Jake
2024-03-29,1:30:00 PM,Caesar Salad,Appetizer,3,10,30,Cash,Dine-In,101,Sarah
2024-03-26,2:30:00 PM,Filet Mignon,Entree,1,42,42,Cash,Takeaway,103,Emily
2024-06-25,11:00:00 AM,Chocolate Lava Cake,Dessert,2,9,18,Credit Card,Takeaway,103,Emily
2024-12-15,11:15:00 AM,Grilled Asparagus,Side,4,8,32,Mobile Payment,Delivery,105,Nina
2024-05-25,10:15:00 PM,Chocolate Lava Cake,Dessert,4,9,36,Cash,Dine-In,102,Jake
2024-05-30,2:45:00 PM,New York Strip,Entree,5,38,190,Credit Card,Dine-In,101,Sarah
2024-10-02,11:30:00 AM,Chocolate Lava Cake,Dessert,6,9,54,Mobile Payment,Dine-In,101,Sarah
2024-03-05,3:30:00 PM,Filet Mignon,Entree,2,42,84,Mobile Payment,Dine-In,104,Carlos
2024-06-19,8:45:00 PM,Mashed Potatoes,Side,9,7,63,Mobile Payment,Delivery,102,Jake
2024-01-29,12:15:00 PM,Caesar Salad,Appetizer,5,10,50,Credit Card,Dine-In,101,Sarah
2024-09-03,6:30:00 PM,Chocolate Lava Cake,Dessert,5,9,45,Credit Card,Dine-In,101,Sarah
2024-01-08,5:15:00 PM,Chocolate Lava Cake,Dessert,6,9,54,Mobile Payment,Dine-In,105,Nina
2024-04-14,6:30:00 PM,Chocolate Lava Cake,Dessert,2,9,18,Mobile Payment,Dine-In,102,Jake
2024-07-21,6:00:00 PM,Truffle Fries,Side,4,8,32,Cash,Takeaway,103,Emily
2024-04-28,10:45:00 PM,New York Strip,Entree,7,38,266,Credit Card,Takeaway,103,Emily
2024-03-18,9:45:00 PM,Shrimp Cocktail,Appetizer,9,14,126,Cash,Dine-In,101,Sarah
2024-11-13,5:00:00 PM,Old Fashioned,Beverage,4,12,48,Cash,Dine-In,105,Nina
2024-10-30,1:30:00 PM,Mashed Potatoes,Side,2,7,14,Credit Card,Dine-In,102,Jake
2024-03-26,10:00:00 PM,Filet Mignon,Entree,5,42,210,Mobile Payment,Dine-In,103,Emily
2024-06-30,11:30:00 AM,Filet Mignon,Entree,3,42,126,Cash,Delivery,102,Jake
2024-02-21,8:00:00 PM,Shrimp Cocktail,Appetizer,3,14,42,Mobile Payment,Dine-In,105,Nina
2024-08-14,6:45:00 PM,Bourbon BBQ Burger,Entree,4,22,88,Credit Card,Takeaway,105,Nina
2024-03-05,4:30:00 PM,New York Strip,Entree,2,38,76,Cash,Delivery,105,Nina
2024-04-30,10:30:00 PM,Bourbon BBQ Burger,Entree,5,22,110,Mobile Payment,Delivery,101,Sarah
2024-10-29,1:00:00 PM,Shrimp Cocktail,Appetizer,5,14,70,Credit Card,Takeaway,101,Sarah
2024-08-08,6:45:00 PM,Chocolate Lava Cake,Dessert,4,9,36,Cash,Dine-In,102,Jake
2024-10-28,8:45:00 PM,Mashed Potatoes,Side,2,7,14,Credit Card,Delivery,101,Sarah
2024-03-25,4:45:00 PM,Truffle Fries,Side,4,8,32,Mobile Payment,Takeaway,104,Carlos
2024-05-20,11:30:00 AM,Bourbon BBQ Burger,Entree,6,22,132,Credit Card,Delivery,105,Nina
2024-09-28,2:15:00 PM,Mashed Potatoes,Side,7,7,49,Mobile Payment,Takeaway,102,Jake
2024-07-26,1:00:00 PM,Truffle Fries,Side,8,8,64,Credit Card,Takeaway,104,Carlos
2024-03-05,9:15:00 PM,Mashed Potatoes,Side,7,7,49,Cash,Delivery,103,Emily
2024-07-10,12:45:00 PM,New York Strip,Entree,5,38,190,Cash,Dine-In,102,Jake
2024-06-28,11:00:00 AM,Cabernet Sauvignon,Beverage,2,16,32,Credit Card,Delivery,104,Carlos
2024-03-27,3:45:00 PM,New York Strip,Entree,6,38,228,Credit Card,Dine-In,105,Nina
2024-05-08,1:00:00 PM,Filet Mignon,Entree,2,42,84,Cash,Dine-In,103,Emily
2024-02-14,3:15:00 PM,Chocolate Lava Cake,Dessert,1.2,9,10.8,Cash,Delivery,104,Carlos
2024-07-20,1:45:00 PM,Ribeye Steak,Entree,3,35,105,Credit Card,Takeaway,101,Sarah
2024-05-14,4:00:00 PM,Chocolate Lava Cake,Dessert,3,9,27,Credit Card,Dine-In,102,Jake
2024-02-04,6:30:00 PM,Bourbon BBQ Burger,Entree,2,22,44,Cash,Delivery,102,Jake
2024-11-10,12:00:00 PM,Truffle Fries,Side,1,8,8,Mobile Payment,Dine-In,102,Jake
2024-07-08,2:15:00 PM,New York Strip,Entree,2,38,76,Credit Card,Takeaway,101,Sarah
2024-02-14,8:15:00 PM,Grilled Asparagus,Side,2.4,8,19.2,Mobile Payment,Dine-In,104,Carlos
2024-01-11,7:15:00 PM,Old Fashioned,Beverage,8,12,96,Mobile Payment,Dine-In,103,Emily
2024-07-23,3:45:00 PM,Filet Mignon,Entree,4,42,168,Cash,Takeaway,104,Carlos
2024-03-07,5:30:00 PM,Caesar Salad,Appetizer,10,10,100,Mobile Payment,Takeaway,101,Sarah
2024-01-08,8:30:00 PM,Caesar Salad,Appetizer,8,10,80,Cash,Dine-In,103,Emily
2024-08-04,12:45:00 PM,Grilled Asparagus,Side,2,8,16,Cash,Delivery,101,Sarah
2024-04-15,2:45:00 PM,Filet Mignon,Entree,1,42,42,Mobile Payment,Delivery,103,Emily
2024-05-24,10:00:00 PM,Grilled Asparagus,Side,6,8,48,Cash,Dine-In,101,Sarah
2024-07-18,4:30:00 PM,Shrimp Cocktail,Appetizer,1,14,14,Mobile Payment,Dine-In,104,Carlos
2024-04-01,6:45:00 PM,Bourbon BBQ Burger,Entree,8,22,176,Mobile Payment,Takeaway,104,Carlos
2024-08-03,11:45:00 AM,Truffle Fries,Side,3,8,24,Credit Card,Delivery,103,Emily
2024-04-02,8:00:00 PM,Shrimp Cocktail,Appetizer,9,14,126,Cash,Takeaway,103,Emily
2024-06-23,12:45:00 PM,Ribeye Steak,Entree,1,35,35,Credit Card,Delivery,105,Nina
2024-10-16,2:15:00 PM,Shrimp Cocktail,Appetizer,2,14,28,Cash,Dine-In,103,Emily
2024-10-13,2:45:00 PM,Shrimp Cocktail,Appetizer,3,14,42,Credit Card,Dine-In,104,Carlos
2024-03-27,2:30:00 PM,Mashed Potatoes,Side,4,7,28,Credit Card,Dine-In,105,Nina
2024-07-18,8:30:00 PM,Old Fashioned,Beverage,9,12,108,Cash,Dine-In,103,Emily
2024-05-30,7:30:00 PM,Truffle Fries,Side,4,8,32,Credit Card,Dine-In,104,Carlos
2024-10-13,8:00:00 PM,Shrimp Cocktail,Appetizer,9,14,126,Cash,Dine-In,105,Nina
2024-08-10,10:30:00 PM,Filet Mignon,Entree,2,42,84,Cash,Delivery,103,Emily
2024-04-26,7:30:00 PM,Bourbon BBQ Burger,Entree,5,22,110,Credit Card,Delivery,103,Emily
2024-03-30,12:45:00 PM,Truffle Fries,Side,4,8,32,Cash,Takeaway,105,Nina
2024-11-04,11:00:00 AM,Chocolate Lava Cake,Dessert,2,9,18,Credit Card,Delivery,101,Sarah
2024-05-14,9:45:00 PM,Ribeye Steak,Entree,6,35,210,Credit Card,Delivery,104,Carlos
2024-02-18,3:15:00 PM,Old Fashioned,Beverage,5,12,60,Mobile Payment,Takeaway,103,Emily
2024-04-18,6:00:00 PM,Grilled Asparagus,Side,8,8,64,Cash,Delivery,104,Carlos
2024-11-29,4:45:00 PM,Shrimp Cocktail,Appetizer,6,14,84,Credit Card,Dine-In,104,Carlos
2024-04-29,5:00:00 PM,Mashed Potatoes,Side,5,7,35,Mobile Payment,Dine-In,105,Nina
2024-07-09,7:00:00 PM,Ribeye Steak,Entree,4,35,140,Credit Card,Takeaway,102,Jake
2024-10-22,12:00:00 PM,Cabernet Sauvignon,Beverage,3,16,48,Credit Card,Dine-In,104,Carlos
2024-11-28,7:45:00 PM,Ribeye Steak,Entree,8.4,35,294,Cash,Takeaway,104,Carlos
2024-08-07,11:30:00 AM,Ribeye Steak,Entree,2,35,70,Mobile Payment,Dine-In,104,Carlos
2024-05-16,5:15:00 PM,Caesar Salad,Appetizer,2,10,20,Credit Card,Takeaway,104,Carlos
2024-12-06,2:00:00 PM,Grilled Asparagus,Side,7,8,56,Mobile Payment,Dine-In,105,Nina
2024-03-10,1:15:00 PM,Grilled Asparagus,Side,4,8,32,Credit Card,Delivery,103,Emily
2024-02-11,8:00:00 PM,Cabernet Sauvignon,Beverage,9,16,144,Mobile Payment,Delivery,105,Nina
2024-08-08,4:15:00 PM,Cabernet Sauvignon,Beverage,4,16,64,Mobile Payment,Delivery,101,Sarah
2024-07-17,6:15:00 PM,Chocolate Lava Cake,Dessert,8,9,72,Cash,Takeaway,102,Jake
2024-12-22,7:45:00 PM,Grilled Asparagus,Side,2,8,16,Mobile Payment,Takeaway,103,Emily
2024-01-12,9:30:00 PM,Chocolate Lava Cake,Dessert,5,9,45,Cash,Dine-In,104,Carlos
2024-01-31,3:45:00 PM,Truffle Fries,Side,1,8,8,Mobile Payment,Takeaway,104,Carlos
2024-01-16,5:45:00 PM,Caesar Salad,Appetizer,3,10,30,Cash,Dine-In,104,Carlos
2024-03-24,8:00:00 PM,Old Fashioned,Beverage,5,12,60,Mobile Payment,Delivery,102,Jake
2024-09-17,8:00:00 PM,Bourbon BBQ Burger,Entree,11,22,242,Mobile Payment,Dine-In,104,Carlos
2024-03-02,7:15:00 PM,Grilled Asparagus,Side,5,8,40,Cash,Dine-In,104,Carlos
2024-02-16,6:00:00 PM,Cabernet Sauvignon,Beverage,8,16,128,Credit Card,Delivery,103,Emily
2024-03-28,5:30:00 PM,New York Strip,Entree,2,38,76,Cash,Delivery,105,Nina
2024-10-01,9:15:00 PM,Filet Mignon,Entree,4,42,168,Credit Card,Takeaway,105,Nina
2024-12-20,11:00:00 AM,Shrimp Cocktail,Appetizer,5,14,70,Mobile Payment,Delivery,104,Carlos
2024-08-18,11:45:00 AM,Chocolate Lava Cake,Dessert,2,9,18,Cash,Delivery,103,Emily
2024-10-02,6:15:00 PM,Ribeye Steak,Entree,6,35,210,Credit Card,Delivery,105,Nina
2024-03-24,3:15:00 PM,Cabernet Sauvignon,Beverage,6,16,96,Mobile Payment,Takeaway,102,Jake
2024-01-28,10:15:00 PM,Truffle Fries,Side,2,8,16,Credit Card,Delivery,105,Nina
2024-02-27,5:45:00 PM,Cabernet Sauvignon,Beverage,2,16,32,Credit Card,Delivery,104,Carlos
2024-11-24,3:15:00 PM,Bourbon BBQ Burger,Entree,1,22,22,Credit Card,Delivery,105,Nina
2024-10-23,11:00:00 AM,Grilled Asparagus,Side,4,8,32,Mobile Payment,Delivery,102,Jake
2024-11-30,7:00:00 PM,Mashed Potatoes,Side,2,7,14,Cash,Takeaway,101,Sarah
2024-02-28,6:00:00 PM,Chocolate Lava Cake,Dessert,5,9,45,Credit Card,Delivery,103,Emily
2024-01-22,6:00:00 PM,Caesar Salad,Appetizer,2,10,20,Mobile Payment,Delivery,105,Nina
2024-01-17,7:00:00 PM,Old Fashioned,Beverage,4,12,48,Credit Card,Dine-In,105,Nina
2024-03-25,8:45:00 PM,Cabernet Sauvignon,Beverage,4,16,64,Mobile Payment,Takeaway,103,Emily
2024-09-26,4:00:00 PM,Bourbon BBQ Burger,Entree,1,22,22,Credit Card,Dine-In,105,Nina
2024-09-16,9:30:00 PM,Chocolate Lava Cake,Dessert,5,9,45,Mobile Payment,Delivery,104,Carlos
2024-11-19,3:00:00 PM,Filet Mignon,Entree,4,42,168,Mobile Payment,Dine-In,104,Carlos
2024-10-30,9:00:00 PM,Truffle Fries,Side,11,8,88,Credit Card,Dine-In,102,Jake
2024-08-29,5:45:00 PM,New York Strip,Entree,2,38,76,Mobile Payment,Dine-In,105,Nina
2024-03-09,11:15:00 AM,Chocolate Lava Cake,Dessert,2,9,18,Credit Card,Dine-In,102,Jake
2024-08-03,2:30:00 PM,Shrimp Cocktail,Appetizer,6,14,84,Cash,Takeaway,105,Nina
2024-07-14,9:15:00 PM,Bourbon BBQ Burger,Entree,7,22,154,Credit Card,Delivery,104,Carlos
2024-01-04,12:15:00 PM,Ribeye Steak,Entree,2,35,70,Mobile Payment,Delivery,102,Jake
2024-06-01,1:30:00 PM,Caesar Salad,Appetizer,8,10,80,Mobile Payment,Dine-In,105,Nina
2024-02-16,1:15:00 PM,Old Fashioned,Beverage,5,12,60,Cash,Dine-In,102,Jake
2024-10-09,3:45:00 PM,Grilled Asparagus,Side,1,8,8,Cash,Delivery,104,Carlos
2024-11-28,6:00:00 PM,New York Strip,Entree,7.2,38,273.6,Cash,Takeaway,103,Emily
2024-03-09,10:30:00 PM,Ribeye Steak,Entree,5,35,175,Credit Card,Dine-In,104,Carlos
2024-05-10,7:00:00 PM,Truffle Fries,Side,9,8,72,Credit Card,Takeaway,103,Emily
2024-12-13,11:15:00 AM,Grilled Asparagus,Side,4,8,32,Mobile Payment,Delivery,102,Jake
2024-03-01,4:45:00 PM,Old Fashioned,Beverage,3,12,36,Mobile Payment,Takeaway,103,Emily
2024-12-30,5:45:00 PM,New York Strip,Entree,4,38,152,Cash,Dine-In,104,Carlos
2024-01-20,5:45:00 PM,Old Fashioned,Beverage,10,12,120,Mobile Payment,Delivery,104,Carlos
2024-05-25,8:00:00 PM,New York Strip,Entree,5,38,190,Mobile Payment,Takeaway,105,Nina
2024-09-05,9:15:00 PM,New York Strip,Entree,2,38,76,Credit Card,Dine-In,105,Nina
2024-09-25,5:15:00 PM,New York Strip,Entree,9,38,342,Mobile Payment,Delivery,102,Jake
2024-01-06,5:45:00 PM,Grilled Asparagus,Side,2,8,16,Credit Card,Delivery,105,Nina
2024-07-27,1:15:00 PM,Mashed Potatoes,Side,7,7,49,Mobile Payment,Delivery,105,Nina
2024-12-02,1:15:00 PM,Caesar Salad,Appetizer,2,10,20,Mobile Payment,Delivery,104,Carlos
2024-07-23,7:45:00 PM,Truffle Fries,Side,8,8,64,Credit Card,Delivery,102,Jake
2024-07-09,5:00:00 PM,Shrimp Cocktail,Appetizer,2,14,28,Cash,Takeaway,105,Nina
2024-03-29,11:30:00 AM,Chocolate Lava Cake,Dessert,4,9,36,Cash,Takeaway,102,Jake
2024-11-04,7:15:00 PM,Chocolate Lava Cake,Dessert,2,9,18,Cash,Dine-In,104,Carlos
2024-01-06,11:00:00 AM,Filet Mignon,Entree,5,42,210,Credit Card,Dine-In,104,Carlos
2024-07-23,1:00:00 PM,Shrimp Cocktail,Appetizer,2,14,28,Cash,Takeaway,105,Nina
2024-02-06,2:30:00 PM,Filet Mignon,Entree,1,42,42,Cash,Delivery,105,Nina
2024-09-10,4:15:00 PM,Bourbon BBQ Burger,Entree,4,22,88,Credit Card,Dine-In,101,Sarah
2024-10-29,8:45:00 PM,Bourbon BBQ Burger,Entree,7,22,154,Mobile Payment,Takeaway,103,Emily
2024-03-22,10:15:00 PM,Shrimp Cocktail,Appetizer,2,14,28,Credit Card,Delivery,102,Jake
2024-01-29,7:15:00 PM,Caesar Salad,Appetizer,7,10,70,Cash,Dine-In,105,Nina
2024-09-05,5:45:00 PM,Chocolate Lava Cake,Dessert,2,9,18,Mobile Payment,Takeaway,105,Nina
2024-11-13,5:15:00 PM,Chocolate Lava Cake,Dessert,9,9,81,Cash,Delivery,103,Emily
2024-07-24,7:15:00 PM,Ribeye Steak,Entree,2,35,70,Credit Card,Delivery,103,Emily
2024-05-05,9:00:00 PM,Old Fashioned,Beverage,11,12,132,Credit Card,Takeaway,101,Sarah
2024-09-26,5:30:00 PM,Old Fashioned,Beverage,4,12,48,Mobile Payment,Delivery,103,Emily
2024-01-04,3:15:00 PM,Shrimp Cocktail,Appetizer,4,14,56,Credit Card,Dine-In,102,Jake
2024-06-11,2:00:00 PM,Bourbon BBQ Burger,Entree,2,22,44,Credit Card,Delivery,105,Nina
2024-06-10,5:00:00 PM,Ribeye Steak,Entree,2,35,70,Credit Card,Takeaway,104,Carlos
2024-04-10,9:15:00 PM,Filet Mignon,Entree,9,42,378,Credit Card,Dine-In,102,Jake
2024-08-02,12:15:00 PM,Ribeye Steak,Entree,3,35,105,Mobile Payment,Takeaway,105,Nina
2024-10-25,8:00:00 PM,Chocolate Lava Cake,Dessert,4,9,36,Mobile Payment,Takeaway,102,Jake
2024-04-17,6:00:00 PM,Caesar Salad,Appetizer,7,10,70,Mobile Payment,Dine-In,103,Emily
2024-06-07,3:45:00 PM,Shrimp Cocktail,Appetizer,8,14,112,Mobile Payment,Dine-In,103,Emily
2024-09-09,5:00:00 PM,Old Fashioned,Beverage,9,12,108,Credit Card,Dine-In,102,Jake
2024-06-10,12:00:00 PM,Truffle Fries,Side,5,8,40,Credit Card,Takeaway,101,Sarah
2024-11-07,12:45:00 PM,Bourbon BBQ Burger,Entree,1,22,22,Mobile Payment,Delivery,103,Emily
2024-02-15,6:15:00 PM,Bourbon BBQ Burger,Entree,3,22,66,Mobile Payment,Delivery,103,Emily
2024-02-10,3:30:00 PM,Grilled Asparagus,Side,3,8,24,Credit Card,Dine-In,105,Nina
2024-02-07,7:30:00 PM,Cabernet Sauvignon,Beverage,2,16,32,Credit Card,Takeaway,105,Nina
2024-02-10,10:00:00 PM,Mashed Potatoes,Side,8,7,56,Credit Card,Takeaway,105,Nina
2024-07-19,9:30:00 PM,Caesar Salad,Appetizer,9,10,90,Mobile Payment,Dine-In,104,Carlos
2024-01-25,9:45:00 PM,Old Fashioned,Beverage,2,12,24,Cash,Takeaway,101,Sarah
2024-10-27,2:00:00 PM,Truffle Fries,Side,3,8,24,Credit Card,Takeaway,101,Sarah
2024-10-03,3:00:00 PM,Caesar Salad,Appetizer,5,10,50,Mobile Payment,Delivery,102,Jake
2024-04-01,12:00:00 PM,Bourbon BBQ Burger,Entree,2,22,44,Mobile Payment,Takeaway,104,Carlos
2024-03-23,10:00:00 PM,Caesar Salad,Appetizer,11,10,110,Credit Card,Delivery,105,Nina
2024-07-23,9:30:00 PM,Bourbon BBQ Burger,Entree,2,22,44,Mobile Payment,Takeaway,105,Nina
2024-10-03,11:15:00 AM,Grilled Asparagus,Side,3,8,24,Cash,Delivery,103,Emily
2024-02-16,5:30:00 PM,Truffle Fries,Side,7,8,56,Mobile Payment,Delivery,102,Jake
2024-04-14,10:15:00 PM,Mashed Potatoes,Side,7,7,49,Cash,Dine-In,101,Sarah
2024-04-07,8:45:00 PM,Shrimp Cocktail,Appetizer,5,14,70,Cash,Delivery,105,Nina
2024-01-28,5:45:00 PM,Ribeye Steak,Entree,11,35,385,Mobile Payment,Delivery,105,Nina
2024-09-04,11:15:00 AM,Ribeye Steak,Entree,1,35,35,Mobile Payment,Delivery,105,Nina
2024-02-17,7:30:00 PM,Caesar Salad,Appetizer,2,10,20,Cash,Dine-In,102,Jake
2024-07-18,5:00:00 PM,Filet Mignon,Entree,5,42,210,Mobile Payment,Takeaway,105,Nina
2024-06-22,7:00:00 PM,Mashed Potatoes,Side,4,7,28,Credit Card,Dine-In,102,Jake
2024-12-02,12:00:00 PM,Chocolate Lava Cake,Dessert,4,9,36,Cash,Takeaway,104,Carlos
2024-12-16,9:15:00 PM,New York Strip,Entree,2,38,76,Credit Card,Dine-In,105,Nina
2024-08-28,9:00:00 PM,Old Fashioned,Beverage,8,12,96,Credit Card,Takeaway,103,Emily
2024-05-31,6:00:00 PM,Cabernet Sauvignon,Beverage,4,16,64,Mobile Payment,Dine-In,101,Sarah
2024-08-15,12:30:00 PM,Grilled Asparagus,Side,1,8,8,Mobile Payment,Delivery,103,Emily
2024-05-04,8:30:00 PM,Grilled Asparagus,Side,8,8,64,Credit Card,Takeaway,102,Jake
2024-07-27,1:15:00 PM,Mashed Potatoes,Side,11,7,77,Credit Card,Dine-In,103,Emily
2024-04-28,11:15:00 AM,Truffle Fries,Side,3,8,24,Cash,Delivery,105,Nina
2024-06-03,11:15:00 AM,Mashed Potatoes,Side,4,7,28,Mobile Payment,Takeaway,101,Sarah
2024-04-20,5:45:00 PM,Ribeye Steak,Entree,5,35,175,Cash,Takeaway,102,Jake
2024-01-22,5:45:00 PM,Caesar Salad,Appetizer,9,10,90,Cash,Takeaway,101,Sarah
2024-03-07,10:00:00 PM,Bourbon BBQ Burger,Entree,7,22,154,Credit Card,Dine-In,105,Nina
2024-10-06,8:00:00 PM,Ribeye Steak,Entree,4,35,140,Mobile Payment,Dine-In,105,Nina
2024-03-01,1:00:00 PM,Truffle Fries,Side,2,8,16,Mobile Payment,Dine-In,102,Jake
2024-07-05,1:00:00 PM,Chocolate Lava Cake,Dessert,5,9,45,Credit Card,Dine-In,102,Jake
2024-08-23,4:45:00 PM,Truffle Fries,Side,9,8,72,Credit Card,Dine-In,101,Sarah
2024-10-21,9:15:00 PM,Grilled Asparagus,Side,2,8,16,Cash,Delivery,105,Nina
2024-08-08,11:15:00 AM,Old Fashioned,Beverage,3,12,36,Credit Card,Takeaway,103,Emily
2024-05-11,3:15:00 PM,Ribeye Steak,Entree,5,35,175,Credit Card,Delivery,105,Nina
2024-11-05,3:30:00 PM,Mashed Potatoes,Side,2,7,14,Mobile Payment,Dine-In,101,Sarah
2024-10-12,11:00:00 AM,Truffle Fries,Side,9,8,72,Mobile Payment,Takeaway,103,Emily
2024-11-18,4:15:00 PM,Shrimp Cocktail,Appetizer,3,14,42,Credit Card,Takeaway,104,Carlos
2024-03-21,1:30:00 PM,New York Strip,Entree,1,38,38,Credit Card,Delivery,104,Carlos
2024-01-27,4:45:00 PM,Grilled Asparagus,Side,2,8,16,Cash,Takeaway,101,Sarah
2024-08-03,1:30:00 PM,Cabernet Sauvignon,Beverage,8,16,128,Cash,Takeaway,101,Sarah
2024-05-31,6:15:00 PM,Grilled Asparagus,Side,8,8,64,Cash,Dine-In,102,Jake
2024-06-29,12:30:00 PM,Cabernet Sauvignon,Beverage,6,16,96,Cash,Dine-In,103,Emily
2024-04-11,9:00:00 PM,Filet Mignon,Entree,7,42,294,Cash,Delivery,101,Sarah
2024-08-04,6:00:00 PM,Mashed Potatoes,Side,8,7,56,Cash,Takeaway,105,Nina
2024-08-13,8:00:00 PM,Mashed Potatoes,Side,4,7,28,Cash,Takeaway,103,Emily
2024-02-08,2:15:00 PM,Chocolate Lava Cake,Dessert,3,9,27,Credit Card,Takeaway,105,Nina
2024-05-15,11:45:00 AM,Shrimp Cocktail,Appetizer,2,14,28,Cash,Dine-In,103,Emily
2024-12-21,6:00:00 PM,Mashed Potatoes,Side,10,7,70,Cash,Delivery,101,Sarah
2024-11-25,7:45:00 PM,Grilled Asparagus,Side,5,8,40,Mobile Payment,Takeaway,105,Nina
2024-04-19,5:30:00 PM,Grilled Asparagus,Side,2,8,16,Mobile Payment,Dine-In,102,Jake
2024-06-14,10:45:00 PM,Shrimp Cocktail,Appetizer,8,14,112,Credit Card,Takeaway,105,Nina
2024-01-04,4:45:00 PM,Ribeye Steak,Entree,2,35,70,Cash,Delivery,104,Carlos
2024-08-30,10:00:00 PM,Cabernet Sauvignon,Beverage,5,16,80,Cash,Dine-In,101,Sarah
2024-10-15,1:15:00 PM,Ribeye Steak,Entree,5,35,175,Credit Card,Takeaway,104,Carlos
2024-05-03,2:15:00 PM,New York Strip,Entree,8,38,304,Mobile Payment,Takeaway,102,Jake
2024-12-15,1:15:00 PM,Chocolate Lava Cake,Dessert,4,9,36,Credit Card,Takeaway,101,Sarah
2024-04-05,7:15:00 PM,Mashed Potatoes,Side,4,7,28,Cash,Takeaway,104,Carlos
2024-07-11,8:15:00 PM,Shrimp Cocktail,Appetizer,4,14,56,Credit Card,Takeaway,102,Jake
2024-11-14,10:15:00 PM,Caesar Salad,Appetizer,10,10,100,Credit Card,Delivery,102,Jake
2024-01-24,1:15:00 PM,Bourbon BBQ Burger,Entree,2,22,44,Cash,Delivery,101,Sarah
2024-05-08,10:00:00 PM,Filet Mignon,Entree,9,42,378,Mobile Payment,Dine-In,102,Jake
2024-03-30,7:30:00 PM,Shrimp Cocktail,Appetizer,3,14,42,Cash,Takeaway,104,Carlos
2024-12-03,12:15:00 PM,Chocolate Lava Cake,Dessert,1,9,9,Mobile Payment,Takeaway,103,Emily
2024-06-13,12:30:00 PM,Shrimp Cocktail,Appetizer,3,14,42,Cash,Takeaway,101,Sarah
2024-08-14,4:45:00 PM,Chocolate Lava Cake,Dessert,5,9,45,Mobile Payment,Dine-In,102,Jake
2024-10-09,2:00:00 PM,Ribeye Steak,Entree,1,35,35,Mobile Payment,Takeaway,103,Emily
2024-05-05,2:15:00 PM,New York Strip,Entree,4,38,152,Mobile Payment,Delivery,102,Jake
2024-03-06,6:45:00 PM,Old Fashioned,Beverage,9,12,108,Cash,Dine-In,101,Sarah
2024-07-31,10:00:00 PM,Grilled Asparagus,Side,7,8,56,Credit Card,Delivery,104,Carlos
2024-01-15,6:00:00 PM,Caesar Salad,Appetizer,9,10,90,Credit Card,Dine-In,102,Jake
2024-07-12,11:30:00 AM,Chocolate Lava Cake,Dessert,4,9,36,Cash,Delivery,105,Nina
2024-06-04,1:30:00 PM,Filet Mignon,Entree,1,42,42,Mobile Payment,Takeaway,103,Emily
2024-01-28,1:45:00 PM,Shrimp Cocktail,Appetizer,1,14,14,Mobile Payment,Delivery,104,Carlos
2024-08-30,4:15:00 PM,Grilled Asparagus,Side,6,8,48,Credit Card,Dine-In,103,Emily
2024-10-18,11:45:00 AM,New York Strip,Entree,1,38,38,Cash,Dine-In,104,Carlos
2024-04-07,7:30:00 PM,Bourbon BBQ Burger,Entree,9,22,198,Credit Card,Takeaway,101,Sarah
2024-05-24,8:45:00 PM,Shrimp Cocktail,Appetizer,7,14,98,Mobile Payment,Takeaway,105,Nina
2024-04-16,12:15:00 PM,Chocolate Lava Cake,Dessert,6,9,54,Mobile Payment,Takeaway,105,Nina
2024-10-04,10:30:00 PM,Chocolate Lava Cake,Dessert,2,9,18,Credit Card,Delivery,105,Nina
2024-08-06,11:30:00 AM,Mashed Potatoes,Side,1,7,7,Credit Card,Delivery,102,Jake
2024-03-14,5:45:00 PM,Shrimp Cocktail,Appetizer,3,14,42,Cash,Dine-In,102,Jake
2024-10-29,3:45:00 PM,Filet Mignon,Entree,2,42,84,Cash,Dine-In,105,Nina
2024-10-26,10:00:00 PM,Bourbon BBQ Burger,Entree,2,22,44,Credit Card,Delivery,103,Emily
2024-10-14,4:15:00 PM,Shrimp Cocktail,Appetizer,1,14,14,Cash,Delivery,101,Sarah
2024-04-03,9:45:00 PM,Grilled Asparagus,Side,4,8,32,Cash,Dine-In,105,Nina
2024-09-28,10:30:00 PM,Old Fashioned,Beverage,6,12,72,Cash,Delivery,102,Jake
2024-06-23,5:45:00 PM,Truffle Fries,Side,9,8,72,Mobile Payment,Takeaway,101,Sarah
2024-09-19,7:15:00 PM,New York Strip,Entree,4,38,152,Credit Card,Delivery,105,Nina
2024-11-28,6:00:00 PM,Mashed Potatoes,Side,13.2,7,92.4,Credit Card,Dine-In,104,Carlos
2024-09-24,11:45:00 AM,Truffle Fries,Side,1,8,8,Mobile Payment,Dine-In,103,Emily
2024-10-21,9:30:00 PM,Grilled Asparagus,Side,6,8,48,Credit Card,Delivery,105,Nina
2024-11-02,7:30:00 PM,Grilled Asparagus,Side,2,8,16,Mobile Payment,Takeaway,105,Nina
2024-08-07,9:45:00 PM,Chocolate Lava Cake,Dessert,6,9,54,Mobile Payment,Takeaway,102,Jake
2024-12-13,7:15:00 PM,Ribeye Steak,Entree,11,35,385,Credit Card,Dine-In,102,Jake
2024-07-21,12:00:00 PM,Cabernet Sauvignon,Beverage,1,16,16,Mobile Payment,Dine-In,104,Carlos
2024-02-12,5:45:00 PM,New York Strip,Entree,2,38,76,Cash,Takeaway,103,Emily
2024-07-01,4:45:00 PM,Bourbon BBQ Burger,Entree,4,22,88,Credit Card,Takeaway,103,Emily
2024-09-12,9:45:00 PM,Mashed Potatoes,Side,7,7,49,Credit Card,Takeaway,103,Emily
2024-02-21,1:30:00 PM,Old Fashioned,Beverage,4,12,48,Credit Card,Dine-In,101,Sarah
2024-01-27,5:45:00 PM,Mashed Potatoes,Side,9,7,63,Credit Card,Delivery,102,Jake
2024-05-29,9:00:00 PM,Mashed Potatoes,Side,2,7,14,Credit Card,Takeaway,103,Emily
2024-05-10,4:00:00 PM,New York Strip,Entree,3,38,114,Credit Card,Takeaway,103,Emily
2024-02-05,7:45:00 PM,Shrimp Cocktail,Appetizer,2,14,28,Cash,Dine-In,102,Jake
2024-09-27,5:45:00 PM,Ribeye Steak,Entree,10,35,350,Cash,Takeaway,104,Carlos
2024-01-22,10:00:00 PM,Old Fashioned,Beverage,2,12,24,Cash,Takeaway,102,Jake
2024-01-24,8:30:00 PM,Shrimp Cocktail,Appetizer,4,14,56,Cash,Delivery,104,Carlos
2024-02-01,1:00:00 PM,Truffle Fries,Side,3,8,24,Mobile Payment,Dine-In,105,Nina
2024-11-09,10:15:00 PM,Ribeye Steak,Entree,9,35,315,Credit Card,Delivery,101,Sarah
2024-04-18,3:00:00 PM,Chocolate Lava Cake,Dessert,4,9,36,Mobile Payment,Dine-In,105,Nina
2024-08-31,8:45:00 PM,Chocolate Lava Cake,Dessert,8,9,72,Cash,Takeaway,103,Emily
2024-03-19,7:30:00 PM,Filet Mignon,Entree,4,42,168,Credit Card,Takeaway,105,Nina
2024-05-18,7:00:00 PM,Shrimp Cocktail,Appetizer,7,14,98,Cash,Takeaway,102,Jake
2024-06-30,5:45:00 PM,Shrimp Cocktail,Appetizer,9,14,126,Cash,Delivery,103,Emily
2024-09-12,9:15:00 PM,Chocolate Lava Cake,Dessert,7,9,63,Mobile Payment,Dine-In,103,Emily
2024-10-26,9:00:00 PM,New York Strip,Entree,8,38,304,Cash,Dine-In,105,Nina
2024-05-08,3:15:00 PM,Bourbon BBQ Burger,Entree,1,22,22,Cash,Dine-In,103,Emily
2024-09-28,8:15:00 PM,Mashed Potatoes,Side,8,7,56,Credit Card,Delivery,101,Sarah
2024-08-27,2:30:00 PM,New York Strip,Entree,1,38,38,Cash,Dine-In,105,Nina
2024-08-13,9:45:00 PM,Old Fashioned,Beverage,6,12,72,Mobile Payment,Takeaway,104,Carlos
2024-07-04,8:30:00 PM,Filet Mignon,Entree,7,42,294,Cash,Delivery,104,Carlos
2024-05-16,9:15:00 PM,Caesar Salad,Appetizer,2,10,20,Mobile Payment,Delivery,102,Jake
2024-11-06,4:45:00 PM,Truffle Fries,Side,5,8,40,Credit Card,Dine-In,105,Nina
2024-08-03,1:15:00 PM,Bourbon BBQ Burger,Entree,4,22,88,Cash,Takeaway,101,Sarah
2024-11-25,4:45:00 PM,Truffle Fries,Side,4,8,32,Credit Card,Dine-In,104,Carlos
2024-08-03,6:30:00 PM,Cabernet Sauvignon,Beverage,4,16,64,Cash,Takeaway,102,Jake
2024-12-24,11:45:00 AM,Grilled Asparagus,Side,2,8,16,Mobile Payment,Dine-In,101,Sarah
2024-07-09,12:00:00 PM,Old Fashioned,Beverage,5,12,60,Mobile Payment,Dine-In,103,Emily
2024-03-16,5:30:00 PM,Mashed Potatoes,Side,10,7,70,Credit Card,Takeaway,105,Nina
2024-10-07,8:00:00 PM,Grilled Asparagus,Side,4,8,32,Cash,Dine-In,104,Carlos
2024-03-14,2:45:00 PM,Filet Mignon,Entree,4,42,168,Mobile Payment,Delivery,105,Nina
2024-01-14,1:15:00 PM,Caesar Salad,Appetizer,4,10,40,Mobile Payment,Delivery,101,Sarah
2024-01-19,10:45:00 PM,Mashed Potatoes,Side,5,7,35,Mobile Payment,Delivery,104,Carlos
2024-01-29,9:30:00 PM,Old Fashioned,Beverage,8,12,96,Mobile Payment,Takeaway,103,Emily
2024-02-06,9:45:00 PM,Grilled Asparagus,Side,9,8,72,Credit Card,Takeaway,102,Jake
2024-10-30,7:00:00 PM,Cabernet Sauvignon,Beverage,10,16,160,Mobile Payment,Delivery,101,Sarah
2024-08-19,10:15:00 PM,Old Fashioned,Beverage,12,12,144,Cash,Takeaway,105,Nina
2024-02-03,4:45:00 PM,Chocolate Lava Cake,Dessert,1,9,9,Mobile Payment,Delivery,103,Emily
2024-07-08,7:45:00 PM,New York Strip,Entree,7,38,266,Mobile Payment,Dine-In,105,Nina
2024-05-14,7:45:00 PM,Grilled Asparagus,Side,4,8,32,Mobile Payment,Dine-In,102,Jake
2024-01-09,9:45:00 PM,Grilled Asparagus,Side,2,8,16,Cash,Dine-In,105,Nina
2024-07-23,9:00:00 PM,New York Strip,Entree,2,38,76,Mobile Payment,Delivery,105,Nina
2024-01-15,9:30:00 PM,Truffle Fries,Side,2,8,16,Mobile Payment,Delivery,101,Sarah
2024-03-20,8:45:00 PM,Bourbon BBQ Burger,Entree,2,22,44,Mobile Payment,Dine-In,101,Sarah
2024-11-28,6:00:00 PM,Grilled Asparagus,Side,9.6,8,76.8,Mobile Payment,Delivery,101,Sarah
2024-03-01,11:45:00 AM,Chocolate Lava Cake,Dessert,3,9,27,Cash,Takeaway,102,Jake
2024-10-28,7:15:00 PM,Grilled Asparagus,Side,11,8,88,Mobile Payment,Dine-In,102,Jake
2024-05-20,10:45:00 PM,Bourbon BBQ Burger,Entree,5,22,110,Mobile Payment,Takeaway,101,Sarah
2024-05-04,10:30:00 PM,Ribeye Steak,Entree,9,35,315,Credit Card,Takeaway,104,Carlos
2024-09-18,8:45:00 PM,Cabernet Sauvignon,Beverage,5,16,80,Cash,Takeaway,103,Emily
2024-12-19,6:00:00 PM,Old Fashioned,Beverage,9,12,108,Cash,Delivery,101,Sarah
2024-03-28,9:15:00 PM,Filet Mignon,Entree,5,42,210,Credit Card,Takeaway,101,Sarah
2024-12-14,4:45:00 PM,Bourbon BBQ Burger,Entree,2,22,44,Credit Card,Dine-In,101,Sarah
2024-09-25,6:15:00 PM,Cabernet Sauvignon,Beverage,5,16,80,Mobile Payment,Takeaway,103,Emily
2024-01-23,3:30:00 PM,Cabernet Sauvignon,Beverage,6,16,96,Cash,Dine-In,101,Sarah
2024-06-08,12:30:00 PM,Old Fashioned,Beverage,2,12,24,Mobile Payment,Delivery,101,Sarah
2024-03-19,2:30:00 PM,Ribeye Steak,Entree,2,35,70,Credit Card,Delivery,104,Carlos
2024-02-28,4:45:00 PM,Cabernet Sauvignon,Beverage,4,16,64,Cash,Delivery,101,Sarah
2024-10-25,9:45:00 PM,Old Fashioned,Beverage,10,12,120,Credit Card,Delivery,101,Sarah
2024-03-13,2:30:00 PM,Bourbon BBQ Burger,Entree,3,22,66,Credit Card,Takeaway,105,Nina
2024-05-29,3:45:00 PM,Old Fashioned,Beverage,5,12,60,Credit Card,Dine-In,102,Jake
2024-08-04,10:45:00 PM,Shrimp Cocktail,Appetizer,2,14,28,Cash,Takeaway,102,Jake
2024-03-09,8:30:00 PM,Old Fashioned,Beverage,4,12,48,Credit Card,Delivery,102,Jake
2024-03-01,4:45:00 PM,Mashed Potatoes,Side,6,7,42,Mobile Payment,Dine-In,105,Nina
2024-12-26,9:15:00 PM,Bourbon BBQ Burger,Entree,9,22,198,Cash,Dine-In,105,Nina
2024-07-20,7:15:00 PM,Truffle Fries,Side,2,8,16,Cash,Delivery,101,Sarah
2024-06-18,7:30:00 PM,Truffle Fries,Side,5,8,40,Mobile Payment,Dine-In,102,Jake
2024-04-26,1:30:00 PM,Filet Mignon,Entree,7,42,294,Mobile Payment,Takeaway,101,Sarah
2024-10-08,4:30:00 PM,Cabernet Sauvignon,Beverage,2,16,32,Mobile Payment,Takeaway,104,Carlos
2024-01-13,6:15:00 PM,Shrimp Cocktail,Appetizer,6,14,84,Credit Card,Takeaway,103,Emily
2024-07-18,1:00:00 PM,Mashed Potatoes,Side,5,7,35,Credit Card,Delivery,103,Emily
2024-11-28,12:45:00 PM,Shrimp Cocktail,Appetizer,6,14,84,Cash,Takeaway,101,Sarah
2024-08-14,11:30:00 AM,Ribeye Steak,Entree,2,35,70,Cash,Dine-In,105,Nina
2024-12-06,12:45:00 PM,Chocolate Lava Cake,Dessert,6,9,54,Cash,Delivery,103,Emily
2024-02-20,2:30:00 PM,Shrimp Cocktail,Appetizer,4,14,56,Credit Card,Delivery,101,Sarah
2024-12-27,8:30:00 PM,Cabernet Sauvignon,Beverage,3,16,48,Mobile Payment,Takeaway,104,Carlos
2024-05-27,11:15:00 AM,Chocolate Lava Cake,Dessert,2,9,18,Mobile Payment,Takeaway,103,Emily
2024-12-06,9:15:00 PM,Caesar Salad,Appetizer,2,10,20,Cash,Takeaway,103,Emily
2024-01-16,8:45:00 PM,Truffle Fries,Side,5,8,40,Cash,Delivery,102,Jake
2024-07-31,5:45:00 PM,Old Fashioned,Beverage,2,12,24,Mobile Payment,Delivery,104,Carlos
2024-07-31,5:45:00 PM,Filet Mignon,Entree,2,42,84,Cash,Takeaway,104,Carlos
2024-05-03,3:15:00 PM,Ribeye Steak,Entree,3,35,105,Cash,Dine-In,102,Jake
2024-05-17,8:00:00 PM,Filet Mignon,Entree,4,42,168,Mobile Payment,Takeaway,104,Carlos
2024-10-10,2:45:00 PM,Old Fashioned,Beverage,4,12,48,Mobile Payment,Delivery,101,Sarah
2024-02-18,6:45:00 PM,Chocolate Lava Cake,Dessert,2,9,18,Credit Card,Dine-In,103,Emily
2024-05-21,5:00:00 PM,Shrimp Cocktail,Appetizer,5,14,70,Cash,Delivery,102,Jake
2024-04-18,2:30:00 PM,Filet Mignon,Entree,5,42,210,Credit Card,Takeaway,103,Emily
2024-08-10,3:15:00 PM,Grilled Asparagus,Side,2,8,16,Cash,Delivery,104,Carlos
2024-05-06,6:15:00 PM,Grilled Asparagus,Side,4,8,32,Cash,Delivery,105,Nina
2024-07-01,10:45:00 PM,Chocolate Lava Cake,Dessert,7,9,63,Credit Card,Delivery,102,Jake
2024-11-23,1:45:00 PM,Bourbon BBQ Burger,Entree,7,22,154,Credit Card,Takeaway,101,Sarah
2024-06-01,8:00:00 PM,Ribeye Steak,Entree,4,35,140,Mobile Payment,Takeaway,101,Sarah
2024-04-01,10:30:00 PM,Mashed Potatoes,Side,2,7,14,Mobile Payment,Delivery,102,Jake
2024-05-18,3:30:00 PM,Cabernet Sauvignon,Beverage,7,16,112,Credit Card,Dine-In,102,Jake
2024-09-30,7:15:00 PM,Chocolate Lava Cake,Dessert,2,9,18,Credit Card,Takeaway,102,Jake
2024-04-29,12:30:00 PM,Mashed Potatoes,Side,3,7,21,Credit Card,Delivery,101,Sarah
2024-07-10,9:45:00 PM,Shrimp Cocktail,Appetizer,8,14,112,Cash,Dine-In,103,Emily
2024-02-17,12:30:00 PM,Truffle Fries,Side,8,8,64,Credit Card,Delivery,105,Nina
2024-08-26,8:30:00 PM,Caesar Salad,Appetizer,2,10,20,Cash,Delivery,101,Sarah
2024-05-28,11:30:00 AM,Shrimp Cocktail,Appetizer,2,14,28,Credit Card,Takeaway,104,Carlos
2024-08-05,12:15:00 PM,Ribeye Steak,Entree,4,35,140,Credit Card,Delivery,101,Sarah
2024-01-31,12:45:00 PM,Caesar Salad,Appetizer,1,10,10,Credit Card,Dine-In,105,Nina
2024-02-13,4:00:00 PM,Filet Mignon,Entree,3,42,126,Cash,Takeaway,104,Carlos
2024-09-30,5:15:00 PM,Bourbon BBQ Burger,Entree,2,22,44,Cash,Takeaway,105,Nina
2024-02-09,7:45:00 PM,Filet Mignon,Entree,2,42,84,Mobile Payment,Delivery,104,Carlos
2024-11-19,7:30:00 PM,Grilled Asparagus,Side,7,8,56,Cash,Takeaway,104,Carlos
2024-01-28,5:00:00 PM,New York Strip,Entree,8,38,304,Mobile Payment,Delivery,102,Jake
2024-05-05,10:00:00 PM,Mashed Potatoes,Side,6,7,42,Cash,Delivery,102,Jake
2024-01-07,5:00:00 PM,Ribeye Steak,Entree,4,35,140,Cash,Dine-In,102,Jake
2024-09-14,5:30:00 PM,Bourbon BBQ Burger,Entree,7,22,154,Mobile Payment,Dine-In,103,Emily
2024-03-11,1:30:00 PM,Truffle Fries,Side,1,8,8,Cash,Takeaway,102,Jake
2024-01-14,5:45:00 PM,Old Fashioned,Beverage,2,12,24,Cash,Takeaway,101,Sarah
2024-05-11,4:15:00 PM,Ribeye Steak,Entree,2,35,70,Credit Card,Takeaway,102,Jake
2024-04-15,10:15:00 PM,New York Strip,Entree,3,38,114,Cash,Takeaway,101,Sarah
2024-01-17,4:15:00 PM,Chocolate Lava Cake,Dessert,2,9,18,Cash,Delivery,102,Jake
2024-01-25,4:45:00 PM,New York Strip,Entree,1,38,38,Cash,Delivery,105,Nina
2024-01-24,12:00:00 PM,Caesar Salad,Appetizer,3,10,30,Mobile Payment,Takeaway,102,Jake
2024-04-24,8:00:00 PM,Caesar Salad,Appetizer,4,10,40,Mobile Payment,Dine-In,103,Emily
2024-04-02,7:45:00 PM,Filet Mignon,Entree,4,42,168,Cash,Dine-In,105,Nina
2024-05-10,4:45:00 PM,Bourbon BBQ Burger,Entree,5,22,110,Credit Card,Dine-In,102,Jake
2024-06-04,1:45:00 PM,Shrimp Cocktail,Appetizer,3,14,42,Mobile Payment,Takeaway,104,Carlos
2024-01-03,1:30:00 PM,Chocolate Lava Cake,Dessert,5,9,45,Credit Card,Takeaway,102,Jake
2024-05-17,1:00:00 PM,Truffle Fries,Side,7,8,56,Credit Card,Dine-In,104,Carlos
2024-08-20,9:45:00 PM,Bourbon BBQ Burger,Entree,5,22,110,Credit Card,Delivery,105,Nina
2024-10-08,9:30:00 PM,New York Strip,Entree,11,38,418,Credit Card,Dine-In,103,Emily
2024-07-26,12:30:00 PM,Truffle Fries,Side,4,8,32,Credit Card,Takeaway,103,Emily
2024-06-19,8:00:00 PM,Shrimp Cocktail,Appetizer,10,14,140,Credit Card,Dine-In,103,Emily
2024-05-06,9:00:00 PM,Chocolate Lava Cake,Dessert,9,9,81,Credit Card,Takeaway,101,Sarah
2024-05-16,6:30:00 PM,Caesar Salad,Appetizer,4,10,40,Credit Card,Delivery,103,Emily
2024-03-22,3:45:00 PM,Shrimp Cocktail,Appetizer,5,14,70,Credit Card,Delivery,103,Emily
2024-12-07,2:30:00 PM,Caesar Salad,Appetizer,7,10,70,Mobile Payment,Delivery,104,Carlos
2024-03-06,9:30:00 PM,Truffle Fries,Side,4,8,32,Cash,Takeaway,102,Jake
2024-12-28,5:45:00 PM,Chocolate Lava Cake,Dessert,5,9,45,Credit Card,Dine-In,103,Emily
2024-08-31,12:15:00 PM,Bourbon BBQ Burger,Entree,7,22,154,Mobile Payment,Delivery,104,Carlos
2024-04-10,10:15:00 PM,Mashed Potatoes,Side,6,7,42,Cash,Delivery,103,Emily
2024-07-29,7:30:00 PM,Cabernet Sauvignon,Beverage,7,16,112,Cash,Delivery,105,Nina
2024-01-14,5:00:00 PM,Grilled Asparagus,Side,12,8,96,Cash,Takeaway,105,Nina
2024-08-28,8:15:00 PM,Chocolate Lava Cake,Dessert,8,9,72,Mobile Payment,Delivery,101,Sarah
2024-07-31,12:30:00 PM,Caesar Salad,Appetizer,6,10,60,Cash,Dine-In,104,Carlos
2024-09-20,9:15:00 PM,Truffle Fries,Side,9,8,72,Cash,Dine-In,102,Jake
2024-01-12,6:15:00 PM,Old Fashioned,Beverage,4,12,48,Credit Card,Dine-In,104,Carlos
2024-12-19,1:00:00 PM,Filet Mignon,Entree,2,42,84,Mobile Payment,Delivery,104,Carlos
2024-09-03,7:00:00 PM,Cabernet Sauvignon,Beverage,4,16,64,Credit Card,Delivery,103,Emily
2024-10-20,2:00:00 PM,New York Strip,Entree,1,38,38,Credit Card,Takeaway,102,Jake
2024-10-30,3:45:00 PM,Grilled Asparagus,Side,2,8,16,Credit Card,Delivery,103,Emily
2024-03-14,10:15:00 PM,Grilled Asparagus,Side,7,8,56,Credit Card,Takeaway,102,Jake
2024-04-07,8:00:00 PM,Old Fashioned,Beverage,4,12,48,Mobile Payment,Delivery,105,Nina
2024-11-18,3:00:00 PM,Caesar Salad,Appetizer,4,10,40,Mobile Payment,Takeaway,105,Nina
2024-12-06,12:00:00 PM,New York Strip,Entree,7,38,266,Mobile Payment,Takeaway,103,Emily
2024-10-17,6:00:00 PM,Chocolate Lava Cake,Dessert,7,9,63,Credit Card,Delivery,101,Sarah
2024-07-29,9:15:00 PM,Caesar Salad,Appetizer,6,10,60,Cash,Delivery,101,Sarah
2024-01-17,12:45:00 PM,Filet Mignon,Entree,2,42,84,Credit Card,Delivery,101,Sarah
2024-02-28,5:15:00 PM,Chocolate Lava Cake,Dessert,12,9,108,Credit Card,Delivery,105,Nina
2024-01-18,12:15:00 PM,Caesar Salad,Appetizer,2,10,20,Credit Card,Takeaway,102,Jake
2024-08-31,9:45:00 PM,Old Fashioned,Beverage,3,12,36,Mobile Payment,Takeaway,105,Nina
2024-02-21,3:00:00 PM,Chocolate Lava Cake,Dessert,5,9,45,Mobile Payment,Takeaway,101,Sarah
2024-02-01,12:45:00 PM,Old Fashioned,Beverage,5,12,60,Cash,Dine-In,101,Sarah
2024-05-08,7:00:00 PM,Filet Mignon,Entree,7,42,294,Cash,Takeaway,105,Nina
2024-12-01,10:00:00 PM,Ribeye Steak,Entree,2,35,70,Credit Card,Delivery,102,Jake
2024-01-20,1:45:00 PM,Grilled Asparagus,Side,2,8,16,Credit Card,Delivery,101,Sarah
2024-02-07,8:00:00 PM,Caesar Salad,Appetizer,6,10,60,Cash,Dine-In,102,Jake
2024-05-12,7:30:00 PM,Shrimp Cocktail,Appetizer,16.5,14,231,Credit Card,Dine-In,101,Sarah
2024-04-17,4:15:00 PM,Filet Mignon,Entree,4,42,168,Cash,Delivery,104,Carlos
2024-10-16,9:00:00 PM,Old Fashioned,Beverage,10,12,120,Cash,Dine-In,105,Nina
2024-07-14,11:00:00 AM,Mashed Potatoes,Side,5,7,35,Cash,Delivery,101,Sarah
2024-09-10,12:15:00 PM,New York Strip,Entree,1,38,38,Mobile Payment,Delivery,103,Emily
2024-01-09,1:30:00 PM,Old Fashioned,Beverage,1,12,12,Cash,Delivery,105,Nina
2024-12-01,12:30:00 PM,Filet Mignon,Entree,1,42,42,Cash,Delivery,104,Carlos
2024-11-19,3:30:00 PM,New York Strip,Entree,3,38,114,Mobile Payment,Dine-In,105,Nina
2024-04-19,5:45:00 PM,Cabernet Sauvignon,Beverage,5,16,80,Credit Card,Takeaway,103,Emily
2024-08-07,2:00:00 PM,Caesar Salad,Appetizer,4,10,40,Cash,Dine-In,104,Carlos
2024-06-03,8:00:00 PM,Bourbon BBQ Burger,Entree,7,22,154,Cash,Delivery,103,Emily
2024-03-27,2:15:00 PM,Filet Mignon,Entree,3,42,126,Credit Card,Dine-In,101,Sarah
2024-12-29,2:00:00 PM,Mashed Potatoes,Side,2,7,14,Credit Card,Dine-In,104,Carlos
2024-11-01,9:45:00 PM,Bourbon BBQ Burger,Entree,3,22,66,Credit Card,Dine-In,104,Carlos
2024-10-07,3:30:00 PM,Mashed Potatoes,Side,2,7,14,Credit Card,Dine-In,104,Carlos
2024-06-08,12:00:00 PM,New York Strip,Entree,6,38,228,Credit Card,Takeaway,101,Sarah
2024-12-28,6:30:00 PM,Cabernet Sauvignon,Beverage,10,16,160,Credit Card,Takeaway,104,Carlos
2024-11-05,3:15:00 PM,Ribeye Steak,Entree,1,35,35,Credit Card,Dine-In,105,Nina
2024-11-17,10:30:00 PM,Grilled Asparagus,Side,8,8,64,Credit Card,Delivery,104,Carlos
2024-04-16,4:30:00 PM,Cabernet Sauvignon,Beverage,3,16,48,Cash,Dine-In,104,Carlos
2024-11-22,10:00:00 PM,Old Fashioned,Beverage,3,12,36,Credit Card,Takeaway,102,Jake
2024-11-30,4:45:00 PM,Mashed Potatoes,Side,2,7,14,Credit Card,Takeaway,101,Sarah
2024-08-31,11:00:00 AM,Filet Mignon,Entree,4,42,168,Mobile Payment,Takeaway,101,Sarah
2024-04-23,11:45:00 AM,Cabernet Sauvignon,Beverage,5,16,80,Cash,Takeaway,101,Sarah
2024-12-24,7:45:00 PM,Filet Mignon,Entree,2,42,84,Cash,Delivery,104,Carlos
2024-07-28,7:00:00 PM,Bourbon BBQ Burger,Entree,6,22,132,Cash,Takeaway,102,Jake
2024-10-01,1:00:00 PM,Old Fashioned,Beverage,3,12,36,Cash,Dine-In,105,Nina
2024-02-26,12:30:00 PM,Bourbon BBQ Burger,Entree,2,22,44,Cash,Dine-In,102,Jake
2024-10-09,1:15:00 PM,New York Strip,Entree,4,38,152,Cash,Takeaway,101,Sarah
2024-10-01,3:45:00 PM,Mashed Potatoes,Side,2,7,14,Mobile Payment,Dine-In,103,Emily
2024-11-06,8:30:00 PM,Ribeye Steak,Entree,2,35,70,Credit Card,Dine-In,101,Sarah
2024-10-10,3:45:00 PM,Chocolate Lava Cake,Dessert,1,9,9,Cash,Takeaway,101,Sarah
2024-12-26,12:15:00 PM,Mashed Potatoes,Side,1,7,7,Credit Card,Dine-In,103,Emily
2024-08-14,1:15:00 PM,Bourbon BBQ Burger,Entree,5,22,110,Mobile Payment,Dine-In,101,Sarah
2024-08-11,3:00:00 PM,Bourbon BBQ Burger,Entree,4,22,88,Credit Card,Delivery,101,Sarah
2024-11-02,6:15:00 PM,Ribeye Steak,Entree,3,35,105,Mobile Payment,Dine-In,101,Sarah
2024-01-13,3:00:00 PM,Chocolate Lava Cake,Dessert,6,9,54,Mobile Payment,Takeaway,102,Jake
2024-06-03,12:30:00 PM,New York Strip,Entree,5,38,190,Cash,Delivery,103,Emily
2024-05-27,6:45:00 PM,Old Fashioned,Beverage,7,12,84,Mobile Payment,Delivery,102,Jake
2024-10-08,11:15:00 AM,Filet Mignon,Entree,6,42,252,Mobile Payment,Delivery,105,Nina
2024-04-24,11:45:00 AM,Caesar Salad,Appetizer,3,10,30,Credit Card,Delivery,101,Sarah
2024-12-10,2:45:00 PM,Cabernet Sauvignon,Beverage,4,16,64,Cash,Delivery,102,Jake
2024-02-19,2:45:00 PM,Shrimp Cocktail,Appetizer,2,14,28,Mobile Payment,Takeaway,105,Nina
2024-10-21,11:30:00 AM,Mashed Potatoes,Side,6,7,42,Credit Card,Takeaway,104,Carlos
2024-07-09,8:30:00 PM,Truffle Fries,Side,2,8,16,Mobile Payment,Takeaway,102,Jake
2024-10-21,10:00:00 PM,Grilled Asparagus,Side,10,8,80,Credit Card,Delivery,101,Sarah
2024-12-19,3:30:00 PM,New York Strip,Entree,4,38,152,Mobile Payment,Delivery,104,Carlos
2024-01-08,5:00:00 PM,Truffle Fries,Side,2,8,16,Credit Card,Takeaway,104,Carlos
2024-08-23,2:15:00 PM,Old Fashioned,Beverage,5,12,60,Credit Card,Takeaway,101,Sarah
2024-02-12,5:30:00 PM,New York Strip,Entree,8,38,304,Credit Card,Dine-In,102,Jake
2024-08-02,9:00:00 PM,Shrimp Cocktail,Appetizer,11,14,154,Mobile Payment,Dine-In,102,Jake
2024-07-02,2:00:00 PM,Cabernet Sauvignon,Beverage,3,16,48,Cash,Takeaway,104,Carlos
2024-11-11,8:15:00 PM,Bourbon BBQ Burger,Entree,11,22,242,Credit Card,Takeaway,103,Emily
2024-06-03,6:45:00 PM,New York Strip,Entree,6,38,228,Cash,Delivery,103,Emily
2024-12-11,1:15:00 PM,Truffle Fries,Side,2,8,16,Credit Card,Dine-In,102,Jake
2024-06-03,7:00:00 PM,Ribeye Steak,Entree,6,35,210,Cash,Takeaway,102,Jake
2024-06-06,12:30:00 PM,Mashed Potatoes,Side,2,7,14,Credit Card,Delivery,101,Sarah
2024-06-16,7:30:00 PM,Mashed Potatoes,Side,7,7,49,Credit Card,Delivery,101,Sarah
2024-07-15,1:45:00 PM,Chocolate Lava Cake,Dessert,4,9,36,Cash,Dine-In,103,Emily
2024-03-25,4:45:00 PM,Ribeye Steak,Entree,2,35,70,Cash,Dine-In,102,Jake
2024-11-13,4:30:00 PM,Mashed Potatoes,Side,2,7,14,Cash,Dine-In,103,Emily
2024-11-23,7:15:00 PM,Cabernet Sauvignon,Beverage,7,16,112,Cash,Dine-In,103,Emily
2024-01-11,1:45:00 PM,Grilled Asparagus,Side,2,8,16,Mobile Payment,Delivery,105,Nina
2024-02-16,6:15:00 PM,Filet Mignon,Entree,7,42,294,Credit Card,Dine-In,105,Nina
2024-03-12,1:00:00 PM,Shrimp Cocktail,Appetizer,1,14,14,Credit Card,Takeaway,105,Nina
2024-03-31,12:30:00 PM,Bourbon BBQ Burger,Entree,2,22,44,Mobile Payment,Dine-In,104,Carlos
2024-07-14,8:15:00 PM,Old Fashioned,Beverage,2,12,24,Credit Card,Dine-In,102,Jake
2024-06-30,11:15:00 AM,Filet Mignon,Entree,2,42,84,Mobile Payment,Dine-In,105,Nina
2024-01-24,3:30:00 PM,Ribeye Steak,Entree,2,35,70,Cash,Dine-In,104,Carlos
2024-02-18,9:00:00 PM,Filet Mignon,Entree,10,42,420,Cash,Delivery,102,Jake
2024-04-18,4:15:00 PM,Old Fashioned,Beverage,5,12,60,Credit Card,Dine-In,105,Nina
2024-02-01,11:00:00 AM,Bourbon BBQ Burger,Entree,1,22,22,Cash,Delivery,105,Nina
2024-11-27,4:45:00 PM,Filet Mignon,Entree,4,42,168,Cash,Dine-In,103,Emily
2024-07-11,10:30:00 PM,Truffle Fries,Side,9,8,72,Cash,Delivery,103,Emily
2024-06-30,8:30:00 PM,Ribeye Steak,Entree,7,35,245,Mobile Payment,Delivery,102,Jake
2024-04-26,11:30:00 AM,Mashed Potatoes,Side,3,7,21,Cash,Delivery,102,Jake
2024-02-12,5:45:00 PM,Old Fashioned,Beverage,11,12,132,Cash,Takeaway,103,Emily
2024-07-11,3:45:00 PM,Truffle Fries,Side,3,8,24,Cash,Takeaway,101,Sarah
2024-03-01,8:30:00 PM,Mashed Potatoes,Side,3,7,21,Mobile Payment,Delivery,101,Sarah
2024-02-11,9:45:00 PM,Old Fashioned,Beverage,7,12,84,Credit Card,Delivery,104,Carlos
2024-06-23,11:30:00 AM,New York Strip,Entree,5,38,190,Mobile Payment,Takeaway,101,Sarah
2024-03-05,11:15:00 AM,Cabernet Sauvignon,Beverage,1,16,16,Mobile Payment,Delivery,103,Emily
2024-09-01,7:00:00 PM,Grilled Asparagus,Side,2,8,16,Mobile Payment,Delivery,101,Sarah
2024-03-20,1:15:00 PM,Filet Mignon,Entree,1,42,42,Credit Card,Takeaway,105,Nina
2024-12-14,6:00:00 PM,Grilled Asparagus,Side,7,8,56,Mobile Payment,Takeaway,102,Jake
2024-06-20,2:15:00 PM,New York Strip,Entree,2,38,76,Mobile Payment,Takeaway,101,Sarah
2024-10-03,4:15:00 PM,Filet Mignon,Entree,2,42,84,Credit Card,Delivery,105,Nina
2024-05-25,9:30:00 PM,Grilled Asparagus,Side,5,8,40,Credit Card,Dine-In,101,Sarah
2024-05-26,1:30:00 PM,Caesar Salad,Appetizer,1,10,10,Cash,Dine-In,102,Jake
2024-08-20,4:15:00 PM,Chocolate Lava Cake,Dessert,6,9,54,Mobile Payment,Delivery,102,Jake
2024-05-04,10:00:00 PM,Caesar Salad,Appetizer,4,10,40,Credit Card,Takeaway,103,Emily
2024-11-02,9:45:00 PM,Grilled Asparagus,Side,8,8,64,Cash,Dine-In,104,Carlos
2024-10-01,10:30:00 PM,Filet Mignon,Entree,7,42,294,Mobile Payment,Delivery,102,Jake
2024-12-15,6:45:00 PM,Mashed Potatoes,Side,11,7,77,Cash,Takeaway,102,Jake
2024-09-25,1:00:00 PM,Filet Mignon,Entree,1,42,42,Credit Card,Delivery,101,Sarah
2024-07-17,4:15:00 PM,Truffle Fries,Side,5,8,40,Credit Card,Takeaway,102,Jake
2024-08-08,6:15:00 PM,Mashed Potatoes,Side,2,7,14,Cash,Takeaway,102,Jake
2024-05-23,4:30:00 PM,Caesar Salad,Appetizer,2,10,20,Credit Card,Takeaway,104,Carlos
2024-06-09,5:45:00 PM,Grilled Asparagus,Side,6,8,48,Mobile Payment,Takeaway,105,Nina
2024-05-30,8:45:00 PM,New York Strip,Entree,4,38,152,Credit Card,Delivery,103,Emily
2024-12-28,4:00:00 PM,Ribeye Steak,Entree,5,35,175,Credit Card,Delivery,102,Jake
2024-06-10,11:45:00 AM,Chocolate Lava Cake,Dessert,2,9,18,Mobile Payment,Takeaway,103,Emily
2024-07-15,7:30:00 PM,Filet Mignon,Entree,4,42,168,Mobile Payment,Dine-In,104,Carlos
2024-03-05,6:45:00 PM,Truffle Fries,Side,8,8,64,Cash,Delivery,102,Jake
2024-06-12,10:00:00 PM,Chocolate Lava Cake,Dessert,9,9,81,Mobile Payment,Dine-In,103,Emily
2024-12-16,3:15:00 PM,Filet Mignon,Entree,2,42,84,Mobile Payment,Dine-In,103,Emily
2024-08-11,9:30:00 PM,Ribeye Steak,Entree,4,35,140,Cash,Dine-In,103,Emily
2024-09-09,6:00:00 PM,Shrimp Cocktail,Appetizer,5,14,70,Credit Card,Delivery,105,Nina
2024-08-25,1:30:00 PM,Filet Mignon,Entree,6,42,252,Credit Card,Delivery,101,Sarah
2024-08-22,11:15:00 AM,Caesar Salad,Appetizer,4,10,40,Mobile Payment,Dine-In,101,Sarah
2024-05-29,6:15:00 PM,Caesar Salad,Appetizer,4,10,40,Credit Card,Delivery,102,Jake
2024-12-21,11:30:00 AM,Mashed Potatoes,Side,2,7,14,Mobile Payment,Takeaway,104,Carlos
2024-07-23,10:45:00 PM,Ribeye Steak,Entree,7,35,245,Cash,Takeaway,102,Jake
2024-12-09,1:45:00 PM,Caesar Salad,Appetizer,1,10,10,Cash,Dine-In,102,Jake
2024-03-18,11:00:00 AM,Truffle Fries,Side,5,8,40,Credit Card,Delivery,103,Emily
2024-03-05,5:30:00 PM,Cabernet Sauvignon,Beverage,3,16,48,Cash,Dine-In,104,Carlos
2024-08-19,9:45:00 PM,Ribeye Steak,Entree,10,35,350,Cash,Delivery,105,Nina
2024-11-05,5:45:00 PM,Truffle Fries,Side,2,8,16,Mobile Payment,Dine-In,104,Carlos
2024-01-05,4:30:00 PM,Chocolate Lava Cake,Dessert,5,9,45,Credit Card,Delivery,102,Jake
2024-01-13,7:30:00 PM,Grilled Asparagus,Side,6,8,48,Mobile Payment,Delivery,101,Sarah
2024-02-28,2:15:00 PM,Shrimp Cocktail,Appetizer,5,14,70,Credit Card,Dine-In,105,Nina
2024-04-20,4:00:00 PM,Bourbon BBQ Burger,Entree,2,22,44,Cash,Dine-In,103,Emily
2024-05-29,5:00:00 PM,Old Fashioned,Beverage,6,12,72,Mobile Payment,Delivery,101,Sarah
2024-10-03,11:15:00 AM,Cabernet Sauvignon,Beverage,5,16,80,Mobile Payment,Delivery,101,Sarah
2024-05-26,3:00:00 PM,Ribeye Steak,Entree,3,35,105,Cash,Takeaway,102,Jake
2024-02-02,4:45:00 PM,Grilled Asparagus,Side,7,8,56,Credit Card,Dine-In,102,Jake
2024-06-18,2:00:00 PM,Shrimp Cocktail,Appetizer,6,14,84,Mobile Payment,Dine-In,104,Carlos
2024-06-07,6:30:00 PM,Mashed Potatoes,Side,10,7,70,Cash,Dine-In,101,Sarah
2024-11-15,9:00:00 PM,Filet Mignon,Entree,9,42,378,Mobile Payment,Takeaway,104,Carlos
2024-05-24,6:00:00 PM,Old Fashioned,Beverage,9,12,108,Mobile Payment,Takeaway,101,Sarah
2024-02-16,8:00:00 PM,New York Strip,Entree,8,38,304,Mobile Payment,Dine-In,104,Carlos
2024-11-06,7:15:00 PM,Old Fashioned,Beverage,2,12,24,Credit Card,Dine-In,101,Sarah
2024-07-06,7:45:00 PM,Grilled Asparagus,Side,11,8,88,Credit Card,Dine-In,101,Sarah
2024-10-18,8:45:00 PM,Grilled Asparagus,Side,7,8,56,Credit Card,Delivery,105,Nina
2024-04-13,9:15:00 PM,New York Strip,Entree,8,38,304,Cash,Takeaway,101,Sarah
2024-06-13,11:30:00 AM,Cabernet Sauvignon,Beverage,2,16,32,Credit Card,Dine-In,103,Emily
2024-07-01,9:00:00 PM,Chocolate Lava Cake,Dessert,5,9,45,Credit Card,Takeaway,104,Carlos
2024-12-27,1:30:00 PM,Caesar Salad,Appetizer,4,10,40,Cash,Dine-In,105,Nina
2024-12-01,8:15:00 PM,Shrimp Cocktail,Appetizer,3,14,42,Credit Card,Takeaway,102,Jake
2024-02-18,6:45:00 PM,Mashed Potatoes,Side,11,7,77,Cash,Dine-In,103,Emily
2024-10-03,3:45:00 PM,Grilled Asparagus,Side,5,8,40,Credit Card,Delivery,102,Jake
2024-01-03,2:00:00 PM,New York Strip,Entree,6,38,228,Credit Card,Dine-In,102,Jake
2024-08-24,1:45:00 PM,Grilled Asparagus,Side,7,8,56,Mobile Payment,Delivery,102,Jake
2024-05-10,4:00:00 PM,Bourbon BBQ Burger,Entree,4,22,88,Mobile Payment,Delivery,101,Sarah
2024-03-25,4:15:00 PM,Cabernet Sauvignon,Beverage,2,16,32,Credit Card,Takeaway,101,Sarah
2024-05-02,11:45:00 AM,Caesar Salad,Appetizer,1,10,10,Mobile Payment,Delivery,104,Carlos
2024-03-05,10:00:00 PM,Bourbon BBQ Burger,Entree,9,22,198,Cash,Delivery,102,Jake
2024-09-04,6:45:00 PM,Old Fashioned,Beverage,2,12,24,Cash,Delivery,103,Emily
2024-03-12,4:15:00 PM,Truffle Fries,Side,5,8,40,Mobile Payment,Delivery,104,Carlos
2024-04-11,11:00:00 AM,Ribeye Steak,Entree,5,35,175,Cash,Dine-In,101,Sarah
2024-01-25,1:30:00 PM,New York Strip,Entree,2,38,76,Credit Card,Delivery,103,Emily
2024-09-07,2:00:00 PM,Mashed Potatoes,Side,8,7,56,Mobile Payment,Delivery,104,Carlos
2024-08-28,12:45:00 PM,Filet Mignon,Entree,4,42,168,Mobile Payment,Delivery,104,Carlos
2024-02-25,5:30:00 PM,Truffle Fries,Side,11,8,88,Credit Card,Takeaway,104,Carlos
2024-07-25,6:45:00 PM,Shrimp Cocktail,Appetizer,2,14,28,Mobile Payment,Delivery,104,Carlos
2024-09-25,2:15:00 PM,Shrimp Cocktail,Appetizer,3,14,42,Cash,Dine-In,105,Nina
2024-12-31,4:15:00 PM,New York Strip,Entree,3.9,38,148.2,Cash,Delivery,104,Carlos
2024-12-15,10:30:00 PM,Caesar Salad,Appetizer,8,10,80,Mobile Payment,Dine-In,102,Jake
2024-03-06,12:00:00 PM,Shrimp Cocktail,Appetizer,2,14,28,Mobile Payment,Delivery,101,Sarah
2024-08-22,11:30:00 AM,Truffle Fries,Side,4,8,32,Credit Card,Delivery,102,Jake
2024-08-03,11:00:00 AM,Mashed Potatoes,Side,8,7,56,Mobile Payment,Delivery,101,Sarah
2024-02-12,4:00:00 PM,Truffle Fries,Side,1,8,8,Cash,Dine-In,104,Carlos
2024-12-28,1:45:00 PM,Ribeye Steak,Entree,2,35,70,Mobile Payment,Dine-In,102,Jake
2024-07-24,4:15:00 PM,Bourbon BBQ Burger,Entree,2,22,44,Credit Card,Takeaway,105,Nina
2024-08-21,7:15:00 PM,Caesar Salad,Appetizer,5,10,50,Credit Card,Delivery,105,Nina
2024-12-31,2:30:00 PM,Old Fashioned,Beverage,1.3,12,15.6,Mobile Payment,Dine-In,101,Sarah
2024-05-25,8:45:00 PM,Old Fashioned,Beverage,12,12,144,Cash,Takeaway,104,Carlos
2024-05-04,10:45:00 PM,Bourbon BBQ Burger,Entree,7,22,154,Credit Card,Delivery,102,Jake
2024-03-20,11:15:00 AM,Filet Mignon,Entree,4,42,168,Mobile Payment,Dine-In,104,Carlos
2024-08-04,4:15:00 PM,Cabernet Sauvignon,Beverage,2,16,32,Credit Card,Takeaway,105,Nina
2024-06-19,3:15:00 PM,Truffle Fries,Side,4,8,32,Mobile Payment,Dine-In,103,Emily
2024-01-02,11:00:00 AM,Truffle Fries,Side,2,8,16,Cash,Delivery,104,Carlos
2024-12-06,11:00:00 AM,Shrimp Cocktail,Appetizer,5,14,70,Cash,Takeaway,101,Sarah
2024-10-28,11:30:00 AM,Shrimp Cocktail,Appetizer,2,14,28,Cash,Takeaway,101,Sarah
2024-07-24,9:15:00 PM,Truffle Fries,Side,2,8,16,Mobile Payment,Delivery,102,Jake
2024-04-30,4:45:00 PM,Bourbon BBQ Burger,Entree,2,22,44,Credit Card,Delivery,102,Jake
2024-01-07,12:00:00 PM,Ribeye Steak,Entree,1,35,35,Mobile Payment,Dine-In,105,Nina
2024-10-31,8:15:00 PM,Filet Mignon,Entree,9,42,378,Credit Card,Delivery,101,Sarah
2024-01-02,3:00:00 PM,New York Strip,Entree,4,38,152,Mobile Payment,Dine-In,103,Emily
2024-12-23,3:00:00 PM,Mashed Potatoes,Side,5,7,35,Mobile Payment,Dine-In,105,Nina
2024-12-15,11:15:00 AM,Ribeye Steak,Entree,4,35,140,Mobile Payment,Dine-In,104,Carlos
2024-08-01,5:00:00 PM,Caesar Salad,Appetizer,7,10,70,Credit Card,Dine-In,105,Nina
2024-11-25,11:00:00 AM,New York Strip,Entree,2,38,76,Mobile Payment,Delivery,104,Carlos
2024-09-23,12:30:00 PM,Chocolate Lava Cake,Dessert,3,9,27,Credit Card,Delivery,103,Emily
2024-08-22,11:30:00 AM,Truffle Fries,Side,2,8,16,Cash,Dine-In,101,Sarah
2024-06-27,9:15:00 PM,Bourbon BBQ Burger,Entree,3,22,66,Cash,Delivery,104,Carlos
2024-09-11,2:45:00 PM,Chocolate Lava Cake,Dessert,5,9,45,Credit Card,Dine-In,101,Sarah
2024-10-12,8:00:00 PM,Truffle Fries,Side,5,8,40,Cash,Delivery,104,Carlos
2024-11-06,2:45:00 PM,Grilled Asparagus,Side,3,8,24,Mobile Payment,Dine-In,101,Sarah
2024-07-26,6:45:00 PM,Old Fashioned,Beverage,2,12,24,Mobile Payment,Takeaway,104,Carlos
2024-07-22,1:15:00 PM,Grilled Asparagus,Side,2,8,16,Credit Card,Delivery,105,Nina
2024-12-06,9:30:00 PM,Ribeye Steak,Entree,2,35,70,Mobile Payment,Delivery,104,Carlos
2024-11-23,1:45:00 PM,Grilled Asparagus,Side,3,8,24,Mobile Payment,Dine-In,102,Jake
2024-08-05,5:45:00 PM,Old Fashioned,Beverage,10,12,120,Mobile Payment,Delivery,101,Sarah
2024-10-18,10:15:00 PM,Old Fashioned,Beverage,7,12,84,Cash,Takeaway,103,Emily
2024-03-27,1:00:00 PM,Old Fashioned,Beverage,4,12,48,Mobile Payment,Delivery,102,Jake
2024-06-11,8:00:00 PM,New York Strip,Entree,6,38,228,Credit Card,Delivery,104,Carlos
2024-09-02,6:15:00 PM,Grilled Asparagus,Side,5,8,40,Mobile Payment,Takeaway,104,Carlos
2024-05-31,11:15:00 AM,Cabernet Sauvignon,Beverage,5,16,80,Mobile Payment,Delivery,101,Sarah
2024-06-11,11:00:00 AM,Truffle Fries,Side,3,8,24,Cash,Takeaway,101,Sarah
2024-07-17,4:45:00 PM,Cabernet Sauvignon,Beverage,5,16,80,Cash,Delivery,101,Sarah
2024-03-12,8:30:00 PM,Grilled Asparagus,Side,7,8,56,Cash,Delivery,105,Nina
2024-08-13,12:00:00 PM,Shrimp Cocktail,Appetizer,5,14,70,Credit Card,Dine-In,101,Sarah
2024-11-29,4:00:00 PM,Ribeye Steak,Entree,8,35,280,Cash,Takeaway,103,Emily
2024-10-31,10:15:00 PM,Cabernet Sauvignon,Beverage,9,16,144,Mobile Payment,Takeaway,103,Emily
2024-11-23,6:00:00 PM,Bourbon BBQ Burger,Entree,4,22,88,Mobile Payment,Dine-In,102,Jake
2024-10-28,2:00:00 PM,Filet Mignon,Entree,1,42,42,Mobile Payment,Dine-In,103,Emily
2024-11-20,11:00:00 AM,Bourbon BBQ Burger,Entree,4,22,88,Credit Card,Delivery,101,Sarah
2024-09-09,3:15:00 PM,Chocolate Lava Cake,Dessert,1,9,9,Credit Card,Delivery,105,Nina
2024-06-25,1:15:00 PM,New York Strip,Entree,2,38,76,Cash,Takeaway,105,Nina
2024-04-17,12:00:00 PM,Grilled Asparagus,Side,2,8,16,Cash,Dine-In,104,Carlos
2024-11-23,2:00:00 PM,New York Strip,Entree,6,38,228,Cash,Takeaway,104,Carlos
2024-03-12,3:45:00 PM,Mashed Potatoes,Side,2,7,14,Credit Card,Delivery,103,Emily
2024-01-13,10:30:00 PM,Old Fashioned,Beverage,2,12,24,Mobile Payment,Takeaway,103,Emily
2024-07-19,9:30:00 PM,Grilled Asparagus,Side,7,8,56,Credit Card,Dine-In,104,Carlos
2024-10-04,6:15:00 PM,Mashed Potatoes,Side,5,7,35,Credit Card,Takeaway,102,Jake
2024-05-10,4:00:00 PM,Shrimp Cocktail,Appetizer,6,14,84,Mobile Payment,Takeaway,105,Nina
2024-10-01,9:45:00 PM,Mashed Potatoes,Side,11,7,77,Cash,Delivery,103,Emily
2024-09-16,2:30:00 PM,Cabernet Sauvignon,Beverage,2,16,32,Mobile Payment,Takeaway,105,Nina
2024-08-07,9:15:00 PM,Grilled Asparagus,Side,8,8,64,Cash,Takeaway,104,Carlos
2024-06-02,7:30:00 PM,Caesar Salad,Appetizer,4,10,40,Cash,Delivery,104,Carlos
2024-08-30,4:45:00 PM,Ribeye Steak,Entree,8,35,280,Mobile Payment,Takeaway,102,Jake
2024-03-22,9:45:00 PM,Chocolate Lava Cake,Dessert,11,9,99,Cash,Delivery,103,Emily
2024-06-02,2:45:00 PM,Chocolate Lava Cake,Dessert,3,9,27,Mobile Payment,Dine-In,103,Emily
2024-01-13,10:30:00 PM,Mashed Potatoes,Side,2,7,14,Credit Card,Delivery,101,Sarah
2024-11-01,1:30:00 PM,Grilled Asparagus,Side,7,8,56,Cash,Delivery,101,Sarah
2024-01-27,6:15:00 PM,Shrimp Cocktail,Appetizer,3,14,42,Mobile Payment,Dine-In,105,Nina
2024-01-24,10:45:00 PM,Old Fashioned,Beverage,3,12,36,Mobile Payment,Takeaway,102,Jake
2024-10-29,4:30:00 PM,Bourbon BBQ Burger,Entree,3,22,66,Mobile Payment,Delivery,101,Sarah
2024-05-03,7:00:00 PM,Filet Mignon,Entree,6,42,252,Cash,Takeaway,105,Nina
2024-06-28,12:30:00 PM,Ribeye Steak,Entree,3,35,105,Mobile Payment,Delivery,101,Sarah
2024-06-02,4:00:00 PM,Bourbon BBQ Burger,Entree,2,22,44,Mobile Payment,Dine-In,103,Emily
2024-04-17,4:15:00 PM,Filet Mignon,Entree,2,42,84,Credit Card,Delivery,103,Emily
2024-12-16,9:15:00 PM,Caesar Salad,Appetizer,8,10,80,Mobile Payment,Takeaway,102,Jake
2024-02-10,10:00:00 PM,Filet Mignon,Entree,4,42,168,Cash,Delivery,103,Emily
2024-10-21,11:30:00 AM,New York Strip,Entree,5,38,190,Credit Card,Dine-In,104,Carlos
2024-05-15,1:45:00 PM,Bourbon BBQ Burger,Entree,4,22,88,Cash,Delivery,103,Emily
2024-02-26,10:00:00 PM,Cabernet Sauvignon,Beverage,7,16,112,Credit Card,Dine-In,105,Nina
2024-04-08,7:30:00 PM,Mashed Potatoes,Side,7,7,49,Credit Card,Dine-In,103,Emily
2024-11-19,5:00:00 PM,Chocolate Lava Cake,Dessert,2,9,18,Mobile Payment,Dine-In,103,Emily
2024-02-18,12:45:00 PM,Bourbon BBQ Burger,Entree,3,22,66,Credit Card,Takeaway,103,Emily
2024-12-16,2:45:00 PM,Truffle Fries,Side,1,8,8,Credit Card,Dine-In,104,Carlos
2024-04-05,7:00:00 PM,Grilled Asparagus,Side,9,8,72,Cash,Dine-In,104,Carlos
2024-05-08,5:00:00 PM,New York Strip,Entree,2,38,76,Mobile Payment,Takeaway,104,Carlos
2024-07-10,5:15:00 PM,Grilled Asparagus,Side,7,8,56,Cash,Dine-In,104,Carlos
2024-01-15,7:30:00 PM,Cabernet Sauvignon,Beverage,2,16,32,Mobile Payment,Delivery,104,Carlos
2024-07-19,1:00:00 PM,Chocolate Lava Cake,Dessert,7,9,63,Cash,Takeaway,105,Nina
2024-04-29,12:45:00 PM,Caesar Salad,Appetizer,1,10,10,Cash,Delivery,105,Nina
2024-06-21,12:45:00 PM,Truffle Fries,Side,7,8,56,Cash,Takeaway,103,Emily
2024-01-17,10:30:00 PM,Truffle Fries,Side,8,8,64,Mobile Payment,Delivery,102,Jake
2024-03-05,9:45:00 PM,Old Fashioned,Beverage,4,12,48,Mobile Payment,Dine-In,102,Jake
2024-04-20,3:15:00 PM,Cabernet Sauvignon,Beverage,10,16,160,Mobile Payment,Dine-In,103,Emily
2024-09-14,4:00:00 PM,Bourbon BBQ Burger,Entree,5,22,110,Mobile Payment,Dine-In,101,Sarah
2024-03-15,4:15:00 PM,Grilled Asparagus,Side,5,8,40,Credit Card,Dine-In,102,Jake
2024-10-10,1:15:00 PM,Filet Mignon,Entree,2,42,84,Credit Card,Dine-In,104,Carlos
2024-07-04,4:45:00 PM,Grilled Asparagus,Side,4,8,32,Cash,Delivery,105,Nina
2024-02-02,12:30:00 PM,Shrimp Cocktail,Appetizer,6,14,84,Cash,Delivery,103,Emily
2024-11-17,3:15:00 PM,Filet Mignon,Entree,5,42,210,Mobile Payment,Dine-In,103,Emily
2024-05-07,5:30:00 PM,Caesar Salad,Appetizer,2,10,20,Cash,Delivery,102,Jake
2024-12-06,8:45:00 PM,Old Fashioned,Beverage,2,12,24,Mobile Payment,Delivery,101,Sarah
2024-06-13,11:45:00 AM,New York Strip,Entree,4,38,152,Cash,Delivery,104,Carlos
2024-11-05,1:45:00 PM,Mashed Potatoes,Side,1,7,7,Credit Card,Dine-In,102,Jake
2024-09-17,12:45:00 PM,New York Strip,Entree,6,38,228,Cash,Delivery,101,Sarah
2024-09-14,6:15:00 PM,Chocolate Lava Cake,Dessert,4,9,36,Cash,Dine-In,105,Nina
2024-10-08,2:45:00 PM,Chocolate Lava Cake,Dessert,1,9,9,Credit Card,Takeaway,102,Jake
2024-12-13,6:45:00 PM,Old Fashioned,Beverage,2,12,24,Cash,Takeaway,102,Jake
2024-10-16,7:45:00 PM,Old Fashioned,Beverage,2,12,24,Credit Card,Delivery,103,Emily
2024-06-26,8:00:00 PM,Mashed Potatoes,Side,4,7,28,Cash,Takeaway,103,Emily
2024-06-11,11:00:00 AM,New York Strip,Entree,1,38,38,Cash,Delivery,104,Carlos
2024-09-23,2:45:00 PM,Cabernet Sauvignon,Beverage,4,16,64,Cash,Dine-In,103,Emily
2024-11-22,4:00:00 PM,New York Strip,Entree,7,38,266,Credit Card,Delivery,104,Carlos
2024-08-19,5:00:00 PM,Caesar Salad,Appetizer,2,10,20,Credit Card,Dine-In,105,Nina
2024-04-15,3:45:00 PM,Bourbon BBQ Burger,Entree,4,22,88,Mobile Payment,Takeaway,103,Emily
2024-11-16,12:15:00 PM,Caesar Salad,Appetizer,8,10,80,Mobile Payment,Delivery,101,Sarah
2024-01-23,12:15:00 PM,Cabernet Sauvignon,Beverage,2,16,32,Credit Card,Dine-In,101,Sarah
2024-01-25,4:00:00 PM,Caesar Salad,Appetizer,2,10,20,Credit Card,Takeaway,101,Sarah
2024-02-21,7:30:00 PM,New York Strip,Entree,4,38,152,Cash,Dine-In,102,Jake
2024-10-01,9:15:00 PM,Mashed Potatoes,Side,4,7,28,Cash,Dine-In,105,Nina
2024-04-10,9:00:00 PM,Bourbon BBQ Burger,Entree,7,22,154,Mobile Payment,Dine-In,104,Carlos
2024-04-23,5:00:00 PM,Caesar Salad,Appetizer,11,10,110,Mobile Payment,Delivery,101,Sarah
2024-11-28,10:45:00 PM,Caesar Salad,Appetizer,12,10,120,Mobile Payment,Dine-In,104,Carlos
2024-09-18,8:30:00 PM,Bourbon BBQ Burger,Entree,9,22,198,Credit Card,Takeaway,102,Jake
2024-01-24,11:00:00 AM,Mashed Potatoes,Side,2,7,14,Cash,Takeaway,101,Sarah
2024-01-26,6:00:00 PM,Old Fashioned,Beverage,2,12,24,Credit Card,Dine-In,103,Emily
2024-10-14,4:00:00 PM,Bourbon BBQ Burger,Entree,5,22,110,Mobile Payment,Takeaway,101,Sarah
2024-04-02,2:45:00 PM,Ribeye Steak,Entree,4,35,140,Credit Card,Dine-In,101,Sarah
2024-10-26,12:30:00 PM,Bourbon BBQ Burger,Entree,6,22,132,Credit Card,Takeaway,103,Emily
2024-08-03,8:45:00 PM,New York Strip,Entree,10,38,380,Credit Card,Takeaway,103,Emily
2024-07-18,12:15:00 PM,Old Fashioned,Beverage,4,12,48,Credit Card,Dine-In,102,Jake
2024-08-12,6:00:00 PM,Truffle Fries,Side,10,8,80,Mobile Payment,Takeaway,102,Jake
2024-08-05,2:30:00 PM,Grilled Asparagus,Side,1,8,8,Cash,Delivery,104,Carlos
2024-07-14,6:15:00 PM,Ribeye Steak,Entree,6,35,210,Credit Card,Takeaway,102,Jake
2024-08-22,12:15:00 PM,Cabernet Sauvignon,Beverage,5,16,80,Credit Card,Delivery,103,Emily
2024-01-24,1:15:00 PM,Caesar Salad,Appetizer,3,10,30,Mobile Payment,Takeaway,101,Sarah
2024-06-03,3:45:00 PM,Grilled Asparagus,Side,2,8,16,Credit Card,Takeaway,102,Jake
2024-04-21,11:30:00 AM,Bourbon BBQ Burger,Entree,1,22,22,Cash,Takeaway,104,Carlos
2024-02-19,9:30:00 PM,New York Strip,Entree,2,38,76,Credit Card,Dine-In,103,Emily
2024-09-18,2:00:00 PM,Chocolate Lava Cake,Dessert,4,9,36,Mobile Payment,Delivery,104,Carlos
2024-04-16,5:30:00 PM,Old Fashioned,Beverage,2,12,24,Credit Card,Takeaway,103,Emily
2024-07-12,7:45:00 PM,Chocolate Lava Cake,Dessert,12,9,108,Credit Card,Dine-In,102,Jake
2024-07-12,7:15:00 PM,Ribeye Steak,Entree,2,35,70,Credit Card,Delivery,102,Jake
2024-09-06,9:15:00 PM,Grilled Asparagus,Side,3,8,24,Mobile Payment,Dine-In,103,Emily
2024-10-22,1:15:00 PM,Truffle Fries,Side,5,8,40,Cash,Delivery,102,Jake
2024-09-04,11:45:00 AM,Mashed Potatoes,Side,5,7,35,Cash,Takeaway,101,Sarah
2024-01-23,3:00:00 PM,Grilled Asparagus,Side,2,8,16,Mobile Payment,Dine-In,101,Sarah
2024-10-05,6:15:00 PM,New York Strip,Entree,10,38,380,Cash,Takeaway,104,Carlos
2024-03-04,7:15:00 PM,Ribeye Steak,Entree,2,35,70,Mobile Payment,Dine-In,104,Carlos
2024-12-22,8:45:00 PM,Bourbon BBQ Burger,Entree,2,22,44,Credit Card,Takeaway,104,Carlos
2024-09-26,8:30:00 PM,Chocolate Lava Cake,Dessert,7,9,63,Credit Card,Delivery,105,Nina
2024-08-17,8:00:00 PM,Mashed Potatoes,Side,4,7,28,Cash,Dine-In,104,Carlos
2024-03-04,12:30:00 PM,Cabernet Sauvignon,Beverage,4,16,64,Credit Card,Takeaway,103,Emily
2024-09-21,10:00:00 PM,Cabernet Sauvignon,Beverage,12,16,192,Mobile Payment,Delivery,101,Sarah
2024-01-05,5:00:00 PM,Old Fashioned,Beverage,5,12,60,Mobile Payment,Delivery,103,Emily
2024-07-27,2:00:00 PM,Grilled Asparagus,Side,3,8,24,Cash,Dine-In,105,Nina
2024-08-24,4:30:00 PM,Old Fashioned,Beverage,4,12,48,Mobile Payment,Takeaway,101,Sarah
2024-08-02,8:30:00 PM,Chocolate Lava Cake,Dessert,8,9,72,Cash,Takeaway,105,Nina
2024-09-16,12:00:00 PM,Chocolate Lava Cake,Dessert,2,9,18,Mobile Payment,Delivery,105,Nina
2024-11-27,8:00:00 PM,Grilled Asparagus,Side,9,8,72,Cash,Delivery,101,Sarah
2024-02-28,2:00:00 PM,Old Fashioned,Beverage,1,12,12,Credit Card,Takeaway,103,Emily
2024-04-06,9:15:00 PM,Filet Mignon,Entree,7,42,294,Cash,Delivery,102,Jake
2024-08-03,12:15:00 PM,Filet Mignon,Entree,7,42,294,Mobile Payment,Delivery,103,Emily
2024-05-17,8:00:00 PM,Ribeye Steak,Entree,6,35,210,Mobile Payment,Delivery,101,Sarah
2024-05-04,6:15:00 PM,Chocolate Lava Cake,Dessert,6,9,54,Mobile Payment,Takeaway,103,Emily
2024-09-21,4:15:00 PM,Mashed Potatoes,Side,8,7,56,Cash,Delivery,105,Nina
2024-10-27,7:00:00 PM,New York Strip,Entree,9,38,342,Credit Card,Delivery,102,Jake
2024-11-05,9:15:00 PM,New York Strip,Entree,6,38,228,Credit Card,Dine-In,104,Carlos
2024-05-19,12:15:00 PM,Mashed Potatoes,Side,5,7,35,Cash,Delivery,103,Emily
2024-09-09,5:15:00 PM,Filet Mignon,Entree,4,42,168,Mobile Payment,Dine-In,104,Carlos
2024-01-20,12:45:00 PM,Caesar Salad,Appetizer,10,10,100,Mobile Payment,Takeaway,103,Emily
2024-05-12,12:15:00 PM,Truffle Fries,Side,7.5,8,60,Credit Card,Takeaway,102,Jake
2024-02-18,4:45:00 PM,Caesar Salad,Appetizer,1,10,10,Mobile Payment,Dine-In,101,Sarah
2024-08-28,8:45:00 PM,Cabernet Sauvignon,Beverage,7,16,112,Mobile Payment,Dine-In,105,Nina
2024-08-07,10:30:00 PM,Mashed Potatoes,Side,12,7,84,Mobile Payment,Takeaway,102,Jake
2024-11-18,3:00:00 PM,Cabernet Sauvignon,Beverage,5,16,80,Mobile Payment,Dine-In,101,Sarah
2024-08-23,6:15:00 PM,Mashed Potatoes,Side,2,7,14,Credit Card,Takeaway,105,Nina
2024-02-02,12:15:00 PM,Caesar Salad,Appetizer,6,10,60,Credit Card,Dine-In,104,Carlos
2024-08-19,11:45:00 AM,Truffle Fries,Side,2,8,16,Cash,Takeaway,102,Jake
2024-12-27,3:00:00 PM,Truffle Fries,Side,3,8,24,Credit Card,Dine-In,102,Jake
2024-11-26,1:30:00 PM,Filet Mignon,Entree,6,42,252,Mobile Payment,Delivery,102,Jake
2024-02-01,5:15:00 PM,New York Strip,Entree,4,38,152,Credit Card,Takeaway,103,Emily
2024-01-08,12:00:00 PM,Bourbon BBQ Burger,Entree,3,22,66,Credit Card,Takeaway,102,Jake
2024-05-31,7:30:00 PM,New York Strip,Entree,2,38,76,Cash,Delivery,103,Emily
2024-05-05,4:00:00 PM,Truffle Fries,Side,5,8,40,Credit Card,Takeaway,104,Carlos
2024-06-28,10:00:00 PM,Filet Mignon,Entree,10,42,420,Credit Card,Delivery,101,Sarah
2024-06-21,5:30:00 PM,Ribeye Steak,Entree,10,35,350,Mobile Payment,Takeaway,101,Sarah
2024-06-07,6:30:00 PM,Caesar Salad,Appetizer,11,10,110,Mobile Payment,Delivery,101,Sarah
2024-04-08,6:00:00 PM,Mashed Potatoes,Side,6,7,42,Mobile Payment,Dine-In,103,Emily
2024-06-15,12:00:00 PM,Cabernet Sauvignon,Beverage,4,16,64,Credit Card,Dine-In,101,Sarah
2024-01-14,9:15:00 PM,Mashed Potatoes,Side,8,7,56,Credit Card,Delivery,103,Emily
2024-04-02,10:15:00 PM,Ribeye Steak,Entree,4,35,140,Cash,Takeaway,104,Carlos
2024-12-30,5:45:00 PM,Chocolate Lava Cake,Dessert,7,9,63,Mobile Payment,Dine-In,102,Jake
2024-10-18,4:15:00 PM,Caesar Salad,Appetizer,9,10,90,Credit Card,Dine-In,105,Nina
2024-05-08,12:00:00 PM,Bourbon BBQ Burger,Entree,4,22,88,Cash,Delivery,101,Sarah
2024-11-14,2:30:00 PM,New York Strip,Entree,3,38,114,Mobile Payment,Delivery,102,Jake
2024-05-30,11:45:00 AM,Grilled Asparagus,Side,2,8,16,Mobile Payment,Delivery,102,Jake
2024-05-18,5:15:00 PM,Caesar Salad,Appetizer,5,10,50,Mobile Payment,Delivery,105,Nina
2024-11-05,2:15:00 PM,Shrimp Cocktail,Appetizer,2,14,28,Credit Card,Takeaway,101,Sarah
2024-09-26,5:45:00 PM,Chocolate Lava Cake,Dessert,6,9,54,Mobile Payment,Dine-In,105,Nina
2024-08-10,4:30:00 PM,New York Strip,Entree,5,38,190,Cash,Delivery,105,Nina
2024-03-31,5:15:00 PM,Cabernet Sauvignon,Beverage,6,16,96,Credit Card,Dine-In,104,Carlos
2024-05-17,2:30:00 PM,Ribeye Steak,Entree,8,35,280,Credit Card,Dine-In,105,Nina
2024-11-20,7:30:00 PM,Chocolate Lava Cake,Dessert,6,9,54,Credit Card,Delivery,101,Sarah
2024-05-07,8:45:00 PM,Chocolate Lava Cake,Dessert,8,9,72,Credit Card,Takeaway,102,Jake
2024-06-14,8:00:00 PM,Old Fashioned,Beverage,8,12,96,Credit Card,Dine-In,103,Emily
2024-08-22,12:15:00 PM,Ribeye Steak,Entree,1,35,35,Mobile Payment,Delivery,103,Emily
2024-05-20,1:45:00 PM,Caesar Salad,Appetizer,4,10,40,Credit Card,Delivery,105,Nina
2024-11-26,5:45:00 PM,Cabernet Sauvignon,Beverage,8,16,128,Credit Card,Takeaway,105,Nina
2024-10-02,8:30:00 PM,Old Fashioned,Beverage,2,12,24,Credit Card,Delivery,101,Sarah
2024-08-22,10:00:00 PM,Grilled Asparagus,Side,11,8,88,Cash,Dine-In,103,Emily
2024-11-14,6:00:00 PM,Filet Mignon,Entree,2,42,84,Cash,Delivery,103,Emily
2024-08-17,12:30:00 PM,Grilled Asparagus,Side,7,8,56,Credit Card,Takeaway,104,Carlos
2024-06-15,11:30:00 AM,Filet Mignon,Entree,9,42,378,Mobile Payment,Delivery,104,Carlos
2024-01-11,9:00:00 PM,Grilled Asparagus,Side,7,8,56,Mobile Payment,Takeaway,103,Emily
2024-10-15,10:15:00 PM,Caesar Salad,Appetizer,6,10,60,Mobile Payment,Dine-In,103,Emily
2024-11-08,9:45:00 PM,Chocolate Lava Cake,Dessert,10,9,90,Credit Card,Dine-In,103,Emily
2024-06-14,11:30:00 AM,Grilled Asparagus,Side,6,8,48,Mobile Payment,Delivery,102,Jake
2024-09-05,4:30:00 PM,Ribeye Steak,Entree,2,35,70,Mobile Payment,Delivery,103,Emily
2024-04-01,7:45:00 PM,Filet Mignon,Entree,9,42,378,Mobile Payment,Delivery,105,Nina
2024-03-26,4:45:00 PM,Filet Mignon,Entree,3,42,126,Cash,Dine-In,103,Emily
2024-01-29,9:15:00 PM,Cabernet Sauvignon,Beverage,6,16,96,Mobile Payment,Takeaway,104,Carlos
2024-03-29,5:30:00 PM,Cabernet Sauvignon,Beverage,2,16,32,Mobile Payment,Takeaway,102,Jake
2024-09-21,9:30:00 PM,Chocolate Lava Cake,Dessert,5,9,45,Mobile Payment,Takeaway,105,Nina
2024-01-27,9:45:00 PM,Caesar Salad,Appetizer,5,10,50,Mobile Payment,Takeaway,102,Jake
2024-01-10,10:00:00 PM,Ribeye Steak,Entree,2,35,70,Cash,Takeaway,105,Nina
2024-10-22,5:30:00 PM,Filet Mignon,Entree,9,42,378,Mobile Payment,Dine-In,101,Sarah
2024-05-30,9:30:00 PM,New York Strip,Entree,9,38,342,Credit Card,Takeaway,105,Nina
2024-07-11,6:00:00 PM,Caesar Salad,Appetizer,7,10,70,Credit Card,Takeaway,102,Jake
2024-01-27,2:45:00 PM,Caesar Salad,Appetizer,5,10,50,Credit Card,Delivery,103,Emily
2024-04-18,9:30:00 PM,Grilled Asparagus,Side,12,8,96,Mobile Payment,Takeaway,102,Jake
2024-04-29,12:00:00 PM,Bourbon BBQ Burger,Entree,2,22,44,Cash,Dine-In,103,Emily
2024-08-13,9:45:00 PM,Filet Mignon,Entree,7,42,294,Mobile Payment,Delivery,101,Sarah
2024-08-17,2:00:00 PM,Old Fashioned,Beverage,5,12,60,Credit Card,Takeaway,104,Carlos
2024-08-24,5:15:00 PM,Bourbon BBQ Burger,Entree,8,22,176,Cash,Takeaway,102,Jake
2024-07-19,6:30:00 PM,Truffle Fries,Side,2,8,16,Mobile Payment,Delivery,105,Nina
2024-11-05,6:45:00 PM,Shrimp Cocktail,Appetizer,9,14,126,Credit Card,Delivery,103,Emily
2024-12-16,3:15:00 PM,Shrimp Cocktail,Appetizer,5,14,70,Mobile Payment,Takeaway,102,Jake
2024-10-27,4:15:00 PM,Old Fashioned,Beverage,4,12,48,Credit Card,Dine-In,102,Jake
2024-08-31,5:45:00 PM,Grilled Asparagus,Side,12,8,96,Credit Card,Takeaway,101,Sarah
2024-05-15,1:00:00 PM,Old Fashioned,Beverage,4,12,48,Credit Card,Takeaway,101,Sarah
2024-06-06,8:45:00 PM,Mashed Potatoes,Side,3,7,21,Credit Card,Dine-In,101,Sarah
2024-06-11,6:15:00 PM,Bourbon BBQ Burger,Entree,4,22,88,Cash,Delivery,105,Nina
2024-01-30,11:00:00 AM,Chocolate Lava Cake,Dessert,3,9,27,Mobile Payment,Dine-In,104,Carlos
2024-07-09,5:30:00 PM,Truffle Fries,Side,8,8,64,Cash,Dine-In,103,Emily
2024-05-14,4:15:00 PM,Cabernet Sauvignon,Beverage,3,16,48,Mobile Payment,Delivery,104,Carlos
2024-07-06,2:30:00 PM,New York Strip,Entree,3,38,114,Mobile Payment,Dine-In,104,Carlos
2024-08-08,11:00:00 AM,Ribeye Steak,Entree,3,35,105,Credit Card,Dine-In,105,Nina
2024-02-10,12:00:00 PM,Truffle Fries,Side,4,8,32,Credit Card,Delivery,103,Emily
2024-08-03,12:00:00 PM,Chocolate Lava Cake,Dessert,8,9,72,Mobile Payment,Delivery,105,Nina
2024-07-23,4:00:00 PM,Filet Mignon,Entree,5,42,210,Cash,Delivery,103,Emily
2024-09-14,2:45:00 PM,Shrimp Cocktail,Appetizer,6,14,84,Credit Card,Dine-In,103,Emily
2024-06-05,6:45:00 PM,Grilled Asparagus,Side,2,8,16,Mobile Payment,Delivery,104,Carlos
2024-09-18,6:00:00 PM,Shrimp Cocktail,Appetizer,7,14,98,Mobile Payment,Delivery,104,Carlos
2024-07-23,9:45:00 PM,Cabernet Sauvignon,Beverage,4,16,64,Mobile Payment,Delivery,101,Sarah
2024-07-09,10:15:00 PM,Mashed Potatoes,Side,7,7,49,Credit Card,Delivery,105,Nina
2024-07-10,11:00:00 AM,Shrimp Cocktail,Appetizer,2,14,28,Mobile Payment,Dine-In,102,Jake
2024-01-02,10:15:00 PM,Chocolate Lava Cake,Dessert,4,9,36,Credit Card,Takeaway,103,Emily
2024-01-09,4:30:00 PM,Old Fashioned,Beverage,2,12,24,Mobile Payment,Delivery,104,Carlos
2024-03-30,1:00:00 PM,Shrimp Cocktail,Appetizer,2,14,28,Credit Card,Dine-In,102,Jake
2024-02-15,7:45:00 PM,Grilled Asparagus,Side,2,8,16,Credit Card,Takeaway,103,Emily
2024-08-18,2:15:00 PM,Cabernet Sauvignon,Beverage,6,16,96,Cash,Takeaway,104,Carlos
2024-09-13,4:15:00 PM,Shrimp Cocktail,Appetizer,6,14,84,Credit Card,Takeaway,102,Jake
2024-01-02,2:30:00 PM,Chocolate Lava Cake,Dessert,3,9,27,Credit Card,Dine-In,101,Sarah
2024-12-10,1:15:00 PM,Cabernet Sauvignon,Beverage,5,16,80,Mobile Payment,Dine-In,103,Emily
2024-02-12,7:45:00 PM,Grilled Asparagus,Side,7,8,56,Credit Card,Takeaway,103,Emily
2024-02-18,2:00:00 PM,Caesar Salad,Appetizer,3,10,30,Cash,Delivery,102,Jake
2024-01-05,1:30:00 PM,Cabernet Sauvignon,Beverage,5,16,80,Cash,Takeaway,104,Carlos
2024-06-11,7:00:00 PM,Mashed Potatoes,Side,3,7,21,Mobile Payment,Delivery,105,Nina
2024-07-05,9:15:00 PM,Truffle Fries,Side,2,8,16,Credit Card,Delivery,105,Nina
2024-06-16,4:00:00 PM,Chocolate Lava Cake,Dessert,5,9,45,Credit Card,Delivery,101,Sarah
2024-03-28,7:45:00 PM,Mashed Potatoes,Side,5,7,35,Mobile Payment,Dine-In,104,Carlos
2024-08-23,4:15:00 PM,Caesar Salad,Appetizer,7,10,70,Cash,Dine-In,105,Nina
2024-04-22,3:00:00 PM,Cabernet Sauvignon,Beverage,1,16,16,Mobile Payment,Dine-In,102,Jake
2024-09-29,12:30:00 PM,Grilled Asparagus,Side,2,8,16,Credit Card,Dine-In,105,Nina
2024-03-29,3:15:00 PM,Filet Mignon,Entree,7,42,294,Credit Card,Delivery,104,Carlos
2024-05-03,11:00:00 AM,New York Strip,Entree,2,38,76,Mobile Payment,Takeaway,102,Jake
2024-08-29,2:30:00 PM,Filet Mignon,Entree,1,42,42,Credit Card,Delivery,104,Carlos
2024-02-15,2:15:00 PM,Filet Mignon,Entree,2,42,84,Mobile Payment,Takeaway,103,Emily
2024-04-10,11:00:00 AM,Mashed Potatoes,Side,2,7,14,Cash,Dine-In,101,Sarah
2024-06-06,3:00:00 PM,Old Fashioned,Beverage,5,12,60,Mobile Payment,Dine-In,101,Sarah
2024-01-25,8:45:00 PM,Mashed Potatoes,Side,11,7,77,Mobile Payment,Takeaway,103,Emily
2024-06-12,6:45:00 PM,Truffle Fries,Side,7,8,56,Cash,Delivery,103,Emily
2024-06-15,3:00:00 PM,Cabernet Sauvignon,Beverage,4,16,64,Mobile Payment,Delivery,101,Sarah
2024-03-13,5:30:00 PM,Mashed Potatoes,Side,3,7,21,Cash,Takeaway,103,Emily
2024-12-16,12:00:00 PM,Ribeye Steak,Entree,4,35,140,Cash,Delivery,104,Carlos
2024-11-24,5:00:00 PM,Ribeye Steak,Entree,2,35,70,Mobile Payment,Delivery,105,Nina
2024-11-21,1:15:00 PM,Bourbon BBQ Burger,Entree,3,22,66,Cash,Delivery,101,Sarah
2024-07-26,7:15:00 PM,Grilled Asparagus,Side,10,8,80,Cash,Dine-In,101,Sarah
2024-11-20,6:30:00 PM,Bourbon BBQ Burger,Entree,8,22,176,Cash,Delivery,104,Carlos
2024-11-12,8:45:00 PM,New York Strip,Entree,2,38,76,Mobile Payment,Dine-In,103,Emily
2024-09-11,8:00:00 PM,Truffle Fries,Side,2,8,16,Cash,Takeaway,105,Nina
2024-04-27,1:30:00 PM,Old Fashioned,Beverage,3,12,36,Cash,Delivery,104,Carlos
2024-01-26,10:15:00 PM,New York Strip,Entree,3,38,114,Cash,Dine-In,104,Carlos
2024-05-16,7:30:00 PM,Chocolate Lava Cake,Dessert,8,9,72,Mobile Payment,Dine-In,103,Emily
2024-04-07,7:45:00 PM,Filet Mignon,Entree,5,42,210,Mobile Payment,Takeaway,101,Sarah
2024-05-31,4:15:00 PM,Truffle Fries,Side,1,8,8,Credit Card,Delivery,105,Nina
2024-11-24,11:15:00 AM,Bourbon BBQ Burger,Entree,5,22,110,Credit Card,Dine-In,104,Carlos
2024-01-23,3:00:00 PM,New York Strip,Entree,2,38,76,Credit Card,Dine-In,104,Carlos
2024-07-02,3:45:00 PM,Shrimp Cocktail,Appetizer,3,14,42,Credit Card,Delivery,105,Nina
2024-06-23,11:00:00 AM,Shrimp Cocktail,Appetizer,1,14,14,Mobile Payment,Delivery,105,Nina
2024-09-15,4:45:00 PM,Grilled Asparagus,Side,3,8,24,Cash,Dine-In,101,Sarah
2024-07-18,4:30:00 PM,Grilled Asparagus,Side,2,8,16,Cash,Delivery,105,Nina
2024-09-08,7:45:00 PM,Truffle Fries,Side,8,8,64,Credit Card,Takeaway,105,Nina
2024-11-15,2:00:00 PM,Caesar Salad,Appetizer,5,10,50,Mobile Payment,Dine-In,104,Carlos
2024-11-27,1:15:00 PM,Chocolate Lava Cake,Dessert,1,9,9,Cash,Dine-In,102,Jake
2024-10-11,5:00:00 PM,Shrimp Cocktail,Appetizer,9,14,126,Mobile Payment,Takeaway,104,Carlos
2024-02-10,8:00:00 PM,Caesar Salad,Appetizer,12,10,120,Cash,Dine-In,103,Emily
2024-03-03,10:30:00 PM,Cabernet Sauvignon,Beverage,11,16,176,Credit Card,Delivery,102,Jake
2024-10-13,1:30:00 PM,Shrimp Cocktail,Appetizer,1,14,14,Mobile Payment,Delivery,101,Sarah
2024-05-12,6:00:00 PM,Mashed Potatoes,Side,6,7,42,Credit Card,Takeaway,102,Jake
2024-10-14,2:30:00 PM,Filet Mignon,Entree,5,42,210,Credit Card,Dine-In,101,Sarah
2024-10-15,4:15:00 PM,New York Strip,Entree,4,38,152,Credit Card,Dine-In,105,Nina
2024-05-10,7:45:00 PM,Bourbon BBQ Burger,Entree,10,22,220,Mobile Payment,Takeaway,103,Emily
2024-07-13,10:15:00 PM,Chocolate Lava Cake,Dessert,4,9,36,Credit Card,Delivery,105,Nina
2024-12-05,1:15:00 PM,Cabernet Sauvignon,Beverage,2,16,32,Mobile Payment,Delivery,101,Sarah
2024-02-26,7:15:00 PM,New York Strip,Entree,5,38,190,Credit Card,Dine-In,101,Sarah
2024-08-11,7:30:00 PM,Grilled Asparagus,Side,9,8,72,Mobile Payment,Takeaway,104,Carlos
2024-09-05,5:45:00 PM,Cabernet Sauvignon,Beverage,2,16,32,Mobile Payment,Takeaway,103,Emily
2024-06-14,7:15:00 PM,Old Fashioned,Beverage,7,12,84,Mobile Payment,Takeaway,105,Nina
2024-06-15,8:45:00 PM,Mashed Potatoes,Side,4,7,28,Cash,Dine-In,103,Emily
2024-11-21,2:00:00 PM,Old Fashioned,Beverage,3,12,36,Credit Card,Delivery,103,Emily
2024-11-03,9:15:00 PM,Cabernet Sauvignon,Beverage,8,16,128,Credit Card,Takeaway,105,Nina
2024-12-28,6:30:00 PM,Filet Mignon,Entree,2,42,84,Mobile Payment,Delivery,103,Emily
2024-09-26,5:15:00 PM,Grilled Asparagus,Side,9,8,72,Credit Card,Dine-In,101,Sarah
2024-11-11,8:45:00 PM,Grilled Asparagus,Side,7,8,56,Credit Card,Dine-In,103,Emily
2024-11-09,5:30:00 PM,Mashed Potatoes,Side,2,7,14,Credit Card,Delivery,104,Carlos
2024-06-08,12:45:00 PM,Old Fashioned,Beverage,8,12,96,Mobile Payment,Takeaway,102,Jake
2024-01-05,11:15:00 AM,Mashed Potatoes,Side,7,7,49,Cash,Dine-In,101,Sarah
2024-07-21,2:00:00 PM,Filet Mignon,Entree,3,42,126,Mobile Payment,Takeaway,102,Jake
2024-03-29,3:15:00 PM,New York Strip,Entree,6,38,228,Credit Card,Delivery,102,Jake
2024-06-05,9:15:00 PM,Old Fashioned,Beverage,7,12,84,Credit Card,Delivery,101,Sarah
2024-10-17,9:30:00 PM,Grilled Asparagus,Side,2,8,16,Cash,Delivery,105,Nina
2024-01-18,3:00:00 PM,Caesar Salad,Appetizer,2,10,20,Credit Card,Delivery,101,Sarah
2024-02-06,4:15:00 PM,Old Fashioned,Beverage,2,12,24,Credit Card,Delivery,104,Carlos
2024-07-23,10:45:00 PM,Filet Mignon,Entree,7,42,294,Credit Card,Takeaway,103,Emily
2024-08-01,11:30:00 AM,Caesar Salad,Appetizer,5,10,50,Cash,Takeaway,101,Sarah
2024-11-10,5:45:00 PM,Shrimp Cocktail,Appetizer,9,14,126,Mobile Payment,Delivery,102,Jake
2024-09-10,1:00:00 PM,Bourbon BBQ Burger,Entree,3,22,66,Mobile Payment,Dine-In,104,Carlos
2024-12-22,3:00:00 PM,Filet Mignon,Entree,5,42,210,Mobile Payment,Dine-In,105,Nina
2024-06-27,5:45:00 PM,Truffle Fries,Side,5,8,40,Mobile Payment,Takeaway,101,Sarah
2024-03-28,12:30:00 PM,Mashed Potatoes,Side,2,7,14,Mobile Payment,Dine-In,101,Sarah
2024-12-10,6:45:00 PM,Mashed Potatoes,Side,7,7,49,Mobile Payment,Dine-In,101,Sarah
2024-03-22,5:15:00 PM,Grilled Asparagus,Side,5,8,40,Cash,Delivery,103,Emily
2024-07-22,6:30:00 PM,Shrimp Cocktail,Appetizer,9,14,126,Cash,Takeaway,105,Nina
2024-11-08,11:45:00 AM,Mashed Potatoes,Side,1,7,7,Mobile Payment,Delivery,105,Nina
2024-02-21,8:00:00 PM,Old Fashioned,Beverage,7,12,84,Credit Card,Takeaway,101,Sarah
2024-03-19,8:30:00 PM,Shrimp Cocktail,Appetizer,2,14,28,Credit Card,Delivery,102,Jake
2024-06-22,2:00:00 PM,Grilled Asparagus,Side,6,8,48,Mobile Payment,Delivery,102,Jake
2024-09-23,9:15:00 PM,Cabernet Sauvignon,Beverage,6,16,96,Mobile Payment,Delivery,104,Carlos
2024-05-19,6:45:00 PM,Grilled Asparagus,Side,7,8,56,Credit Card,Takeaway,105,Nina
2024-01-19,6:00:00 PM,Mashed Potatoes,Side,6,7,42,Credit Card,Delivery,105,Nina
2024-05-14,9:15:00 PM,Bourbon BBQ Burger,Entree,7,22,154,Cash,Takeaway,105,Nina
2024-08-29,9:45:00 PM,Filet Mignon,Entree,5,42,210,Credit Card,Delivery,102,Jake
2024-03-13,10:00:00 PM,Chocolate Lava Cake,Dessert,6,9,54,Mobile Payment,Dine-In,104,Carlos
2024-07-26,10:15:00 PM,Shrimp Cocktail,Appetizer,2,14,28,Credit Card,Dine-In,103,Emily
2024-10-30,6:45:00 PM,Filet Mignon,Entree,2,42,84,Mobile Payment,Dine-In,101,Sarah
2024-03-04,4:30:00 PM,Old Fashioned,Beverage,4,12,48,Cash,Takeaway,105,Nina
2024-05-14,2:00:00 PM,Bourbon BBQ Burger,Entree,3,22,66,Mobile Payment,Delivery,104,Carlos
2024-03-09,1:30:00 PM,Mashed Potatoes,Side,8,7,56,Mobile Payment,Takeaway,104,Carlos
2024-05-10,12:15:00 PM,Mashed Potatoes,Side,4,7,28,Mobile Payment,Delivery,104,Carlos
2024-06-07,12:45:00 PM,Cabernet Sauvignon,Beverage,4,16,64,Mobile Payment,Takeaway,104,Carlos
2024-04-19,8:30:00 PM,New York Strip,Entree,3,38,114,Cash,Delivery,103,Emily
2024-07-09,4:00:00 PM,Bourbon BBQ Burger,Entree,6,22,132,Credit Card,Takeaway,105,Nina
2024-06-03,6:30:00 PM,Cabernet Sauvignon,Beverage,2,16,32,Mobile Payment,Takeaway,104,Carlos
2024-01-23,1:30:00 PM,Bourbon BBQ Burger,Entree,1,22,22,Cash,Takeaway,102,Jake
2024-05-02,2:30:00 PM,Old Fashioned,Beverage,1,12,12,Credit Card,Dine-In,104,Carlos
2024-02-22,3:45:00 PM,Chocolate Lava Cake,Dessert,4,9,36,Mobile Payment,Delivery,101,Sarah
2024-05-10,10:45:00 PM,Bourbon BBQ Burger,Entree,12,22,264,Credit Card,Delivery,102,Jake
2024-05-28,12:30:00 PM,Truffle Fries,Side,3,8,24,Mobile Payment,Takeaway,101,Sarah
2024-09-22,10:15:00 PM,Old Fashioned,Beverage,6,12,72,Credit Card,Delivery,104,Carlos
2024-01-19,12:45:00 PM,Ribeye Steak,Entree,3,35,105,Mobile Payment,Takeaway,101,Sarah
2024-01-10,12:45:00 PM,Mashed Potatoes,Side,5,7,35,Mobile Payment,Dine-In,101,Sarah
2024-02-23,6:00:00 PM,Grilled Asparagus,Side,8,8,64,Mobile Payment,Delivery,103,Emily
2024-10-21,11:45:00 AM,Cabernet Sauvignon,Beverage,4,16,64,Mobile Payment,Delivery,102,Jake
2024-09-27,4:30:00 PM,Bourbon BBQ Burger,Entree,2,22,44,Credit Card,Delivery,102,Jake
2024-02-26,10:30:00 PM,Chocolate Lava Cake,Dessert,4,9,36,Mobile Payment,Delivery,105,Nina
2024-08-05,6:45:00 PM,Bourbon BBQ Burger,Entree,5,22,110,Credit Card,Dine-In,104,Carlos
2024-09-06,2:30:00 PM,Bourbon BBQ Burger,Entree,4,22,88,Mobile Payment,Delivery,105,Nina
2024-07-27,11:45:00 AM,Ribeye Steak,Entree,6,35,210,Cash,Dine-In,105,Nina
2024-10-02,2:30:00 PM,Filet Mignon,Entree,2,42,84,Cash,Takeaway,101,Sarah
2024-04-09,8:00:00 PM,Filet Mignon,Entree,5,42,210,Cash,Dine-In,105,Nina
2024-08-27,3:15:00 PM,Old Fashioned,Beverage,3,12,36,Mobile Payment,Dine-In,104,Carlos
2024-07-26,9:15:00 PM,Mashed Potatoes,Side,8,7,56,Mobile Payment,Delivery,105,Nina
2024-07-30,6:00:00 PM,Truffle Fries,Side,5,8,40,Mobile Payment,Dine-In,102,Jake
2024-12-26,9:00:00 PM,Bourbon BBQ Burger,Entree,2,22,44,Credit Card,Delivery,102,Jake
2024-07-05,9:45:00 PM,Mashed Potatoes,Side,10,7,70,Cash,Takeaway,101,Sarah
2024-09-19,1:30:00 PM,New York Strip,Entree,4,38,152,Cash,Delivery,104,Carlos
2024-10-29,3:00:00 PM,New York Strip,Entree,5,38,190,Mobile Payment,Takeaway,104,Carlos
2024-10-25,12:00:00 PM,New York Strip,Entree,3,38,114,Cash,Dine-In,101,Sarah
2024-05-15,9:15:00 PM,Mashed Potatoes,Side,4,7,28,Credit Card,Dine-In,101,Sarah
2024-10-26,6:15:00 PM,Mashed Potatoes,Side,10,7,70,Credit Card,Takeaway,103,Emily
2024-08-19,3:30:00 PM,Grilled Asparagus,Side,3,8,24,Mobile Payment,Dine-In,102,Jake
2024-07-10,9:30:00 PM,Shrimp Cocktail,Appetizer,5,14,70,Cash,Dine-In,105,Nina
2024-02-19,10:30:00 PM,Filet Mignon,Entree,5,42,210,Credit Card,Takeaway,102,Jake
2024-09-18,11:30:00 AM,New York Strip,Entree,1,38,38,Cash,Delivery,105,Nina
2024-02-21,10:15:00 PM,Old Fashioned,Beverage,9,12,108,Mobile Payment,Takeaway,101,Sarah
2024-10-01,3:45:00 PM,Filet Mignon,Entree,4,42,168,Credit Card,Delivery,102,Jake
2024-03-25,11:00:00 AM,Shrimp Cocktail,Appetizer,4,14,56,Cash,Dine-In,102,Jake
2024-06-14,3:00:00 PM,Filet Mignon,Entree,1,42,42,Cash,Takeaway,102,Jake
2024-10-04,2:45:00 PM,Ribeye Steak,Entree,3,35,105,Cash,Delivery,104,Carlos
2024-07-21,3:45:00 PM,Old Fashioned,Beverage,1,12,12,Mobile Payment,Delivery,101,Sarah
2024-08-03,9:45:00 PM,Grilled Asparagus,Side,2,8,16,Mobile Payment,Dine-In,104,Carlos
2024-07-12,1:30:00 PM,Ribeye Steak,Entree,6,35,210,Credit Card,Delivery,104,Carlos
2024-12-18,12:45:00 PM,New York Strip,Entree,1,38,38,Credit Card,Dine-In,101,Sarah
2024-05-24,7:45:00 PM,Cabernet Sauvignon,Beverage,2,16,32,Mobile Payment,Takeaway,101,Sarah
2024-09-13,5:15:00 PM,Ribeye Steak,Entree,4,35,140,Mobile Payment,Dine-In,104,Carlos
2024-06-01,9:30:00 PM,Grilled Asparagus,Side,6,8,48,Mobile Payment,Takeaway,104,Carlos
2024-06-01,12:00:00 PM,Grilled Asparagus,Side,2,8,16,Credit Card,Delivery,102,Jake
2024-11-07,9:00:00 PM,Grilled Asparagus,Side,6,8,48,Mobile Payment,Dine-In,105,Nina
2024-12-29,6:00:00 PM,Caesar Salad,Appetizer,7,10,70,Cash,Takeaway,101,Sarah
2024-12-27,8:45:00 PM,Bourbon BBQ Burger,Entree,2,22,44,Cash,Delivery,101,Sarah
2024-07-10,7:00:00 PM,Caesar Salad,Appetizer,7,10,70,Mobile Payment,Dine-In,105,Nina
2024-07-19,6:00:00 PM,Old Fashioned,Beverage,6,12,72,Cash,Dine-In,103,Emily
2024-05-06,12:15:00 PM,Bourbon BBQ Burger,Entree,4,22,88,Mobile Payment,Dine-In,103,Emily
2024-03-28,5:00:00 PM,New York Strip,Entree,3,38,114,Cash,Takeaway,105,Nina
2024-01-13,7:45:00 PM,Mashed Potatoes,Side,7,7,49,Mobile Payment,Dine-In,102,Jake
2024-11-04,2:15:00 PM,Mashed Potatoes,Side,5,7,35,Cash,Delivery,103,Emily
2024-04-08,9:00:00 PM,Ribeye Steak,Entree,8,35,280,Credit Card,Takeaway,102,Jake
2024-06-16,12:45:00 PM,Shrimp Cocktail,Appetizer,3,14,42,Credit Card,Takeaway,105,Nina
2024-04-21,10:30:00 PM,Filet Mignon,Entree,2,42,84,Cash,Delivery,101,Sarah
2024-06-04,11:00:00 AM,New York Strip,Entree,5,38,190,Cash,Dine-In,101,Sarah
2024-10-19,4:30:00 PM,Cabernet Sauvignon,Beverage,10,16,160,Mobile Payment,Takeaway,105,Nina
2024-10-23,11:15:00 AM,Mashed Potatoes,Side,4,7,28,Credit Card,Dine-In,104,Carlos
2024-09-09,12:45:00 PM,Truffle Fries,Side,1,8,8,Cash,Dine-In,103,Emily
2024-07-29,7:45:00 PM,Ribeye Steak,Entree,9,35,315,Credit Card,Dine-In,102,Jake
2024-05-09,10:45:00 PM,Ribeye Steak,Entree,7,35,245,Cash,Takeaway,103,Emily
2024-10-03,2:30:00 PM,Caesar Salad,Appetizer,2,10,20,Credit Card,Takeaway,105,Nina
2024-05-12,12:45:00 PM,Grilled Asparagus,Side,4.5,8,36,Credit Card,Delivery,104,Carlos
2024-02-01,11:45:00 AM,Shrimp Cocktail,Appetizer,2,14,28,Credit Card,Takeaway,105,Nina
2024-08-20,9:15:00 PM,Filet Mignon,Entree,7,42,294,Cash,Dine-In,102,Jake
2024-04-25,1:30:00 PM,Chocolate Lava Cake,Dessert,5,9,45,Mobile Payment,Delivery,104,Carlos
2024-06-19,6:30:00 PM,Mashed Potatoes,Side,2,7,14,Cash,Takeaway,105,Nina
2024-05-23,7:00:00 PM,Chocolate Lava Cake,Dessert,6,9,54,Mobile Payment,Takeaway,102,Jake
2024-02-29,7:00:00 PM,Mashed Potatoes,Side,7,7,49,Cash,Takeaway,103,Emily
2024-03-24,6:00:00 PM,Old Fashioned,Beverage,10,12,120,Mobile Payment,Takeaway,105,Nina
2024-06-02,6:45:00 PM,Filet Mignon,Entree,2,42,84,Cash,Dine-In,104,Carlos
2024-10-21,6:45:00 PM,Shrimp Cocktail,Appetizer,7,14,98,Credit Card,Takeaway,103,Emily
2024-08-02,4:45:00 PM,New York Strip,Entree,8,38,304,Mobile Payment,Takeaway,102,Jake
2024-03-26,5:15:00 PM,Shrimp Cocktail,Appetizer,11,14,154,Credit Card,Takeaway,101,Sarah
2024-04-14,8:00:00 PM,Chocolate Lava Cake,Dessert,11,9,99,Credit Card,Delivery,104,Carlos
2024-09-27,4:45:00 PM,Ribeye Steak,Entree,6,35,210,Credit Card,Delivery,105,Nina
2024-11-01,1:45:00 PM,Filet Mignon,Entree,3,42,126,Mobile Payment,Dine-In,104,Carlos
2024-10-07,6:00:00 PM,Chocolate Lava Cake,Dessert,8,9,72,Credit Card,Takeaway,104,Carlos
2024-11-01,4:45:00 PM,Ribeye Steak,Entree,3,35,105,Mobile Payment,Delivery,104,Carlos
2024-03-14,5:15:00 PM,Old Fashioned,Beverage,7,12,84,Mobile Payment,Dine-In,104,Carlos
2024-02-05,9:00:00 PM,Ribeye Steak,Entree,9,35,315,Cash,Takeaway,101,Sarah
2024-03-07,7:45:00 PM,New York Strip,Entree,5,38,190,Mobile Payment,Dine-In,104,Carlos
2024-10-03,9:15:00 PM,Shrimp Cocktail,Appetizer,5,14,70,Cash,Dine-In,102,Jake
2024-12-16,2:00:00 PM,New York Strip,Entree,2,38,76,Mobile Payment,Delivery,102,Jake
2024-05-09,3:45:00 PM,Ribeye Steak,Entree,3,35,105,Mobile Payment,Dine-In,104,Carlos
2024-10-16,3:15:00 PM,Bourbon BBQ Burger,Entree,1,22,22,Credit Card,Delivery,103,Emily
2024-12-01,1:15:00 PM,Mashed Potatoes,Side,4,7,28,Mobile Payment,Takeaway,103,Emily
2024-03-12,8:30:00 PM,Filet Mignon,Entree,5,42,210,Mobile Payment,Takeaway,102,Jake
2024-09-03,10:00:00 PM,Ribeye Steak,Entree,7,35,245,Credit Card,Takeaway,105,Nina
2024-10-11,4:30:00 PM,Cabernet Sauvignon,Beverage,6,16,96,Credit Card,Dine-In,101,Sarah
2024-02-29,8:00:00 PM,Shrimp Cocktail,Appetizer,4,14,56,Credit Card,Takeaway,103,Emily
2024-03-14,7:00:00 PM,Mashed Potatoes,Side,4,7,28,Credit Card,Takeaway,103,Emily
2024-03-08,4:30:00 PM,Ribeye Steak,Entree,6,35,210,Mobile Payment,Takeaway,105,Nina
2024-09-28,9:45:00 PM,Cabernet Sauvignon,Beverage,8,16,128,Cash,Delivery,102,Jake
2024-01-22,2:15:00 PM,New York Strip,Entree,1,38,38,Cash,Dine-In,104,Carlos
2024-01-18,12:30:00 PM,Cabernet Sauvignon,Beverage,4,16,64,Credit Card,Dine-In,105,Nina
2024-10-22,9:15:00 PM,Cabernet Sauvignon,Beverage,9,16,144,Mobile Payment,Delivery,104,Carlos
2024-03-22,7:45:00 PM,Caesar Salad,Appetizer,2,10,20,Credit Card,Dine-In,103,Emily
2024-10-17,4:45:00 PM,New York Strip,Entree,5,38,190,Cash,Takeaway,105,Nina
2024-07-19,3:30:00 PM,Filet Mignon,Entree,5,42,210,Cash,Dine-In,102,Jake
2024-04-03,7:00:00 PM,Old Fashioned,Beverage,2,12,24,Cash,Takeaway,101,Sarah
2024-12-25,11:15:00 AM,Cabernet Sauvignon,Beverage,5,16,80,Credit Card,Takeaway,101,Sarah
2024-03-17,11:15:00 AM,Bourbon BBQ Burger,Entree,2,22,44,Mobile Payment,Delivery,101,Sarah
2024-02-12,10:45:00 PM,Mashed Potatoes,Side,5,7,35,Credit Card,Takeaway,101,Sarah
2024-07-22,3:45:00 PM,Chocolate Lava Cake,Dessert,2,9,18,Mobile Payment,Delivery,101,Sarah
2024-01-29,3:45:00 PM,Grilled Asparagus,Side,2,8,16,Credit Card,Takeaway,101,Sarah
2024-02-20,4:15:00 PM,Grilled Asparagus,Side,4,8,32,Credit Card,Takeaway,103,Emily
2024-03-28,11:15:00 AM,Truffle Fries,Side,3,8,24,Cash,Takeaway,105,Nina
2024-06-23,3:15:00 PM,Caesar Salad,Appetizer,1,10,10,Mobile Payment,Takeaway,105,Nina
2024-09-09,1:15:00 PM,Truffle Fries,Side,5,8,40,Cash,Takeaway,105,Nina
2024-12-28,9:00:00 PM,Grilled Asparagus,Side,2,8,16,Cash,Takeaway,103,Emily
2024-08-16,8:15:00 PM,Caesar Salad,Appetizer,4,10,40,Credit Card,Takeaway,101,Sarah
2024-05-17,10:30:00 PM,Cabernet Sauvignon,Beverage,2,16,32,Mobile Payment,Delivery,104,Carlos
2024-01-04,12:30:00 PM,Ribeye Steak,Entree,1,35,35,Mobile Payment,Takeaway,104,Carlos
2024-11-07,6:15:00 PM,Ribeye Steak,Entree,12,35,420,Cash,Takeaway,101,Sarah
2024-10-19,1:00:00 PM,Filet Mignon,Entree,9,42,378,Cash,Delivery,103,Emily
2024-03-05,2:15:00 PM,Truffle Fries,Side,2,8,16,Mobile Payment,Takeaway,101,Sarah
2024-05-17,8:15:00 PM,Old Fashioned,Beverage,10,12,120,Credit Card,Delivery,102,Jake
2024-10-30,12:30:00 PM,Cabernet Sauvignon,Beverage,4,16,64,Credit Card,Dine-In,101,Sarah
2024-08-07,2:45:00 PM,Filet Mignon,Entree,2,42,84,Mobile Payment,Dine-In,101,Sarah
2024-08-26,4:45:00 PM,Shrimp Cocktail,Appetizer,1,14,14,Credit Card,Dine-In,103,Emily
2024-10-14,6:15:00 PM,Chocolate Lava Cake,Dessert,7,9,63,Cash,Takeaway,102,Jake
2024-06-26,8:00:00 PM,Cabernet Sauvignon,Beverage,9,16,144,Cash,Delivery,101,Sarah
2024-04-01,3:45:00 PM,Truffle Fries,Side,4,8,32,Cash,Delivery,104,Carlos
2024-12-28,6:45:00 PM,New York Strip,Entree,6,38,228,Credit Card,Dine-In,103,Emily
2024-04-11,9:30:00 PM,Shrimp Cocktail,Appetizer,10,14,140,Credit Card,Delivery,104,Carlos
2024-03-25,8:45:00 PM,Mashed Potatoes,Side,9,7,63,Cash,Takeaway,104,Carlos
2024-12-30,3:15:00 PM,Cabernet Sauvignon,Beverage,1,16,16,Cash,Delivery,105,Nina
2024-01-25,2:30:00 PM,Cabernet Sauvignon,Beverage,1,16,16,Mobile Payment,Takeaway,102,Jake
2024-05-30,6:45:00 PM,Ribeye Steak,Entree,2,35,70,Mobile Payment,Dine-In,105,Nina
2024-05-26,11:00:00 AM,Grilled Asparagus,Side,3,8,24,Credit Card,Dine-In,104,Carlos
2024-07-31,1:30:00 PM,New York Strip,Entree,3,38,114,Credit Card,Delivery,102,Jake
2024-03-05,4:30:00 PM,Chocolate Lava Cake,Dessert,2,9,18,Cash,Dine-In,104,Carlos
2024-11-02,2:00:00 PM,Chocolate Lava Cake,Dessert,2,9,18,Mobile Payment,Takeaway,101,Sarah
2024-02-21,9:30:00 PM,New York Strip,Entree,9,38,342,Cash,Dine-In,101,Sarah
2024-08-23,1:15:00 PM,Grilled Asparagus,Side,4,8,32,Cash,Takeaway,104,Carlos
2024-06-17,5:00:00 PM,Ribeye Steak,Entree,2,35,70,Mobile Payment,Takeaway,102,Jake
2024-11-08,2:15:00 PM,Mashed Potatoes,Side,9,7,63,Mobile Payment,Delivery,103,Emily
2024-08-17,3:15:00 PM,New York Strip,Entree,9,38,342,Mobile Payment,Delivery,102,Jake
2024-11-27,4:45:00 PM,Bourbon BBQ Burger,Entree,3,22,66,Mobile Payment,Takeaway,104,Carlos
2024-02-12,4:15:00 PM,Chocolate Lava Cake,Dessert,1,9,9,Cash,Dine-In,104,Carlos
2024-03-24,10:30:00 PM,Old Fashioned,Beverage,4,12,48,Credit Card,Takeaway,101,Sarah
2024-01-22,10:15:00 PM,New York Strip,Entree,9,38,342,Mobile Payment,Dine-In,105,Nina
2024-01-20,10:00:00 PM,Grilled Asparagus,Side,6,8,48,Credit Card,Takeaway,101,Sarah
2024-11-26,3:30:00 PM,New York Strip,Entree,4,38,152,Mobile Payment,Takeaway,102,Jake
2024-12-27,4:30:00 PM,Shrimp Cocktail,Appetizer,1,14,14,Mobile Payment,Takeaway,102,Jake
2024-11-24,2:00:00 PM,Grilled Asparagus,Side,4,8,32,Credit Card,Delivery,102,Jake
2024-12-27,10:00:00 PM,Truffle Fries,Side,7,8,56,Credit Card,Takeaway,103,Emily
2024-10-19,2:15:00 PM,Shrimp Cocktail,Appetizer,4,14,56,Mobile Payment,Delivery,104,Carlos
2024-10-27,11:30:00 AM,Mashed Potatoes,Side,2,7,14,Mobile Payment,Delivery,105,Nina
2024-04-03,10:30:00 PM,New York Strip,Entree,8,38,304,Credit Card,Delivery,102,Jake
2024-06-20,6:15:00 PM,Caesar Salad,Appetizer,9,10,90,Cash,Dine-In,102,Jake
2024-01-11,6:15:00 PM,Shrimp Cocktail,Appetizer,6,14,84,Cash,Delivery,102,Jake
2024-01-26,1:15:00 PM,Grilled Asparagus,Side,4,8,32,Cash,Dine-In,102,Jake
2024-05-30,6:30:00 PM,Ribeye Steak,Entree,11,35,385,Mobile Payment,Takeaway,102,Jake
2024-12-31,6:15:00 PM,Ribeye Steak,Entree,5.2,35,182,Cash,Takeaway,101,Sarah
2024-06-14,12:45:00 PM,Ribeye Steak,Entree,3,35,105,Cash,Dine-In,103,Emily
2024-02-19,11:45:00 AM,Truffle Fries,Side,1,8,8,Credit Card,Takeaway,103,Emily
2024-09-30,6:00:00 PM,Chocolate Lava Cake,Dessert,5,9,45,Mobile Payment,Delivery,101,Sarah
2024-05-19,1:15:00 PM,Bourbon BBQ Burger,Entree,3,22,66,Credit Card,Takeaway,103,Emily
2024-02-06,12:15:00 PM,Mashed Potatoes,Side,2,7,14,Cash,Dine-In,103,Emily
2024-04-29,7:00:00 PM,Old Fashioned,Beverage,10,12,120,Cash,Delivery,101,Sarah
2024-05-07,10:30:00 PM,Ribeye Steak,Entree,5,35,175,Mobile Payment,Delivery,102,Jake
2024-12-18,3:30:00 PM,Filet Mignon,Entree,5,42,210,Mobile Payment,Takeaway,101,Sarah
2024-06-19,10:45:00 PM,Mashed Potatoes,Side,6,7,42,Credit Card,Dine-In,104,Carlos
2024-08-09,2:15:00 PM,Cabernet Sauvignon,Beverage,3,16,48,Credit Card,Takeaway,102,Jake
2024-01-09,5:00:00 PM,Truffle Fries,Side,9,8,72,Cash,Dine-In,105,Nina
2024-12-02,4:45:00 PM,Caesar Salad,Appetizer,3,10,30,Cash,Dine-In,101,Sarah
2024-08-22,5:00:00 PM,Mashed Potatoes,Side,2,7,14,Credit Card,Dine-In,101,Sarah
2024-06-09,8:45:00 PM,Cabernet Sauvignon,Beverage,6,16,96,Mobile Payment,Delivery,104,Carlos
2024-10-31,6:45:00 PM,Filet Mignon,Entree,7,42,294,Cash,Delivery,102,Jake
2024-12-20,5:00:00 PM,Cabernet Sauvignon,Beverage,2,16,32,Mobile Payment,Delivery,101,Sarah
2024-02-25,11:00:00 AM,Shrimp Cocktail,Appetizer,3,14,42,Mobile Payment,Dine-In,101,Sarah
2024-04-20,8:15:00 PM,Old Fashioned,Beverage,11,12,132,Mobile Payment,Delivery,105,Nina
2024-02-20,7:15:00 PM,Ribeye Steak,Entree,7,35,245,Credit Card,Delivery,101,Sarah
2024-07-16,2:00:00 PM,Grilled Asparagus,Side,4,8,32,Credit Card,Delivery,105,Nina
2024-06-29,12:30:00 PM,Grilled Asparagus,Side,9,8,72,Cash,Takeaway,101,Sarah
2024-12-04,8:45:00 PM,Mashed Potatoes,Side,7,7,49,Mobile Payment,Delivery,102,Jake
2024-07-13,6:15:00 PM,Cabernet Sauvignon,Beverage,2,16,32,Cash,Takeaway,102,Jake
2024-12-31,6:15:00 PM,Ribeye Steak,Entree,11.7,35,409.5,Cash,Delivery,103,Emily
2024-08-17,1:15:00 PM,Old Fashioned,Beverage,4,12,48,Credit Card,Takeaway,103,Emily
2024-01-10,6:15:00 PM,Truffle Fries,Side,2,8,16,Mobile Payment,Dine-In,101,Sarah
2024-07-23,8:45:00 PM,Cabernet Sauvignon,Beverage,10,16,160,Mobile Payment,Delivery,105,Nina
2024-07-09,12:30:00 PM,Mashed Potatoes,Side,3,7,21,Mobile Payment,Delivery,102,Jake
2024-07-29,6:00:00 PM,Shrimp Cocktail,Appetizer,7,14,98,Credit Card,Takeaway,105,Nina
2024-01-19,5:45:00 PM,Cabernet Sauvignon,Beverage,11,16,176,Mobile Payment,Takeaway,104,Carlos
2024-07-09,12:30:00 PM,Old Fashioned,Beverage,1,12,12,Cash,Takeaway,103,Emily
2024-06-30,5:00:00 PM,Mashed Potatoes,Side,11,7,77,Credit Card,Takeaway,102,Jake
2024-06-04,2:00:00 PM,Cabernet Sauvignon,Beverage,1,16,16,Mobile Payment,Delivery,104,Carlos
2024-04-17,8:15:00 PM,Ribeye Steak,Entree,2,35,70,Cash,Takeaway,105,Nina
2024-06-26,5:30:00 PM,Caesar Salad,Appetizer,4,10,40,Credit Card,Delivery,104,Carlos
2024-09-03,2:00:00 PM,Bourbon BBQ Burger,Entree,2,22,44,Cash,Takeaway,104,Carlos
2024-12-18,7:45:00 PM,Filet Mignon,Entree,9,42,378,Cash,Takeaway,101,Sarah
2024-07-09,3:45:00 PM,Bourbon BBQ Burger,Entree,2,22,44,Cash,Dine-In,102,Jake
2024-05-14,9:00:00 PM,New York Strip,Entree,5,38,190,Credit Card,Takeaway,103,Emily
2024-01-13,9:00:00 PM,Mashed Potatoes,Side,6,7,42,Mobile Payment,Dine-In,105,Nina
2024-01-19,9:15:00 PM,Chocolate Lava Cake,Dessert,8,9,72,Credit Card,Delivery,104,Carlos
2024-05-01,7:45:00 PM,New York Strip,Entree,6,38,228,Credit Card,Dine-In,104,Carlos
2024-04-19,11:15:00 AM,Shrimp Cocktail,Appetizer,3,14,42,Mobile Payment,Dine-In,101,Sarah
2024-01-15,11:00:00 AM,Shrimp Cocktail,Appetizer,2,14,28,Credit Card,Dine-In,105,Nina
2024-06-06,8:15:00 PM,Ribeye Steak,Entree,10,35,350,Mobile Payment,Delivery,103,Emily
2024-02-24,6:45:00 PM,Mashed Potatoes,Side,6,7,42,Credit Card,Takeaway,102,Jake
2024-09-19,8:45:00 PM,Truffle Fries,Side,4,8,32,Credit Card,Dine-In,105,Nina
2024-11-06,5:15:00 PM,New York Strip,Entree,6,38,228,Cash,Takeaway,103,Emily
2024-11-19,5:00:00 PM,Ribeye Steak,Entree,4,35,140,Cash,Dine-In,101,Sarah
2024-03-07,2:30:00 PM,Ribeye Steak,Entree,3,35,105,Credit Card,Delivery,104,Carlos
2024-08-19,12:15:00 PM,Mashed Potatoes,Side,1,7,7,Mobile Payment,Takeaway,105,Nina
2024-10-15,10:00:00 PM,Shrimp Cocktail,Appetizer,2,14,28,Mobile Payment,Delivery,102,Jake
2024-09-16,11:30:00 AM,Filet Mignon,Entree,4,42,168,Credit Card,Takeaway,101,Sarah
2024-12-29,7:00:00 PM,New York Strip,Entree,5,38,190,Mobile Payment,Dine-In,104,Carlos
2024-09-26,7:30:00 PM,Shrimp Cocktail,Appetizer,8,14,112,Mobile Payment,Delivery,101,Sarah
2024-10-25,7:45:00 PM,Caesar Salad,Appetizer,7,10,70,Cash,Takeaway,102,Jake
2024-08-30,5:30:00 PM,Cabernet Sauvignon,Beverage,5,16,80,Credit Card,Takeaway,102,Jake
2024-01-08,1:15:00 PM,Shrimp Cocktail,Appetizer,6,14,84,Cash,Takeaway,105,Nina
2024-10-05,5:15:00 PM,Truffle Fries,Side,2,8,16,Cash,Takeaway,102,Jake
2024-08-24,12:30:00 PM,Mashed Potatoes,Side,2,7,14,Cash,Dine-In,101,Sarah
2024-09-29,11:15:00 AM,Grilled Asparagus,Side,4,8,32,Mobile Payment,Delivery,101,Sarah
2024-05-14,12:15:00 PM,Bourbon BBQ Burger,Entree,4,22,88,Credit Card,Dine-In,104,Carlos
2024-02-13,11:30:00 AM,Old Fashioned,Beverage,1,12,12,Mobile Payment,Delivery,101,Sarah
2024-02-22,8:15:00 PM,Truffle Fries,Side,6,8,48,Credit Card,Delivery,105,Nina
2024-03-14,3:45:00 PM,Grilled Asparagus,Side,6,8,48,Mobile Payment,Delivery,102,Jake
2024-05-28,12:00:00 PM,Caesar Salad,Appetizer,3,10,30,Cash,Takeaway,101,Sarah
2024-04-11,12:00:00 PM,Filet Mignon,Entree,5,42,210,Mobile Payment,Dine-In,103,Emily
2024-01-05,4:00:00 PM,Truffle Fries,Side,3,8,24,Cash,Takeaway,101,Sarah
2024-08-15,8:00:00 PM,Shrimp Cocktail,Appetizer,6,14,84,Credit Card,Dine-In,105,Nina
2024-07-03,5:00:00 PM,Chocolate Lava Cake,Dessert,6,9,54,Cash,Takeaway,104,Carlos
2024-02-21,3:45:00 PM,Cabernet Sauvignon,Beverage,2,16,32,Cash,Dine-In,102,Jake
2024-02-23,3:30:00 PM,Grilled Asparagus,Side,4,8,32,Credit Card,Takeaway,102,Jake
2024-03-19,6:30:00 PM,Bourbon BBQ Burger,Entree,7,22,154,Mobile Payment,Takeaway,101,Sarah
2024-08-20,10:30:00 PM,Ribeye Steak,Entree,3,35,105,Cash,Takeaway,103,Emily
2024-05-12,8:45:00 PM,Ribeye Steak,Entree,18,35,630,Cash,Dine-In,105,Nina
2024-02-24,10:15:00 PM,Grilled Asparagus,Side,11,8,88,Credit Card,Dine-In,102,Jake
2024-11-18,5:30:00 PM,Filet Mignon,Entree,2,42,84,Credit Card,Dine-In,102,Jake
2024-03-26,5:45:00 PM,Mashed Potatoes,Side,4,7,28,Cash,Delivery,105,Nina
2024-01-24,4:45:00 PM,Grilled Asparagus,Side,2,8,16,Cash,Delivery,101,Sarah
2024-02-11,11:45:00 AM,Bourbon BBQ Burger,Entree,3,22,66,Credit Card,Takeaway,101,Sarah
2024-03-25,4:15:00 PM,Grilled Asparagus,Side,1,8,8,Credit Card,Takeaway,101,Sarah
2024-02-01,3:45:00 PM,Shrimp Cocktail,Appetizer,4,14,56,Credit Card,Takeaway,105,Nina
2024-06-02,7:45:00 PM,Bourbon BBQ Burger,Entree,9,22,198,Mobile Payment,Delivery,103,Emily
2024-09-17,3:00:00 PM,Old Fashioned,Beverage,1,12,12,Mobile Payment,Dine-In,104,Carlos
2024-02-24,11:00:00 AM,Old Fashioned,Beverage,7,12,84,Cash,Dine-In,104,Carlos
2024-09-05,2:45:00 PM,Mashed Potatoes,Side,5,7,35,Credit Card,Delivery,102,Jake
2024-04-13,11:45:00 AM,Cabernet Sauvignon,Beverage,2,16,32,Cash,Dine-In,104,Carlos
2024-02-24,8:45:00 PM,Ribeye Steak,Entree,2,35,70,Credit Card,Delivery,101,Sarah
2024-03-28,12:30:00 PM,Shrimp Cocktail,Appetizer,3,14,42,Cash,Takeaway,103,Emily
2024-10-30,5:45:00 PM,Shrimp Cocktail,Appetizer,4,14,56,Cash,Dine-In,105,Nina
2024-06-04,9:45:00 PM,Truffle Fries,Side,6,8,48,Credit Card,Dine-In,102,Jake
2024-10-17,12:45:00 PM,Bourbon BBQ Burger,Entree,1,22,22,Cash,Delivery,102,Jake
2024-07-03,2:00:00 PM,Ribeye Steak,Entree,4,35,140,Mobile Payment,Delivery,105,Nina
2024-10-25,1:45:00 PM,Bourbon BBQ Burger,Entree,7,22,154,Credit Card,Dine-In,104,Carlos
2024-02-27,10:45:00 PM,Bourbon BBQ Burger,Entree,7,22,154,Cash,Dine-In,104,Carlos
2024-04-20,8:30:00 PM,Grilled Asparagus,Side,4,8,32,Credit Card,Delivery,104,Carlos
2024-03-18,2:30:00 PM,Cabernet Sauvignon,Beverage,4,16,64,Credit Card,Delivery,102,Jake
2024-11-14,1:45:00 PM,Bourbon BBQ Burger,Entree,3,22,66,Mobile Payment,Takeaway,101,Sarah
2024-05-13,10:00:00 PM,Caesar Salad,Appetizer,5,10,50,Mobile Payment,Dine-In,101,Sarah
2024-09-03,8:45:00 PM,Old Fashioned,Beverage,2,12,24,Credit Card,Dine-In,103,Emily
2024-07-05,7:00:00 PM,Old Fashioned,Beverage,3,12,36,Credit Card,Takeaway,105,Nina
2024-03-05,12:00:00 PM,Grilled Asparagus,Side,2,8,16,Credit Card,Dine-In,104,Carlos
2024-12-23,8:15:00 PM,Mashed Potatoes,Side,6,7,42,Credit Card,Takeaway,104,Carlos
2024-04-16,8:45:00 PM,Ribeye Steak,Entree,2,35,70,Credit Card,Delivery,103,Emily
2024-07-03,6:00:00 PM,Caesar Salad,Appetizer,8,10,80,Mobile Payment,Dine-In,103,Emily
2024-12-04,1:45:00 PM,Truffle Fries,Side,1,8,8,Mobile Payment,Delivery,104,Carlos
2024-07-22,10:15:00 PM,Mashed Potatoes,Side,7,7,49,Cash,Delivery,101,Sarah
2024-06-17,11:15:00 AM,Grilled Asparagus,Side,1,8,8,Cash,Dine-In,101,Sarah
2024-02-26,9:00:00 PM,Filet Mignon,Entree,7,42,294,Credit Card,Dine-In,104,Carlos
2024-02-06,8:45:00 PM,Caesar Salad,Appetizer,10,10,100,Credit Card,Takeaway,105,Nina
2024-11-16,7:00:00 PM,New York Strip,Entree,2,38,76,Cash,Dine-In,101,Sarah
2024-12-10,10:15:00 PM,Bourbon BBQ Burger,Entree,4,22,88,Mobile Payment,Takeaway,104,Carlos
2024-10-20,8:00:00 PM,Bourbon BBQ Burger,Entree,10,22,220,Credit Card,Takeaway,102,Jake
2024-04-10,9:15:00 PM,Filet Mignon,Entree,2,42,84,Credit Card,Delivery,103,Emily
2024-09-27,12:45:00 PM,Bourbon BBQ Burger,Entree,7,22,154,Mobile Payment,Dine-In,104,Carlos
2024-07-04,4:45:00 PM,Filet Mignon,Entree,6,42,252,Cash,Dine-In,101,Sarah
2024-09-28,7:15:00 PM,New York Strip,Entree,2,38,76,Credit Card,Dine-In,101,Sarah
2024-09-26,10:45:00 PM,Shrimp Cocktail,Appetizer,2,14,28,Credit Card,Takeaway,101,Sarah
2024-11-22,9:15:00 PM,Ribeye Steak,Entree,4,35,140,Cash,Takeaway,103,Emily
2024-02-29,10:45:00 PM,Chocolate Lava Cake,Dessert,5,9,45,Credit Card,Delivery,102,Jake
2024-06-11,9:00:00 PM,Grilled Asparagus,Side,8,8,64,Credit Card,Takeaway,101,Sarah
2024-05-04,1:15:00 PM,Chocolate Lava Cake,Dessert,2,9,18,Mobile Payment,Delivery,102,Jake
2024-12-03,1:30:00 PM,New York Strip,Entree,5,38,190,Cash,Delivery,104,Carlos
2024-08-20,12:15:00 PM,Grilled Asparagus,Side,5,8,40,Cash,Takeaway,105,Nina
2024-05-13,8:30:00 PM,New York Strip,Entree,3,38,114,Credit Card,Dine-In,105,Nina
2024-07-31,3:30:00 PM,Shrimp Cocktail,Appetizer,5,14,70,Credit Card,Dine-In,104,Carlos
2024-12-26,10:45:00 PM,Cabernet Sauvignon,Beverage,2,16,32,Cash,Dine-In,103,Emily
2024-04-23,2:00:00 PM,Grilled Asparagus,Side,3,8,24,Cash,Delivery,105,Nina
2024-01-13,4:45:00 PM,Old Fashioned,Beverage,2,12,24,Credit Card,Takeaway,103,Emily
2024-10-31,9:00:00 PM,Bourbon BBQ Burger,Entree,7,22,154,Mobile Payment,Dine-In,104,Carlos
2024-09-28,6:00:00 PM,New York Strip,Entree,7,38,266,Mobile Payment,Dine-In,102,Jake
2024-01-09,10:30:00 PM,Grilled Asparagus,Side,3,8,24,Credit Card,Dine-In,101,Sarah
2024-07-30,1:45:00 PM,Grilled Asparagus,Side,1,8,8,Cash,Dine-In,102,Jake
2024-06-14,7:30:00 PM,Filet Mignon,Entree,9,42,378,Cash,Dine-In,105,Nina
2024-06-12,4:45:00 PM,Old Fashioned,Beverage,2,12,24,Mobile Payment,Takeaway,105,Nina
2024-04-10,8:30:00 PM,Old Fashioned,Beverage,10,12,120,Credit Card,Takeaway,101,Sarah
2024-10-15,9:15:00 PM,Shrimp Cocktail,Appetizer,8,14,112,Credit Card,Delivery,101,Sarah
2024-02-07,12:45:00 PM,Bourbon BBQ Burger,Entree,2,22,44,Credit Card,Takeaway,101,Sarah
2024-04-21,10:45:00 PM,New York Strip,Entree,6,38,228,Credit Card,Delivery,104,Carlos
2024-08-08,12:00:00 PM,New York Strip,Entree,3,38,114,Mobile Payment,Takeaway,102,Jake
2024-04-15,2:00:00 PM,Ribeye Steak,Entree,6,35,210,Cash,Takeaway,104,Carlos
2024-05-07,11:15:00 AM,Chocolate Lava Cake,Dessert,2,9,18,Mobile Payment,Takeaway,105,Nina
2024-03-12,7:45:00 PM,Caesar Salad,Appetizer,4,10,40,Cash,Dine-In,104,Carlos
2024-12-15,10:15:00 PM,Filet Mignon,Entree,4,42,168,Mobile Payment,Takeaway,102,Jake
2024-08-06,4:30:00 PM,Cabernet Sauvignon,Beverage,4,16,64,Cash,Dine-In,101,Sarah
2024-08-29,1:00:00 PM,Filet Mignon,Entree,5,42,210,Credit Card,Dine-In,105,Nina
2024-05-31,1:45:00 PM,Shrimp Cocktail,Appetizer,1,14,14,Credit Card,Delivery,102,Jake
2024-09-07,8:45:00 PM,Caesar Salad,Appetizer,9,10,90,Credit Card,Dine-In,102,Jake
2024-11-15,10:30:00 PM,Mashed Potatoes,Side,7,7,49,Cash,Delivery,101,Sarah
2024-01-10,4:00:00 PM,Ribeye Steak,Entree,6,35,210,Cash,Delivery,103,Emily
2024-12-18,7:30:00 PM,Truffle Fries,Side,3,8,24,Cash,Takeaway,102,Jake
2024-04-16,10:00:00 PM,Ribeye Steak,Entree,3,35,105,Credit Card,Dine-In,104,Carlos
2024-03-09,1:15:00 PM,Mashed Potatoes,Side,2,7,14,Cash,Delivery,105,Nina
2024-04-28,11:15:00 AM,Bourbon BBQ Burger,Entree,3,22,66,Mobile Payment,Dine-In,103,Emily
2024-04-11,6:30:00 PM,Caesar Salad,Appetizer,10,10,100,Cash,Takeaway,105,Nina
2024-03-13,7:00:00 PM,Chocolate Lava Cake,Dessert,2,9,18,Credit Card,Delivery,104,Carlos
2024-04-23,12:45:00 PM,Grilled Asparagus,Side,5,8,40,Credit Card,Delivery,104,Carlos
2024-12-12,3:00:00 PM,Caesar Salad,Appetizer,2,10,20,Cash,Takeaway,103,Emily
2024-05-22,3:00:00 PM,Ribeye Steak,Entree,4,35,140,Cash,Takeaway,104,Carlos
2024-05-15,8:45:00 PM,Ribeye Steak,Entree,2,35,70,Mobile Payment,Delivery,103,Emily
2024-05-28,10:30:00 PM,Cabernet Sauvignon,Beverage,2,16,32,Cash,Takeaway,101,Sarah
2024-09-07,5:30:00 PM,New York Strip,Entree,11,38,418,Credit Card,Delivery,102,Jake
2024-09-21,11:15:00 AM,Shrimp Cocktail,Appetizer,2,14,28,Cash,Takeaway,101,Sarah
2024-06-11,11:45:00 AM,Chocolate Lava Cake,Dessert,6,9,54,Mobile Payment,Takeaway,101,Sarah
2024-04-09,12:30:00 PM,New York Strip,Entree,3,38,114,Credit Card,Dine-In,102,Jake
2024-12-22,1:15:00 PM,Bourbon BBQ Burger,Entree,5,22,110,Cash,Takeaway,105,Nina
2024-10-07,2:45:00 PM,Bourbon BBQ Burger,Entree,3,22,66,Mobile Payment,Takeaway,102,Jake
2024-06-28,3:00:00 PM,Truffle Fries,Side,5,8,40,Credit Card,Takeaway,102,Jake
2024-06-23,10:15:00 PM,Chocolate Lava Cake,Dessert,5,9,45,Cash,Dine-In,101,Sarah
2024-02-29,4:15:00 PM,Mashed Potatoes,Side,3,7,21,Mobile Payment,Delivery,104,Carlos
2024-04-02,6:45:00 PM,Truffle Fries,Side,9,8,72,Mobile Payment,Delivery,102,Jake
2024-07-24,11:15:00 AM,Filet Mignon,Entree,4,42,168,Credit Card,Delivery,105,Nina
2024-01-10,2:00:00 PM,Shrimp Cocktail,Appetizer,3,14,42,Mobile Payment,Delivery,101,Sarah
2024-12-27,8:45:00 PM,Filet Mignon,Entree,10,42,420,Credit Card,Dine-In,103,Emily
2024-03-08,1:15:00 PM,Mashed Potatoes,Side,5,7,35,Mobile Payment,Takeaway,103,Emily
2024-11-01,1:00:00 PM,Mashed Potatoes,Side,4,7,28,Mobile Payment,Takeaway,104,Carlos
2024-06-13,6:45:00 PM,Chocolate Lava Cake,Dessert,11,9,99,Cash,Dine-In,102,Jake
2024-08-17,8:15:00 PM,Ribeye Steak,Entree,7,35,245,Credit Card,Takeaway,104,Carlos
2024-03-14,6:30:00 PM,Mashed Potatoes,Side,2,7,14,Cash,Takeaway,101,Sarah
2024-10-08,8:30:00 PM,Cabernet Sauvignon,Beverage,8,16,128,Credit Card,Dine-In,101,Sarah
2024-06-27,9:15:00 PM,New York Strip,Entree,2,38,76,Cash,Dine-In,104,Carlos
2024-12-29,7:45:00 PM,Ribeye Steak,Entree,2,35,70,Mobile Payment,Dine-In,103,Emily
2024-08-22,5:00:00 PM,New York Strip,Entree,11,38,418,Mobile Payment,Delivery,105,Nina
2024-10-27,8:15:00 PM,Ribeye Steak,Entree,7,35,245,Credit Card,Takeaway,101,Sarah
2024-02-29,10:15:00 PM,Truffle Fries,Side,9,8,72,Mobile Payment,Delivery,104,Carlos
2024-10-22,8:15:00 PM,Old Fashioned,Beverage,2,12,24,Mobile Payment,Takeaway,104,Carlos
2024-01-25,2:15:00 PM,Cabernet Sauvignon,Beverage,4,16,64,Mobile Payment,Delivery,105,Nina
2024-12-12,4:15:00 PM,Cabernet Sauvignon,Beverage,3,16,48,Mobile Payment,Delivery,105,Nina
2024-11-10,7:45:00 PM,Cabernet Sauvignon,Beverage,2,16,32,Mobile Payment,Takeaway,102,Jake
2024-10-21,6:45:00 PM,Truffle Fries,Side,3,8,24,Cash,Delivery,105,Nina
2024-01-05,9:00:00 PM,Old Fashioned,Beverage,4,12,48,Credit Card,Delivery,103,Emily
2024-11-11,8:30:00 PM,Shrimp Cocktail,Appetizer,6,14,84,Credit Card,Delivery,103,Emily
2024-06-07,3:00:00 PM,Ribeye Steak,Entree,6,35,210,Credit Card,Delivery,102,Jake
2024-08-06,1:45:00 PM,Bourbon BBQ Burger,Entree,3,22,66,Credit Card,Delivery,102,Jake
2024-06-01,6:30:00 PM,Chocolate Lava Cake,Dessert,2,9,18,Mobile Payment,Takeaway,101,Sarah
2024-05-12,2:30:00 PM,Chocolate Lava Cake,Dessert,7.5,9,67.5,Cash,Delivery,105,Nina
2024-06-17,9:00:00 PM,Old Fashioned,Beverage,8,12,96,Mobile Payment,Delivery,104,Carlos
2024-07-05,7:30:00 PM,Old Fashioned,Beverage,11,12,132,Cash,Delivery,104,Carlos
2024-06-17,5:00:00 PM,Grilled Asparagus,Side,6,8,48,Mobile Payment,Takeaway,102,Jake
2024-06-05,9:00:00 PM,Old Fashioned,Beverage,4,12,48,Cash,Takeaway,101,Sarah
2024-12-17,6:45:00 PM,Grilled Asparagus,Side,2,8,16,Mobile Payment,Delivery,102,Jake
2024-06-10,9:00:00 PM,Bourbon BBQ Burger,Entree,2,22,44,Credit Card,Delivery,105,Nina
2024-04-21,5:15:00 PM,New York Strip,Entree,4,38,152,Cash,Delivery,105,Nina
2024-06-13,3:00:00 PM,Caesar Salad,Appetizer,2,10,20,Credit Card,Delivery,105,Nina
2024-11-05,4:15:00 PM,Cabernet Sauvignon,Beverage,4,16,64,Mobile Payment,Dine-In,102,Jake
2024-04-24,12:15:00 PM,Bourbon BBQ Burger,Entree,4,22,88,Credit Card,Dine-In,102,Jake
2024-08-22,2:30:00 PM,Truffle Fries,Side,3,8,24,Cash,Takeaway,105,Nina
2024-08-18,1:30:00 PM,Chocolate Lava Cake,Dessert,1,9,9,Cash,Dine-In,102,Jake
2024-05-05,3:45:00 PM,Old Fashioned,Beverage,1,12,12,Credit Card,Takeaway,105,Nina
2024-06-17,11:15:00 AM,Truffle Fries,Side,3,8,24,Credit Card,Takeaway,103,Emily
2024-12-21,6:00:00 PM,New York Strip,Entree,2,38,76,Cash,Takeaway,101,Sarah
2024-08-28,3:00:00 PM,Caesar Salad,Appetizer,4,10,40,Credit Card,Takeaway,103,Emily
2024-10-15,3:45:00 PM,Grilled Asparagus,Side,1,8,8,Cash,Dine-In,105,Nina
2024-10-15,2:00:00 PM,Bourbon BBQ Burger,Entree,2,22,44,Credit Card,Delivery,101,Sarah
2024-08-02,4:00:00 PM,Old Fashioned,Beverage,5,12,60,Cash,Dine-In,102,Jake
2024-03-17,7:15:00 PM,Bourbon BBQ Burger,Entree,2,22,44,Credit Card,Takeaway,103,Emily
2024-05-25,5:30:00 PM,Caesar Salad,Appetizer,2,10,20,Credit Card,Takeaway,103,Emily
2024-06-14,4:30:00 PM,Ribeye Steak,Entree,3,35,105,Credit Card,Dine-In,103,Emily
2024-08-07,11:45:00 AM,Old Fashioned,Beverage,5,12,60,Mobile Payment,Delivery,103,Emily
2024-04-20,2:15:00 PM,Old Fashioned,Beverage,8,12,96,Cash,Delivery,105,Nina
2024-02-01,3:45:00 PM,Ribeye Steak,Entree,1,35,35,Mobile Payment,Dine-In,102,Jake
2024-07-23,8:45:00 PM,Truffle Fries,Side,3,8,24,Credit Card,Delivery,101,Sarah
2024-04-04,9:15:00 PM,New York Strip,Entree,2,38,76,Mobile Payment,Takeaway,103,Emily
2024-06-21,9:00:00 PM,Grilled Asparagus,Side,2,8,16,Credit Card,Delivery,101,Sarah
2024-08-09,9:45:00 PM,Ribeye Steak,Entree,2,35,70,Credit Card,Delivery,101,Sarah
2024-03-29,11:00:00 AM,Caesar Salad,Appetizer,7,10,70,Cash,Takeaway,103,Emily
2024-11-09,11:45:00 AM,Grilled Asparagus,Side,10,8,80,Credit Card,Dine-In,101,Sarah
2024-07-14,1:00:00 PM,Cabernet Sauvignon,Beverage,2,16,32,Mobile Payment,Dine-In,102,Jake
2024-10-28,10:00:00 PM,Truffle Fries,Side,9,8,72,Cash,Delivery,104,Carlos
2024-11-28,8:15:00 PM,Filet Mignon,Entree,2.4,42,100.8,Credit Card,Dine-In,101,Sarah
2024-09-02,12:15:00 PM,New York Strip,Entree,4,38,152,Cash,Dine-In,105,Nina
2024-03-05,1:15:00 PM,Bourbon BBQ Burger,Entree,5,22,110,Credit Card,Delivery,103,Emily
2024-04-03,6:00:00 PM,Mashed Potatoes,Side,6,7,42,Mobile Payment,Delivery,103,Emily
2024-09-08,10:45:00 PM,New York Strip,Entree,11,38,418,Cash,Dine-In,104,Carlos
2024-04-09,1:15:00 PM,Truffle Fries,Side,5,8,40,Mobile Payment,Delivery,101,Sarah
2024-02-10,1:45:00 PM,Chocolate Lava Cake,Dessert,11,9,99,Cash,Takeaway,103,Emily
2024-07-31,10:45:00 PM,Mashed Potatoes,Side,12,7,84,Mobile Payment,Takeaway,102,Jake
2024-05-18,6:45:00 PM,Ribeye Steak,Entree,9,35,315,Credit Card,Delivery,101,Sarah
2024-11-27,5:30:00 PM,Old Fashioned,Beverage,3,12,36,Mobile Payment,Delivery,103,Emily
2024-06-24,1:30:00 PM,Old Fashioned,Beverage,2,12,24,Credit Card,Delivery,104,Carlos
2024-12-21,3:45:00 PM,Old Fashioned,Beverage,8,12,96,Mobile Payment,Takeaway,101,Sarah
2024-08-14,11:30:00 AM,Grilled Asparagus,Side,4,8,32,Credit Card,Takeaway,104,Carlos
2024-01-28,5:00:00 PM,New York Strip,Entree,10,38,380,Mobile Payment,Delivery,105,Nina
2024-08-20,1:30:00 PM,New York Strip,Entree,4,38,152,Mobile Payment,Dine-In,105,Nina
2024-03-10,7:15:00 PM,Grilled Asparagus,Side,2,8,16,Mobile Payment,Delivery,104,Carlos
2024-05-11,12:45:00 PM,Ribeye Steak,Entree,2,35,70,Credit Card,Dine-In,104,Carlos
2024-02-08,9:45:00 PM,Ribeye Steak,Entree,7,35,245,Credit Card,Delivery,104,Carlos
2024-10-04,7:00:00 PM,Caesar Salad,Appetizer,2,10,20,Mobile Payment,Delivery,104,Carlos
2024-07-12,3:45:00 PM,Chocolate Lava Cake,Dessert,4,9,36,Mobile Payment,Dine-In,102,Jake
2024-08-26,8:15:00 PM,Filet Mignon,Entree,4,42,168,Credit Card,Dine-In,105,Nina
2024-12-16,4:15:00 PM,Mashed Potatoes,Side,3,7,21,Cash,Takeaway,101,Sarah
2024-02-13,8:00:00 PM,Chocolate Lava Cake,Dessert,11,9,99,Mobile Payment,Takeaway,105,Nina
2024-01-11,7:45:00 PM,Ribeye Steak,Entree,2,35,70,Credit Card,Dine-In,105,Nina
2024-12-16,5:45:00 PM,Filet Mignon,Entree,5,42,210,Cash,Dine-In,104,Carlos
2024-08-27,9:00:00 PM,Truffle Fries,Side,2,8,16,Credit Card,Takeaway,101,Sarah
2024-05-25,2:15:00 PM,Grilled Asparagus,Side,8,8,64,Mobile Payment,Takeaway,104,Carlos
2024-11-01,5:45:00 PM,Truffle Fries,Side,3,8,24,Mobile Payment,Takeaway,104,Carlos
2024-02-12,9:00:00 PM,Mashed Potatoes,Side,2,7,14,Cash,Dine-In,105,Nina
2024-01-01,11:45:00 AM,Ribeye Steak,Entree,1.2,35,42,Credit Card,Delivery,103,Emily
2024-01-15,10:15:00 PM,Ribeye Steak,Entree,5,35,175,Cash,Dine-In,103,Emily
2024-12-06,3:45:00 PM,New York Strip,Entree,3,38,114,Mobile Payment,Delivery,105,Nina
2024-03-30,11:00:00 AM,Ribeye Steak,Entree,3,35,105,Mobile Payment,Takeaway,103,Emily
2024-11-15,8:45:00 PM,Shrimp Cocktail,Appetizer,8,14,112,Mobile Payment,Delivery,103,Emily
2024-11-23,2:45:00 PM,Mashed Potatoes,Side,7,7,49,Mobile Payment,Takeaway,103,Emily
2024-05-10,1:30:00 PM,New York Strip,Entree,5,38,190,Mobile Payment,Delivery,105,Nina
2024-05-12,9:15:00 PM,Ribeye Steak,Entree,10.5,35,367.5,Cash,Takeaway,103,Emily
2024-02-27,4:15:00 PM,Old Fashioned,Beverage,3,12,36,Cash,Delivery,103,Emily
2024-02-17,2:15:00 PM,Old Fashioned,Beverage,9,12,108,Cash,Takeaway,104,Carlos
2024-07-21,10:45:00 PM,Grilled Asparagus,Side,9,8,72,Cash,Delivery,104,Carlos
2024-01-03,7:30:00 PM,Mashed Potatoes,Side,8,7,56,Cash,Takeaway,103,Emily
2024-11-02,9:00:00 PM,Mashed Potatoes,Side,9,7,63,Credit Card,Delivery,104,Carlos
2024-09-21,7:00:00 PM,Shrimp Cocktail,Appetizer,7,14,98,Mobile Payment,Delivery,101,Sarah
2024-09-20,11:15:00 AM,Mashed Potatoes,Side,9,7,63,Credit Card,Dine-In,103,Emily
2024-01-24,9:30:00 PM,Old Fashioned,Beverage,6,12,72,Credit Card,Takeaway,101,Sarah
2024-10-16,8:45:00 PM,Caesar Salad,Appetizer,3,10,30,Credit Card,Takeaway,102,Jake
2024-06-11,1:45:00 PM,Truffle Fries,Side,5,8,40,Cash,Dine-In,101,Sarah
2024-02-16,10:00:00 PM,Truffle Fries,Side,9,8,72,Credit Card,Delivery,101,Sarah
2024-09-30,3:45:00 PM,Bourbon BBQ Burger,Entree,5,22,110,Mobile Payment,Delivery,105,Nina
2024-12-08,10:30:00 PM,Chocolate Lava Cake,Dessert,4,9,36,Cash,Dine-In,102,Jake
2024-07-01,8:45:00 PM,Filet Mignon,Entree,9,42,378,Mobile Payment,Dine-In,101,Sarah
2024-12-03,6:15:00 PM,Bourbon BBQ Burger,Entree,6,22,132,Mobile Payment,Delivery,101,Sarah
2024-01-21,1:15:00 PM,Bourbon BBQ Burger,Entree,4,22,88,Credit Card,Dine-In,103,Emily
2024-11-11,6:15:00 PM,Ribeye Steak,Entree,5,35,175,Credit Card,Takeaway,105,Nina
2024-03-24,8:45:00 PM,Cabernet Sauvignon,Beverage,2,16,32,Mobile Payment,Delivery,102,Jake
2024-02-02,3:45:00 PM,Bourbon BBQ Burger,Entree,4,22,88,Mobile Payment,Delivery,105,Nina
2024-05-23,6:30:00 PM,Grilled Asparagus,Side,2,8,16,Credit Card,Dine-In,105,Nina
2024-05-06,6:00:00 PM,Old Fashioned,Beverage,10,12,120,Credit Card,Delivery,104,Carlos
2024-04-02,12:30:00 PM,Grilled Asparagus,Side,1,8,8,Credit Card,Dine-In,104,Carlos
2024-06-21,7:00:00 PM,Shrimp Cocktail,Appetizer,7,14,98,Cash,Delivery,102,Jake
2024-08-04,6:45:00 PM,Chocolate Lava Cake,Dessert,8,9,72,Mobile Payment,Delivery,105,Nina
2024-08-20,8:45:00 PM,Old Fashioned,Beverage,7,12,84,Credit Card,Takeaway,103,Emily
2024-09-19,3:45:00 PM,Shrimp Cocktail,Appetizer,1,14,14,Cash,Takeaway,101,Sarah
2024-02-29,8:15:00 PM,Truffle Fries,Side,12,8,96,Mobile Payment,Dine-In,104,Carlos
2024-01-02,10:30:00 PM,Chocolate Lava Cake,Dessert,7,9,63,Cash,Delivery,104,Carlos
2024-06-19,9:00:00 PM,Truffle Fries,Side,8,8,64,Cash,Takeaway,104,Carlos
2024-05-07,7:00:00 PM,Filet Mignon,Entree,5,42,210,Credit Card,Delivery,103,Emily
2024-05-30,6:15:00 PM,Grilled Asparagus,Side,5,8,40,Credit Card,Dine-In,101,Sarah
2024-07-03,5:45:00 PM,New York Strip,Entree,4,38,152,Mobile Payment,Dine-In,101,Sarah
2024-08-26,11:45:00 AM,Mashed Potatoes,Side,5,7,35,Credit Card,Delivery,101,Sarah
2024-06-10,2:00:00 PM,Grilled Asparagus,Side,1,8,8,Cash,Delivery,102,Jake
2024-08-18,9:30:00 PM,Caesar Salad,Appetizer,4,10,40,Cash,Dine-In,104,Carlos
2024-12-11,1:45:00 PM,Filet Mignon,Entree,4,42,168,Credit Card,Delivery,102,Jake
2024-05-25,3:45:00 PM,Mashed Potatoes,Side,8,7,56,Cash,Dine-In,101,Sarah
2024-03-07,9:00:00 PM,Caesar Salad,Appetizer,10,10,100,Mobile Payment,Dine-In,104,Carlos
2024-10-05,1:45:00 PM,Cabernet Sauvignon,Beverage,2,16,32,Credit Card,Takeaway,101,Sarah
2024-06-12,10:30:00 PM,Mashed Potatoes,Side,11,7,77,Mobile Payment,Takeaway,105,Nina
2024-07-24,5:15:00 PM,Mashed Potatoes,Side,8,7,56,Credit Card,Delivery,103,Emily
2024-02-10,7:00:00 PM,New York Strip,Entree,9,38,342,Mobile Payment,Delivery,102,Jake
2024-06-22,1:00:00 PM,New York Strip,Entree,10,38,380,Mobile Payment,Delivery,104,Carlos
2024-08-09,8:00:00 PM,Mashed Potatoes,Side,8,7,56,Credit Card,Takeaway,105,Nina
2024-12-31,8:30:00 PM,New York Strip,Entree,11.7,38,444.6,Mobile Payment,Dine-In,105,Nina
2024-05-26,6:00:00 PM,Mashed Potatoes,Side,5,7,35,Cash,Dine-In,101,Sarah
2024-12-08,2:15:00 PM,Chocolate Lava Cake,Dessert,5,9,45,Mobile Payment,Takeaway,101,Sarah
2024-03-26,2:15:00 PM,Ribeye Steak,Entree,2,35,70,Credit Card,Takeaway,105,Nina
2024-08-11,3:15:00 PM,Old Fashioned,Beverage,4,12,48,Mobile Payment,Takeaway,102,Jake
2024-08-06,7:30:00 PM,New York Strip,Entree,9,38,342,Cash,Delivery,104,Carlos
2024-07-12,11:15:00 AM,New York Strip,Entree,1,38,38,Mobile Payment,Takeaway,104,Carlos
2024-10-14,2:30:00 PM,Old Fashioned,Beverage,1,12,12,Mobile Payment,Dine-In,104,Carlos
2024-04-03,9:15:00 PM,Caesar Salad,Appetizer,6,10,60,Mobile Payment,Delivery,103,Emily
2024-11-21,10:30:00 PM,Old Fashioned,Beverage,4,12,48,Credit Card,Takeaway,102,Jake
2024-04-08,9:15:00 PM,Old Fashioned,Beverage,7,12,84,Mobile Payment,Delivery,101,Sarah
2024-01-29,3:30:00 PM,Caesar Salad,Appetizer,3,10,30,Mobile Payment,Takeaway,105,Nina
2024-08-28,2:00:00 PM,New York Strip,Entree,3,38,114,Cash,Delivery,102,Jake
2024-03-28,7:30:00 PM,Old Fashioned,Beverage,2,12,24,Credit Card,Delivery,102,Jake
2024-05-10,11:15:00 AM,Mashed Potatoes,Side,5,7,35,Credit Card,Takeaway,104,Carlos
2024-09-23,8:15:00 PM,Chocolate Lava Cake,Dessert,7,9,63,Credit Card,Delivery,101,Sarah
2024-05-30,12:00:00 PM,Grilled Asparagus,Side,5,8,40,Mobile Payment,Delivery,101,Sarah
2024-07-03,8:45:00 PM,Bourbon BBQ Burger,Entree,6,22,132,Credit Card,Delivery,104,Carlos
2024-04-29,7:45:00 PM,Mashed Potatoes,Side,7,7,49,Mobile Payment,Dine-In,103,Emily
2024-05-22,7:30:00 PM,Truffle Fries,Side,7,8,56,Credit Card,Delivery,102,Jake
2024-04-16,1:15:00 PM,Chocolate Lava Cake,Dessert,1,9,9,Mobile Payment,Dine-In,103,Emily
2024-10-05,8:30:00 PM,Mashed Potatoes,Side,11,7,77,Credit Card,Delivery,104,Carlos
2024-01-15,11:45:00 AM,New York Strip,Entree,2,38,76,Mobile Payment,Delivery,103,Emily
2024-06-09,8:30:00 PM,New York Strip,Entree,8,38,304,Credit Card,Dine-In,104,Carlos
2024-07-30,11:30:00 AM,Caesar Salad,Appetizer,1,10,10,Cash,Dine-In,101,Sarah
2024-04-25,2:00:00 PM,Truffle Fries,Side,1,8,8,Cash,Delivery,105,Nina
2024-09-12,12:45:00 PM,New York Strip,Entree,5,38,190,Cash,Dine-In,103,Emily
2024-08-05,7:00:00 PM,Mashed Potatoes,Side,11,7,77,Cash,Dine-In,105,Nina
2024-12-10,11:00:00 AM,Mashed Potatoes,Side,2,7,14,Cash,Takeaway,103,Emily
2024-04-11,4:45:00 PM,Old Fashioned,Beverage,1,12,12,Cash,Delivery,104,Carlos
2024-09-08,1:45:00 PM,Filet Mignon,Entree,3,42,126,Credit Card,Takeaway,105,Nina
2024-08-08,9:30:00 PM,Old Fashioned,Beverage,12,12,144,Mobile Payment,Takeaway,103,Emily
2024-09-10,4:30:00 PM,Chocolate Lava Cake,Dessert,6,9,54,Credit Card,Takeaway,101,Sarah
2024-06-24,4:15:00 PM,Truffle Fries,Side,3,8,24,Cash,Delivery,101,Sarah
2024-08-14,12:30:00 PM,Cabernet Sauvignon,Beverage,3,16,48,Credit Card,Dine-In,105,Nina
2024-04-24,8:30:00 PM,New York Strip,Entree,5,38,190,Cash,Delivery,103,Emily
2024-03-14,11:45:00 AM,Bourbon BBQ Burger,Entree,6,22,132,Mobile Payment,Delivery,102,Jake
2024-02-08,5:30:00 PM,Filet Mignon,Entree,2,42,84,Mobile Payment,Delivery,102,Jake
2024-02-17,3:30:00 PM,Old Fashioned,Beverage,6,12,72,Mobile Payment,Takeaway,103,Emily
2024-03-17,11:15:00 AM,Ribeye Steak,Entree,2,35,70,Credit Card,Delivery,104,Carlos
2024-11-14,3:45:00 PM,Caesar Salad,Appetizer,1,10,10,Mobile Payment,Delivery,105,Nina
2024-03-13,3:00:00 PM,Caesar Salad,Appetizer,4,10,40,Mobile Payment,Dine-In,102,Jake
2024-02-16,1:30:00 PM,Shrimp Cocktail,Appetizer,1,14,14,Mobile Payment,Delivery,102,Jake
2024-10-25,2:45:00 PM,Caesar Salad,Appetizer,4,10,40,Mobile Payment,Dine-In,105,Nina
2024-05-08,12:15:00 PM,Truffle Fries,Side,1,8,8,Mobile Payment,Dine-In,103,Emily
2024-12-03,1:30:00 PM,Old Fashioned,Beverage,4,12,48,Credit Card,Delivery,105,Nina
2024-02-01,10:00:00 PM,Shrimp Cocktail,Appetizer,8,14,112,Mobile Payment,Takeaway,101,Sarah
2024-03-10,9:15:00 PM,New York Strip,Entree,6,38,228,Credit Card,Takeaway,101,Sarah
2024-02-14,7:00:00 PM,Filet Mignon,Entree,3.6,42,151.2,Credit Card,Delivery,102,Jake
2024-05-14,7:30:00 PM,Old Fashioned,Beverage,2,12,24,Cash,Dine-In,105,Nina
2024-12-17,8:45:00 PM,Truffle Fries,Side,4,8,32,Credit Card,Takeaway,105,Nina
2024-07-31,12:15:00 PM,Old Fashioned,Beverage,2,12,24,Credit Card,Dine-In,101,Sarah
2024-02-29,1:00:00 PM,New York Strip,Entree,5,38,190,Cash,Delivery,102,Jake
2024-09-14,12:15:00 PM,Ribeye Steak,Entree,2,35,70,Credit Card,Delivery,103,Emily
2024-10-13,11:15:00 AM,Chocolate Lava Cake,Dessert,6,9,54,Mobile Payment,Dine-In,105,Nina
2024-10-06,9:00:00 PM,Chocolate Lava Cake,Dessert,9,9,81,Mobile Payment,Takeaway,103,Emily
2024-07-03,1:15:00 PM,Filet Mignon,Entree,6,42,252,Cash,Delivery,105,Nina
2024-10-29,11:15:00 AM,Filet Mignon,Entree,2,42,84,Cash,Takeaway,104,Carlos
2024-10-14,10:15:00 PM,Filet Mignon,Entree,8,42,336,Cash,Dine-In,104,Carlos
2024-11-16,5:45:00 PM,Ribeye Steak,Entree,6,35,210,Mobile Payment,Delivery,101,Sarah
2024-09-04,12:00:00 PM,Bourbon BBQ Burger,Entree,2,22,44,Mobile Payment,Delivery,105,Nina
2024-02-17,8:00:00 PM,Cabernet Sauvignon,Beverage,9,16,144,Credit Card,Dine-In,103,Emily
2024-01-16,12:15:00 PM,Truffle Fries,Side,2,8,16,Cash,Dine-In,102,Jake
2024-05-19,3:30:00 PM,Grilled Asparagus,Side,1,8,8,Credit Card,Dine-In,103,Emily
2024-09-22,6:45:00 PM,Mashed Potatoes,Side,2,7,14,Mobile Payment,Takeaway,104,Carlos
2024-06-26,10:15:00 PM,Mashed Potatoes,Side,8,7,56,Cash,Dine-In,101,Sarah
2024-07-12,10:15:00 PM,Filet Mignon,Entree,8,42,336,Cash,Dine-In,104,Carlos
2024-11-24,7:00:00 PM,Filet Mignon,Entree,2,42,84,Credit Card,Delivery,104,Carlos
2024-01-16,2:45:00 PM,Caesar Salad,Appetizer,1,10,10,Credit Card,Takeaway,104,Carlos
2024-01-12,11:30:00 AM,Chocolate Lava Cake,Dessert,8,9,72,Credit Card,Takeaway,105,Nina
2024-07-22,5:15:00 PM,Truffle Fries,Side,4,8,32,Cash,Dine-In,104,Carlos
2024-01-31,11:45:00 AM,Filet Mignon,Entree,3,42,126,Mobile Payment,Dine-In,101,Sarah
2024-10-23,6:00:00 PM,Shrimp Cocktail,Appetizer,2,14,28,Mobile Payment,Takeaway,102,Jake
2024-05-07,1:15:00 PM,Shrimp Cocktail,Appetizer,2,14,28,Cash,Takeaway,103,Emily
2024-09-30,6:30:00 PM,Shrimp Cocktail,Appetizer,12,14,168,Mobile Payment,Delivery,105,Nina
2024-04-08,8:15:00 PM,Caesar Salad,Appetizer,7,10,70,Credit Card,Delivery,101,Sarah
2024-10-22,6:15:00 PM,New York Strip,Entree,12,38,456,Credit Card,Delivery,102,Jake
2024-12-17,4:30:00 PM,Truffle Fries,Side,3,8,24,Credit Card,Takeaway,101,Sarah
2024-04-18,8:00:00 PM,Chocolate Lava Cake,Dessert,9,9,81,Cash,Dine-In,103,Emily
2024-09-22,1:15:00 PM,Grilled Asparagus,Side,4,8,32,Mobile Payment,Delivery,102,Jake
2024-10-07,10:45:00 PM,Caesar Salad,Appetizer,8,10,80,Mobile Payment,Delivery,102,Jake
2024-03-15,2:00:00 PM,Ribeye Steak,Entree,4,35,140,Mobile Payment,Dine-In,104,Carlos
2024-05-10,6:30:00 PM,Cabernet Sauvignon,Beverage,7,16,112,Credit Card,Takeaway,103,Emily
2024-09-21,5:45:00 PM,Truffle Fries,Side,6,8,48,Cash,Takeaway,102,Jake
2024-09-08,12:15:00 PM,Ribeye Steak,Entree,4,35,140,Cash,Dine-In,104,Carlos
2024-06-19,4:15:00 PM,Chocolate Lava Cake,Dessert,4,9,36,Credit Card,Takeaway,101,Sarah
2024-03-03,3:30:00 PM,Cabernet Sauvignon,Beverage,3,16,48,Cash,Delivery,101,Sarah
2024-02-26,10:30:00 PM,Shrimp Cocktail,Appetizer,2,14,28,Credit Card,Takeaway,102,Jake
2024-10-05,12:30:00 PM,Truffle Fries,Side,4,8,32,Mobile Payment,Takeaway,101,Sarah
2024-02-07,5:45:00 PM,Filet Mignon,Entree,2,42,84,Credit Card,Takeaway,101,Sarah
2024-04-11,5:00:00 PM,Filet Mignon,Entree,8,42,336,Mobile Payment,Dine-In,104,Carlos
2024-01-12,4:30:00 PM,Mashed Potatoes,Side,5,7,35,Credit Card,Takeaway,103,Emily
2024-03-30,10:45:00 PM,Cabernet Sauvignon,Beverage,4,16,64,Credit Card,Delivery,103,Emily
2024-04-28,6:45:00 PM,Filet Mignon,Entree,7,42,294,Cash,Dine-In,103,Emily
2024-12-12,3:30:00 PM,Shrimp Cocktail,Appetizer,3,14,42,Mobile Payment,Takeaway,104,Carlos
2024-08-05,11:00:00 AM,Caesar Salad,Appetizer,1,10,10,Cash,Dine-In,105,Nina
2024-07-30,9:15:00 PM,New York Strip,Entree,7,38,266,Cash,Dine-In,105,Nina
2024-07-11,8:45:00 PM,Shrimp Cocktail,Appetizer,4,14,56,Mobile Payment,Dine-In,104,Carlos
2024-04-16,5:15:00 PM,Cabernet Sauvignon,Beverage,6,16,96,Mobile Payment,Dine-In,105,Nina
2024-06-15,9:45:00 PM,Ribeye Steak,Entree,9,35,315,Cash,Takeaway,101,Sarah
2024-11-05,8:00:00 PM,Grilled Asparagus,Side,6,8,48,Cash,Delivery,101,Sarah
2024-02-05,2:45:00 PM,Truffle Fries,Side,3,8,24,Cash,Dine-In,103,Emily
2024-09-27,9:30:00 PM,Cabernet Sauvignon,Beverage,6,16,96,Cash,Delivery,104,Carlos
2024-08-25,11:00:00 AM,Truffle Fries,Side,5,8,40,Cash,Takeaway,105,Nina
2024-06-18,10:30:00 PM,Truffle Fries,Side,2,8,16,Credit Card,Dine-In,105,Nina
2024-06-30,3:30:00 PM,Chocolate Lava Cake,Dessert,4,9,36,Credit Card,Delivery,103,Emily
2024-05-30,1:00:00 PM,Truffle Fries,Side,4,8,32,Mobile Payment,Delivery,103,Emily
2024-08-10,1:45:00 PM,Mashed Potatoes,Side,4,7,28,Mobile Payment,Dine-In,101,Sarah
2024-02-27,5:00:00 PM,Bourbon BBQ Burger,Entree,9,22,198,Cash,Takeaway,103,Emily
2024-08-24,8:30:00 PM,Truffle Fries,Side,7,8,56,Mobile Payment,Dine-In,102,Jake
2024-06-09,9:00:00 PM,Grilled Asparagus,Side,4,8,32,Mobile Payment,Dine-In,102,Jake
2024-08-04,3:45:00 PM,Truffle Fries,Side,1,8,8,Mobile Payment,Delivery,101,Sarah
2024-01-28,12:45:00 PM,Ribeye Steak,Entree,5,35,175,Mobile Payment,Dine-In,102,Jake
2024-12-15,10:30:00 PM,Bourbon BBQ Burger,Entree,7,22,154,Credit Card,Takeaway,101,Sarah
2024-05-02,11:30:00 AM,Chocolate Lava Cake,Dessert,2,9,18,Mobile Payment,Takeaway,101,Sarah
2024-12-23,3:15:00 PM,Bourbon BBQ Burger,Entree,2,22,44,Credit Card,Delivery,103,Emily
2024-03-17,7:15:00 PM,Bourbon BBQ Burger,Entree,4,22,88,Credit Card,Dine-In,105,Nina
2024-08-29,10:30:00 PM,Grilled Asparagus,Side,8,8,64,Mobile Payment,Delivery,101,Sarah
2024-12-03,2:00:00 PM,New York Strip,Entree,3,38,114,Credit Card,Takeaway,103,Emily
2024-11-22,6:45:00 PM,Filet Mignon,Entree,2,42,84,Credit Card,Delivery,105,Nina
2024-03-07,10:00:00 PM,Cabernet Sauvignon,Beverage,7,16,112,Cash,Delivery,105,Nina
2024-10-31,3:00:00 PM,Truffle Fries,Side,1,8,8,Credit Card,Delivery,105,Nina
2024-03-02,12:45:00 PM,Filet Mignon,Entree,2,42,84,Credit Card,Takeaway,103,Emily
2024-05-10,5:00:00 PM,Filet Mignon,Entree,10,42,420,Mobile Payment,Dine-In,101,Sarah
2024-10-22,6:30:00 PM,Shrimp Cocktail,Appetizer,4,14,56,Mobile Payment,Takeaway,104,Carlos
2024-04-18,10:30:00 PM,Truffle Fries,Side,4,8,32,Cash,Takeaway,104,Carlos
2024-05-29,7:45:00 PM,Old Fashioned,Beverage,2,12,24,Cash,Takeaway,105,Nina
2024-10-13,12:15:00 PM,Mashed Potatoes,Side,2,7,14,Cash,Takeaway,101,Sarah
2024-03-21,12:00:00 PM,Cabernet Sauvignon,Beverage,2,16,32,Cash,Takeaway,104,Carlos
2024-10-19,8:00:00 PM,Chocolate Lava Cake,Dessert,6,9,54,Mobile Payment,Takeaway,104,Carlos
2024-01-10,1:45:00 PM,Mashed Potatoes,Side,2,7,14,Mobile Payment,Dine-In,105,Nina
2024-11-27,4:45:00 PM,Filet Mignon,Entree,3,42,126,Credit Card,Takeaway,105,Nina
2024-03-09,12:00:00 PM,Ribeye Steak,Entree,3,35,105,Mobile Payment,Delivery,104,Carlos
2024-01-05,10:00:00 PM,Old Fashioned,Beverage,2,12,24,Cash,Takeaway,105,Nina
2024-02-01,7:45:00 PM,Truffle Fries,Side,7,8,56,Mobile Payment,Dine-In,102,Jake
2024-01-19,6:00:00 PM,Chocolate Lava Cake,Dessert,9,9,81,Cash,Takeaway,105,Nina
2024-05-18,8:15:00 PM,Bourbon BBQ Burger,Entree,7,22,154,Credit Card,Delivery,103,Emily
2024-10-03,6:45:00 PM,Bourbon BBQ Burger,Entree,4,22,88,Mobile Payment,Takeaway,103,Emily
2024-01-31,6:30:00 PM,Bourbon BBQ Burger,Entree,5,22,110,Credit Card,Takeaway,103,Emily
2024-08-14,1:45:00 PM,Old Fashioned,Beverage,4,12,48,Credit Card,Delivery,103,Emily
2024-02-15,8:15:00 PM,Cabernet Sauvignon,Beverage,2,16,32,Credit Card,Delivery,103,Emily
2024-09-12,6:30:00 PM,Ribeye Steak,Entree,2,35,70,Cash,Takeaway,103,Emily
2024-03-08,1:00:00 PM,New York Strip,Entree,5,38,190,Cash,Takeaway,105,Nina
2024-04-25,11:15:00 AM,New York Strip,Entree,5,38,190,Mobile Payment,Takeaway,103,Emily
2024-03-28,4:45:00 PM,Caesar Salad,Appetizer,2,10,20,Cash,Delivery,101,Sarah
2024-08-24,3:00:00 PM,Truffle Fries,Side,8,8,64,Cash,Takeaway,101,Sarah
2024-08-09,7:30:00 PM,New York Strip,Entree,3,38,114,Credit Card,Takeaway,104,Carlos
2024-09-02,4:00:00 PM,New York Strip,Entree,3,38,114,Mobile Payment,Delivery,102,Jake
2024-09-03,9:00:00 PM,Ribeye Steak,Entree,5,35,175,Cash,Takeaway,104,Carlos
2024-11-03,2:15:00 PM,New York Strip,Entree,4,38,152,Credit Card,Dine-In,102,Jake
2024-05-12,1:15:00 PM,Cabernet Sauvignon,Beverage,4.5,16,72,Mobile Payment,Takeaway,102,Jake
2024-09-23,2:45:00 PM,New York Strip,Entree,2,38,76,Credit Card,Delivery,102,Jake
2024-04-05,4:15:00 PM,Filet Mignon,Entree,1,42,42,Cash,Dine-In,104,Carlos
2024-12-23,10:00:00 PM,Ribeye Steak,Entree,10,35,350,Mobile Payment,Delivery,103,Emily
2024-03-13,9:15:00 PM,Shrimp Cocktail,Appetizer,2,14,28,Cash,Delivery,104,Carlos
2024-01-06,3:15:00 PM,Caesar Salad,Appetizer,3,10,30,Cash,Delivery,101,Sarah
2024-11-19,9:15:00 PM,Cabernet Sauvignon,Beverage,6,16,96,Credit Card,Takeaway,101,Sarah
2024-03-06,4:45:00 PM,Cabernet Sauvignon,Beverage,1,16,16,Credit Card,Takeaway,102,Jake
2024-08-13,12:30:00 PM,Bourbon BBQ Burger,Entree,1,22,22,Credit Card,Takeaway,105,Nina
2024-12-03,5:00:00 PM,Bourbon BBQ Burger,Entree,10,22,220,Credit Card,Takeaway,103,Emily
2024-06-06,3:15:00 PM,Filet Mignon,Entree,3,42,126,Credit Card,Delivery,105,Nina
2024-04-23,6:15:00 PM,Grilled Asparagus,Side,7,8,56,Cash,Takeaway,102,Jake
2024-12-31,1:45:00 PM,Caesar Salad,Appetizer,6.5,10,65,Credit Card,Delivery,105,Nina
2024-07-04,8:15:00 PM,Shrimp Cocktail,Appetizer,3,14,42,Mobile Payment,Delivery,102,Jake
2024-11-21,8:00:00 PM,Caesar Salad,Appetizer,8,10,80,Credit Card,Delivery,105,Nina
2024-08-27,9:15:00 PM,Bourbon BBQ Burger,Entree,5,22,110,Cash,Delivery,103,Emily
2024-01-12,2:15:00 PM,Filet Mignon,Entree,7,42,294,Mobile Payment,Takeaway,105,Nina
2024-12-11,5:30:00 PM,Mashed Potatoes,Side,2,7,14,Mobile Payment,Delivery,101,Sarah
2024-03-06,4:00:00 PM,Grilled Asparagus,Side,4,8,32,Credit Card,Delivery,105,Nina
2024-07-26,9:00:00 PM,Grilled Asparagus,Side,8,8,64,Cash,Takeaway,104,Carlos
2024-08-01,6:00:00 PM,Shrimp Cocktail,Appetizer,10,14,140,Mobile Payment,Delivery,105,Nina
2024-08-07,2:15:00 PM,Cabernet Sauvignon,Beverage,5,16,80,Credit Card,Delivery,105,Nina
2024-02-15,10:00:00 PM,Caesar Salad,Appetizer,9,10,90,Credit Card,Dine-In,103,Emily
2024-03-16,6:45:00 PM,New York Strip,Entree,4,38,152,Cash,Takeaway,103,Emily
2024-10-16,5:15:00 PM,Bourbon BBQ Burger,Entree,8,22,176,Credit Card,Dine-In,105,Nina
2024-12-12,5:15:00 PM,Chocolate Lava Cake,Dessert,10,9,90,Credit Card,Delivery,103,Emily
2024-11-01,3:00:00 PM,Caesar Salad,Appetizer,8,10,80,Mobile Payment,Takeaway,103,Emily
2024-05-26,5:30:00 PM,Grilled Asparagus,Side,5,8,40,Cash,Dine-In,104,Carlos
2024-01-30,7:45:00 PM,Caesar Salad,Appetizer,2,10,20,Cash,Dine-In,101,Sarah
2024-01-09,9:15:00 PM,Truffle Fries,Side,7,8,56,Cash,Takeaway,104,Carlos
2024-04-23,9:15:00 PM,Mashed Potatoes,Side,9,7,63,Mobile Payment,Takeaway,102,Jake
2024-12-26,1:15:00 PM,Truffle Fries,Side,2,8,16,Credit Card,Delivery,104,Carlos
2024-05-17,8:15:00 PM,Chocolate Lava Cake,Dessert,2,9,18,Credit Card,Delivery,104,Carlos
2024-01-03,12:00:00 PM,Ribeye Steak,Entree,4,35,140,Cash,Takeaway,105,Nina
2024-09-22,5:45:00 PM,Truffle Fries,Side,2,8,16,Mobile Payment,Takeaway,102,Jake
2024-03-19,5:30:00 PM,Shrimp Cocktail,Appetizer,6,14,84,Mobile Payment,Delivery,102,Jake
2024-12-06,6:30:00 PM,Chocolate Lava Cake,Dessert,7,9,63,Mobile Payment,Takeaway,101,Sarah
2024-09-04,5:00:00 PM,Chocolate Lava Cake,Dessert,2,9,18,Mobile Payment,Dine-In,104,Carlos
2024-02-19,5:30:00 PM,Truffle Fries,Side,5,8,40,Mobile Payment,Delivery,101,Sarah
2024-01-08,3:30:00 PM,Old Fashioned,Beverage,2,12,24,Mobile Payment,Takeaway,104,Carlos
2024-08-10,8:30:00 PM,Shrimp Cocktail,Appetizer,7,14,98,Cash,Delivery,102,Jake
2024-10-03,6:00:00 PM,Truffle Fries,Side,5,8,40,Cash,Delivery,105,Nina
2024-01-16,9:30:00 PM,Grilled Asparagus,Side,8,8,64,Credit Card,Dine-In,105,Nina
2024-04-07,6:30:00 PM,Truffle Fries,Side,8,8,64,Credit Card,Dine-In,105,Nina
2024-09-27,7:15:00 PM,Old Fashioned,Beverage,6,12,72,Cash,Takeaway,103,Emily
2024-01-23,8:45:00 PM,Cabernet Sauvignon,Beverage,6,16,96,Mobile Payment,Dine-In,105,Nina
2024-01-21,5:15:00 PM,Truffle Fries,Side,6,8,48,Cash,Dine-In,102,Jake
2024-01-24,7:45:00 PM,Shrimp Cocktail,Appetizer,8,14,112,Mobile Payment,Delivery,102,Jake
2024-05-15,2:30:00 PM,Caesar Salad,Appetizer,3,10,30,Credit Card,Delivery,104,Carlos
2024-10-31,4:15:00 PM,Filet Mignon,Entree,2,42,84,Cash,Delivery,103,Emily
2024-07-18,11:15:00 AM,Cabernet Sauvignon,Beverage,3,16,48,Cash,Dine-In,105,Nina
2024-10-06,11:15:00 AM,Mashed Potatoes,Side,2,7,14,Credit Card,Delivery,103,Emily
2024-07-14,5:00:00 PM,Shrimp Cocktail,Appetizer,12,14,168,Cash,Dine-In,104,Carlos
2024-07-25,3:45:00 PM,Shrimp Cocktail,Appetizer,3,14,42,Credit Card,Delivery,105,Nina
2024-03-03,9:00:00 PM,Grilled Asparagus,Side,2,8,16,Cash,Dine-In,101,Sarah