date,time,menu_item,category,quantity,price_per_item,revenue,payment_method,order_type,server_id,server_name,hour,weekday,month_number,month_name,day_of_week,is_weekend,high_revenue
2024-11-23,12:00:00,Truffle Fries,Side,5.0,8,40.0,Cash,Dine-In,102,Jake,12,Saturday,11,November,5,True,False
2024-02-22,21:00:00,Chocolate Lava Cake,Dessert,8.0,9,72.0,Cash,Dine-In,101,Sarah,21,Thursday,2,February,3,False,True
2024-04-21,14:00:00,Cabernet Sauvignon,Beverage,2.0,16,32.0,Mobile Payment,Delivery,105,Nina,14,Sunday,4,April,6,True,False
2024-08-02,14:45:00,Chocolate Lava Cake,Dessert,5.0,9,45.0,Cash,Dine-In,104,Carlos,14,Friday,8,August,4,False,False
2024-06-23,15:15:00,Caesar Salad,Appetizer,3.0,10,30.0,Cash,Dine-In,104,Carlos,15,Sunday,6,June,6,True,False
2024-02-19,16:30:00,Chocolate Lava Cake,Dessert,3.0,9,27.0,Cash,Delivery,104,Carlos,16,Monday,2,February,0,False,False
2024-10-01,12:45:00,Filet Mignon,Entree,5.0,42,210.0,Credit Card,Delivery,105,Nina,12,Tuesday,10,October,1,False,True
2024-07-04,20:15:00,Truffle Fries,Side,2.0,8,16.0,Cash,Delivery,102,Jake,20,Thursday,7,July,3,False,False
2024-05-28,12:15:00,Filet Mignon,Entree,3.0,42,126.0,Credit Card,Takeaway,103,Emily,12,Tuesday,5,May,1,False,True
2024-03-24,16:30:00,Caesar Salad,Appetizer,3.0,10,30.0,Mobile Payment,Delivery,101,Sarah,16,Sunday,3,March,6,True,False
2024-11-07,21:15:00,Cabernet Sauvignon,Beverage,3.0,16,48.0,Cash,Takeaway,104,Carlos,21,Thursday,11,November,3,False,False
2024-05-18,21:15:00,Bourbon BBQ Burger,Entree,7.0,22,154.0,Cash,Dine-In,101,Sarah,21,Saturday,5,May,5,True,True
2024-06-10,17:30:00,Filet Mignon,Entree,3.0,42,126.0,Mobile Payment,Delivery,103,Emily,17,Monday,6,June,0,False,True
2024-04-18,21:45:00,Grilled Asparagus,Side,8.0,8,64.0,Cash,Takeaway,102,Jake,21,Thursday,4,April,3,False,True
2024-05-06,22:30:00,Truffle Fries,Side,9.0,8,72.0,Credit Card,Delivery,104,Carlos,22,Monday,5,May,0,False,True
2024-07-04,14:15:00,Cabernet Sauvignon,Beverage,4.0,16,64.0,Cash,Dine-In,101,Sarah,14,Thursday,7,July,3,False,True
2024-03-19,21:15:00,Bourbon BBQ Burger,Entree,8.0,22,176.0,Mobile Payment,Dine-In,104,Carlos,21,Tuesday,3,March,1,False,True
2024-07-14,20:45:00,Cabernet Sauvignon,Beverage,6.0,16,96.0,Mobile Payment,Dine-In,101,Sarah,20,Sunday,7,July,6,True,True
2024-12-15,19:30:00,Bourbon BBQ Burger,Entree,5.0,22,110.0,Cash,Takeaway,104,Carlos,19,Sunday,12,December,6,True,True
2024-03-21,18:00:00,Truffle Fries,Side,6.0,8,48.0,Mobile Payment,Dine-In,105,Nina,18,Thursday,3,March,3,False,False
2024-02-24,21:30:00,Bourbon BBQ Burger,Entree,12.0,22,264.0,Mobile Payment,Dine-In,102,Jake,21,Saturday,2,February,5,True,True
2024-07-10,13:00:00,Chocolate Lava Cake,Dessert,3.0,9,27.0,Credit Card,Dine-In,101,Sarah,13,Wednesday,7,July,2,False,False
2024-07-04,15:15:00,Ribeye Steak,Entree,2.0,35,70.0,Mobile Payment,Dine-In,101,Sarah,15,Thursday,7,July,3,False,True
2024-09-05,12:15:00,New York Strip,Entree,4.0,38,152.0,Mobile Payment,Dine-In,103,Emily,12,Thursday,9,September,3,False,True
2024-09-27,20:45:00,Caesar Salad,Appetizer,12.0,10,120.0,Mobile Payment,Delivery,102,Jake,20,Friday,9,September,4,False,True
2024-12-31,15:45:00,Bourbon BBQ Burger,Entree,5.2,22,114.4,Credit Card,Delivery,104,Carlos,15,Tuesday,12,December,1,False,True
2024-03-02,14:15:00,Filet Mignon,Entree,6.0,42,252.0,Cash,Delivery,105,Nina,14,Saturday,3,March,5,True,True
2024-04-27,20:15:00,Ribeye Steak,Entree,2.0,35,70.0,Mobile Payment,Delivery,101,Sarah,20,Saturday,4,April,5,True,True
2024-04-27,12:00:00,Mashed Potatoes,Side,2.0,7,14.0,Mobile Payment,Dine-In,103,Emily,12,Saturday,4,April,5,True,False
2024-12-08,18:15:00,Cabernet Sauvignon,Beverage,4.0,16,64.0,Mobile Payment,Delivery,105,Nina,18,Sunday,12,December,6,True,True
2024-08-30,14:45:00,Grilled Asparagus,Side,3.0,8,24.0,Cash,Dine-In,104,Carlos,14,Friday,8,August,4,False,False
2024-06-30,17:45:00,Old Fashioned,Beverage,2.0,12,24.0,Mobile Payment,Delivery,101,Sarah,17,Sunday,6,June,6,True,False
2024-02-01,17:30:00,Filet Mignon,Entree,3.0,42,126.0,Cash,Dine-In,105,Nina,17,Thursday,2,February,3,False,True
2024-08-17,13:45:00,New York Strip,Entree,6.0,38,228.0,Credit Card,Dine-In,101,Sarah,13,Saturday,8,August,5,True,True
2024-08-14,19:00:00,Ribeye Steak,Entree,11.0,35,385.0,Cash,Dine-In,102,Jake,19,Wednesday,8,August,2,False,True
2024-03-26,17:45:00,Old Fashioned,Beverage,4.0,12,48.0,Credit Card,Dine-In,102,Jake,17,Tuesday,3,March,1,False,False
2024-07-13,11:45:00,Shrimp Cocktail,Appetizer,8.0,14,112.0,Credit Card,Takeaway,105,Nina,11,Saturday,7,July,5,True,True
2024-12-04,22:45:00,New York Strip,Entree,4.0,38,152.0,Credit Card,Dine-In,101,Sarah,22,Wednesday,12,December,2,False,True
2024-10-23,22:00:00,Truffle Fries,Side,5.0,8,40.0,Cash,Dine-In,105,Nina,22,Wednesday,10,October,2,False,False
2024-09-01,19:15:00,Ribeye Steak,Entree,11.0,35,385.0,Cash,Dine-In,101,Sarah,19,Sunday,9,September,6,True,True
2024-10-31,12:15:00,Grilled Asparagus,Side,1.0,8,8.0,Mobile Payment,Dine-In,105,Nina,12,Thursday,10,October,3,False,False
2024-10-31,11:00:00,Grilled Asparagus,Side,6.0,8,48.0,Mobile Payment,Delivery,103,Emily,11,Thursday,10,October,3,False,False
2024-05-13,14:30:00,Caesar Salad,Appetizer,2.0,10,20.0,Credit Card,Dine-In,103,Emily,14,Monday,5,May,0,False,False
2024-08-22,16:00:00,Ribeye Steak,Entree,3.0,35,105.0,Mobile Payment,Delivery,101,Sarah,16,Thursday,8,August,3,False,True
2024-02-07,19:15:00,Cabernet Sauvignon,Beverage,5.0,16,80.0,Cash,Takeaway,101,Sarah,19,Wednesday,2,February,2,False,True
2024-05-05,16:30:00,New York Strip,Entree,5.0,38,190.0,Mobile Payment,Delivery,103,Emily,16,Sunday,5,May,6,True,True
2024-11-09,21:00:00,Bourbon BBQ Burger,Entree,11.0,22,242.0,Credit Card,Delivery,101,Sarah,21,Saturday,11,November,5,True,True
2024-03-09,15:00:00,Filet Mignon,Entree,8.0,42,336.0,Cash,Takeaway,103,Emily,15,Saturday,3,March,5,True,True
2024-11-05,14:30:00,Caesar Salad,Appetizer,3.0,10,30.0,Mobile Payment,Takeaway,103,Emily,14,Tuesday,11,November,1,False,False
2024-01-27,12:45:00,Shrimp Cocktail,Appetizer,2.0,14,28.0,Cash,Takeaway,102,Jake,12,Saturday,1,January,5,True,False
2024-11-22,15:15:00,Truffle Fries,Side,6.0,8,48.0,Mobile Payment,Delivery,104,Carlos,15,Friday,11,November,4,False,False
2024-10-14,11:00:00,Filet Mignon,Entree,2.0,42,84.0,Mobile Payment,Dine-In,103,Emily,11,Monday,10,October,0,False,True
2024-10-25,19:15:00,Grilled Asparagus,Side,4.0,8,32.0,Cash,Takeaway,103,Emily,19,Friday,10,October,4,False,False
2024-01-21,16:15:00,Bourbon BBQ Burger,Entree,2.0,22,44.0,Mobile Payment,Dine-In,103,Emily,16,Sunday,1,January,6,True,False
2024-10-13,17:15:00,Caesar Salad,Appetizer,4.0,10,40.0,Cash,Takeaway,101,Sarah,17,Sunday,10,October,6,True,False
2024-04-01,22:30:00,Grilled Asparagus,Side,4.0,8,32.0,Credit Card,Dine-In,101,Sarah,22,Monday,4,April,0,False,False
2024-07-14,11:45:00,Caesar Salad,Appetizer,2.0,10,20.0,Credit Card,Takeaway,103,Emily,11,Sunday,7,July,6,True,False
2024-04-26,14:00:00,Bourbon BBQ Burger,Entree,3.0,22,66.0,Credit Card,Takeaway,103,Emily,14,Friday,4,April,4,False,True
2024-02-05,15:30:00,Bourbon BBQ Burger,Entree,5.0,22,110.0,Credit Card,Delivery,105,Nina,15,Monday,2,February,0,False,True
2024-06-18,11:00:00,Shrimp Cocktail,Appetizer,2.0,14,28.0,Mobile Payment,Takeaway,101,Sarah,11,Tuesday,6,June,1,False,False
2024-02-25,20:45:00,Mashed Potatoes,Side,5.0,7,35.0,Credit Card,Delivery,105,Nina,20,Sunday,2,February,6,True,False
2024-02-29,17:15:00,Shrimp Cocktail,Appetizer,2.0,14,28.0,Mobile Payment,Takeaway,101,Sarah,17,Thursday,2,February,3,False,False
2024-09-23,19:15:00,Mashed Potatoes,Side,10.0,7,70.0,Cash,Delivery,103,Emily,19,Monday,9,September,0,False,True
2024-11-15,16:00:00,Truffle Fries,Side,5.0,8,40.0,Mobile Payment,Takeaway,104,Carlos,16,Friday,11,November,4,False,False
2024-06-16,17:30:00,Cabernet Sauvignon,Beverage,5.0,16,80.0,Cash,Takeaway,104,Carlos,17,Sunday,6,June,6,True,True
2024-12-12,22:15:00,Chocolate Lava Cake,Dessert,9.0,9,81.0,Credit Card,Takeaway,105,Nina,22,Thursday,12,December,3,False,True
2024-01-01,15:30:00,Caesar Salad,Appetizer,4.8,10,48.0,Mobile Payment,Delivery,103,Emily,15,Monday,1,January,0,False,False
2024-08-26,18:45:00,Bourbon BBQ Burger,Entree,4.0,22,88.0,Mobile Payment,Takeaway,102,Jake,18,Monday,8,August,0,False,True
2024-12-03,12:30:00,Cabernet Sauvignon,Beverage,6.0,16,96.0,Credit Card,Dine-In,102,Jake,12,Tuesday,12,December,1,False,True
2024-12-10,15:15:00,Caesar Salad,Appetizer,2.0,10,20.0,Cash,Dine-In,102,Jake,15,Tuesday,12,December,1,False,False
2024-08-31,20:00:00,Old Fashioned,Beverage,9.0,12,108.0,Mobile Payment,Delivery,102,Jake,20,Saturday,8,August,5,True,True
2024-12-22,17:45:00,Grilled Asparagus,Side,3.0,8,24.0,Cash,Delivery,101,Sarah,17,Sunday,12,December,6,True,False
2024-02-24,17:15:00,New York Strip,Entree,10.0,38,380.0,Credit Card,Dine-In,105,Nina,17,Saturday,2,February,5,True,True
2024-05-07,12:45:00,New York Strip,Entree,4.0,38,152.0,Mobile Payment,Delivery,105,Nina,12,Tuesday,5,May,1,False,True
2024-10-31,16:45:00,Chocolate Lava Cake,Dessert,5.0,9,45.0,Credit Card,Delivery,104,Carlos,16,Thursday,10,October,3,False,False
2024-03-22,22:45:00,Old Fashioned,Beverage,7.0,12,84.0,Cash,Delivery,103,Emily,22,Friday,3,March,4,False,True
2024-09-23,18:15:00,Shrimp Cocktail,Appetizer,7.0,14,98.0,Cash,Delivery,103,Emily,18,Monday,9,September,0,False,True
2024-04-30,15:30:00,Mashed Potatoes,Side,5.0,7,35.0,Cash,Dine-In,102,Jake,15,Tuesday,4,April,1,False,False
2024-04-28,17:15:00,Truffle Fries,Side,4.0,8,32.0,Cash,Takeaway,104,Carlos,17,Sunday,4,April,6,True,False
2024-06-18,19:45:00,Grilled Asparagus,Side,2.0,8,16.0,Cash,Takeaway,104,Carlos,19,Tuesday,6,June,1,False,False
2024-10-26,22:00:00,Chocolate Lava Cake,Dessert,7.0,9,63.0,Credit Card,Dine-In,103,Emily,22,Saturday,10,October,5,True,True
2024-06-01,17:45:00,Cabernet Sauvignon,Beverage,8.0,16,128.0,Mobile Payment,Dine-In,104,Carlos,17,Saturday,6,June,5,True,True
2024-04-22,15:45:00,Old Fashioned,Beverage,1.0,12,12.0,Credit Card,Takeaway,104,Carlos,15,Monday,4,April,0,False,False
2024-03-25,18:15:00,Chocolate Lava Cake,Dessert,9.0,9,81.0,Cash,Takeaway,105,Nina,18,Monday,3,March,0,False,True
2024-10-15,21:00:00,Filet Mignon,Entree,7.0,42,294.0,Cash,Takeaway,102,Jake,21,Tuesday,10,October,1,False,True
2024-01-26,15:45:00,Mashed Potatoes,Side,3.0,7,21.0,Credit Card,Takeaway,103,Emily,15,Friday,1,January,4,False,False
2024-07-13,15:45:00,Shrimp Cocktail,Appetizer,2.0,14,28.0,Credit Card,Dine-In,105,Nina,15,Saturday,7,July,5,True,False
2024-01-27,16:15:00,Bourbon BBQ Burger,Entree,2.0,22,44.0,Mobile Payment,Dine-In,101,Sarah,16,Saturday,1,January,5,True,False
2024-05-06,14:00:00,Chocolate Lava Cake,Dessert,2.0,9,18.0,Cash,Dine-In,104,Carlos,14,Monday,5,May,0,False,False
2024-12-08,12:15:00,Old Fashioned,Beverage,3.0,12,36.0,Credit Card,Dine-In,105,Nina,12,Sunday,12,December,6,True,False
2024-11-06,22:00:00,New York Strip,Entree,7.0,38,266.0,Cash,Delivery,101,Sarah,22,Wednesday,11,November,2,False,True
2024-06-08,20:45:00,Grilled Asparagus,Side,4.0,8,32.0,Cash,Delivery,102,Jake,20,Saturday,6,June,5,True,False
2024-02-22,22:30:00,Bourbon BBQ Burger,Entree,11.0,22,242.0,Cash,Delivery,101,Sarah,22,Thursday,2,February,3,False,True
2024-06-26,19:45:00,Bourbon BBQ Burger,Entree,6.0,22,132.0,Cash,Delivery,103,Emily,19,Wednesday,6,June,2,False,True
2024-01-07,17:45:00,Filet Mignon,Entree,9.0,42,378.0,Credit Card,Delivery,104,Carlos,17,Sunday,1,January,6,True,True
2024-12-28,13:45:00,New York Strip,Entree,10.0,38,380.0,Mobile Payment,Takeaway,105,Nina,13,Saturday,12,December,5,True,True
2024-10-02,18:45:00,Grilled Asparagus,Side,8.0,8,64.0,Credit Card,Takeaway,102,Jake,18,Wednesday,10,October,2,False,True
2024-02-14,15:45:00,Caesar Salad,Appetizer,6.0,10,60.0,Mobile Payment,Delivery,104,Carlos,15,Wednesday,2,February,2,False,False
2024-06-21,11:45:00,Mashed Potatoes,Side,4.0,7,28.0,Credit Card,Dine-In,103,Emily,11,Friday,6,June,4,False,False
2024-05-12,16:30:00,Chocolate Lava Cake,Dessert,4.5,9,40.5,Mobile Payment,Dine-In,105,Nina,16,Sunday,5,May,6,True,False
2024-04-07,12:15:00,Truffle Fries,Side,4.0,8,32.0,Credit Card,Delivery,102,Jake,12,Sunday,4,April,6,True,False
2024-12-19,18:45:00,Old Fashioned,Beverage,2.0,12,24.0,Cash,Takeaway,102,Jake,18,Thursday,12,December,3,False,False
2024-07-26,22:15:00,Shrimp Cocktail,Appetizer,8.0,14,112.0,Credit Card,Takeaway,105,Nina,22,Friday,7,July,4,False,True
2024-09-28,16:45:00,Truffle Fries,Side,8.0,8,64.0,Credit Card,Takeaway,104,Carlos,16,Saturday,9,September,5,True,True
2024-05-18,15:30:00,Caesar Salad,Appetizer,2.0,10,20.0,Mobile Payment,Dine-In,103,Emily,15,Saturday,5,May,5,True,False
2024-03-02,22:15:00,Caesar Salad,Appetizer,4.0,10,40.0,Mobile Payment,Takeaway,103,Emily,22,Saturday,3,March,5,True,False
2024-10-28,19:30:00,Filet Mignon,Entree,4.0,42,168.0,Credit Card,Dine-In,103,Emily,19,Monday,10,October,0,False,True
2024-04-01,15:00:00,Truffle Fries,Side,5.0,8,40.0,Cash,Takeaway,101,Sarah,15,Monday,4,April,0,False,False
2024-01-28,19:30:00,Truffle Fries,Side,4.0,8,32.0,Mobile Payment,Takeaway,101,Sarah,19,Sunday,1,January,6,True,False
2024-01-07,20:30:00,Old Fashioned,Beverage,9.0,12,108.0,Credit Card,Takeaway,102,Jake,20,Sunday,1,January,6,True,True
2024-01-27,15:45:00,Filet Mignon,Entree,2.0,42,84.0,Credit Card,Takeaway,101,Sarah,15,Saturday,1,January,5,True,True
2024-10-22,21:00:00,New York Strip,Entree,3.0,38,114.0,Mobile Payment,Takeaway,101,Sarah,21,Tuesday,10,October,1,False,True
2024-05-07,12:45:00,Chocolate Lava Cake,Dessert,5.0,9,45.0,Mobile Payment,Dine-In,105,Nina,12,Tuesday,5,May,1,False,False
2024-07-13,18:45:00,Shrimp Cocktail,Appetizer,10.0,14,140.0,Credit Card,Takeaway,105,Nina,18,Saturday,7,July,5,True,True
2024-11-13,11:00:00,Caesar Salad,Appetizer,2.0,10,20.0,Credit Card,Delivery,101,Sarah,11,Wednesday,11,November,2,False,False
2024-03-21,14:15:00,Cabernet Sauvignon,Beverage,1.0,16,16.0,Cash,Dine-In,104,Carlos,14,Thursday,3,March,3,False,False
2024-08-18,22:45:00,Shrimp Cocktail,Appetizer,2.0,14,28.0,Cash,Takeaway,103,Emily,22,Sunday,8,August,6,True,False
2024-12-25,18:00:00,Bourbon BBQ Burger,Entree,4.0,22,88.0,Credit Card,Delivery,105,Nina,18,Wednesday,12,December,2,False,True
2024-12-04,14:45:00,Filet Mignon,Entree,5.0,42,210.0,Cash,Delivery,102,Jake,14,Wednesday,12,December,2,False,True
2024-05-16,13:00:00,Ribeye Steak,Entree,2.0,35,70.0,Credit Card,Delivery,105,Nina,13,Thursday,5,May,3,False,True
2024-05-27,18:00:00,Old Fashioned,Beverage,5.0,12,60.0,Mobile Payment,Takeaway,103,Emily,18,Monday,5,May,0,False,False
2024-09-13,19:45:00,Old Fashioned,Beverage,2.0,12,24.0,Mobile Payment,Dine-In,104,Carlos,19,Friday,9,September,4,False,False
2024-06-14,20:30:00,Ribeye Steak,Entree,2.0,35,70.0,Cash,Delivery,105,Nina,20,Friday,6,June,4,False,True
2024-10-27,11:30:00,Chocolate Lava Cake,Dessert,1.0,9,9.0,Cash,Takeaway,105,Nina,11,Sunday,10,October,6,True,False
2024-11-29,18:30:00,New York Strip,Entree,10.0,38,380.0,Credit Card,Delivery,104,Carlos,18,Friday,11,November,4,False,True
2024-02-16,18:30:00,Grilled Asparagus,Side,5.0,8,40.0,Credit Card,Delivery,101,Sarah,18,Friday,2,February,4,False,False
2024-03-23,16:45:00,Truffle Fries,Side,8.0,8,64.0,Credit Card,Delivery,104,Carlos,16,Saturday,3,March,5,True,True
2024-10-08,11:45:00,Filet Mignon,Entree,3.0,42,126.0,Credit Card,Takeaway,101,Sarah,11,Tuesday,10,October,1,False,True
2024-07-25,19:00:00,Bourbon BBQ Burger,Entree,11.0,22,242.0,Credit Card,Takeaway,101,Sarah,19,Thursday,7,July,3,False,True
2024-04-06,19:30:00,Chocolate Lava Cake,Dessert,8.0,9,72.0,Mobile Payment,Takeaway,101,Sarah,19,Saturday,4,April,5,True,True
2024-04-14,15:15:00,Shrimp Cocktail,Appetizer,4.0,14,56.0,Mobile Payment,Takeaway,101,Sarah,15,Sunday,4,April,6,True,False
2024-01-15,21:15:00,Truffle Fries,Side,4.0,8,32.0,Credit Card,Delivery,101,Sarah,21,Monday,1,January,0,False,False
2024-10-09,17:00:00,Caesar Salad,Appetizer,2.0,10,20.0,Credit Card,Dine-In,102,Jake,17,Wednesday,10,October,2,False,False
2024-09-12,22:30:00,Cabernet Sauvignon,Beverage,6.0,16,96.0,Credit Card,Takeaway,104,Carlos,22,Thursday,9,September,3,False,True
2024-05-04,18:15:00,Grilled Asparagus,Side,4.0,8,32.0,Mobile Payment,Delivery,102,Jake,18,Saturday,5,May,5,True,False
2024-02-05,15:45:00,Mashed Potatoes,Side,5.0,7,35.0,Credit Card,Dine-In,103,Emily,15,Monday,2,February,0,False,False
2024-06-01,20:45:00,New York Strip,Entree,8.0,38,304.0,Mobile Payment,Takeaway,103,Emily,20,Saturday,6,June,5,True,True
2024-06-19,19:45:00,Old Fashioned,Beverage,5.0,12,60.0,Cash,Delivery,102,Jake,19,Wednesday,6,June,2,False,False
2024-10-19,17:15:00,Grilled Asparagus,Side,2.0,8,16.0,Credit Card,Delivery,104,Carlos,17,Saturday,10,October,5,True,False
2024-12-27,17:45:00,Bourbon BBQ Burger,Entree,4.0,22,88.0,Credit Card,Dine-In,102,Jake,17,Friday,12,December,4,False,True
2024-09-14,20:30:00,Filet Mignon,Entree,7.0,42,294.0,Cash,Delivery,104,Carlos,20,Saturday,9,September,5,True,True
2024-01-08,22:15:00,Grilled Asparagus,Side,5.0,8,40.0,Cash,Takeaway,103,Emily,22,Monday,1,January,0,False,False
2024-06-22,20:45:00,Bourbon BBQ Burger,Entree,2.0,22,44.0,Credit Card,Delivery,105,Nina,20,Saturday,6,June,5,True,False
2024-07-13,16:45:00,Cabernet Sauvignon,Beverage,2.0,16,32.0,Mobile Payment,Dine-In,102,Jake,16,Saturday,7,July,5,True,False
2024-11-19,21:30:00,Caesar Salad,Appetizer,2.0,10,20.0,Credit Card,Dine-In,101,Sarah,21,Tuesday,11,November,1,False,False
2024-08-15,13:30:00,Ribeye Steak,Entree,1.0,35,35.0,Credit Card,Dine-In,103,Emily,13,Thursday,8,August,3,False,False
2024-07-02,16:45:00,New York Strip,Entree,2.0,38,76.0,Mobile Payment,Takeaway,105,Nina,16,Tuesday,7,July,1,False,True
2024-12-15,13:15:00,New York Strip,Entree,1.0,38,38.0,Mobile Payment,Takeaway,105,Nina,13,Sunday,12,December,6,True,False
2024-12-15,14:45:00,Chocolate Lava Cake,Dessert,2.0,9,18.0,Cash,Takeaway,103,Emily,14,Sunday,12,December,6,True,False
2024-08-23,15:00:00,Old Fashioned,Beverage,4.0,12,48.0,Mobile Payment,Delivery,102,Jake,15,Friday,8,August,4,False,False
2024-02-07,18:30:00,Chocolate Lava Cake,Dessert,7.0,9,63.0,Mobile Payment,Takeaway,103,Emily,18,Wednesday,2,February,2,False,True
2024-08-21,15:15:00,Grilled Asparagus,Side,4.0,8,32.0,Cash,Dine-In,104,Carlos,15,Wednesday,8,August,2,False,False
2024-10-19,16:30:00,Truffle Fries,Side,6.0,8,48.0,Cash,Delivery,104,Carlos,16,Saturday,10,October,5,True,False
2024-05-20,11:00:00,Chocolate Lava Cake,Dessert,3.0,9,27.0,Credit Card,Dine-In,105,Nina,11,Monday,5,May,0,False,False
2024-06-29,14:15:00,Chocolate Lava Cake,Dessert,6.0,9,54.0,Mobile Payment,Delivery,102,Jake,14,Saturday,6,June,5,True,False
2024-11-17,12:00:00,Shrimp Cocktail,Appetizer,5.0,14,70.0,Cash,Delivery,103,Emily,12,Sunday,11,November,6,True,True
2024-03-08,12:30:00,Mashed Potatoes,Side,7.0,7,49.0,Cash,Dine-In,102,Jake,12,Friday,3,March,4,False,False
2024-10-03,16:30:00,New York Strip,Entree,3.0,38,114.0,Credit Card,Takeaway,103,Emily,16,Thursday,10,October,3,False,True
2024-02-28,18:00:00,New York Strip,Entree,3.0,38,114.0,Mobile Payment,Delivery,104,Carlos,18,Wednesday,2,February,2,False,True
2024-10-12,16:00:00,Grilled Asparagus,Side,2.0,8,16.0,Credit Card,Delivery,101,Sarah,16,Saturday,10,October,5,True,False
2024-08-20,16:30:00,Chocolate Lava Cake,Dessert,5.0,9,45.0,Mobile Payment,Takeaway,101,Sarah,16,Tuesday,8,August,1,False,False
2024-12-11,14:45:00,Ribeye Steak,Entree,5.0,35,175.0,Mobile Payment,Takeaway,105,Nina,14,Wednesday,12,December,2,False,True
2024-04-23,21:00:00,Bourbon BBQ Burger,Entree,7.0,22,154.0,Mobile Payment,Takeaway,104,Carlos,21,Tuesday,4,April,1,False,True
2024-02-29,13:00:00,Ribeye Steak,Entree,3.0,35,105.0,Credit Card,Dine-In,101,Sarah,13,Thursday,2,February,3,False,True
2024-04-30,19:15:00,Grilled Asparagus,Side,8.0,8,64.0,Credit Card,Delivery,105,Nina,19,Tuesday,4,April,1,False,True
2024-08-02,20:15:00,Grilled Asparagus,Side,2.0,8,16.0,Credit Card,Delivery,104,Carlos,20,Friday,8,August,4,False,False
2024-05-23,11:30:00,Caesar Salad,Appetizer,4.0,10,40.0,Credit Card,Dine-In,103,Emily,11,Thursday,5,May,3,False,False
2024-02-20,21:30:00,Cabernet Sauvignon,Beverage,7.0,16,112.0,Cash,Takeaway,103,Emily,21,Tuesday,2,February,1,False,True
2024-04-07,12:45:00,Filet Mignon,Entree,2.0,42,84.0,Mobile Payment,Delivery,105,Nina,12,Sunday,4,April,6,True,True
2024-01-11,11:30:00,Caesar Salad,Appetizer,2.0,10,20.0,Mobile Payment,Dine-In,101,Sarah,11,Thursday,1,January,3,False,False
2024-10-10,14:15:00,Caesar Salad,Appetizer,3.0,10,30.0,Cash,Delivery,101,Sarah,14,Thursday,10,October,3,False,False
2024-05-21,13:15:00,Cabernet Sauvignon,Beverage,3.0,16,48.0,Cash,Dine-In,101,Sarah,13,Tuesday,5,May,1,False,False
2024-03-08,11:30:00,Caesar Salad,Appetizer,6.0,10,60.0,Credit Card,Dine-In,102,Jake,11,Friday,3,March,4,False,False
2024-05-15,11:15:00,Truffle Fries,Side,4.0,8,32.0,Mobile Payment,Dine-In,101,Sarah,11,Wednesday,5,May,2,False,False
2024-08-31,18:30:00,Cabernet Sauvignon,Beverage,9.0,16,144.0,Cash,Takeaway,105,Nina,18,Saturday,8,August,5,True,True
2024-04-23,20:00:00,Truffle Fries,Side,11.0,8,88.0,Credit Card,Takeaway,101,Sarah,20,Tuesday,4,April,1,False,True
2024-02-01,18:45:00,Grilled Asparagus,Side,2.0,8,16.0,Credit Card,Delivery,104,Carlos,18,Thursday,2,February,3,False,False
2024-02-07,12:30:00,Chocolate Lava Cake,Dessert,2.0,9,18.0,Cash,Dine-In,103,Emily,12,Wednesday,2,February,2,False,False
2024-11-15,21:30:00,Grilled Asparagus,Side,12.0,8,96.0,Mobile Payment,Takeaway,104,Carlos,21,Friday,11,November,4,False,True
2024-09-15,20:45:00,Filet Mignon,Entree,2.0,42,84.0,Mobile Payment,Delivery,105,Nina,20,Sunday,9,September,6,True,True
2024-04-20,17:45:00,Caesar Salad,Appetizer,7.0,10,70.0,Credit Card,Takeaway,104,Carlos,17,Saturday,4,April,5,True,True
2024-07-31,22:00:00,Mashed Potatoes,Side,9.0,7,63.0,Credit Card,Delivery,103,Emily,22,Wednesday,7,July,2,False,True
2024-07-10,13:45:00,Filet Mignon,Entree,1.0,42,42.0,Cash,Dine-In,104,Carlos,13,Wednesday,7,July,2,False,False
2024-02-19,22:30:00,New York Strip,Entree,10.0,38,380.0,Cash,Delivery,105,Nina,22,Monday,2,February,0,False,True
2024-10-14,16:00:00,Grilled Asparagus,Side,3.0,8,24.0,Mobile Payment,Takeaway,101,Sarah,16,Monday,10,October,0,False,False
2024-05-27,20:30:00,Mashed Potatoes,Side,2.0,7,14.0,Mobile Payment,Delivery,102,Jake,20,Monday,5,May,0,False,False
2024-03-20,21:45:00,Caesar Salad,Appetizer,2.0,10,20.0,Credit Card,Delivery,103,Emily,21,Wednesday,3,March,2,False,False
2024-02-28,15:15:00,Grilled Asparagus,Side,6.0,8,48.0,Mobile Payment,Delivery,105,Nina,15,Wednesday,2,February,2,False,False
2024-01-14,20:30:00,Ribeye Steak,Entree,4.0,35,140.0,Credit Card,Delivery,103,Emily,20,Sunday,1,January,6,True,True
2024-06-22,16:00:00,New York Strip,Entree,3.0,38,114.0,Mobile Payment,Delivery,104,Carlos,16,Saturday,6,June,5,True,True
2024-02-05,13:00:00,Filet Mignon,Entree,5.0,42,210.0,Cash,Takeaway,104,Carlos,13,Monday,2,February,0,False,True
2024-08-20,16:15:00,Mashed Potatoes,Side,3.0,7,21.0,Mobile Payment,Takeaway,105,Nina,16,Tuesday,8,August,1,False,False
2024-11-01,12:00:00,New York Strip,Entree,4.0,38,152.0,Mobile Payment,Dine-In,101,Sarah,12,Friday,11,November,4,False,True
2024-05-19,18:45:00,Old Fashioned,Beverage,11.0,12,132.0,Credit Card,Takeaway,103,Emily,18,Sunday,5,May,6,True,True
2024-04-20,19:00:00,Mashed Potatoes,Side,7.0,7,49.0,Cash,Takeaway,105,Nina,19,Saturday,4,April,5,True,False
2024-09-06,19:30:00,Ribeye Steak,Entree,4.0,35,140.0,Credit Card,Delivery,101,Sarah,19,Friday,9,September,4,False,True
2024-01-04,14:30:00,Caesar Salad,Appetizer,2.0,10,20.0,Credit Card,Takeaway,103,Emily,14,Thursday,1,January,3,False,False
2024-03-02,11:45:00,Truffle Fries,Side,6.0,8,48.0,Cash,Dine-In,104,Carlos,11,Saturday,3,March,5,True,False
2024-09-29,22:15:00,Cabernet Sauvignon,Beverage,8.0,16,128.0,Mobile Payment,Takeaway,101,Sarah,22,Sunday,9,September,6,True,True
2024-07-22,22:00:00,Grilled Asparagus,Side,2.0,8,16.0,Credit Card,Dine-In,103,Emily,22,Monday,7,July,0,False,False
2024-10-21,17:45:00,Truffle Fries,Side,7.0,8,56.0,Credit Card,Dine-In,104,Carlos,17,Monday,10,October,0,False,False
2024-01-11,16:15:00,Chocolate Lava Cake,Dessert,4.0,9,36.0,Mobile Payment,Takeaway,101,Sarah,16,Thursday,1,January,3,False,False
2024-08-11,12:15:00,Grilled Asparagus,Side,5.0,8,40.0,Credit Card,Delivery,101,Sarah,12,Sunday,8,August,6,True,False
2024-07-21,15:30:00,Caesar Salad,Appetizer,3.0,10,30.0,Cash,Dine-In,105,Nina,15,Sunday,7,July,6,True,False
2024-11-20,12:15:00,Mashed Potatoes,Side,3.0,7,21.0,Mobile Payment,Delivery,102,Jake,12,Wednesday,11,November,2,False,False
2024-04-30,12:15:00,Shrimp Cocktail,Appetizer,2.0,14,28.0,Cash,Delivery,102,Jake,12,Tuesday,4,April,1,False,False
2024-12-01,12:15:00,Bourbon BBQ Burger,Entree,4.0,22,88.0,Credit Card,Delivery,105,Nina,12,Sunday,12,December,6,True,True
2024-08-17,21:30:00,Bourbon BBQ Burger,Entree,6.0,22,132.0,Cash,Takeaway,101,Sarah,21,Saturday,8,August,5,True,True
2024-08-28,18:30:00,Shrimp Cocktail,Appetizer,10.0,14,140.0,Cash,Takeaway,105,Nina,18,Wednesday,8,August,2,False,True
2024-02-07,15:45:00,Old Fashioned,Beverage,1.0,12,12.0,Cash,Takeaway,103,Emily,15,Wednesday,2,February,2,False,False
2024-02-09,21:00:00,Chocolate Lava Cake,Dessert,10.0,9,90.0,Mobile Payment,Takeaway,104,Carlos,21,Friday,2,February,4,False,True
2024-10-24,19:00:00,Old Fashioned,Beverage,9.0,12,108.0,Mobile Payment,Dine-In,103,Emily,19,Thursday,10,October,3,False,True
2024-11-05,18:15:00,Ribeye Steak,Entree,8.0,35,280.0,Cash,Takeaway,101,Sarah,18,Tuesday,11,November,1,False,True
2024-09-15,21:15:00,Ribeye Steak,Entree,3.0,35,105.0,Mobile Payment,Takeaway,104,Carlos,21,Sunday,9,September,6,True,True
2024-09-25,19:15:00,Mashed Potatoes,Side,5.0,7,35.0,Credit Card,Takeaway,104,Carlos,19,Wednesday,9,September,2,False,False
2024-06-22,21:00:00,Bourbon BBQ Burger,Entree,7.0,22,154.0,Cash,Takeaway,101,Sarah,21,Saturday,6,June,5,True,True
2024-10-12,21:45:00,Shrimp Cocktail,Appetizer,5.0,14,70.0,Mobile Payment,Delivery,105,Nina,21,Saturday,10,October,5,True,True
2024-03-17,16:00:00,Chocolate Lava Cake,Dessert,2.0,9,18.0,Credit Card,Takeaway,104,Carlos,16,Sunday,3,March,6,True,False
2024-03-07,20:00:00,Shrimp Cocktail,Appetizer,8.0,14,112.0,Credit Card,Delivery,103,Emily,20,Thursday,3,March,3,False,True
2024-03-06,21:00:00,Bourbon BBQ Burger,Entree,7.0,22,154.0,Mobile Payment,Takeaway,101,Sarah,21,Wednesday,3,March,2,False,True
2024-07-04,15:15:00,Caesar Salad,Appetizer,3.0,10,30.0,Credit Card,Dine-In,102,Jake,15,Thursday,7,July,3,False,False
2024-03-11,13:00:00,Shrimp Cocktail,Appetizer,1.0,14,14.0,Mobile Payment,Delivery,105,Nina,13,Monday,3,March,0,False,False
2024-01-20,21:30:00,Chocolate Lava Cake,Dessert,4.0,9,36.0,Mobile Payment,Takeaway,102,Jake,21,Saturday,1,January,5,True,False
2024-03-24,13:15:00,Truffle Fries,Side,4.0,8,32.0,Cash,Takeaway,103,Emily,13,Sunday,3,March,6,True,False
2024-12-12,22:15:00,Old Fashioned,Beverage,9.0,12,108.0,Credit Card,Delivery,104,Carlos,22,Thursday,12,December,3,False,True
2024-04-29,19:15:00,Shrimp Cocktail,Appetizer,8.0,14,112.0,Cash,Takeaway,105,Nina,19,Monday,4,April,0,False,True
2024-08-13,18:30:00,Grilled Asparagus,Side,8.0,8,64.0,Mobile Payment,Takeaway,102,Jake,18,Tuesday,8,August,1,False,True
2024-04-12,20:15:00,Shrimp Cocktail,Appetizer,2.0,14,28.0,Mobile Payment,Takeaway,103,Emily,20,Friday,4,April,4,False,False
2024-10-10,12:00:00,Shrimp Cocktail,Appetizer,1.0,14,14.0,Cash,Takeaway,104,Carlos,12,Thursday,10,October,3,False,False
2024-09-19,13:45:00,Filet Mignon,Entree,2.0,42,84.0,Credit Card,Takeaway,101,Sarah,13,Thursday,9,September,3,False,True
2024-07-31,11:45:00,Cabernet Sauvignon,Beverage,3.0,16,48.0,Cash,Takeaway,101,Sarah,11,Wednesday,7,July,2,False,False
2024-07-10,14:00:00,Mashed Potatoes,Side,1.0,7,7.0,Mobile Payment,Delivery,103,Emily,14,Wednesday,7,July,2,False,False
2024-03-15,13:00:00,Shrimp Cocktail,Appetizer,7.0,14,98.0,Mobile Payment,Dine-In,104,Carlos,13,Friday,3,March,4,False,True
2024-08-17,20:00:00,Filet Mignon,Entree,2.0,42,84.0,Credit Card,Dine-In,102,Jake,20,Saturday,8,August,5,True,True
2024-10-07,22:45:00,Filet Mignon,Entree,6.0,42,252.0,Cash,Takeaway,101,Sarah,22,Monday,10,October,0,False,True
2024-01-25,14:45:00,Bourbon BBQ Burger,Entree,5.0,22,110.0,Credit Card,Dine-In,101,Sarah,14,Thursday,1,January,3,False,True
2024-09-12,20:00:00,Bourbon BBQ Burger,Entree,10.0,22,220.0,Mobile Payment,Dine-In,102,Jake,20,Thursday,9,September,3,False,True
2024-05-29,17:00:00,Chocolate Lava Cake,Dessert,6.0,9,54.0,Cash,Delivery,104,Carlos,17,Wednesday,5,May,2,False,False
2024-04-05,21:00:00,Cabernet Sauvignon,Beverage,6.0,16,96.0,Cash,Delivery,105,Nina,21,Friday,4,April,4,False,True
2024-09-16,19:00:00,Grilled Asparagus,Side,9.0,8,72.0,Cash,Delivery,104,Carlos,19,Monday,9,September,0,False,True
2024-07-10,15:00:00,Mashed Potatoes,Side,1.0,7,7.0,Credit Card,Dine-In,101,Sarah,15,Wednesday,7,July,2,False,False
2024-10-24,22:30:00,New York Strip,Entree,2.0,38,76.0,Credit Card,Delivery,103,Emily,22,Thursday,10,October,3,False,True
2024-11-25,13:45:00,Truffle Fries,Side,4.0,8,32.0,Mobile Payment,Dine-In,102,Jake,13,Monday,11,November,0,False,False
2024-02-02,22:45:00,Ribeye Steak,Entree,7.0,35,245.0,Cash,Dine-In,102,Jake,22,Friday,2,February,4,False,True
2024-01-22,16:30:00,Cabernet Sauvignon,Beverage,4.0,16,64.0,Mobile Payment,Takeaway,103,Emily,16,Monday,1,January,0,False,True
2024-01-19,21:15:00,Shrimp Cocktail,Appetizer,6.0,14,84.0,Cash,Delivery,103,Emily,21,Friday,1,January,4,False,True
2024-05-19,12:30:00,Grilled Asparagus,Side,5.0,8,40.0,Mobile Payment,Takeaway,104,Carlos,12,Sunday,5,May,6,True,False
2024-06-22,13:45:00,Truffle Fries,Side,8.0,8,64.0,Credit Card,Delivery,103,Emily,13,Saturday,6,June,5,True,True
2024-02-12,22:45:00,Filet Mignon,Entree,7.0,42,294.0,Mobile Payment,Dine-In,105,Nina,22,Monday,2,February,0,False,True
2024-05-30,16:00:00,Filet Mignon,Entree,3.0,42,126.0,Mobile Payment,Takeaway,103,Emily,16,Thursday,5,May,3,False,True
2024-08-16,20:45:00,New York Strip,Entree,8.0,38,304.0,Credit Card,Takeaway,101,Sarah,20,Friday,8,August,4,False,True
2024-06-29,20:45:00,Shrimp Cocktail,Appetizer,2.0,14,28.0,Cash,Delivery,104,Carlos,20,Saturday,6,June,5,True,False
2024-07-05,19:15:00,Ribeye Steak,Entree,4.0,35,140.0,Mobile Payment,Delivery,104,Carlos,19,Friday,7,July,4,False,True
2024-01-18,13:00:00,Caesar Salad,Appetizer,3.0,10,30.0,Credit Card,Takeaway,105,Nina,13,Thursday,1,January,3,False,False
2024-01-17,20:15:00,Bourbon BBQ Burger,Entree,8.0,22,176.0,Credit Card,Takeaway,104,Carlos,20,Wednesday,1,January,2,False,True
2024-02-09,20:15:00,Cabernet Sauvignon,Beverage,5.0,16,80.0,Credit Card,Takeaway,103,Emily,20,Friday,2,February,4,False,True
2024-05-07,12:00:00,Truffle Fries,Side,2.0,8,16.0,Credit Card,Delivery,104,Carlos,12,Tuesday,5,May,1,False,False
2024-10-14,12:30:00,Shrimp Cocktail,Appetizer,4.0,14,56.0,Cash,Delivery,103,Emily,12,Monday,10,October,0,False,False
2024-12-21,18:15:00,Filet Mignon,Entree,4.0,42,168.0,Cash,Takeaway,102,Jake,18,Saturday,12,December,5,True,True
2024-12-31,18:00:00,Bourbon BBQ Burger,Entree,7.8,22,171.6,Mobile Payment,Takeaway,101,Sarah,18,Tuesday,12,December,1,False,True
2024-10-08,19:30:00,Shrimp Cocktail,Appetizer,4.0,14,56.0,Mobile Payment,Delivery,102,Jake,19,Tuesday,10,October,1,False,False
2024-07-04,19:15:00,Filet Mignon,Entree,3.0,42,126.0,Cash,Dine-In,104,Carlos,19,Thursday,7,July,3,False,True
2024-01-14,16:30:00,Old Fashioned,Beverage,5.0,12,60.0,Cash,Delivery,101,Sarah,16,Sunday,1,January,6,True,False
2024-02-03,15:45:00,Truffle Fries,Side,6.0,8,48.0,Mobile Payment,Takeaway,104,Carlos,15,Saturday,2,February,5,True,False
2024-10-21,12:15:00,Mashed Potatoes,Side,1.0,7,7.0,Credit Card,Takeaway,105,Nina,12,Monday,10,October,0,False,False
2024-06-25,13:15:00,New York Strip,Entree,5.0,38,190.0,Mobile Payment,Dine-In,101,Sarah,13,Tuesday,6,June,1,False,True
2024-09-22,13:30:00,New York Strip,Entree,2.0,38,76.0,Credit Card,Delivery,102,Jake,13,Sunday,9,September,6,True,True
2024-06-26,19:30:00,Filet Mignon,Entree,7.0,42,294.0,Cash,Delivery,105,Nina,19,Wednesday,6,June,2,False,True
2024-05-20,13:30:00,Chocolate Lava Cake,Dessert,4.0,9,36.0,Cash,Delivery,102,Jake,13,Monday,5,May,0,False,False
2024-10-30,20:15:00,New York Strip,Entree,8.0,38,304.0,Mobile Payment,Delivery,103,Emily,20,Wednesday,10,October,2,False,True
2024-10-15,11:00:00,Filet Mignon,Entree,1.0,42,42.0,Mobile Payment,Delivery,103,Emily,11,Tuesday,10,October,1,False,False
2024-11-29,14:45:00,Chocolate Lava Cake,Dessert,2.0,9,18.0,Credit Card,Delivery,105,Nina,14,Friday,11,November,4,False,False
2024-05-28,21:30:00,Old Fashioned,Beverage,3.0,12,36.0,Mobile Payment,Takeaway,103,Emily,21,Tuesday,5,May,1,False,False
2024-08-20,12:00:00,New York Strip,Entree,4.0,38,152.0,Credit Card,Takeaway,104,Carlos,12,Tuesday,8,August,1,False,True
2024-04-14,16:15:00,Mashed Potatoes,Side,3.0,7,21.0,Mobile Payment,Takeaway,104,Carlos,16,Sunday,4,April,6,True,False
2024-03-07,16:00:00,Mashed Potatoes,Side,2.0,7,14.0,Credit Card,Dine-In,103,Emily,16,Thursday,3,March,3,False,False
2024-08-18,14:15:00,Filet Mignon,Entree,1.0,42,42.0,Credit Card,Takeaway,105,Nina,14,Sunday,8,August,6,True,False
2024-08-02,14:15:00,Mashed Potatoes,Side,7.0,7,49.0,Mobile Payment,Takeaway,102,Jake,14,Friday,8,August,4,False,False
2024-03-22,18:45:00,Old Fashioned,Beverage,7.0,12,84.0,Credit Card,Dine-In,101,Sarah,18,Friday,3,March,4,False,True
2024-07-20,19:45:00,Caesar Salad,Appetizer,4.0,10,40.0,Mobile Payment,Takeaway,101,Sarah,19,Saturday,7,July,5,True,False
2024-01-26,15:45:00,Chocolate Lava Cake,Dessert,7.0,9,63.0,Credit Card,Delivery,101,Sarah,15,Friday,1,January,4,False,True
2024-02-25,17:15:00,Shrimp Cocktail,Appetizer,5.0,14,70.0,Credit Card,Takeaway,101,Sarah,17,Sunday,2,February,6,True,True
2024-07-24,11:15:00,Mashed Potatoes,Side,5.0,7,35.0,Credit Card,Dine-In,104,Carlos,11,Wednesday,7,July,2,False,False
2024-09-15,18:30:00,Chocolate Lava Cake,Dessert,8.0,9,72.0,Cash,Dine-In,101,Sarah,18,Sunday,9,September,6,True,True
2024-07-20,16:30:00,Cabernet Sauvignon,Beverage,6.0,16,96.0,Cash,Dine-In,105,Nina,16,Saturday,7,July,5,True,True
2024-09-17,17:00:00,Ribeye Steak,Entree,2.0,35,70.0,Cash,Delivery,103,Emily,17,Tuesday,9,September,1,False,True
2024-08-30,19:45:00,New York Strip,Entree,9.0,38,342.0,Mobile Payment,Dine-In,103,Emily,19,Friday,8,August,4,False,True
2024-11-09,16:15:00,Grilled Asparagus,Side,8.0,8,64.0,Mobile Payment,Takeaway,105,Nina,16,Saturday,11,November,5,True,True
2024-06-21,19:45:00,Truffle Fries,Side,8.0,8,64.0,Credit Card,Takeaway,101,Sarah,19,Friday,6,June,4,False,True
2024-07-07,16:00:00,Grilled Asparagus,Side,5.0,8,40.0,Credit Card,Delivery,101,Sarah,16,Sunday,7,July,6,True,False
2024-11-01,18:30:00,Bourbon BBQ Burger,Entree,9.0,22,198.0,Mobile Payment,Dine-In,101,Sarah,18,Friday,11,November,4,False,True
2024-10-25,18:15:00,Cabernet Sauvignon,Beverage,8.0,16,128.0,Credit Card,Dine-In,102,Jake,18,Friday,10,October,4,False,True
2024-01-17,20:00:00,Caesar Salad,Appetizer,2.0,10,20.0,Credit Card,Takeaway,104,Carlos,20,Wednesday,1,January,2,False,False
2024-03-18,17:15:00,Grilled Asparagus,Side,11.0,8,88.0,Mobile Payment,Takeaway,101,Sarah,17,Monday,3,March,0,False,True
2024-12-27,13:15:00,Cabernet Sauvignon,Beverage,5.0,16,80.0,Mobile Payment,Takeaway,105,Nina,13,Friday,12,December,4,False,True
2024-07-11,16:15:00,Old Fashioned,Beverage,5.0,12,60.0,Credit Card,Delivery,103,Emily,16,Thursday,7,July,3,False,False
2024-12-12,22:30:00,Chocolate Lava Cake,Dessert,7.0,9,63.0,Cash,Dine-In,103,Emily,22,Thursday,12,December,3,False,True
2024-10-12,15:15:00,Shrimp Cocktail,Appetizer,6.0,14,84.0,Mobile Payment,Dine-In,104,Carlos,15,Saturday,10,October,5,True,True
2024-06-11,18:30:00,Cabernet Sauvignon,Beverage,7.0,16,112.0,Credit Card,Dine-In,105,Nina,18,Tuesday,6,June,1,False,True
2024-12-12,19:45:00,Grilled Asparagus,Side,7.0,8,56.0,Cash,Takeaway,101,Sarah,19,Thursday,12,December,3,False,False
2024-05-27,22:00:00,Mashed Potatoes,Side,6.0,7,42.0,Mobile Payment,Takeaway,104,Carlos,22,Monday,5,May,0,False,False
2024-04-19,14:30:00,Cabernet Sauvignon,Beverage,4.0,16,64.0,Cash,Dine-In,105,Nina,14,Friday,4,April,4,False,True
2024-10-27,14:15:00,Ribeye Steak,Entree,5.0,35,175.0,Cash,Delivery,102,Jake,14,Sunday,10,October,6,True,True
2024-01-27,12:45:00,Mashed Potatoes,Side,6.0,7,42.0,Cash,Delivery,102,Jake,12,Saturday,1,January,5,True,False
2024-01-03,19:15:00,Grilled Asparagus,Side,8.0,8,64.0,Credit Card,Delivery,102,Jake,19,Wednesday,1,January,2,False,True
2024-05-27,16:30:00,Bourbon BBQ Burger,Entree,1.0,22,22.0,Cash,Delivery,105,Nina,16,Monday,5,May,0,False,False
2024-04-28,19:00:00,New York Strip,Entree,8.0,38,304.0,Cash,Dine-In,104,Carlos,19,Sunday,4,April,6,True,True
2024-09-10,13:30:00,Ribeye Steak,Entree,1.0,35,35.0,Credit Card,Delivery,105,Nina,13,Tuesday,9,September,1,False,False
2024-02-24,16:30:00,Old Fashioned,Beverage,8.0,12,96.0,Mobile Payment,Takeaway,102,Jake,16,Saturday,2,February,5,True,True
2024-09-15,18:30:00,Caesar Salad,Appetizer,2.0,10,20.0,Credit Card,Dine-In,104,Carlos,18,Sunday,9,September,6,True,False
2024-11-27,15:15:00,Ribeye Steak,Entree,3.0,35,105.0,Credit Card,Delivery,102,Jake,15,Wednesday,11,November,2,False,True
2024-03-30,20:45:00,Grilled Asparagus,Side,12.0,8,96.0,Credit Card,Dine-In,104,Carlos,20,Saturday,3,March,5,True,True
2024-12-08,12:15:00,New York Strip,Entree,4.0,38,152.0,Credit Card,Dine-In,101,Sarah,12,Sunday,12,December,6,True,True
2024-05-13,17:15:00,Old Fashioned,Beverage,7.0,12,84.0,Credit Card,Takeaway,105,Nina,17,Monday,5,May,0,False,True
2024-10-20,11:30:00,Bourbon BBQ Burger,Entree,3.0,22,66.0,Mobile Payment,Dine-In,101,Sarah,11,Sunday,10,October,6,True,True
2024-12-07,12:45:00,Shrimp Cocktail,Appetizer,3.0,14,42.0,Credit Card,Delivery,105,Nina,12,Saturday,12,December,5,True,False
2024-12-26,15:00:00,Bourbon BBQ Burger,Entree,4.0,22,88.0,Credit Card,Delivery,102,Jake,15,Thursday,12,December,3,False,True
2024-04-22,13:45:00,New York Strip,Entree,4.0,38,152.0,Mobile Payment,Delivery,103,Emily,13,Monday,4,April,0,False,True
2024-07-31,22:45:00,Cabernet Sauvignon,Beverage,4.0,16,64.0,Cash,Delivery,105,Nina,22,Wednesday,7,July,2,False,True
2024-02-11,19:45:00,Cabernet Sauvignon,Beverage,7.0,16,112.0,Cash,Delivery,101,Sarah,19,Sunday,2,February,6,True,True
2024-02-01,19:15:00,Chocolate Lava Cake,Dessert,10.0,9,90.0,Cash,Dine-In,103,Emily,19,Thursday,2,February,3,False,True
2024-09-23,18:00:00,Bourbon BBQ Burger,Entree,4.0,22,88.0,Mobile Payment,Delivery,104,Carlos,18,Monday,9,September,0,False,True
2024-02-16,19:45:00,Ribeye Steak,Entree,8.0,35,280.0,Cash,Delivery,104,Carlos,19,Friday,2,February,4,False,True
2024-08-21,20:00:00,Cabernet Sauvignon,Beverage,8.0,16,128.0,Mobile Payment,Takeaway,101,Sarah,20,Wednesday,8,August,2,False,True
2024-07-21,15:00:00,Truffle Fries,Side,2.0,8,16.0,Mobile Payment,Dine-In,101,Sarah,15,Sunday,7,July,6,True,False
2024-08-04,16:00:00,Cabernet Sauvignon,Beverage,1.0,16,16.0,Cash,Takeaway,101,Sarah,16,Sunday,8,August,6,True,False
2024-05-26,17:15:00,New York Strip,Entree,8.0,38,304.0,Credit Card,Takeaway,104,Carlos,17,Sunday,5,May,6,True,True
2024-07-12,17:00:00,Bourbon BBQ Burger,Entree,10.0,22,220.0,Cash,Delivery,103,Emily,17,Friday,7,July,4,False,True
2024-03-01,13:45:00,Cabernet Sauvignon,Beverage,3.0,16,48.0,Mobile Payment,Dine-In,101,Sarah,13,Friday,3,March,4,False,False
2024-01-12,15:45:00,Bourbon BBQ Burger,Entree,6.0,22,132.0,Credit Card,Delivery,104,Carlos,15,Friday,1,January,4,False,True
2024-04-27,14:45:00,Mashed Potatoes,Side,4.0,7,28.0,Credit Card,Dine-In,101,Sarah,14,Saturday,4,April,5,True,False
2024-01-17,21:45:00,Chocolate Lava Cake,Dessert,2.0,9,18.0,Cash,Dine-In,101,Sarah,21,Wednesday,1,January,2,False,False
2024-02-21,20:00:00,Old Fashioned,Beverage,10.0,12,120.0,Mobile Payment,Delivery,101,Sarah,20,Wednesday,2,February,2,False,True
2024-05-05,22:00:00,Grilled Asparagus,Side,9.0,8,72.0,Cash,Delivery,102,Jake,22,Sunday,5,May,6,True,True
2024-01-29,13:30:00,Caesar Salad,Appetizer,5.0,10,50.0,Credit Card,Delivery,105,Nina,13,Monday,1,January,0,False,False
2024-12-10,16:15:00,Shrimp Cocktail,Appetizer,2.0,14,28.0,Mobile Payment,Delivery,102,Jake,16,Tuesday,12,December,1,False,False
2024-07-30,15:30:00,Ribeye Steak,Entree,6.0,35,210.0,Mobile Payment,Delivery,102,Jake,15,Tuesday,7,July,1,False,True
2024-11-16,21:45:00,Cabernet Sauvignon,Beverage,9.0,16,144.0,Cash,Takeaway,104,Carlos,21,Saturday,11,November,5,True,True
2024-09-25,16:45:00,Grilled Asparagus,Side,2.0,8,16.0,Credit Card,Takeaway,102,Jake,16,Wednesday,9,September,2,False,False
2024-10-02,18:15:00,Caesar Salad,Appetizer,7.0,10,70.0,Mobile Payment,Dine-In,104,Carlos,18,Wednesday,10,October,2,False,True
2024-01-30,19:45:00,Grilled Asparagus,Side,9.0,8,72.0,Mobile Payment,Dine-In,104,Carlos,19,Tuesday,1,January,1,False,True
2024-05-04,15:15:00,Mashed Potatoes,Side,1.0,7,7.0,Credit Card,Takeaway,101,Sarah,15,Saturday,5,May,5,True,False
2024-10-01,22:15:00,Ribeye Steak,Entree,7.0,35,245.0,Credit Card,Delivery,105,Nina,22,Tuesday,10,October,1,False,True
2024-11-04,11:00:00,Caesar Salad,Appetizer,5.0,10,50.0,Mobile Payment,Delivery,105,Nina,11,Monday,11,November,0,False,False
2024-04-21,18:15:00,Mashed Potatoes,Side,7.0,7,49.0,Cash,Dine-In,102,Jake,18,Sunday,4,April,6,True,False
2024-03-01,22:45:00,Caesar Salad,Appetizer,9.0,10,90.0,Mobile Payment,Dine-In,104,Carlos,22,Friday,3,March,4,False,True
2024-05-02,19:30:00,Shrimp Cocktail,Appetizer,7.0,14,98.0,Credit Card,Delivery,103,Emily,19,Thursday,5,May,3,False,True
2024-06-06,15:30:00,Cabernet Sauvignon,Beverage,4.0,16,64.0,Credit Card,Dine-In,104,Carlos,15,Thursday,6,June,3,False,True
2024-06-12,14:30:00,Mashed Potatoes,Side,4.0,7,28.0,Cash,Delivery,102,Jake,14,Wednesday,6,June,2,False,False
2024-03-15,11:30:00,Cabernet Sauvignon,Beverage,6.0,16,96.0,Mobile Payment,Delivery,104,Carlos,11,Friday,3,March,4,False,True
2024-05-31,13:15:00,Mashed Potatoes,Side,3.0,7,21.0,Credit Card,Delivery,102,Jake,13,Friday,5,May,4,False,False
2024-09-12,19:30:00,Shrimp Cocktail,Appetizer,8.0,14,112.0,Mobile Payment,Delivery,104,Carlos,19,Thursday,9,September,3,False,True
2024-08-23,13:30:00,New York Strip,Entree,3.0,38,114.0,Mobile Payment,Delivery,104,Carlos,13,Friday,8,August,4,False,True
2024-04-04,19:00:00,Cabernet Sauvignon,Beverage,2.0,16,32.0,Cash,Delivery,101,Sarah,19,Thursday,4,April,3,False,False
2024-01-04,17:15:00,Bourbon BBQ Burger,Entree,5.0,22,110.0,Cash,Delivery,102,Jake,17,Thursday,1,January,3,False,True
2024-01-05,14:45:00,Mashed Potatoes,Side,2.0,7,14.0,Mobile Payment,Delivery,105,Nina,14,Friday,1,January,4,False,False
2024-09-04,21:45:00,Ribeye Steak,Entree,2.0,35,70.0,Mobile Payment,Delivery,104,Carlos,21,Wednesday,9,September,2,False,True
2024-01-07,11:30:00,Cabernet Sauvignon,Beverage,3.0,16,48.0,Cash,Delivery,104,Carlos,11,Sunday,1,January,6,True,False
2024-04-01,12:00:00,Cabernet Sauvignon,Beverage,2.0,16,32.0,Cash,Dine-In,105,Nina,12,Monday,4,April,0,False,False
2024-09-26,15:30:00,Shrimp Cocktail,Appetizer,4.0,14,56.0,Cash,Takeaway,104,Carlos,15,Thursday,9,September,3,False,False
2024-08-23,20:15:00,Truffle Fries,Side,4.0,8,32.0,Credit Card,Delivery,101,Sarah,20,Friday,8,August,4,False,False
2024-11-30,21:00:00,Filet Mignon,Entree,7.0,42,294.0,Credit Card,Takeaway,105,Nina,21,Saturday,11,November,5,True,True
2024-08-31,11:00:00,Truffle Fries,Side,3.0,8,24.0,Cash,Takeaway,104,Carlos,11,Saturday,8,August,5,True,False
2024-11-26,16:00:00,Cabernet Sauvignon,Beverage,1.0,16,16.0,Cash,Dine-In,105,Nina,16,Tuesday,11,November,1,False,False
2024-08-31,15:00:00,Filet Mignon,Entree,6.0,42,252.0,Mobile Payment,Delivery,101,Sarah,15,Saturday,8,August,5,True,True
2024-04-01,16:00:00,Caesar Salad,Appetizer,5.0,10,50.0,Cash,Delivery,104,Carlos,16,Monday,4,April,0,False,False
2024-02-09,15:15:00,Chocolate Lava Cake,Dessert,3.0,9,27.0,Mobile Payment,Takeaway,105,Nina,15,Friday,2,February,4,False,False
2024-06-18,17:15:00,Truffle Fries,Side,2.0,8,16.0,Mobile Payment,Delivery,103,Emily,17,Tuesday,6,June,1,False,False
2024-01-28,12:45:00,Caesar Salad,Appetizer,1.0,10,10.0,Credit Card,Delivery,105,Nina,12,Sunday,1,January,6,True,False
2024-10-31,17:30:00,Ribeye Steak,Entree,5.0,35,175.0,Credit Card,Takeaway,102,Jake,17,Thursday,10,October,3,False,True
2024-07-01,19:45:00,Grilled Asparagus,Side,4.0,8,32.0,Mobile Payment,Delivery,104,Carlos,19,Monday,7,July,0,False,False
2024-02-13,20:30:00,Caesar Salad,Appetizer,2.0,10,20.0,Cash,Takeaway,102,Jake,20,Tuesday,2,February,1,False,False
2024-07-13,22:15:00,Truffle Fries,Side,7.0,8,56.0,Credit Card,Takeaway,101,Sarah,22,Saturday,7,July,5,True,False
2024-02-16,11:30:00,Old Fashioned,Beverage,4.0,12,48.0,Credit Card,Dine-In,102,Jake,11,Friday,2,February,4,False,False
2024-02-14,13:45:00,Old Fashioned,Beverage,6.0,12,72.0,Mobile Payment,Delivery,104,Carlos,13,Wednesday,2,February,2,False,True
2024-02-22,11:00:00,Mashed Potatoes,Side,6.0,7,42.0,Cash,Delivery,105,Nina,11,Thursday,2,February,3,False,False
2024-06-15,17:00:00,Shrimp Cocktail,Appetizer,7.0,14,98.0,Credit Card,Dine-In,105,Nina,17,Saturday,6,June,5,True,True
2024-05-04,20:15:00,Bourbon BBQ Burger,Entree,8.0,22,176.0,Cash,Dine-In,103,Emily,20,Saturday,5,May,5,True,True
2024-06-03,15:45:00,New York Strip,Entree,1.0,38,38.0,Cash,Takeaway,103,Emily,15,Monday,6,June,0,False,False
2024-08-03,15:45:00,Filet Mignon,Entree,5.0,42,210.0,Credit Card,Dine-In,104,Carlos,15,Saturday,8,August,5,True,True
2024-10-31,20:15:00,Old Fashioned,Beverage,2.0,12,24.0,Cash,Takeaway,101,Sarah,20,Thursday,10,October,3,False,False
2024-07-21,16:45:00,Mashed Potatoes,Side,3.0,7,21.0,Credit Card,Takeaway,105,Nina,16,Sunday,7,July,6,True,False
2024-03-10,15:30:00,Chocolate Lava Cake,Dessert,2.0,9,18.0,Credit Card,Takeaway,102,Jake,15,Sunday,3,March,6,True,False
2024-07-22,16:30:00,Truffle Fries,Side,4.0,8,32.0,Mobile Payment,Dine-In,103,Emily,16,Monday,7,July,0,False,False
2024-07-11,15:45:00,Mashed Potatoes,Side,1.0,7,7.0,Mobile Payment,Dine-In,105,Nina,15,Thursday,7,July,3,False,False
2024-10-06,13:00:00,Truffle Fries,Side,4.0,8,32.0,Mobile Payment,Dine-In,104,Carlos,13,Sunday,10,October,6,True,False
2024-05-29,22:00:00,Grilled Asparagus,Side,8.0,8,64.0,Cash,Delivery,103,Emily,22,Wednesday,5,May,2,False,True
2024-05-03,15:15:00,Truffle Fries,Side,5.0,8,40.0,Credit Card,Dine-In,104,Carlos,15,Friday,5,May,4,False,False
2024-11-02,18:45:00,Cabernet Sauvignon,Beverage,11.0,16,176.0,Mobile Payment,Takeaway,105,Nina,18,Saturday,11,November,5,True,True
2024-01-19,16:00:00,Filet Mignon,Entree,4.0,42,168.0,Mobile Payment,Delivery,103,Emily,16,Friday,1,January,4,False,True
2024-03-26,21:00:00,Chocolate Lava Cake,Dessert,8.0,9,72.0,Credit Card,Takeaway,101,Sarah,21,Tuesday,3,March,1,False,True
2024-01-06,12:30:00,Caesar Salad,Appetizer,10.0,10,100.0,Mobile Payment,Delivery,105,Nina,12,Saturday,1,January,5,True,True
2024-10-24,22:15:00,Old Fashioned,Beverage,5.0,12,60.0,Credit Card,Takeaway,105,Nina,22,Thursday,10,October,3,False,False
2024-12-19,19:15:00,Mashed Potatoes,Side,2.0,7,14.0,Credit Card,Dine-In,103,Emily,19,Thursday,12,December,3,False,False
2024-07-31,12:00:00,Truffle Fries,Side,2.0,8,16.0,Credit Card,Takeaway,103,Emily,12,Wednesday,7,July,2,False,False
2024-08-21,14:45:00,Mashed Potatoes,Side,4.0,7,28.0,Cash,Takeaway,104,Carlos,14,Wednesday,8,August,2,False,False
2024-06-12,12:30:00,Ribeye Steak,Entree,1.0,35,35.0,Cash,Takeaway,101,Sarah,12,Wednesday,6,June,2,False,False
2024-12-12,13:15:00,Cabernet Sauvignon,Beverage,2.0,16,32.0,Mobile Payment,Dine-In,103,Emily,13,Thursday,12,December,3,False,False
2024-10-13,17:45:00,Caesar Salad,Appetizer,7.0,10,70.0,Mobile Payment,Dine-In,102,Jake,17,Sunday,10,October,6,True,True
2024-11-23,21:45:00,Grilled Asparagus,Side,2.0,8,16.0,Mobile Payment,Delivery,102,Jake,21,Saturday,11,November,5,True,False
2024-08-18,20:45:00,Grilled Asparagus,Side,2.0,8,16.0,Mobile Payment,Dine-In,102,Jake,20,Sunday,8,August,6,True,False
2024-05-22,22:00:00,Chocolate Lava Cake,Dessert,2.0,9,18.0,Mobile Payment,Dine-In,103,Emily,22,Wednesday,5,May,2,False,False
2024-06-15,14:45:00,Filet Mignon,Entree,5.0,42,210.0,Mobile Payment,Takeaway,105,Nina,14,Saturday,6,June,5,True,True
2024-11-23,16:45:00,Chocolate Lava Cake,Dessert,7.0,9,63.0,Mobile Payment,Dine-In,103,Emily,16,Saturday,11,November,5,True,True
2024-06-29,18:15:00,Bourbon BBQ Burger,Entree,6.0,22,132.0,Mobile Payment,Delivery,101,Sarah,18,Saturday,6,June,5,True,True
2024-12-10,13:30:00,Filet Mignon,Entree,2.0,42,84.0,Credit Card,Dine-In,102,Jake,13,Tuesday,12,December,1,False,True
2024-07-10,22:15:00,Cabernet Sauvignon,Beverage,8.0,16,128.0,Credit Card,Delivery,102,Jake,22,Wednesday,7,July,2,False,True
2024-10-21,17:45:00,New York Strip,Entree,8.0,38,304.0,Mobile Payment,Delivery,102,Jake,17,Monday,10,October,0,False,True
2024-10-11,13:45:00,Shrimp Cocktail,Appetizer,3.0,14,42.0,Cash,Takeaway,104,Carlos,13,Friday,10,October,4,False,False
2024-11-13,11:30:00,Ribeye Steak,Entree,4.0,35,140.0,Cash,Dine-In,104,Carlos,11,Wednesday,11,November,2,False,True
2024-10-14,19:45:00,Grilled Asparagus,Side,10.0,8,80.0,Credit Card,Delivery,104,Carlos,19,Monday,10,October,0,False,True
2024-09-07,13:00:00,Chocolate Lava Cake,Dessert,2.0,9,18.0,Cash,Takeaway,101,Sarah,13,Saturday,9,September,5,True,False
2024-05-20,14:30:00,New York Strip,Entree,4.0,38,152.0,Mobile Payment,Delivery,104,Carlos,14,Monday,5,May,0,False,True
2024-10-08,19:00:00,Chocolate Lava Cake,Dessert,2.0,9,18.0,Credit Card,Delivery,103,Emily,19,Tuesday,10,October,1,False,False
2024-10-04,11:45:00,Cabernet Sauvignon,Beverage,4.0,16,64.0,Credit Card,Dine-In,102,Jake,11,Friday,10,October,4,False,True
2024-06-01,11:45:00,Shrimp Cocktail,Appetizer,5.0,14,70.0,Cash,Takeaway,101,Sarah,11,Saturday,6,June,5,True,True
2024-05-01,14:30:00,Truffle Fries,Side,6.0,8,48.0,Mobile Payment,Takeaway,102,Jake,14,Wednesday,5,May,2,False,False
2024-11-11,13:15:00,Caesar Salad,Appetizer,1.0,10,10.0,Mobile Payment,Takeaway,105,Nina,13,Monday,11,November,0,False,False
2024-05-23,20:15:00,Mashed Potatoes,Side,7.0,7,49.0,Credit Card,Delivery,103,Emily,20,Thursday,5,May,3,False,False
2024-09-20,21:00:00,New York Strip,Entree,7.0,38,266.0,Cash,Takeaway,102,Jake,21,Friday,9,September,4,False,True
2024-12-25,13:15:00,New York Strip,Entree,3.0,38,114.0,Cash,Delivery,104,Carlos,13,Wednesday,12,December,2,False,True
2024-09-07,13:30:00,Bourbon BBQ Burger,Entree,6.0,22,132.0,Credit Card,Takeaway,101,Sarah,13,Saturday,9,September,5,True,True
2024-11-20,12:45:00,Cabernet Sauvignon,Beverage,3.0,16,48.0,Mobile Payment,Takeaway,104,Carlos,12,Wednesday,11,November,2,False,False
2024-09-06,16:00:00,Truffle Fries,Side,1.0,8,8.0,Mobile Payment,Takeaway,103,Emily,16,Friday,9,September,4,False,False
2024-02-02,19:45:00,Caesar Salad,Appetizer,8.0,10,80.0,Cash,Takeaway,103,Emily,19,Friday,2,February,4,False,True
2024-06-14,15:30:00,Cabernet Sauvignon,Beverage,8.0,16,128.0,Cash,Delivery,104,Carlos,15,Friday,6,June,4,False,True
2024-06-24,21:00:00,Ribeye Steak,Entree,2.0,35,70.0,Mobile Payment,Takeaway,101,Sarah,21,Monday,6,June,0,False,True
2024-03-04,13:45:00,Old Fashioned,Beverage,1.0,12,12.0,Credit Card,Dine-In,102,Jake,13,Monday,3,March,0,False,False
2024-11-28,15:15:00,Shrimp Cocktail,Appetizer,1.2,14,16.8,Mobile Payment,Takeaway,103,Emily,15,Thursday,11,November,3,False,False
2024-02-12,16:15:00,Ribeye Steak,Entree,5.0,35,175.0,Mobile Payment,Takeaway,102,Jake,16,Monday,2,February,0,False,True
2024-08-07,21:00:00,Truffle Fries,Side,2.0,8,16.0,Cash,Dine-In,104,Carlos,21,Wednesday,8,August,2,False,False
2024-02-09,13:15:00,Cabernet Sauvignon,Beverage,5.0,16,80.0,Cash,Dine-In,103,Emily,13,Friday,2,February,4,False,True
2024-03-02,17:15:00,Old Fashioned,Beverage,2.0,12,24.0,Cash,Takeaway,101,Sarah,17,Saturday,3,March,5,True,False
2024-02-22,12:30:00,Mashed Potatoes,Side,4.0,7,28.0,Cash,Takeaway,102,Jake,12,Thursday,2,February,3,False,False
2024-11-24,21:15:00,Filet Mignon,Entree,10.0,42,420.0,Mobile Payment,Dine-In,105,Nina,21,Sunday,11,November,6,True,True
2024-11-28,13:45:00,Mashed Potatoes,Side,2.4,7,16.8,Mobile Payment,Delivery,102,Jake,13,Thursday,11,November,3,False,False
2024-07-29,20:45:00,Caesar Salad,Appetizer,2.0,10,20.0,Cash,Dine-In,101,Sarah,20,Monday,7,July,0,False,False
2024-10-28,22:45:00,Mashed Potatoes,Side,8.0,7,56.0,Credit Card,Dine-In,102,Jake,22,Monday,10,October,0,False,False
2024-05-21,21:00:00,Caesar Salad,Appetizer,8.0,10,80.0,Mobile Payment,Delivery,105,Nina,21,Tuesday,5,May,1,False,True
2024-05-25,22:00:00,Bourbon BBQ Burger,Entree,7.0,22,154.0,Cash,Delivery,105,Nina,22,Saturday,5,May,5,True,True
2024-09-17,14:45:00,Shrimp Cocktail,Appetizer,1.0,14,14.0,Cash,Takeaway,104,Carlos,14,Tuesday,9,September,1,False,False
2024-02-27,14:45:00,Bourbon BBQ Burger,Entree,5.0,22,110.0,Cash,Delivery,101,Sarah,14,Tuesday,2,February,1,False,True
2024-07-03,16:15:00,Grilled Asparagus,Side,5.0,8,40.0,Credit Card,Takeaway,105,Nina,16,Wednesday,7,July,2,False,False
2024-12-15,13:45:00,Filet Mignon,Entree,1.0,42,42.0,Mobile Payment,Dine-In,101,Sarah,13,Sunday,12,December,6,True,False
2024-05-14,14:00:00,Ribeye Steak,Entree,3.0,35,105.0,Mobile Payment,Takeaway,105,Nina,14,Tuesday,5,May,1,False,True
2024-07-31,17:45:00,Filet Mignon,Entree,8.0,42,336.0,Mobile Payment,Delivery,102,Jake,17,Wednesday,7,July,2,False,True
2024-05-22,12:30:00,Filet Mignon,Entree,6.0,42,252.0,Cash,Dine-In,105,Nina,12,Wednesday,5,May,2,False,True
2024-06-16,17:00:00,Shrimp Cocktail,Appetizer,7.0,14,98.0,Mobile Payment,Dine-In,101,Sarah,17,Sunday,6,June,6,True,True
2024-05-05,12:45:00,Filet Mignon,Entree,4.0,42,168.0,Mobile Payment,Delivery,101,Sarah,12,Sunday,5,May,6,True,True
2024-06-07,21:15:00,Filet Mignon,Entree,2.0,42,84.0,Mobile Payment,Dine-In,101,Sarah,21,Friday,6,June,4,False,True
2024-03-24,18:30:00,Cabernet Sauvignon,Beverage,9.0,16,144.0,Mobile Payment,Takeaway,102,Jake,18,Sunday,3,March,6,True,True
2024-07-09,13:30:00,Truffle Fries,Side,1.0,8,8.0,Cash,Takeaway,104,Carlos,13,Tuesday,7,July,1,False,False
2024-05-19,19:00:00,Shrimp Cocktail,Appetizer,9.0,14,126.0,Mobile Payment,Dine-In,104,Carlos,19,Sunday,5,May,6,True,True
2024-08-21,19:30:00,Ribeye Steak,Entree,7.0,35,245.0,Mobile Payment,Dine-In,103,Emily,19,Wednesday,8,August,2,False,True
2024-03-21,15:00:00,Chocolate Lava Cake,Dessert,1.0,9,9.0,Cash,Delivery,105,Nina,15,Thursday,3,March,3,False,False
2024-01-02,11:00:00,Caesar Salad,Appetizer,1.0,10,10.0,Credit Card,Takeaway,104,Carlos,11,Tuesday,1,January,1,False,False
2024-03-17,13:00:00,Cabernet Sauvignon,Beverage,4.0,16,64.0,Cash,Takeaway,102,Jake,13,Sunday,3,March,6,True,True
2024-08-01,22:30:00,Shrimp Cocktail,Appetizer,2.0,14,28.0,Mobile Payment,Takeaway,101,Sarah,22,Thursday,8,August,3,False,False
2024-09-14,21:00:00,New York Strip,Entree,4.0,38,152.0,Mobile Payment,Dine-In,104,Carlos,21,Saturday,9,September,5,True,True
2024-02-05,18:30:00,Shrimp Cocktail,Appetizer,6.0,14,84.0,Cash,Delivery,104,Carlos,18,Monday,2,February,0,False,True
2024-01-05,16:15:00,Shrimp Cocktail,Appetizer,9.0,14,126.0,Credit Card,Delivery,105,Nina,16,Friday,1,January,4,False,True
2024-05-04,18:30:00,Chocolate Lava Cake,Dessert,8.0,9,72.0,Cash,Delivery,105,Nina,18,Saturday,5,May,5,True,True
2024-05-05,13:00:00,Grilled Asparagus,Side,1.0,8,8.0,Cash,Delivery,103,Emily,13,Sunday,5,May,6,True,False
2024-11-21,22:00:00,Mashed Potatoes,Side,2.0,7,14.0,Mobile Payment,Takeaway,103,Emily,22,Thursday,11,November,3,False,False
2024-02-23,14:15:00,Grilled Asparagus,Side,7.0,8,56.0,Cash,Dine-In,103,Emily,14,Friday,2,February,4,False,False
2024-02-17,11:15:00,Cabernet Sauvignon,Beverage,8.0,16,128.0,Mobile Payment,Takeaway,104,Carlos,11,Saturday,2,February,5,True,True
2024-02-13,20:00:00,Cabernet Sauvignon,Beverage,4.0,16,64.0,Mobile Payment,Takeaway,101,Sarah,20,Tuesday,2,February,1,False,True
2024-10-30,20:00:00,Grilled Asparagus,Side,4.0,8,32.0,Cash,Takeaway,103,Emily,20,Wednesday,10,October,2,False,False
2024-06-10,17:30:00,Mashed Potatoes,Side,8.0,7,56.0,Credit Card,Dine-In,101,Sarah,17,Monday,6,June,0,False,False
2024-04-13,13:00:00,New York Strip,Entree,1.0,38,38.0,Cash,Takeaway,104,Carlos,13,Saturday,4,April,5,True,False
2024-06-09,17:00:00,Cabernet Sauvignon,Beverage,5.0,16,80.0,Cash,Takeaway,103,Emily,17,Sunday,6,June,6,True,True
2024-08-25,15:00:00,Filet Mignon,Entree,2.0,42,84.0,Mobile Payment,Takeaway,105,Nina,15,Sunday,8,August,6,True,True
2024-01-21,14:30:00,New York Strip,Entree,1.0,38,38.0,Mobile Payment,Dine-In,103,Emily,14,Sunday,1,January,6,True,False
2024-07-21,19:00:00,Bourbon BBQ Burger,Entree,5.0,22,110.0,Credit Card,Dine-In,101,Sarah,19,Sunday,7,July,6,True,True
2024-07-26,18:15:00,Filet Mignon,Entree,7.0,42,294.0,Cash,Dine-In,101,Sarah,18,Friday,7,July,4,False,True
2024-01-07,11:15:00,New York Strip,Entree,2.0,38,76.0,Credit Card,Takeaway,101,Sarah,11,Sunday,1,January,6,True,True
2024-10-25,20:30:00,Filet Mignon,Entree,2.0,42,84.0,Cash,Dine-In,104,Carlos,20,Friday,10,October,4,False,True
2024-03-06,12:30:00,Filet Mignon,Entree,1.0,42,42.0,Credit Card,Dine-In,102,Jake,12,Wednesday,3,March,2,False,False
2024-10-20,17:45:00,Old Fashioned,Beverage,2.0,12,24.0,Credit Card,Delivery,104,Carlos,17,Sunday,10,October,6,True,False
2024-03-29,16:15:00,New York Strip,Entree,5.0,38,190.0,Credit Card,Takeaway,102,Jake,16,Friday,3,March,4,False,True
2024-01-18,20:15:00,Bourbon BBQ Burger,Entree,6.0,22,132.0,Credit Card,Takeaway,105,Nina,20,Thursday,1,January,3,False,True
2024-09-02,11:00:00,Shrimp Cocktail,Appetizer,4.0,14,56.0,Cash,Takeaway,102,Jake,11,Monday,9,September,0,False,False
2024-11-25,19:15:00,Bourbon BBQ Burger,Entree,11.0,22,242.0,Cash,Takeaway,103,Emily,19,Monday,11,November,0,False,True
2024-09-02,19:45:00,Mashed Potatoes,Side,10.0,7,70.0,Mobile Payment,Takeaway,104,Carlos,19,Monday,9,September,0,False,True
2024-05-18,13:00:00,Mashed Potatoes,Side,8.0,7,56.0,Cash,Dine-In,103,Emily,13,Saturday,5,May,5,True,False
2024-01-30,18:30:00,Chocolate Lava Cake,Dessert,4.0,9,36.0,Cash,Dine-In,102,Jake,18,Tuesday,1,January,1,False,False
2024-12-02,14:30:00,Cabernet Sauvignon,Beverage,1.0,16,16.0,Cash,Delivery,104,Carlos,14,Monday,12,December,0,False,False
2024-06-30,13:15:00,Caesar Salad,Appetizer,4.0,10,40.0,Credit Card,Delivery,103,Emily,13,Sunday,6,June,6,True,False
2024-10-29,11:30:00,Chocolate Lava Cake,Dessert,5.0,9,45.0,Cash,Delivery,102,Jake,11,Tuesday,10,October,1,False,False
2024-09-09,19:30:00,New York Strip,Entree,7.0,38,266.0,Cash,Dine-In,101,Sarah,19,Monday,9,September,0,False,True
2024-04-29,20:15:00,Ribeye Steak,Entree,12.0,35,420.0,Credit Card,Dine-In,103,Emily,20,Monday,4,April,0,False,True
2024-11-10,14:15:00,Mashed Potatoes,Side,2.0,7,14.0,Credit Card,Dine-In,101,Sarah,14,Sunday,11,November,6,True,False
2024-03-16,20:15:00,Filet Mignon,Entree,10.0,42,420.0,Credit Card,Dine-In,103,Emily,20,Saturday,3,March,5,True,True
2024-12-26,21:45:00,Chocolate Lava Cake,Dessert,2.0,9,18.0,Credit Card,Takeaway,103,Emily,21,Thursday,12,December,3,False,False
2024-03-10,13:45:00,Bourbon BBQ Burger,Entree,4.0,22,88.0,Mobile Payment,Takeaway,102,Jake,13,Sunday,3,March,6,True,True
2024-12-28,19:30:00,Caesar Salad,Appetizer,9.0,10,90.0,Cash,Takeaway,103,Emily,19,Saturday,12,December,5,True,True
2024-12-18,15:15:00,New York Strip,Entree,1.0,38,38.0,Mobile Payment,Delivery,104,Carlos,15,Wednesday,12,December,2,False,False
2024-10-17,11:15:00,Chocolate Lava Cake,Dessert,3.0,9,27.0,Mobile Payment,Dine-In,105,Nina,11,Thursday,10,October,3,False,False
2024-02-23,18:15:00,Mashed Potatoes,Side,2.0,7,14.0,Cash,Takeaway,103,Emily,18,Friday,2,February,4,False,False
2024-03-26,21:00:00,Truffle Fries,Side,5.0,8,40.0,Credit Card,Dine-In,103,Emily,21,Tuesday,3,March,1,False,False
2024-04-17,14:00:00,Mashed Potatoes,Side,3.0,7,21.0,Cash,Delivery,101,Sarah,14,Wednesday,4,April,2,False,False
2024-01-25,17:45:00,Truffle Fries,Side,9.0,8,72.0,Cash,Takeaway,104,Carlos,17,Thursday,1,January,3,False,True
2024-07-12,16:45:00,Filet Mignon,Entree,5.0,42,210.0,Mobile Payment,Delivery,102,Jake,16,Friday,7,July,4,False,True
2024-03-24,18:00:00,Ribeye Steak,Entree,5.0,35,175.0,Cash,Takeaway,103,Emily,18,Sunday,3,March,6,True,True
2024-02-23,12:30:00,New York Strip,Entree,6.0,38,228.0,Cash,Delivery,101,Sarah,12,Friday,2,February,4,False,True
2024-10-07,12:30:00,Chocolate Lava Cake,Dessert,6.0,9,54.0,Credit Card,Delivery,101,Sarah,12,Monday,10,October,0,False,False
2024-08-08,21:15:00,Chocolate Lava Cake,Dessert,7.0,9,63.0,Cash,Dine-In,101,Sarah,21,Thursday,8,August,3,False,True
2024-06-18,14:15:00,Grilled Asparagus,Side,5.0,8,40.0,Mobile Payment,Delivery,105,Nina,14,Tuesday,6,June,1,False,False
2024-05-15,21:30:00,Shrimp Cocktail,Appetizer,4.0,14,56.0,Cash,Dine-In,104,Carlos,21,Wednesday,5,May,2,False,False
2024-10-19,19:45:00,New York Strip,Entree,2.0,38,76.0,Credit Card,Dine-In,104,Carlos,19,Saturday,10,October,5,True,True
2024-02-14,15:45:00,Caesar Salad,Appetizer,1.2,10,12.0,Cash,Dine-In,102,Jake,15,Wednesday,2,February,2,False,False
2024-11-22,15:00:00,Old Fashioned,Beverage,1.0,12,12.0,Credit Card,Takeaway,104,Carlos,15,Friday,11,November,4,False,False
2024-09-07,21:30:00,Filet Mignon,Entree,11.0,42,462.0,Credit Card,Dine-In,103,Emily,21,Saturday,9,September,5,True,True
2024-07-14,16:15:00,Old Fashioned,Beverage,1.0,12,12.0,Credit Card,Takeaway,104,Carlos,16,Sunday,7,July,6,True,False
2024-05-14,14:30:00,Chocolate Lava Cake,Dessert,1.0,9,9.0,Cash,Delivery,101,Sarah,14,Tuesday,5,May,1,False,False
2024-02-13,21:30:00,Cabernet Sauvignon,Beverage,8.0,16,128.0,Mobile Payment,Dine-In,105,Nina,21,Tuesday,2,February,1,False,True
2024-02-01,17:45:00,Cabernet Sauvignon,Beverage,9.0,16,144.0,Mobile Payment,Dine-In,104,Carlos,17,Thursday,2,February,3,False,True
2024-06-02,12:45:00,Truffle Fries,Side,1.0,8,8.0,Mobile Payment,Delivery,105,Nina,12,Sunday,6,June,6,True,False
2024-10-19,21:15:00,Filet Mignon,Entree,9.0,42,378.0,Cash,Dine-In,102,Jake,21,Saturday,10,October,5,True,True
2024-04-08,13:00:00,Grilled Asparagus,Side,1.0,8,8.0,Mobile Payment,Takeaway,102,Jake,13,Monday,4,April,0,False,False
2024-11-17,13:30:00,Mashed Potatoes,Side,1.0,7,7.0,Cash,Takeaway,105,Nina,13,Sunday,11,November,6,True,False
2024-07-22,19:30:00,Shrimp Cocktail,Appetizer,9.0,14,126.0,Credit Card,Dine-In,105,Nina,19,Monday,7,July,0,False,True
2024-10-27,19:45:00,Filet Mignon,Entree,7.0,42,294.0,Cash,Dine-In,105,Nina,19,Sunday,10,October,6,True,True
2024-10-28,20:00:00,Filet Mignon,Entree,9.0,42,378.0,Cash,Takeaway,105,Nina,20,Monday,10,October,0,False,True
2024-06-25,17:30:00,Grilled Asparagus,Side,8.0,8,64.0,Mobile Payment,Delivery,104,Carlos,17,Tuesday,6,June,1,False,True
2024-01-20,13:30:00,Grilled Asparagus,Side,3.0,8,24.0,Mobile Payment,Delivery,104,Carlos,13,Saturday,1,January,5,True,False
2024-01-20,17:30:00,Truffle Fries,Side,4.0,8,32.0,Cash,Delivery,104,Carlos,17,Saturday,1,January,5,True,False
2024-05-17,16:00:00,Mashed Potatoes,Side,5.0,7,35.0,Credit Card,Takeaway,104,Carlos,16,Friday,5,May,4,False,False
2024-12-22,21:00:00,Caesar Salad,Appetizer,4.0,10,40.0,Credit Card,Delivery,104,Carlos,21,Sunday,12,December,6,True,False
2024-06-13,15:45:00,Chocolate Lava Cake,Dessert,1.0,9,9.0,Cash,Takeaway,102,Jake,15,Thursday,6,June,3,False,False
2024-07-27,22:45:00,Cabernet Sauvignon,Beverage,6.0,16,96.0,Cash,Delivery,102,Jake,22,Saturday,7,July,5,True,True
2024-02-03,15:45:00,New York Strip,Entree,9.0,38,342.0,Mobile Payment,Dine-In,102,Jake,15,Saturday,2,February,5,True,True
2024-04-08,14:00:00,Caesar Salad,Appetizer,1.0,10,10.0,Credit Card,Dine-In,103,Emily,14,Monday,4,April,0,False,False
2024-12-26,14:30:00,Mashed Potatoes,Side,4.0,7,28.0,Mobile Payment,Takeaway,101,Sarah,14,Thursday,12,December,3,False,False
2024-12-14,11:15:00,Mashed Potatoes,Side,6.0,7,42.0,Mobile Payment,Takeaway,102,Jake,11,Saturday,12,December,5,True,False
2024-08-30,20:30:00,Mashed Potatoes,Side,4.0,7,28.0,Credit Card,Delivery,101,Sarah,20,Friday,8,August,4,False,False
2024-05-25,11:45:00,Ribeye Steak,Entree,3.0,35,105.0,Mobile Payment,Dine-In,102,Jake,11,Saturday,5,May,5,True,True
2024-11-27,14:15:00,Shrimp Cocktail,Appetizer,5.0,14,70.0,Mobile Payment,Dine-In,101,Sarah,14,Wednesday,11,November,2,False,True
2024-08-30,13:15:00,Chocolate Lava Cake,Dessert,2.0,9,18.0,Cash,Takeaway,105,Nina,13,Friday,8,August,4,False,False
2024-06-05,22:30:00,Grilled Asparagus,Side,7.0,8,56.0,Credit Card,Takeaway,103,Emily,22,Wednesday,6,June,2,False,False
2024-04-21,18:30:00,Bourbon BBQ Burger,Entree,11.0,22,242.0,Mobile Payment,Takeaway,105,Nina,18,Sunday,4,April,6,True,True
2024-02-22,11:30:00,Cabernet Sauvignon,Beverage,4.0,16,64.0,Mobile Payment,Takeaway,103,Emily,11,Thursday,2,February,3,False,True
2024-12-16,12:45:00,Filet Mignon,Entree,3.0,42,126.0,Credit Card,Delivery,103,Emily,12,Monday,12,December,0,False,True
2024-05-21,15:30:00,Caesar Salad,Appetizer,2.0,10,20.0,Mobile Payment,Dine-In,101,Sarah,15,Tuesday,5,May,1,False,False
2024-11-03,17:30:00,Bourbon BBQ Burger,Entree,4.0,22,88.0,Mobile Payment,Dine-In,104,Carlos,17,Sunday,11,November,6,True,True
2024-05-31,15:45:00,Grilled Asparagus,Side,7.0,8,56.0,Mobile Payment,Dine-In,105,Nina,15,Friday,5,May,4,False,False
2024-12-28,20:15:00,Mashed Potatoes,Side,4.0,7,28.0,Mobile Payment,Delivery,104,Carlos,20,Saturday,12,December,5,True,False
2024-12-09,16:30:00,New York Strip,Entree,5.0,38,190.0,Cash,Takeaway,101,Sarah,16,Monday,12,December,0,False,True
2024-08-29,13:30:00,Truffle Fries,Side,5.0,8,40.0,Cash,Delivery,103,Emily,13,Thursday,8,August,3,False,False
2024-12-01,12:15:00,Mashed Potatoes,Side,2.0,7,14.0,Mobile Payment,Takeaway,104,Carlos,12,Sunday,12,December,6,True,False
2024-06-18,16:30:00,Chocolate Lava Cake,Dessert,3.0,9,27.0,Credit Card,Dine-In,104,Carlos,16,Tuesday,6,June,1,False,False
2024-01-28,21:00:00,Old Fashioned,Beverage,4.0,12,48.0,Mobile Payment,Dine-In,104,Carlos,21,Sunday,1,January,6,True,False
2024-09-28,15:45:00,Ribeye Steak,Entree,3.0,35,105.0,Cash,Dine-In,103,Emily,15,Saturday,9,September,5,True,True
2024-07-28,20:45:00,New York Strip,Entree,6.0,38,228.0,Mobile Payment,Dine-In,101,Sarah,20,Sunday,7,July,6,True,True
2024-09-06,16:15:00,Mashed Potatoes,Side,1.0,7,7.0,Cash,Takeaway,103,Emily,16,Friday,9,September,4,False,False
2024-04-17,13:15:00,Old Fashioned,Beverage,1.0,12,12.0,Cash,Delivery,104,Carlos,13,Wednesday,4,April,2,False,False
2024-11-20,17:45:00,Grilled Asparagus,Side,7.0,8,56.0,Credit Card,Dine-In,101,Sarah,17,Wednesday,11,November,2,False,False
2024-09-30,14:30:00,Ribeye Steak,Entree,4.0,35,140.0,Mobile Payment,Dine-In,101,Sarah,14,Monday,9,September,0,False,True
2024-12-12,11:15:00,Caesar Salad,Appetizer,3.0,10,30.0,Credit Card,Dine-In,101,Sarah,11,Thursday,12,December,3,False,False
2024-07-15,19:30:00,New York Strip,Entree,2.0,38,76.0,Cash,Takeaway,103,Emily,19,Monday,7,July,0,False,True
2024-08-21,22:30:00,Grilled Asparagus,Side,3.0,8,24.0,Credit Card,Takeaway,103,Emily,22,Wednesday,8,August,2,False,False
2024-04-06,13:45:00,Ribeye Steak,Entree,3.0,35,105.0,Cash,Delivery,102,Jake,13,Saturday,4,April,5,True,True
2024-04-18,22:00:00,Chocolate Lava Cake,Dessert,9.0,9,81.0,Cash,Dine-In,103,Emily,22,Thursday,4,April,3,False,True
2024-12-30,21:00:00,Grilled Asparagus,Side,5.0,8,40.0,Mobile Payment,Delivery,101,Sarah,21,Monday,12,December,0,False,False
2024-10-31,11:00:00,Bourbon BBQ Burger,Entree,1.0,22,22.0,Cash,Delivery,101,Sarah,11,Thursday,10,October,3,False,False
2024-08-01,18:45:00,Filet Mignon,Entree,9.0,42,378.0,Credit Card,Takeaway,102,Jake,18,Thursday,8,August,3,False,True
2024-04-15,22:00:00,Shrimp Cocktail,Appetizer,9.0,14,126.0,Mobile Payment,Dine-In,105,Nina,22,Monday,4,April,0,False,True
2024-05-18,20:15:00,Grilled Asparagus,Side,2.0,8,16.0,Mobile Payment,Delivery,105,Nina,20,Saturday,5,May,5,True,False
2024-03-01,15:00:00,Filet Mignon,Entree,6.0,42,252.0,Cash,Delivery,102,Jake,15,Friday,3,March,4,False,True
2024-05-14,19:15:00,Mashed Potatoes,Side,7.0,7,49.0,Credit Card,Dine-In,101,Sarah,19,Tuesday,5,May,1,False,False
2024-10-07,18:15:00,Truffle Fries,Side,9.0,8,72.0,Credit Card,Dine-In,101,Sarah,18,Monday,10,October,0,False,True
2024-01-07,21:00:00,Filet Mignon,Entree,11.0,42,462.0,Mobile Payment,Takeaway,102,Jake,21,Sunday,1,January,6,True,True
2024-02-16,19:00:00,Truffle Fries,Side,2.0,8,16.0,Credit Card,Delivery,102,Jake,19,Friday,2,February,4,False,False
2024-08-21,15:30:00,Old Fashioned,Beverage,1.0,12,12.0,Cash,Dine-In,101,Sarah,15,Wednesday,8,August,2,False,False
2024-05-28,16:30:00,Grilled Asparagus,Side,1.0,8,8.0,Cash,Dine-In,101,Sarah,16,Tuesday,5,May,1,False,False
2024-03-11,21:15:00,Mashed Potatoes,Side,5.0,7,35.0,Credit Card,Delivery,103,Emily,21,Monday,3,March,0,False,False
2024-02-17,16:30:00,New York Strip,Entree,1.0,38,38.0,Credit Card,Takeaway,104,Carlos,16,Saturday,2,February,5,True,False
2024-05-19,17:45:00,Grilled Asparagus,Side,4.0,8,32.0,Cash,Dine-In,101,Sarah,17,Sunday,5,May,6,True,False
2024-03-22,12:45:00,Chocolate Lava Cake,Dessert,5.0,9,45.0,Mobile Payment,Delivery,104,Carlos,12,Friday,3,March,4,False,False
2024-04-02,20:45:00,Mashed Potatoes,Side,10.0,7,70.0,Cash,Delivery,102,Jake,20,Tuesday,4,April,1,False,True
2024-09-04,18:00:00,Grilled Asparagus,Side,8.0,8,64.0,Cash,Dine-In,103,Emily,18,Wednesday,9,September,2,False,True
2024-12-01,16:00:00,Truffle Fries,Side,4.0,8,32.0,Mobile Payment,Delivery,105,Nina,16,Sunday,12,December,6,True,False
2024-04-24,21:30:00,Cabernet Sauvignon,Beverage,10.0,16,160.0,Mobile Payment,Delivery,105,Nina,21,Wednesday,4,April,2,False,True
2024-02-18,17:15:00,Old Fashioned,Beverage,7.0,12,84.0,Mobile Payment,Delivery,104,Carlos,17,Sunday,2,February,6,True,True
2024-03-17,19:00:00,Ribeye Steak,Entree,5.0,35,175.0,Mobile Payment,Takeaway,104,Carlos,19,Sunday,3,March,6,True,True
2024-03-25,12:45:00,Mashed Potatoes,Side,2.0,7,14.0,Credit Card,Takeaway,101,Sarah,12,Monday,3,March,0,False,False
2024-09-16,14:45:00,Grilled Asparagus,Side,2.0,8,16.0,Cash,Takeaway,104,Carlos,14,Monday,9,September,0,False,False
2024-10-20,18:00:00,Old Fashioned,Beverage,8.0,12,96.0,Credit Card,Dine-In,104,Carlos,18,Sunday,10,October,6,True,True
2024-11-30,11:00:00,Grilled Asparagus,Side,6.0,8,48.0,Cash,Delivery,105,Nina,11,Saturday,11,November,5,True,False
2024-01-01,12:30:00,Cabernet Sauvignon,Beverage,7.2,16,115.2,Cash,Delivery,104,Carlos,12,Monday,1,January,0,False,True
2024-06-23,16:00:00,Caesar Salad,Appetizer,3.0,10,30.0,Credit Card,Delivery,105,Nina,16,Sunday,6,June,6,True,False
2024-11-03,18:30:00,Truffle Fries,Side,9.0,8,72.0,Cash,Dine-In,102,Jake,18,Sunday,11,November,6,True,True
2024-01-02,16:30:00,Bourbon BBQ Burger,Entree,3.0,22,66.0,Mobile Payment,Delivery,103,Emily,16,Tuesday,1,January,1,False,True
2024-12-25,12:00:00,New York Strip,Entree,4.0,38,152.0,Cash,Delivery,104,Carlos,12,Wednesday,12,December,2,False,True
2024-02-24,15:15:00,Caesar Salad,Appetizer,2.0,10,20.0,Credit Card,Dine-In,104,Carlos,15,Saturday,2,February,5,True,False
2024-04-07,22:30:00,Filet Mignon,Entree,7.0,42,294.0,Cash,Delivery,105,Nina,22,Sunday,4,April,6,True,True
2024-03-04,18:45:00,Bourbon BBQ Burger,Entree,10.0,22,220.0,Mobile Payment,Dine-In,104,Carlos,18,Monday,3,March,0,False,True
2024-01-03,19:00:00,Cabernet Sauvignon,Beverage,7.0,16,112.0,Mobile Payment,Takeaway,105,Nina,19,Wednesday,1,January,2,False,True
2024-03-31,22:15:00,Truffle Fries,Side,4.0,8,32.0,Cash,Takeaway,105,Nina,22,Sunday,3,March,6,True,False
2024-11-06,16:45:00,Grilled Asparagus,Side,5.0,8,40.0,Mobile Payment,Dine-In,103,Emily,16,Wednesday,11,November,2,False,False
2024-07-22,16:30:00,Old Fashioned,Beverage,2.0,12,24.0,Cash,Takeaway,105,Nina,16,Monday,7,July,0,False,False
2024-12-24,22:30:00,Truffle Fries,Side,11.0,8,88.0,Credit Card,Delivery,105,Nina,22,Tuesday,12,December,1,False,True
2024-11-19,14:15:00,Caesar Salad,Appetizer,4.0,10,40.0,Mobile Payment,Takeaway,103,Emily,14,Tuesday,11,November,1,False,False
2024-12-10,13:15:00,Cabernet Sauvignon,Beverage,6.0,16,96.0,Mobile Payment,Delivery,103,Emily,13,Tuesday,12,December,1,False,True
2024-12-29,12:30:00,Cabernet Sauvignon,Beverage,4.0,16,64.0,Mobile Payment,Delivery,104,Carlos,12,Sunday,12,December,6,True,True
2024-12-11,22:30:00,Grilled Asparagus,Side,2.0,8,16.0,Mobile Payment,Dine-In,101,Sarah,22,Wednesday,12,December,2,False,False
2024-07-14,13:00:00,Bourbon BBQ Burger,Entree,1.0,22,22.0,Cash,Takeaway,102,Jake,13,Sunday,7,July,6,True,False
2024-05-26,21:30:00,New York Strip,Entree,2.0,38,76.0,Mobile Payment,Takeaway,102,Jake,21,Sunday,5,May,6,True,True
2024-10-04,11:30:00,Old Fashioned,Beverage,2.0,12,24.0,Mobile Payment,Delivery,105,Nina,11,Friday,10,October,4,False,False
2024-04-24,22:45:00,Caesar Salad,Appetizer,11.0,10,110.0,Mobile Payment,Takeaway,101,Sarah,22,Wednesday,4,April,2,False,True
2024-07-14,17:45:00,Bourbon BBQ Burger,Entree,7.0,22,154.0,Mobile Payment,Dine-In,101,Sarah,17,Sunday,7,July,6,True,True
2024-05-08,14:45:00,Caesar Salad,Appetizer,2.0,10,20.0,Mobile Payment,Delivery,105,Nina,14,Wednesday,5,May,2,False,False
2024-04-10,22:15:00,Shrimp Cocktail,Appetizer,8.0,14,112.0,Cash,Delivery,101,Sarah,22,Wednesday,4,April,2,False,True
2024-04-05,13:00:00,Grilled Asparagus,Side,1.0,8,8.0,Credit Card,Takeaway,105,Nina,13,Friday,4,April,4,False,False
2024-05-15,13:15:00,Chocolate Lava Cake,Dessert,2.0,9,18.0,Cash,Takeaway,104,Carlos,13,Wednesday,5,May,2,False,False
2024-12-29,13:00:00,New York Strip,Entree,3.0,38,114.0,Mobile Payment,Dine-In,105,Nina,13,Sunday,12,December,6,True,True
2024-12-04,15:45:00,Chocolate Lava Cake,Dessert,5.0,9,45.0,Credit Card,Dine-In,103,Emily,15,Wednesday,12,December,2,False,False
2024-09-26,14:15:00,Cabernet Sauvignon,Beverage,1.0,16,16.0,Mobile Payment,Dine-In,104,Carlos,14,Thursday,9,September,3,False,False
2024-10-05,19:45:00,Filet Mignon,Entree,5.0,42,210.0,Cash,Dine-In,103,Emily,19,Saturday,10,October,5,True,True
2024-06-18,16:30:00,Caesar Salad,Appetizer,5.0,10,50.0,Mobile Payment,Takeaway,105,Nina,16,Tuesday,6,June,1,False,False
2024-11-28,11:00:00,Bourbon BBQ Burger,Entree,3.6,22,79.2,Credit Card,Dine-In,105,Nina,11,Thursday,11,November,3,False,True
2024-11-14,14:00:00,Bourbon BBQ Burger,Entree,3.0,22,66.0,Credit Card,Dine-In,104,Carlos,14,Thursday,11,November,3,False,True
2024-05-11,19:30:00,Ribeye Steak,Entree,9.0,35,315.0,Credit Card,Delivery,105,Nina,19,Saturday,5,May,5,True,True
2024-08-16,18:00:00,Shrimp Cocktail,Appetizer,4.0,14,56.0,Credit Card,Delivery,101,Sarah,18,Friday,8,August,4,False,False
2024-02-19,13:00:00,Bourbon BBQ Burger,Entree,1.0,22,22.0,Cash,Delivery,102,Jake,13,Monday,2,February,0,False,False
2024-12-16,17:00:00,Caesar Salad,Appetizer,10.0,10,100.0,Mobile Payment,Delivery,104,Carlos,17,Monday,12,December,0,False,True
2024-11-27,12:15:00,Ribeye Steak,Entree,4.0,35,140.0,Mobile Payment,Takeaway,101,Sarah,12,Wednesday,11,November,2,False,True
2024-02-14,12:00:00,New York Strip,Entree,2.4,38,91.2,Mobile Payment,Dine-In,105,Nina,12,Wednesday,2,February,2,False,True
2024-04-26,15:45:00,Grilled Asparagus,Side,6.0,8,48.0,Mobile Payment,Takeaway,104,Carlos,15,Friday,4,April,4,False,False
2024-06-10,11:45:00,Bourbon BBQ Burger,Entree,1.0,22,22.0,Mobile Payment,Dine-In,105,Nina,11,Monday,6,June,0,False,False
2024-02-02,22:00:00,Truffle Fries,Side,2.0,8,16.0,Credit Card,Delivery,101,Sarah,22,Friday,2,February,4,False,False
2024-05-28,21:30:00,Chocolate Lava Cake,Dessert,2.0,9,18.0,Credit Card,Takeaway,104,Carlos,21,Tuesday,5,May,1,False,False
2024-07-21,21:00:00,Old Fashioned,Beverage,3.0,12,36.0,Mobile Payment,Dine-In,102,Jake,21,Sunday,7,July,6,True,False
2024-07-19,19:30:00,Bourbon BBQ Burger,Entree,3.0,22,66.0,Credit Card,Delivery,103,Emily,19,Friday,7,July,4,False,True
2024-01-06,19:15:00,Filet Mignon,Entree,2.0,42,84.0,Cash,Delivery,105,Nina,19,Saturday,1,January,5,True,True
2024-07-20,19:00:00,Shrimp Cocktail,Appetizer,3.0,14,42.0,Mobile Payment,Delivery,103,Emily,19,Saturday,7,July,5,True,False
2024-04-18,17:15:00,New York Strip,Entree,4.0,38,152.0,Cash,Delivery,103,Emily,17,Thursday,4,April,3,False,True
2024-04-09,12:15:00,Bourbon BBQ Burger,Entree,5.0,22,110.0,Cash,Delivery,104,Carlos,12,Tuesday,4,April,1,False,True
2024-11-26,19:00:00,Shrimp Cocktail,Appetizer,2.0,14,28.0,Credit Card,Dine-In,102,Jake,19,Tuesday,11,November,1,False,False
2024-10-24,18:30:00,Mashed Potatoes,Side,4.0,7,28.0,Mobile Payment,Delivery,102,Jake,18,Thursday,10,October,3,False,False
2024-02-21,15:00:00,Caesar Salad,Appetizer,3.0,10,30.0,Credit Card,Takeaway,103,Emily,15,Wednesday,2,February,2,False,False
2024-11-11,21:30:00,Truffle Fries,Side,11.0,8,88.0,Cash,Delivery,105,Nina,21,Monday,11,November,0,False,True
2024-07-05,16:45:00,New York Strip,Entree,1.0,38,38.0,Credit Card,Dine-In,102,Jake,16,Friday,7,July,4,False,False
2024-12-30,22:45:00,Shrimp Cocktail,Appetizer,7.0,14,98.0,Cash,Delivery,103,Emily,22,Monday,12,December,0,False,True
2024-09-02,18:45:00,Mashed Potatoes,Side,6.0,7,42.0,Credit Card,Delivery,101,Sarah,18,Monday,9,September,0,False,False
2024-03-30,21:00:00,Shrimp Cocktail,Appetizer,3.0,14,42.0,Mobile Payment,Dine-In,103,Emily,21,Saturday,3,March,5,True,False
2024-11-16,12:00:00,Ribeye Steak,Entree,8.0,35,280.0,Mobile Payment,Dine-In,105,Nina,12,Saturday,11,November,5,True,True
2024-10-23,17:15:00,Ribeye Steak,Entree,9.0,35,315.0,Credit Card,Delivery,105,Nina,17,Wednesday,10,October,2,False,True
2024-08-29,21:15:00,Mashed Potatoes,Side,7.0,7,49.0,Cash,Delivery,103,Emily,21,Thursday,8,August,3,False,False
2024-03-09,18:00:00,Grilled Asparagus,Side,5.0,8,40.0,Mobile Payment,Dine-In,102,Jake,18,Saturday,3,March,5,True,False
2024-11-10,21:15:00,Cabernet Sauvignon,Beverage,4.0,16,64.0,Credit Card,Dine-In,102,Jake,21,Sunday,11,November,6,True,True
2024-10-16,20:15:00,Truffle Fries,Side,8.0,8,64.0,Credit Card,Dine-In,102,Jake,20,Wednesday,10,October,2,False,True
2024-09-06,14:00:00,Shrimp Cocktail,Appetizer,4.0,14,56.0,Cash,Dine-In,102,Jake,14,Friday,9,September,4,False,False
2024-09-22,16:45:00,Old Fashioned,Beverage,4.0,12,48.0,Cash,Dine-In,103,Emily,16,Sunday,9,September,6,True,False
2024-02-22,22:30:00,Truffle Fries,Side,5.0,8,40.0,Mobile Payment,Delivery,105,Nina,22,Thursday,2,February,3,False,False
2024-03-30,17:45:00,Mashed Potatoes,Side,11.0,7,77.0,Mobile Payment,Dine-In,105,Nina,17,Saturday,3,March,5,True,True
2024-05-08,17:15:00,Cabernet Sauvignon,Beverage,8.0,16,128.0,Credit Card,Takeaway,104,Carlos,17,Wednesday,5,May,2,False,True
2024-09-03,20:00:00,Cabernet Sauvignon,Beverage,4.0,16,64.0,Credit Card,Dine-In,102,Jake,20,Tuesday,9,September,1,False,True
2024-02-09,19:30:00,Caesar Salad,Appetizer,4.0,10,40.0,Cash,Dine-In,103,Emily,19,Friday,2,February,4,False,False
2024-11-04,22:00:00,Bourbon BBQ Burger,Entree,4.0,22,88.0,Credit Card,Takeaway,101,Sarah,22,Monday,11,November,0,False,True
2024-09-03,21:45:00,Old Fashioned,Beverage,4.0,12,48.0,Mobile Payment,Dine-In,104,Carlos,21,Tuesday,9,September,1,False,False
2024-01-12,14:00:00,New York Strip,Entree,9.0,38,342.0,Mobile Payment,Dine-In,102,Jake,14,Friday,1,January,4,False,True
2024-11-18,19:00:00,Chocolate Lava Cake,Dessert,5.0,9,45.0,Cash,Dine-In,103,Emily,19,Monday,11,November,0,False,False
2024-04-02,19:45:00,Chocolate Lava Cake,Dessert,9.0,9,81.0,Mobile Payment,Dine-In,103,Emily,19,Tuesday,4,April,1,False,True
2024-02-13,14:45:00,Chocolate Lava Cake,Dessert,4.0,9,36.0,Credit Card,Dine-In,102,Jake,14,Tuesday,2,February,1,False,False
2024-07-29,20:15:00,Chocolate Lava Cake,Dessert,5.0,9,45.0,Mobile Payment,Delivery,105,Nina,20,Monday,7,July,0,False,False
2024-05-15,13:30:00,Old Fashioned,Beverage,5.0,12,60.0,Mobile Payment,Dine-In,102,Jake,13,Wednesday,5,May,2,False,False
2024-07-12,17:15:00,Filet Mignon,Entree,2.0,42,84.0,Cash,Delivery,105,Nina,17,Friday,7,July,4,False,True
2024-12-16,17:15:00,Chocolate Lava Cake,Dessert,2.0,9,18.0,Cash,Takeaway,105,Nina,17,Monday,12,December,0,False,False
2024-11-03,11:00:00,Filet Mignon,Entree,3.0,42,126.0,Mobile Payment,Dine-In,105,Nina,11,Sunday,11,November,6,True,True
2024-10-03,11:45:00,Cabernet Sauvignon,Beverage,3.0,16,48.0,Credit Card,Dine-In,105,Nina,11,Thursday,10,October,3,False,False
2024-08-07,14:45:00,Grilled Asparagus,Side,2.0,8,16.0,Mobile Payment,Delivery,105,Nina,14,Wednesday,8,August,2,False,False
2024-02-20,17:15:00,Shrimp Cocktail,Appetizer,9.0,14,126.0,Cash,Dine-In,103,Emily,17,Tuesday,2,February,1,False,True
2024-11-02,19:45:00,Shrimp Cocktail,Appetizer,4.0,14,56.0,Cash,Delivery,101,Sarah,19,Saturday,11,November,5,True,False
2024-10-22,19:00:00,Cabernet Sauvignon,Beverage,2.0,16,32.0,Credit Card,Delivery,102,Jake,19,Tuesday,10,October,1,False,False
2024-12-18,16:45:00,Mashed Potatoes,Side,1.0,7,7.0,Cash,Takeaway,105,Nina,16,Wednesday,12,December,2,False,False
2024-05-09,15:45:00,Chocolate Lava Cake,Dessert,3.0,9,27.0,Mobile Payment,Takeaway,104,Carlos,15,Thursday,5,May,3,False,False
2024-04-14,17:45:00,New York Strip,Entree,6.0,38,228.0,Mobile Payment,Delivery,104,Carlos,17,Sunday,4,April,6,True,True
2024-05-09,15:30:00,Truffle Fries,Side,4.0,8,32.0,Mobile Payment,Dine-In,101,Sarah,15,Thursday,5,May,3,False,False
2024-04-27,18:15:00,Filet Mignon,Entree,4.0,42,168.0,Mobile Payment,Takeaway,103,Emily,18,Saturday,4,April,5,True,True
2024-10-08,20:00:00,New York Strip,Entree,8.0,38,304.0,Mobile Payment,Dine-In,101,Sarah,20,Tuesday,10,October,1,False,True
2024-03-15,18:45:00,Filet Mignon,Entree,2.0,42,84.0,Credit Card,Dine-In,103,Emily,18,Friday,3,March,4,False,True
2024-02-10,20:00:00,Truffle Fries,Side,8.0,8,64.0,Credit Card,Delivery,105,Nina,20,Saturday,2,February,5,True,True
2024-05-26,22:00:00,New York Strip,Entree,9.0,38,342.0,Credit Card,Dine-In,102,Jake,22,Sunday,5,May,6,True,True
2024-12-02,19:30:00,Caesar Salad,Appetizer,2.0,10,20.0,Mobile Payment,Delivery,105,Nina,19,Monday,12,December,0,False,False
2024-12-23,14:15:00,Bourbon BBQ Burger,Entree,1.0,22,22.0,Credit Card,Dine-In,101,Sarah,14,Monday,12,December,0,False,False
2024-03-21,12:30:00,Grilled Asparagus,Side,4.0,8,32.0,Mobile Payment,Takeaway,104,Carlos,12,Thursday,3,March,3,False,False
2024-10-27,14:00:00,Truffle Fries,Side,1.0,8,8.0,Cash,Delivery,103,Emily,14,Sunday,10,October,6,True,False
2024-10-13,20:30:00,Mashed Potatoes,Side,5.0,7,35.0,Cash,Delivery,102,Jake,20,Sunday,10,October,6,True,False
2024-08-20,17:00:00,Shrimp Cocktail,Appetizer,4.0,14,56.0,Credit Card,Delivery,101,Sarah,17,Tuesday,8,August,1,False,False
2024-10-13,12:30:00,Mashed Potatoes,Side,1.0,7,7.0,Mobile Payment,Takeaway,105,Nina,12,Sunday,10,October,6,True,False
2024-10-21,15:45:00,Grilled Asparagus,Side,6.0,8,48.0,Credit Card,Dine-In,103,Emily,15,Monday,10,October,0,False,False
2024-08-22,21:45:00,Chocolate Lava Cake,Dessert,2.0,9,18.0,Credit Card,Dine-In,103,Emily,21,Thursday,8,August,3,False,False
2024-02-04,17:15:00,Bourbon BBQ Burger,Entree,4.0,22,88.0,Credit Card,Takeaway,103,Emily,17,Sunday,2,February,6,True,True
2024-09-21,19:00:00,Truffle Fries,Side,6.0,8,48.0,Cash,Takeaway,101,Sarah,19,Saturday,9,September,5,True,False
2024-07-23,21:30:00,Filet Mignon,Entree,9.0,42,378.0,Cash,Takeaway,103,Emily,21,Tuesday,7,July,1,False,True
2024-06-30,14:30:00,New York Strip,Entree,2.0,38,76.0,Credit Card,Delivery,102,Jake,14,Sunday,6,June,6,True,True
2024-04-30,22:15:00,Shrimp Cocktail,Appetizer,4.0,14,56.0,Cash,Dine-In,102,Jake,22,Tuesday,4,April,1,False,False
2024-11-12,16:15:00,Filet Mignon,Entree,1.0,42,42.0,Cash,Delivery,104,Carlos,16,Tuesday,11,November,1,False,False
2024-11-10,11:00:00,Old Fashioned,Beverage,3.0,12,36.0,Mobile Payment,Takeaway,104,Carlos,11,Sunday,11,November,6,True,False
2024-10-21,15:45:00,New York Strip,Entree,5.0,38,190.0,Credit Card,Takeaway,102,Jake,15,Monday,10,October,0,False,True
2024-10-22,13:00:00,Cabernet Sauvignon,Beverage,4.0,16,64.0,Credit Card,Delivery,101,Sarah,13,Tuesday,10,October,1,False,True
2024-09-14,16:45:00,Bourbon BBQ Burger,Entree,4.0,22,88.0,Credit Card,Dine-In,105,Nina,16,Saturday,9,September,5,True,True
2024-08-23,16:00:00,Ribeye Steak,Entree,4.0,35,140.0,Credit Card,Delivery,101,Sarah,16,Friday,8,August,4,False,True
2024-06-15,16:30:00,New York Strip,Entree,9.0,38,342.0,Credit Card,Dine-In,103,Emily,16,Saturday,6,June,5,True,True
2024-08-29,20:30:00,Mashed Potatoes,Side,4.0,7,28.0,Credit Card,Takeaway,102,Jake,20,Thursday,8,August,3,False,False
2024-08-02,22:30:00,Mashed Potatoes,Side,9.0,7,63.0,Credit Card,Takeaway,102,Jake,22,Friday,8,August,4,False,True
2024-10-19,13:15:00,Filet Mignon,Entree,5.0,42,210.0,Cash,Delivery,104,Carlos,13,Saturday,10,October,5,True,True
2024-07-14,14:15:00,Truffle Fries,Side,2.0,8,16.0,Credit Card,Dine-In,102,Jake,14,Sunday,7,July,6,True,False
2024-08-03,18:15:00,Bourbon BBQ Burger,Entree,10.0,22,220.0,Mobile Payment,Delivery,103,Emily,18,Saturday,8,August,5,True,True
2024-09-06,15:30:00,Cabernet Sauvignon,Beverage,7.0,16,112.0,Cash,Takeaway,101,Sarah,15,Friday,9,September,4,False,True
2024-12-19,13:00:00,Caesar Salad,Appetizer,2.0,10,20.0,Credit Card,Delivery,101,Sarah,13,Thursday,12,December,3,False,False
2024-08-18,22:30:00,Shrimp Cocktail,Appetizer,7.0,14,98.0,Credit Card,Delivery,105,Nina,22,Sunday,8,August,6,True,True
2024-05-11,16:00:00,Grilled Asparagus,Side,2.0,8,16.0,Credit Card,Delivery,105,Nina,16,Saturday,5,May,5,True,False
2024-04-11,20:15:00,Shrimp Cocktail,Appetizer,6.0,14,84.0,Credit Card,Delivery,105,Nina,20,Thursday,4,April,3,False,True
2024-09-06,22:45:00,Filet Mignon,Entree,8.0,42,336.0,Mobile Payment,Takeaway,104,Carlos,22,Friday,9,September,4,False,True
2024-11-19,13:15:00,Bourbon BBQ Burger,Entree,3.0,22,66.0,Credit Card,Delivery,105,Nina,13,Tuesday,11,November,1,False,True
2024-10-19,17:00:00,Filet Mignon,Entree,5.0,42,210.0,Credit Card,Dine-In,103,Emily,17,Saturday,10,October,5,True,True
2024-06-11,21:30:00,Truffle Fries,Side,5.0,8,40.0,Mobile Payment,Delivery,104,Carlos,21,Tuesday,6,June,1,False,False
2024-05-18,18:30:00,Truffle Fries,Side,11.0,8,88.0,Mobile Payment,Takeaway,104,Carlos,18,Saturday,5,May,5,True,True
2024-03-26,13:00:00,New York Strip,Entree,2.0,38,76.0,Mobile Payment,Takeaway,101,Sarah,13,Tuesday,3,March,1,False,True
2024-04-17,13:45:00,Filet Mignon,Entree,1.0,42,42.0,Cash,Takeaway,105,Nina,13,Wednesday,4,April,2,False,False
2024-01-28,11:45:00,Cabernet Sauvignon,Beverage,1.0,16,16.0,Cash,Takeaway,105,Nina,11,Sunday,1,January,6,True,False
2024-03-20,12:45:00,Shrimp Cocktail,Appetizer,2.0,14,28.0,Cash,Delivery,103,Emily,12,Wednesday,3,March,2,False,False
2024-08-14,21:15:00,New York Strip,Entree,11.0,38,418.0,Cash,Dine-In,101,Sarah,21,Wednesday,8,August,2,False,True
2024-12-05,16:30:00,Old Fashioned,Beverage,4.0,12,48.0,Mobile Payment,Takeaway,105,Nina,16,Thursday,12,December,3,False,False
2024-08-15,13:15:00,Chocolate Lava Cake,Dessert,4.0,9,36.0,Credit Card,Delivery,105,Nina,13,Thursday,8,August,3,False,False
2024-08-10,19:30:00,Mashed Potatoes,Side,8.0,7,56.0,Mobile Payment,Dine-In,101,Sarah,19,Saturday,8,August,5,True,False
2024-08-14,15:30:00,Grilled Asparagus,Side,3.0,8,24.0,Cash,Takeaway,101,Sarah,15,Wednesday,8,August,2,False,False
2024-01-01,19:15:00,Mashed Potatoes,Side,7.2,7,50.4,Credit Card,Delivery,101,Sarah,19,Monday,1,January,0,False,False
2024-12-18,18:45:00,Shrimp Cocktail,Appetizer,2.0,14,28.0,Credit Card,Takeaway,105,Nina,18,Wednesday,12,December,2,False,False
2024-04-28,11:30:00,Caesar Salad,Appetizer,4.0,10,40.0,Mobile Payment,Takeaway,104,Carlos,11,Sunday,4,April,6,True,False
2024-05-07,13:45:00,Grilled Asparagus,Side,2.0,8,16.0,Credit Card,Dine-In,104,Carlos,13,Tuesday,5,May,1,False,False
2024-11-16,14:30:00,Shrimp Cocktail,Appetizer,10.0,14,140.0,Credit Card,Takeaway,102,Jake,14,Saturday,11,November,5,True,True
2024-02-05,13:15:00,Shrimp Cocktail,Appetizer,1.0,14,14.0,Mobile Payment,Takeaway,105,Nina,13,Monday,2,February,0,False,False
2024-08-19,15:45:00,Caesar Salad,Appetizer,2.0,10,20.0,Cash,Dine-In,101,Sarah,15,Monday,8,August,0,False,False
2024-09-30,11:15:00,Filet Mignon,Entree,3.0,42,126.0,Credit Card,Dine-In,104,Carlos,11,Monday,9,September,0,False,True
2024-01-05,14:00:00,New York Strip,Entree,2.0,38,76.0,Credit Card,Dine-In,103,Emily,14,Friday,1,January,4,False,True
2024-08-03,15:45:00,Mashed Potatoes,Side,6.0,7,42.0,Mobile Payment,Dine-In,103,Emily,15,Saturday,8,August,5,True,False
2024-02-11,13:00:00,Shrimp Cocktail,Appetizer,5.0,14,70.0,Cash,Delivery,104,Carlos,13,Sunday,2,February,6,True,True
2024-04-02,14:30:00,Grilled Asparagus,Side,1.0,8,8.0,Cash,Delivery,102,Jake,14,Tuesday,4,April,1,False,False
2024-07-16,18:15:00,Truffle Fries,Side,2.0,8,16.0,Cash,Takeaway,101,Sarah,18,Tuesday,7,July,1,False,False
2024-09-23,21:15:00,Old Fashioned,Beverage,6.0,12,72.0,Mobile Payment,Takeaway,103,Emily,21,Monday,9,September,0,False,True
2024-03-22,21:00:00,Truffle Fries,Side,12.0,8,96.0,Mobile Payment,Dine-In,103,Emily,21,Friday,3,March,4,False,True
2024-09-03,21:30:00,Caesar Salad,Appetizer,7.0,10,70.0,Cash,Delivery,102,Jake,21,Tuesday,9,September,1,False,True
2024-02-27,14:45:00,Mashed Potatoes,Side,1.0,7,7.0,Cash,Takeaway,105,Nina,14,Tuesday,2,February,1,False,False
2024-03-02,17:15:00,Ribeye Steak,Entree,2.0,35,70.0,Mobile Payment,Delivery,104,Carlos,17,Saturday,3,March,5,True,True
2024-12-18,20:15:00,Mashed Potatoes,Side,2.0,7,14.0,Cash,Dine-In,104,Carlos,20,Wednesday,12,December,2,False,False
2024-02-16,21:30:00,Bourbon BBQ Burger,Entree,2.0,22,44.0,Cash,Takeaway,102,Jake,21,Friday,2,February,4,False,False
2024-12-25,19:00:00,New York Strip,Entree,7.0,38,266.0,Cash,Takeaway,105,Nina,19,Wednesday,12,December,2,False,True
2024-11-26,16:45:00,Truffle Fries,Side,2.0,8,16.0,Cash,Delivery,104,Carlos,16,Tuesday,11,November,1,False,False
2024-07-02,22:15:00,Shrimp Cocktail,Appetizer,2.0,14,28.0,Credit Card,Delivery,104,Carlos,22,Tuesday,7,July,1,False,False
2024-10-13,15:45:00,Caesar Salad,Appetizer,5.0,10,50.0,Cash,Delivery,103,Emily,15,Sunday,10,October,6,True,False
2024-06-14,22:45:00,Shrimp Cocktail,Appetizer,10.0,14,140.0,Mobile Payment,Dine-In,101,Sarah,22,Friday,6,June,4,False,True
2024-09-28,13:45:00,Shrimp Cocktail,Appetizer,5.0,14,70.0,Mobile Payment,Takeaway,104,Carlos,13,Saturday,9,September,5,True,True
2024-01-01,21:45:00,Truffle Fries,Side,4.8,8,38.4,Cash,Delivery,103,Emily,21,Monday,1,January,0,False,False
2024-11-13,14:30:00,Truffle Fries,Side,1.0,8,8.0,Mobile Payment,Delivery,104,Carlos,14,Wednesday,11,November,2,False,False
2024-04-07,19:45:00,Cabernet Sauvignon,Beverage,3.0,16,48.0,Mobile Payment,Takeaway,103,Emily,19,Sunday,4,April,6,True,False
2024-07-28,21:30:00,Filet Mignon,Entree,2.0,42,84.0,Mobile Payment,Delivery,101,Sarah,21,Sunday,7,July,6,True,True
2024-01-23,13:15:00,Ribeye Steak,Entree,2.0,35,70.0,Cash,Takeaway,102,Jake,13,Tuesday,1,January,1,False,True
2024-02-20,11:45:00,Bourbon BBQ Burger,Entree,4.0,22,88.0,Mobile Payment,Delivery,105,Nina,11,Tuesday,2,February,1,False,True
2024-05-11,11:30:00,Caesar Salad,Appetizer,11.0,10,110.0,Mobile Payment,Dine-In,101,Sarah,11,Saturday,5,May,5,True,True
2024-04-16,21:45:00,Filet Mignon,Entree,7.0,42,294.0,Mobile Payment,Dine-In,103,Emily,21,Tuesday,4,April,1,False,True
2024-10-12,22:45:00,Mashed Potatoes,Side,2.0,7,14.0,Mobile Payment,Takeaway,105,Nina,22,Saturday,10,October,5,True,False
2024-01-21,22:00:00,Shrimp Cocktail,Appetizer,2.0,14,28.0,Cash,Delivery,101,Sarah,22,Sunday,1,January,6,True,False
2024-02-21,22:15:00,Cabernet Sauvignon,Beverage,8.0,16,128.0,Cash,Dine-In,105,Nina,22,Wednesday,2,February,2,False,True
2024-12-02,14:15:00,Cabernet Sauvignon,Beverage,5.0,16,80.0,Credit Card,Delivery,101,Sarah,14,Monday,12,December,0,False,True
2024-11-22,20:30:00,Bourbon BBQ Burger,Entree,8.0,22,176.0,Mobile Payment,Delivery,104,Carlos,20,Friday,11,November,4,False,True
2024-02-23,13:15:00,Cabernet Sauvignon,Beverage,5.0,16,80.0,Mobile Payment,Takeaway,102,Jake,13,Friday,2,February,4,False,True
2024-09-30,20:45:00,Mashed Potatoes,Side,5.0,7,35.0,Mobile Payment,Takeaway,103,Emily,20,Monday,9,September,0,False,False
2024-07-30,21:45:00,Truffle Fries,Side,7.0,8,56.0,Mobile Payment,Dine-In,105,Nina,21,Tuesday,7,July,1,False,False
2024-10-06,14:45:00,Cabernet Sauvignon,Beverage,3.0,16,48.0,Credit Card,Takeaway,104,Carlos,14,Sunday,10,October,6,True,False
2024-07-22,11:00:00,Shrimp Cocktail,Appetizer,5.0,14,70.0,Cash,Delivery,102,Jake,11,Monday,7,July,0,False,True
2024-06-03,11:30:00,Caesar Salad,Appetizer,2.0,10,20.0,Credit Card,Dine-In,103,Emily,11,Monday,6,June,0,False,False
2024-10-10,19:15:00,Filet Mignon,Entree,2.0,42,84.0,Credit Card,Takeaway,102,Jake,19,Thursday,10,October,3,False,True
2024-03-11,15:30:00,Chocolate Lava Cake,Dessert,2.0,9,18.0,Cash,Takeaway,103,Emily,15,Monday,3,March,0,False,False
2024-02-17,20:45:00,Chocolate Lava Cake,Dessert,5.0,9,45.0,Mobile Payment,Dine-In,103,Emily,20,Saturday,2,February,5,True,False
2024-09-04,13:45:00,Truffle Fries,Side,5.0,8,40.0,Cash,Delivery,103,Emily,13,Wednesday,9,September,2,False,False
2024-01-20,22:45:00,Filet Mignon,Entree,2.0,42,84.0,Credit Card,Takeaway,104,Carlos,22,Saturday,1,January,5,True,True
2024-08-01,12:15:00,Truffle Fries,Side,5.0,8,40.0,Cash,Delivery,104,Carlos,12,Thursday,8,August,3,False,False
2024-01-28,15:00:00,Mashed Potatoes,Side,5.0,7,35.0,Mobile Payment,Dine-In,103,Emily,15,Sunday,1,January,6,True,False
2024-09-14,22:15:00,New York Strip,Entree,2.0,38,76.0,Mobile Payment,Delivery,104,Carlos,22,Saturday,9,September,5,True,True
2024-08-16,20:00:00,Caesar Salad,Appetizer,7.0,10,70.0,Credit Card,Takeaway,102,Jake,20,Friday,8,August,4,False,True
2024-03-08,16:00:00,Old Fashioned,Beverage,7.0,12,84.0,Mobile Payment,Dine-In,105,Nina,16,Friday,3,March,4,False,True
2024-07-23,15:00:00,Grilled Asparagus,Side,5.0,8,40.0,Credit Card,Delivery,102,Jake,15,Tuesday,7,July,1,False,False
2024-03-10,18:15:00,Old Fashioned,Beverage,9.0,12,108.0,Mobile Payment,Delivery,102,Jake,18,Sunday,3,March,6,True,True
2024-10-14,20:15:00,Caesar Salad,Appetizer,2.0,10,20.0,Credit Card,Takeaway,103,Emily,20,Monday,10,October,0,False,False
2024-12-16,20:00:00,Filet Mignon,Entree,9.0,42,378.0,Credit Card,Takeaway,103,Emily,20,Monday,12,December,0,False,True
2024-04-07,16:30:00,Chocolate Lava Cake,Dessert,1.0,9,9.0,Credit Card,Dine-In,103,Emily,16,Sunday,4,April,6,True,False
2024-11-11,18:15:00,Old Fashioned,Beverage,2.0,12,24.0,Cash,Dine-In,103,Emily,18,Monday,11,November,0,False,False
2024-03-20,22:00:00,Filet Mignon,Entree,2.0,42,84.0,Cash,Delivery,102,Jake,22,Wednesday,3,March,2,False,True
2024-05-27,11:30:00,Truffle Fries,Side,1.0,8,8.0,Credit Card,Takeaway,104,Carlos,11,Monday,5,May,0,False,False
2024-01-12,16:15:00,Truffle Fries,Side,9.0,8,72.0,Cash,Dine-In,105,Nina,16,Friday,1,January,4,False,True
2024-09-24,15:45:00,Chocolate Lava Cake,Dessert,2.0,9,18.0,Mobile Payment,Delivery,101,Sarah,15,Tuesday,9,September,1,False,False
2024-07-11,20:00:00,Shrimp Cocktail,Appetizer,3.0,14,42.0,Cash,Takeaway,102,Jake,20,Thursday,7,July,3,False,False
2024-12-22,20:30:00,Ribeye Steak,Entree,9.0,35,315.0,Mobile Payment,Dine-In,101,Sarah,20,Sunday,12,December,6,True,True
2024-07-17,21:30:00,Bourbon BBQ Burger,Entree,5.0,22,110.0,Cash,Dine-In,103,Emily,21,Wednesday,7,July,2,False,True
2024-11-28,17:15:00,Grilled Asparagus,Side,12.0,8,96.0,Mobile Payment,Dine-In,103,Emily,17,Thursday,11,November,3,False,True
2024-09-05,20:00:00,New York Strip,Entree,3.0,38,114.0,Mobile Payment,Takeaway,105,Nina,20,Thursday,9,September,3,False,True
2024-12-30,11:00:00,Caesar Salad,Appetizer,5.0,10,50.0,Credit Card,Takeaway,104,Carlos,11,Monday,12,December,0,False,False
2024-07-20,22:15:00,Ribeye Steak,Entree,6.0,35,210.0,Mobile Payment,Takeaway,103,Emily,22,Saturday,7,July,5,True,True
2024-11-16,15:15:00,Cabernet Sauvignon,Beverage,5.0,16,80.0,Cash,Delivery,103,Emily,15,Saturday,11,November,5,True,True
2024-07-17,11:30:00,Caesar Salad,Appetizer,2.0,10,20.0,Credit Card,Takeaway,102,Jake,11,Wednesday,7,July,2,False,False
2024-02-14,22:45:00,Cabernet Sauvignon,Beverage,12.0,16,192.0,Mobile Payment,Delivery,102,Jake,22,Wednesday,2,February,2,False,True
2024-08-01,14:15:00,Grilled Asparagus,Side,3.0,8,24.0,Mobile Payment,Takeaway,104,Carlos,14,Thursday,8,August,3,False,False
2024-10-04,13:15:00,Bourbon BBQ Burger,Entree,3.0,22,66.0,Mobile Payment,Delivery,102,Jake,13,Friday,10,October,4,False,True
2024-03-11,15:15:00,Grilled Asparagus,Side,2.0,8,16.0,Mobile Payment,Delivery,102,Jake,15,Monday,3,March,0,False,False
2024-06-11,12:00:00,New York Strip,Entree,3.0,38,114.0,Cash,Delivery,101,Sarah,12,Tuesday,6,June,1,False,True
2024-06-12,17:45:00,Shrimp Cocktail,Appetizer,7.0,14,98.0,Mobile Payment,Delivery,103,Emily,17,Wednesday,6,June,2,False,True
2024-03-18,14:00:00,New York Strip,Entree,2.0,38,76.0,Cash,Delivery,105,Nina,14,Monday,3,March,0,False,True
2024-05-16,20:15:00,Chocolate Lava Cake,Dessert,4.0,9,36.0,Cash,Delivery,101,Sarah,20,Thursday,5,May,3,False,False
2024-07-02,12:45:00,New York Strip,Entree,6.0,38,228.0,Mobile Payment,Takeaway,103,Emily,12,Tuesday,7,July,1,False,True
2024-04-04,17:45:00,Old Fashioned,Beverage,3.0,12,36.0,Cash,Dine-In,102,Jake,17,Thursday,4,April,3,False,False
2024-01-17,17:00:00,Shrimp Cocktail,Appetizer,9.0,14,126.0,Cash,Delivery,102,Jake,17,Wednesday,1,January,2,False,True
2024-04-14,12:15:00,Old Fashioned,Beverage,6.0,12,72.0,Credit Card,Delivery,103,Emily,12,Sunday,4,April,6,True,True
2024-08-22,14:45:00,Grilled Asparagus,Side,1.0,8,8.0,Mobile Payment,Delivery,104,Carlos,14,Thursday,8,August,3,False,False
2024-06-09,17:00:00,Cabernet Sauvignon,Beverage,2.0,16,32.0,Credit Card,Takeaway,101,Sarah,17,Sunday,6,June,6,True,False
2024-05-05,19:45:00,Truffle Fries,Side,2.0,8,16.0,Mobile Payment,Takeaway,105,Nina,19,Sunday,5,May,6,True,False
2024-11-18,11:15:00,Shrimp Cocktail,Appetizer,5.0,14,70.0,Credit Card,Takeaway,103,Emily,11,Monday,11,November,0,False,True
2024-08-24,13:45:00,Shrimp Cocktail,Appetizer,9.0,14,126.0,Cash,Delivery,105,Nina,13,Saturday,8,August,5,True,True
2024-03-13,18:45:00,Filet Mignon,Entree,9.0,42,378.0,Cash,Dine-In,105,Nina,18,Wednesday,3,March,2,False,True
2024-12-22,19:15:00,Grilled Asparagus,Side,7.0,8,56.0,Credit Card,Takeaway,101,Sarah,19,Sunday,12,December,6,True,False
2024-04-01,18:15:00,Old Fashioned,Beverage,2.0,12,24.0,Credit Card,Takeaway,102,Jake,18,Monday,4,April,0,False,False
2024-03-04,12:00:00,Truffle Fries,Side,3.0,8,24.0,Mobile Payment,Takeaway,101,Sarah,12,Monday,3,March,0,False,False
2024-09-25,22:45:00,Truffle Fries,Side,10.0,8,80.0,Mobile Payment,Dine-In,104,Carlos,22,Wednesday,9,September,2,False,True
2024-10-08,17:00:00,New York Strip,Entree,6.0,38,228.0,Mobile Payment,Delivery,102,Jake,17,Tuesday,10,October,1,False,True
2024-03-24,13:15:00,Truffle Fries,Side,1.0,8,8.0,Credit Card,Takeaway,103,Emily,13,Sunday,3,March,6,True,False
2024-08-16,15:15:00,Filet Mignon,Entree,2.0,42,84.0,Cash,Dine-In,105,Nina,15,Friday,8,August,4,False,True
2024-05-09,11:45:00,Old Fashioned,Beverage,4.0,12,48.0,Mobile Payment,Dine-In,105,Nina,11,Thursday,5,May,3,False,False
2024-09-09,14:15:00,Chocolate Lava Cake,Dessert,3.0,9,27.0,Credit Card,Takeaway,104,Carlos,14,Monday,9,September,0,False,False
2024-02-10,20:00:00,Caesar Salad,Appetizer,12.0,10,120.0,Credit Card,Delivery,105,Nina,20,Saturday,2,February,5,True,True
2024-04-16,11:15:00,New York Strip,Entree,1.0,38,38.0,Mobile Payment,Takeaway,101,Sarah,11,Tuesday,4,April,1,False,False
2024-03-15,11:30:00,Mashed Potatoes,Side,1.0,7,7.0,Cash,Dine-In,104,Carlos,11,Friday,3,March,4,False,False
2024-04-01,13:30:00,Chocolate Lava Cake,Dessert,4.0,9,36.0,Mobile Payment,Delivery,102,Jake,13,Monday,4,April,0,False,False
2024-08-21,22:30:00,Ribeye Steak,Entree,2.0,35,70.0,Credit Card,Takeaway,103,Emily,22,Wednesday,8,August,2,False,True
2024-07-13,12:45:00,Cabernet Sauvignon,Beverage,2.0,16,32.0,Credit Card,Takeaway,102,Jake,12,Saturday,7,July,5,True,False
2024-03-03,22:30:00,Mashed Potatoes,Side,12.0,7,84.0,Credit Card,Delivery,102,Jake,22,Sunday,3,March,6,True,True
2024-12-22,14:00:00,Filet Mignon,Entree,5.0,42,210.0,Mobile Payment,Delivery,105,Nina,14,Sunday,12,December,6,True,True
2024-02-14,18:30:00,Grilled Asparagus,Side,10.8,8,86.4,Credit Card,Takeaway,105,Nina,18,Wednesday,2,February,2,False,True
2024-10-21,20:30:00,New York Strip,Entree,10.0,38,380.0,Mobile Payment,Takeaway,105,Nina,20,Monday,10,October,0,False,True
2024-11-19,18:45:00,New York Strip,Entree,9.0,38,342.0,Cash,Delivery,103,Emily,18,Tuesday,11,November,1,False,True
2024-04-09,11:00:00,Ribeye Steak,Entree,3.0,35,105.0,Mobile Payment,Dine-In,102,Jake,11,Tuesday,4,April,1,False,True
2024-11-11,17:45:00,Ribeye Steak,Entree,7.0,35,245.0,Credit Card,Delivery,102,Jake,17,Monday,11,November,0,False,True
2024-01-06,21:15:00,Truffle Fries,Side,6.0,8,48.0,Credit Card,Dine-In,103,Emily,21,Saturday,1,January,5,True,False
2024-06-02,19:30:00,Ribeye Steak,Entree,2.0,35,70.0,Mobile Payment,Takeaway,103,Emily,19,Sunday,6,June,6,True,True
2024-07-21,22:00:00,New York Strip,Entree,4.0,38,152.0,Credit Card,Takeaway,104,Carlos,22,Sunday,7,July,6,True,True
2024-08-30,11:15:00,Old Fashioned,Beverage,3.0,12,36.0,Mobile Payment,Takeaway,105,Nina,11,Friday,8,August,4,False,False
2024-06-20,18:45:00,Truffle Fries,Side,2.0,8,16.0,Mobile Payment,Takeaway,105,Nina,18,Thursday,6,June,3,False,False
2024-12-13,16:00:00,Caesar Salad,Appetizer,7.0,10,70.0,Mobile Payment,Takeaway,103,Emily,16,Friday,12,December,4,False,True
2024-02-03,13:30:00,Ribeye Steak,Entree,6.0,35,210.0,Credit Card,Delivery,105,Nina,13,Saturday,2,February,5,True,True
2024-03-25,20:45:00,New York Strip,Entree,9.0,38,342.0,Cash,Takeaway,103,Emily,20,Monday,3,March,0,False,True
2024-12-29,11:30:00,Grilled Asparagus,Side,1.0,8,8.0,Credit Card,Dine-In,103,Emily,11,Sunday,12,December,6,True,False
2024-08-19,15:15:00,Cabernet Sauvignon,Beverage,3.0,16,48.0,Cash,Dine-In,103,Emily,15,Monday,8,August,0,False,False
2024-01-20,14:00:00,Old Fashioned,Beverage,9.0,12,108.0,Cash,Takeaway,105,Nina,14,Saturday,1,January,5,True,True
2024-03-19,14:30:00,Old Fashioned,Beverage,4.0,12,48.0,Credit Card,Takeaway,102,Jake,14,Tuesday,3,March,1,False,False
2024-02-20,19:15:00,Caesar Salad,Appetizer,2.0,10,20.0,Credit Card,Takeaway,105,Nina,19,Tuesday,2,February,1,False,False
2024-02-29,11:30:00,Ribeye Steak,Entree,5.0,35,175.0,Cash,Takeaway,104,Carlos,11,Thursday,2,February,3,False,True
2024-01-24,12:30:00,Ribeye Steak,Entree,6.0,35,210.0,Credit Card,Delivery,102,Jake,12,Wednesday,1,January,2,False,True
2024-06-13,14:15:00,Shrimp Cocktail,Appetizer,3.0,14,42.0,Mobile Payment,Takeaway,104,Carlos,14,Thursday,6,June,3,False,False
2024-12-09,12:30:00,New York Strip,Entree,2.0,38,76.0,Credit Card,Dine-In,101,Sarah,12,Monday,12,December,0,False,True
2024-11-14,19:00:00,Caesar Salad,Appetizer,10.0,10,100.0,Credit Card,Delivery,103,Emily,19,Thursday,11,November,3,False,True
2024-05-18,13:30:00,Chocolate Lava Cake,Dessert,3.0,9,27.0,Cash,Dine-In,103,Emily,13,Saturday,5,May,5,True,False
2024-11-09,16:45:00,Ribeye Steak,Entree,4.0,35,140.0,Cash,Takeaway,101,Sarah,16,Saturday,11,November,5,True,True
2024-02-24,17:00:00,Filet Mignon,Entree,7.0,42,294.0,Credit Card,Dine-In,105,Nina,17,Saturday,2,February,5,True,True
2024-10-30,21:45:00,Chocolate Lava Cake,Dessert,5.0,9,45.0,Credit Card,Takeaway,102,Jake,21,Wednesday,10,October,2,False,False
2024-12-31,21:00:00,Old Fashioned,Beverage,14.3,12,171.6,Cash,Dine-In,104,Carlos,21,Tuesday,12,December,1,False,True
2024-02-19,18:30:00,Bourbon BBQ Burger,Entree,7.0,22,154.0,Credit Card,Dine-In,102,Jake,18,Monday,2,February,0,False,True
2024-03-14,20:30:00,Mashed Potatoes,Side,7.0,7,49.0,Cash,Delivery,103,Emily,20,Thursday,3,March,3,False,False
2024-06-15,18:45:00,Ribeye Steak,Entree,2.0,35,70.0,Credit Card,Dine-In,103,Emily,18,Saturday,6,June,5,True,True
2024-09-02,18:15:00,Shrimp Cocktail,Appetizer,6.0,14,84.0,Mobile Payment,Delivery,102,Jake,18,Monday,9,September,0,False,True
2024-09-17,12:45:00,Truffle Fries,Side,1.0,8,8.0,Credit Card,Delivery,101,Sarah,12,Tuesday,9,September,1,False,False
2024-06-03,19:45:00,Grilled Asparagus,Side,9.0,8,72.0,Credit Card,Dine-In,105,Nina,19,Monday,6,June,0,False,True
2024-05-04,19:15:00,Old Fashioned,Beverage,8.0,12,96.0,Cash,Takeaway,102,Jake,19,Saturday,5,May,5,True,True
2024-12-21,20:45:00,Grilled Asparagus,Side,9.0,8,72.0,Credit Card,Delivery,102,Jake,20,Saturday,12,December,5,True,True
2024-03-29,21:00:00,Truffle Fries,Side,11.0,8,88.0,Credit Card,Dine-In,105,Nina,21,Friday,3,March,4,False,True
2024-11-01,18:30:00,Cabernet Sauvignon,Beverage,2.0,16,32.0,Credit Card,Dine-In,103,Emily,18,Friday,11,November,4,False,False
2024-07-26,12:00:00,Bourbon BBQ Burger,Entree,9.0,22,198.0,Credit Card,Takeaway,104,Carlos,12,Friday,7,July,4,False,True
2024-11-26,21:00:00,Filet Mignon,Entree,5.0,42,210.0,Cash,Delivery,101,Sarah,21,Tuesday,11,November,1,False,True
2024-03-16,21:15:00,Old Fashioned,Beverage,9.0,12,108.0,Credit Card,Takeaway,105,Nina,21,Saturday,3,March,5,True,True
2024-10-22,18:15:00,Caesar Salad,Appetizer,7.0,10,70.0,Credit Card,Delivery,103,Emily,18,Tuesday,10,October,1,False,True
2024-08-10,22:30:00,Filet Mignon,Entree,9.0,42,378.0,Cash,Delivery,105,Nina,22,Saturday,8,August,5,True,True
2024-07-25,13:30:00,Ribeye Steak,Entree,3.0,35,105.0,Mobile Payment,Dine-In,101,Sarah,13,Thursday,7,July,3,False,True
2024-12-26,19:30:00,Filet Mignon,Entree,6.0,42,252.0,Cash,Dine-In,104,Carlos,19,Thursday,12,December,3,False,True
2024-12-25,20:45:00,Bourbon BBQ Burger,Entree,7.0,22,154.0,Mobile Payment,Takeaway,104,Carlos,20,Wednesday,12,December,2,False,True
2024-07-14,17:15:00,Bourbon BBQ Burger,Entree,5.0,22,110.0,Credit Card,Dine-In,102,Jake,17,Sunday,7,July,6,True,True
2024-10-11,17:30:00,Grilled Asparagus,Side,4.0,8,32.0,Credit Card,Delivery,102,Jake,17,Friday,10,October,4,False,False
2024-03-09,11:00:00,Bourbon BBQ Burger,Entree,2.0,22,44.0,Cash,Delivery,104,Carlos,11,Saturday,3,March,5,True,False
2024-12-02,17:15:00,Filet Mignon,Entree,5.0,42,210.0,Mobile Payment,Takeaway,104,Carlos,17,Monday,12,December,0,False,True
2024-12-22,20:45:00,Chocolate Lava Cake,Dessert,4.0,9,36.0,Credit Card,Delivery,104,Carlos,20,Sunday,12,December,6,True,False
2024-10-09,18:45:00,Mashed Potatoes,Side,4.0,7,28.0,Cash,Takeaway,105,Nina,18,Wednesday,10,October,2,False,False
2024-01-04,20:45:00,Truffle Fries,Side,5.0,8,40.0,Mobile Payment,Delivery,103,Emily,20,Thursday,1,January,3,False,False
2024-07-29,19:30:00,Ribeye Steak,Entree,2.0,35,70.0,Mobile Payment,Takeaway,103,Emily,19,Monday,7,July,0,False,True
2024-02-27,20:45:00,Truffle Fries,Side,2.0,8,16.0,Cash,Delivery,105,Nina,20,Tuesday,2,February,1,False,False
2024-05-23,18:00:00,Cabernet Sauvignon,Beverage,8.0,16,128.0,Cash,Dine-In,104,Carlos,18,Thursday,5,May,3,False,True
2024-11-18,22:00:00,Bourbon BBQ Burger,Entree,11.0,22,242.0,Mobile Payment,Takeaway,105,Nina,22,Monday,11,November,0,False,True
2024-01-28,16:00:00,Old Fashioned,Beverage,3.0,12,36.0,Mobile Payment,Takeaway,105,Nina,16,Sunday,1,January,6,True,False
2024-06-18,17:30:00,Shrimp Cocktail,Appetizer,6.0,14,84.0,Cash,Dine-In,105,Nina,17,Tuesday,6,June,1,False,True
2024-06-04,22:30:00,Ribeye Steak,Entree,8.0,35,280.0,Mobile Payment,Dine-In,105,Nina,22,Tuesday,6,June,1,False,True
2024-01-27,21:30:00,Truffle Fries,Side,10.0,8,80.0,Cash,Takeaway,104,Carlos,21,Saturday,1,January,5,True,True
2024-02-12,13:00:00,Shrimp Cocktail,Appetizer,3.0,14,42.0,Cash,Delivery,103,Emily,13,Monday,2,February,0,False,False
2024-05-20,15:00:00,Truffle Fries,Side,1.0,8,8.0,Mobile Payment,Dine-In,105,Nina,15,Monday,5,May,0,False,False
2024-03-18,21:45:00,Mashed Potatoes,Side,4.0,7,28.0,Credit Card,Delivery,102,Jake,21,Monday,3,March,0,False,False
2024-09-05,13:00:00,Mashed Potatoes,Side,1.0,7,7.0,Cash,Delivery,102,Jake,13,Thursday,9,September,3,False,False
2024-09-10,17:45:00,Caesar Salad,Appetizer,9.0,10,90.0,Mobile Payment,Delivery,102,Jake,17,Tuesday,9,September,1,False,True
2024-04-17,20:30:00,Ribeye Steak,Entree,5.0,35,175.0,Cash,Dine-In,102,Jake,20,Wednesday,4,April,2,False,True
2024-08-25,17:45:00,Shrimp Cocktail,Appetizer,10.0,14,140.0,Mobile Payment,Delivery,102,Jake,17,Sunday,8,August,6,True,True
2024-07-13,21:45:00,Old Fashioned,Beverage,7.0,12,84.0,Cash,Delivery,104,Carlos,21,Saturday,7,July,5,True,True
2024-01-07,15:45:00,Grilled Asparagus,Side,4.0,8,32.0,Mobile Payment,Delivery,101,Sarah,15,Sunday,1,January,6,True,False
2024-02-19,19:30:00,Grilled Asparagus,Side,12.0,8,96.0,Mobile Payment,Takeaway,103,Emily,19,Monday,2,February,0,False,True
2024-05-18,15:00:00,Shrimp Cocktail,Appetizer,9.0,14,126.0,Credit Card,Takeaway,102,Jake,15,Saturday,5,May,5,True,True
2024-12-10,20:15:00,Cabernet Sauvignon,Beverage,6.0,16,96.0,Mobile Payment,Delivery,102,Jake,20,Tuesday,12,December,1,False,True
2024-06-09,19:00:00,Bourbon BBQ Burger,Entree,2.0,22,44.0,Cash,Dine-In,104,Carlos,19,Sunday,6,June,6,True,False
2024-02-20,19:00:00,Bourbon BBQ Burger,Entree,7.0,22,154.0,Credit Card,Dine-In,103,Emily,19,Tuesday,2,February,1,False,True
2024-05-08,14:00:00,Ribeye Steak,Entree,4.0,35,140.0,Cash,Dine-In,105,Nina,14,Wednesday,5,May,2,False,True
2024-12-02,14:00:00,Truffle Fries,Side,1.0,8,8.0,Cash,Delivery,102,Jake,14,Monday,12,December,0,False,False
2024-07-11,21:15:00,Filet Mignon,Entree,5.0,42,210.0,Credit Card,Takeaway,104,Carlos,21,Thursday,7,July,3,False,True
2024-12-04,12:45:00,Shrimp Cocktail,Appetizer,5.0,14,70.0,Mobile Payment,Delivery,103,Emily,12,Wednesday,12,December,2,False,True
2024-05-11,13:00:00,Shrimp Cocktail,Appetizer,2.0,14,28.0,Credit Card,Takeaway,103,Emily,13,Saturday,5,May,5,True,False
2024-01-31,15:30:00,New York Strip,Entree,3.0,38,114.0,Cash,Takeaway,102,Jake,15,Wednesday,1,January,2,False,True
2024-11-08,17:15:00,Bourbon BBQ Burger,Entree,6.0,22,132.0,Cash,Dine-In,105,Nina,17,Friday,11,November,4,False,True
2024-08-08,14:00:00,Old Fashioned,Beverage,3.0,12,36.0,Cash,Dine-In,101,Sarah,14,Thursday,8,August,3,False,False
2024-02-06,20:30:00,Old Fashioned,Beverage,2.0,12,24.0,Credit Card,Dine-In,101,Sarah,20,Tuesday,2,February,1,False,False
2024-01-20,21:45:00,Shrimp Cocktail,Appetizer,5.0,14,70.0,Mobile Payment,Takeaway,104,Carlos,21,Saturday,1,January,5,True,True
2024-10-21,11:45:00,Old Fashioned,Beverage,4.0,12,48.0,Credit Card,Delivery,101,Sarah,11,Monday,10,October,0,False,False
2024-10-03,14:00:00,Grilled Asparagus,Side,4.0,8,32.0,Cash,Delivery,105,Nina,14,Thursday,10,October,3,False,False
2024-07-02,16:30:00,Grilled Asparagus,Side,1.0,8,8.0,Mobile Payment,Delivery,101,Sarah,16,Tuesday,7,July,1,False,False
2024-07-06,19:30:00,Filet Mignon,Entree,8.0,42,336.0,Credit Card,Delivery,102,Jake,19,Saturday,7,July,5,True,True
2024-03-31,19:00:00,Grilled Asparagus,Side,5.0,8,40.0,Credit Card,Delivery,104,Carlos,19,Sunday,3,March,6,True,False
2024-02-24,21:30:00,Old Fashioned,Beverage,2.0,12,24.0,Mobile Payment,Takeaway,102,Jake,21,Saturday,2,February,5,True,False
2024-03-12,11:15:00,Ribeye Steak,Entree,5.0,35,175.0,Cash,Takeaway,104,Carlos,11,Tuesday,3,March,1,False,True
2024-02-02,19:30:00,Old Fashioned,Beverage,11.0,12,132.0,Credit Card,Dine-In,101,Sarah,19,Friday,2,February,4,False,True
2024-06-22,11:30:00,Truffle Fries,Side,2.0,8,16.0,Credit Card,Dine-In,102,Jake,11,Saturday,6,June,5,True,False
2024-11-30,21:45:00,Bourbon BBQ Burger,Entree,9.0,22,198.0,Cash,Delivery,105,Nina,21,Saturday,11,November,5,True,True
2024-04-29,12:00:00,Truffle Fries,Side,2.0,8,16.0,Credit Card,Delivery,101,Sarah,12,Monday,4,April,0,False,False
2024-08-29,20:00:00,Caesar Salad,Appetizer,4.0,10,40.0,Cash,Dine-In,101,Sarah,20,Thursday,8,August,3,False,False
2024-06-06,12:45:00,Chocolate Lava Cake,Dessert,2.0,9,18.0,Mobile Payment,Dine-In,101,Sarah,12,Thursday,6,June,3,False,False
2024-02-28,18:15:00,Filet Mignon,Entree,4.0,42,168.0,Credit Card,Takeaway,104,Carlos,18,Wednesday,2,February,2,False,True
2024-06-15,12:15:00,Mashed Potatoes,Side,4.0,7,28.0,Cash,Delivery,102,Jake,12,Saturday,6,June,5,True,False
2024-06-20,12:00:00,Shrimp Cocktail,Appetizer,2.0,14,28.0,Credit Card,Dine-In,103,Emily,12,Thursday,6,June,3,False,False
2024-10-10,13:45:00,Caesar Salad,Appetizer,5.0,10,50.0,Cash,Dine-In,101,Sarah,13,Thursday,10,October,3,False,False
2024-11-19,20:45:00,New York Strip,Entree,2.0,38,76.0,Credit Card,Dine-In,101,Sarah,20,Tuesday,11,November,1,False,True
2024-01-04,13:00:00,Truffle Fries,Side,5.0,8,40.0,Credit Card,Takeaway,104,Carlos,13,Thursday,1,January,3,False,False
2024-12-20,13:15:00,New York Strip,Entree,4.0,38,152.0,Mobile Payment,Takeaway,104,Carlos,13,Friday,12,December,4,False,True
2024-05-02,13:00:00,Chocolate Lava Cake,Dessert,2.0,9,18.0,Mobile Payment,Takeaway,105,Nina,13,Thursday,5,May,3,False,False
2024-02-15,21:30:00,Mashed Potatoes,Side,8.0,7,56.0,Cash,Delivery,102,Jake,21,Thursday,2,February,3,False,False
2024-04-08,12:00:00,Chocolate Lava Cake,Dessert,3.0,9,27.0,Mobile Payment,Delivery,102,Jake,12,Monday,4,April,0,False,False
2024-08-25,21:15:00,Shrimp Cocktail,Appetizer,2.0,14,28.0,Cash,Dine-In,102,Jake,21,Sunday,8,August,6,True,False
2024-12-16,18:45:00,New York Strip,Entree,3.0,38,114.0,Mobile Payment,Dine-In,101,Sarah,18,Monday,12,December,0,False,True
2024-11-26,16:30:00,Caesar Salad,Appetizer,4.0,10,40.0,Credit Card,Takeaway,105,Nina,16,Tuesday,11,November,1,False,False
2024-08-20,11:00:00,Truffle Fries,Side,1.0,8,8.0,Mobile Payment,Dine-In,102,Jake,11,Tuesday,8,August,1,False,False
2024-01-15,18:00:00,Filet Mignon,Entree,4.0,42,168.0,Mobile Payment,Takeaway,105,Nina,18,Monday,1,January,0,False,True
2024-10-23,16:45:00,Caesar Salad,Appetizer,3.0,10,30.0,Cash,Dine-In,103,Emily,16,Wednesday,10,October,2,False,False
2024-04-26,12:15:00,Truffle Fries,Side,5.0,8,40.0,Cash,Takeaway,102,Jake,12,Friday,4,April,4,False,False
2024-02-07,18:45:00,Ribeye Steak,Entree,8.0,35,280.0,Cash,Dine-In,105,Nina,18,Wednesday,2,February,2,False,True
2024-08-20,13:45:00,Mashed Potatoes,Side,2.0,7,14.0,Credit Card,Delivery,102,Jake,13,Tuesday,8,August,1,False,False
2024-11-19,16:30:00,Caesar Salad,Appetizer,3.0,10,30.0,Cash,Dine-In,105,Nina,16,Tuesday,11,November,1,False,False
2024-01-31,15:15:00,Filet Mignon,Entree,5.0,42,210.0,Credit Card,Takeaway,102,Jake,15,Wednesday,1,January,2,False,True
2024-06-24,14:30:00,Chocolate Lava Cake,Dessert,2.0,9,18.0,Mobile Payment,Delivery,102,Jake,14,Monday,6,June,0,False,False
2024-10-22,19:15:00,Filet Mignon,Entree,8.0,42,336.0,Mobile Payment,Takeaway,102,Jake,19,Tuesday,10,October,1,False,True
2024-10-29,18:45:00,Shrimp Cocktail,Appetizer,2.0,14,28.0,Mobile Payment,Takeaway,102,Jake,18,Tuesday,10,October,1,False,False
2024-05-06,16:45:00,Chocolate Lava Cake,Dessert,2.0,9,18.0,Mobile Payment,Dine-In,105,Nina,16,Monday,5,May,0,False,False
2024-01-03,17:00:00,Ribeye Steak,Entree,7.0,35,245.0,Mobile Payment,Delivery,101,Sarah,17,Wednesday,1,January,2,False,True
2024-08-05,19:45:00,Old Fashioned,Beverage,2.0,12,24.0,Credit Card,Takeaway,102,Jake,19,Monday,8,August,0,False,False
2024-02-12,19:00:00,Truffle Fries,Side,7.0,8,56.0,Cash,Dine-In,103,Emily,19,Monday,2,February,0,False,False
2024-05-31,14:00:00,Ribeye Steak,Entree,7.0,35,245.0,Mobile Payment,Takeaway,102,Jake,14,Friday,5,May,4,False,True
2024-12-26,18:00:00,Old Fashioned,Beverage,7.0,12,84.0,Cash,Delivery,104,Carlos,18,Thursday,12,December,3,False,True
2024-04-04,16:45:00,Truffle Fries,Side,1.0,8,8.0,Mobile Payment,Dine-In,104,Carlos,16,Thursday,4,April,3,False,False
2024-12-19,16:00:00,Shrimp Cocktail,Appetizer,4.0,14,56.0,Credit Card,Delivery,105,Nina,16,Thursday,12,December,3,False,False
2024-10-04,20:15:00,Bourbon BBQ Burger,Entree,2.0,22,44.0,Mobile Payment,Takeaway,101,Sarah,20,Friday,10,October,4,False,False
2024-09-20,21:30:00,Ribeye Steak,Entree,2.0,35,70.0,Credit Card,Takeaway,104,Carlos,21,Friday,9,September,4,False,True
2024-11-12,11:30:00,Mashed Potatoes,Side,2.0,7,14.0,Mobile Payment,Delivery,101,Sarah,11,Tuesday,11,November,1,False,False
2024-10-14,22:15:00,New York Strip,Entree,6.0,38,228.0,Cash,Delivery,101,Sarah,22,Monday,10,October,0,False,True
2024-11-28,18:15:00,Truffle Fries,Side,4.8,8,38.4,Credit Card,Takeaway,103,Emily,18,Thursday,11,November,3,False,False
2024-09-14,21:45:00,Shrimp Cocktail,Appetizer,2.0,14,28.0,Cash,Takeaway,103,Emily,21,Saturday,9,September,5,True,False
2024-08-19,18:00:00,Old Fashioned,Beverage,10.0,12,120.0,Mobile Payment,Delivery,103,Emily,18,Monday,8,August,0,False,True
2024-08-19,20:30:00,Bourbon BBQ Burger,Entree,2.0,22,44.0,Cash,Takeaway,101,Sarah,20,Monday,8,August,0,False,False
2024-02-11,17:15:00,Shrimp Cocktail,Appetizer,2.0,14,28.0,Cash,Dine-In,103,Emily,17,Sunday,2,February,6,True,False
2024-02-27,22:15:00,Old Fashioned,Beverage,4.0,12,48.0,Cash,Delivery,101,Sarah,22,Tuesday,2,February,1,False,False
2024-05-30,17:15:00,Old Fashioned,Beverage,7.0,12,84.0,Credit Card,Takeaway,101,Sarah,17,Thursday,5,May,3,False,True
2024-05-29,14:00:00,Ribeye Steak,Entree,2.0,35,70.0,Mobile Payment,Delivery,103,Emily,14,Wednesday,5,May,2,False,True
2024-07-29,20:30:00,Bourbon BBQ Burger,Entree,5.0,22,110.0,Credit Card,Delivery,105,Nina,20,Monday,7,July,0,False,True
2024-10-07,18:45:00,Shrimp Cocktail,Appetizer,8.0,14,112.0,Cash,Takeaway,102,Jake,18,Monday,10,October,0,False,True
2024-05-13,14:45:00,Mashed Potatoes,Side,3.0,7,21.0,Cash,Dine-In,103,Emily,14,Monday,5,May,0,False,False
2024-05-25,18:15:00,Chocolate Lava Cake,Dessert,4.0,9,36.0,Mobile Payment,Delivery,103,Emily,18,Saturday,5,May,5,True,False
2024-04-03,13:15:00,New York Strip,Entree,2.0,38,76.0,Cash,Dine-In,103,Emily,13,Wednesday,4,April,2,False,True
2024-10-21,13:45:00,Shrimp Cocktail,Appetizer,3.0,14,42.0,Cash,Dine-In,105,Nina,13,Monday,10,October,0,False,False
2024-12-28,11:30:00,Mashed Potatoes,Side,4.0,7,28.0,Credit Card,Takeaway,105,Nina,11,Saturday,12,December,5,True,False
2024-03-24,19:30:00,Filet Mignon,Entree,2.0,42,84.0,Credit Card,Takeaway,102,Jake,19,Sunday,3,March,6,True,True
2024-08-22,16:15:00,Ribeye Steak,Entree,5.0,35,175.0,Mobile Payment,Takeaway,103,Emily,16,Thursday,8,August,3,False,True
2024-08-30,15:15:00,Chocolate Lava Cake,Dessert,6.0,9,54.0,Credit Card,Delivery,101,Sarah,15,Friday,8,August,4,False,False
2024-09-02,11:15:00,Bourbon BBQ Burger,Entree,6.0,22,132.0,Cash,Takeaway,101,Sarah,11,Monday,9,September,0,False,True
2024-07-24,20:15:00,Old Fashioned,Beverage,5.0,12,60.0,Cash,Takeaway,101,Sarah,20,Wednesday,7,July,2,False,False
2024-11-07,21:15:00,Chocolate Lava Cake,Dessert,11.0,9,99.0,Cash,Takeaway,102,Jake,21,Thursday,11,November,3,False,True
2024-01-12,12:45:00,Bourbon BBQ Burger,Entree,1.0,22,22.0,Mobile Payment,Takeaway,102,Jake,12,Friday,1,January,4,False,False
2024-09-08,16:00:00,Bourbon BBQ Burger,Entree,3.0,22,66.0,Credit Card,Dine-In,104,Carlos,16,Sunday,9,September,6,True,True
2024-07-08,17:30:00,Ribeye Steak,Entree,5.0,35,175.0,Credit Card,Takeaway,103,Emily,17,Monday,7,July,0,False,True
2024-08-16,19:00:00,Caesar Salad,Appetizer,7.0,10,70.0,Mobile Payment,Takeaway,104,Carlos,19,Friday,8,August,4,False,True
2024-05-27,13:45:00,Truffle Fries,Side,4.0,8,32.0,Cash,Delivery,105,Nina,13,Monday,5,May,0,False,False
2024-02-14,13:15:00,Shrimp Cocktail,Appetizer,4.8,14,67.2,Mobile Payment,Takeaway,101,Sarah,13,Wednesday,2,February,2,False,True
2024-10-29,17:00:00,Ribeye Steak,Entree,6.0,35,210.0,Mobile Payment,Takeaway,104,Carlos,17,Tuesday,10,October,1,False,True
2024-03-30,19:45:00,Truffle Fries,Side,10.0,8,80.0,Cash,Dine-In,102,Jake,19,Saturday,3,March,5,True,True
2024-07-14,15:45:00,Ribeye Steak,Entree,3.0,35,105.0,Mobile Payment,Takeaway,104,Carlos,15,Sunday,7,July,6,True,True
2024-10-13,22:45:00,Caesar Salad,Appetizer,2.0,10,20.0,Cash,Dine-In,103,Emily,22,Sunday,10,October,6,True,False
2024-06-02,21:45:00,Filet Mignon,Entree,6.0,42,252.0,Credit Card,Dine-In,104,Carlos,21,Sunday,6,June,6,True,True
2024-12-18,21:15:00,Ribeye Steak,Entree,2.0,35,70.0,Credit Card,Takeaway,101,Sarah,21,Wednesday,12,December,2,False,True
2024-11-02,22:30:00,Chocolate Lava Cake,Dessert,8.0,9,72.0,Mobile Payment,Takeaway,103,Emily,22,Saturday,11,November,5,True,True
2024-11-17,21:45:00,Truffle Fries,Side,2.0,8,16.0,Credit Card,Delivery,105,Nina,21,Sunday,11,November,6,True,False
2024-01-09,15:15:00,Chocolate Lava Cake,Dessert,1.0,9,9.0,Cash,Takeaway,104,Carlos,15,Tuesday,1,January,1,False,False
2024-12-20,13:30:00,New York Strip,Entree,2.0,38,76.0,Credit Card,Takeaway,104,Carlos,13,Friday,12,December,4,False,True
2024-11-21,16:00:00,Shrimp Cocktail,Appetizer,3.0,14,42.0,Mobile Payment,Delivery,101,Sarah,16,Thursday,11,November,3,False,False
2024-09-20,14:15:00,Filet Mignon,Entree,9.0,42,378.0,Cash,Delivery,103,Emily,14,Friday,9,September,4,False,True
2024-06-10,21:30:00,Shrimp Cocktail,Appetizer,7.0,14,98.0,Cash,Delivery,105,Nina,21,Monday,6,June,0,False,True
2024-06-29,13:00:00,New York Strip,Entree,10.0,38,380.0,Credit Card,Takeaway,104,Carlos,13,Saturday,6,June,5,True,True
2024-07-29,16:15:00,Filet Mignon,Entree,2.0,42,84.0,Cash,Delivery,102,Jake,16,Monday,7,July,0,False,True
2024-04-06,19:00:00,Grilled Asparagus,Side,9.0,8,72.0,Cash,Dine-In,102,Jake,19,Saturday,4,April,5,True,True
2024-01-09,18:30:00,Shrimp Cocktail,Appetizer,5.0,14,70.0,Cash,Takeaway,105,Nina,18,Tuesday,1,January,1,False,True
2024-09-24,16:15:00,Truffle Fries,Side,4.0,8,32.0,Cash,Delivery,101,Sarah,16,Tuesday,9,September,1,False,False
2024-04-23,13:15:00,Truffle Fries,Side,2.0,8,16.0,Credit Card,Dine-In,102,Jake,13,Tuesday,4,April,1,False,False
2024-03-07,12:45:00,Truffle Fries,Side,1.0,8,8.0,Cash,Dine-In,104,Carlos,12,Thursday,3,March,3,False,False
2024-08-08,11:15:00,Filet Mignon,Entree,1.0,42,42.0,Mobile Payment,Delivery,105,Nina,11,Thursday,8,August,3,False,False
2024-01-31,18:00:00,Shrimp Cocktail,Appetizer,2.0,14,28.0,Cash,Takeaway,101,Sarah,18,Wednesday,1,January,2,False,False
2024-02-19,12:15:00,Chocolate Lava Cake,Dessert,2.0,9,18.0,Cash,Delivery,103,Emily,12,Monday,2,February,0,False,False
2024-01-15,12:15:00,Truffle Fries,Side,3.0,8,24.0,Mobile Payment,Takeaway,103,Emily,12,Monday,1,January,0,False,False
2024-03-23,19:15:00,Cabernet Sauvignon,Beverage,10.0,16,160.0,Cash,Dine-In,105,Nina,19,Saturday,3,March,5,True,True
2024-01-08,19:15:00,Truffle Fries,Side,3.0,8,24.0,Credit Card,Dine-In,105,Nina,19,Monday,1,January,0,False,False
2024-01-03,22:00:00,Caesar Salad,Appetizer,10.0,10,100.0,Mobile Payment,Takeaway,103,Emily,22,Wednesday,1,January,2,False,True
2024-12-23,20:15:00,Old Fashioned,Beverage,2.0,12,24.0,Cash,Takeaway,104,Carlos,20,Monday,12,December,0,False,False
2024-08-05,14:15:00,Grilled Asparagus,Side,1.0,8,8.0,Credit Card,Dine-In,104,Carlos,14,Monday,8,August,0,False,False
2024-02-26,19:15:00,Old Fashioned,Beverage,7.0,12,84.0,Mobile Payment,Takeaway,105,Nina,19,Monday,2,February,0,False,True
2024-01-21,12:30:00,Old Fashioned,Beverage,1.0,12,12.0,Credit Card,Takeaway,104,Carlos,12,Sunday,1,January,6,True,False
2024-11-03,22:30:00,Bourbon BBQ Burger,Entree,10.0,22,220.0,Cash,Delivery,104,Carlos,22,Sunday,11,November,6,True,True
2024-05-28,17:15:00,Filet Mignon,Entree,8.0,42,336.0,Mobile Payment,Takeaway,102,Jake,17,Tuesday,5,May,1,False,True
2024-01-07,21:45:00,Bourbon BBQ Burger,Entree,2.0,22,44.0,Credit Card,Takeaway,105,Nina,21,Sunday,1,January,6,True,False
2024-12-03,21:00:00,Filet Mignon,Entree,3.0,42,126.0,Credit Card,Takeaway,105,Nina,21,Tuesday,12,December,1,False,True
2024-02-22,22:15:00,Filet Mignon,Entree,7.0,42,294.0,Cash,Takeaway,102,Jake,22,Thursday,2,February,3,False,True
2024-10-31,17:00:00,Caesar Salad,Appetizer,10.0,10,100.0,Mobile Payment,Takeaway,103,Emily,17,Thursday,10,October,3,False,True
2024-12-31,20:30:00,Bourbon BBQ Burger,Entree,11.7,22,257.4,Credit Card,Takeaway,105,Nina,20,Tuesday,12,December,1,False,True
2024-07-26,18:30:00,New York Strip,Entree,9.0,38,342.0,Cash,Dine-In,103,Emily,18,Friday,7,July,4,False,True
2024-09-07,18:15:00,Bourbon BBQ Burger,Entree,4.0,22,88.0,Cash,Dine-In,101,Sarah,18,Saturday,9,September,5,True,True
2024-02-04,18:00:00,New York Strip,Entree,7.0,38,266.0,Mobile Payment,Delivery,103,Emily,18,Sunday,2,February,6,True,True
2024-03-19,15:00:00,Filet Mignon,Entree,5.0,42,210.0,Credit Card,Takeaway,102,Jake,15,Tuesday,3,March,1,False,True
2024-05-30,21:45:00,Old Fashioned,Beverage,8.0,12,96.0,Credit Card,Delivery,103,Emily,21,Thursday,5,May,3,False,True
2024-10-03,19:00:00,Ribeye Steak,Entree,7.0,35,245.0,Cash,Takeaway,104,Carlos,19,Thursday,10,October,3,False,True
2024-06-10,17:45:00,Old Fashioned,Beverage,2.0,12,24.0,Cash,Dine-In,105,Nina,17,Monday,6,June,0,False,False
2024-12-03,15:15:00,Old Fashioned,Beverage,4.0,12,48.0,Cash,Takeaway,104,Carlos,15,Tuesday,12,December,1,False,False
2024-09-06,12:45:00,Bourbon BBQ Burger,Entree,8.0,22,176.0,Mobile Payment,Delivery,105,Nina,12,Friday,9,September,4,False,True
2024-08-28,18:15:00,Cabernet Sauvignon,Beverage,2.0,16,32.0,Credit Card,Takeaway,104,Carlos,18,Wednesday,8,August,2,False,False
2024-10-29,17:30:00,Shrimp Cocktail,Appetizer,6.0,14,84.0,Cash,Dine-In,105,Nina,17,Tuesday,10,October,1,False,True
2024-01-24,13:30:00,Mashed Potatoes,Side,6.0,7,42.0,Cash,Delivery,103,Emily,13,Wednesday,1,January,2,False,False
2024-07-13,12:45:00,Mashed Potatoes,Side,6.0,7,42.0,Credit Card,Takeaway,101,Sarah,12,Saturday,7,July,5,True,False
2024-12-04,14:15:00,Caesar Salad,Appetizer,3.0,10,30.0,Mobile Payment,Dine-In,101,Sarah,14,Wednesday,12,December,2,False,False
2024-06-05,12:30:00,New York Strip,Entree,1.0,38,38.0,Mobile Payment,Takeaway,101,Sarah,12,Wednesday,6,June,2,False,False
2024-08-23,21:45:00,Chocolate Lava Cake,Dessert,9.0,9,81.0,Credit Card,Takeaway,101,Sarah,21,Friday,8,August,4,False,True
2024-12-22,18:00:00,Mashed Potatoes,Side,8.0,7,56.0,Mobile Payment,Takeaway,103,Emily,18,Sunday,12,December,6,True,False
2024-10-20,12:45:00,Filet Mignon,Entree,2.0,42,84.0,Credit Card,Takeaway,105,Nina,12,Sunday,10,October,6,True,True
2024-12-07,16:15:00,Chocolate Lava Cake,Dessert,5.0,9,45.0,Credit Card,Takeaway,102,Jake,16,Saturday,12,December,5,True,False
2024-09-11,21:00:00,Cabernet Sauvignon,Beverage,4.0,16,64.0,Credit Card,Takeaway,101,Sarah,21,Wednesday,9,September,2,False,True
2024-06-01,20:45:00,Caesar Salad,Appetizer,9.0,10,90.0,Mobile Payment,Dine-In,105,Nina,20,Saturday,6,June,5,True,True
2024-02-18,20:30:00,Shrimp Cocktail,Appetizer,2.0,14,28.0,Mobile Payment,Delivery,104,Carlos,20,Sunday,2,February,6,True,False
2024-08-06,14:30:00,Filet Mignon,Entree,3.0,42,126.0,Mobile Payment,Takeaway,104,Carlos,14,Tuesday,8,August,1,False,True
2024-12-05,19:30:00,Caesar Salad,Appetizer,9.0,10,90.0,Credit Card,Takeaway,105,Nina,19,Thursday,12,December,3,False,True
2024-09-20,18:15:00,Ribeye Steak,Entree,9.0,35,315.0,Cash,Delivery,104,Carlos,18,Friday,9,September,4,False,True
2024-04-19,21:45:00,Shrimp Cocktail,Appetizer,11.0,14,154.0,Mobile Payment,Takeaway,105,Nina,21,Friday,4,April,4,False,True
2024-11-16,11:15:00,Mashed Potatoes,Side,8.0,7,56.0,Cash,Dine-In,102,Jake,11,Saturday,11,November,5,True,False
2024-12-16,15:45:00,Grilled Asparagus,Side,3.0,8,24.0,Cash,Delivery,102,Jake,15,Monday,12,December,0,False,False
2024-07-30,15:30:00,Bourbon BBQ Burger,Entree,2.0,22,44.0,Credit Card,Delivery,105,Nina,15,Tuesday,7,July,1,False,False
2024-04-30,17:15:00,Filet Mignon,Entree,4.0,42,168.0,Cash,Dine-In,102,Jake,17,Tuesday,4,April,1,False,True
2024-06-07,18:45:00,Cabernet Sauvignon,Beverage,6.0,16,96.0,Credit Card,Delivery,101,Sarah,18,Friday,6,June,4,False,True
2024-04-13,13:30:00,New York Strip,Entree,2.0,38,76.0,Credit Card,Takeaway,105,Nina,13,Saturday,4,April,5,True,True
2024-03-31,21:00:00,Truffle Fries,Side,7.0,8,56.0,Cash,Dine-In,101,Sarah,21,Sunday,3,March,6,True,False
2024-06-09,20:30:00,Filet Mignon,Entree,8.0,42,336.0,Credit Card,Delivery,101,Sarah,20,Sunday,6,June,6,True,True
2024-07-22,22:15:00,Caesar Salad,Appetizer,2.0,10,20.0,Mobile Payment,Delivery,105,Nina,22,Monday,7,July,0,False,False
2024-03-02,19:30:00,Old Fashioned,Beverage,2.0,12,24.0,Cash,Delivery,101,Sarah,19,Saturday,3,March,5,True,False
2024-06-09,16:45:00,Truffle Fries,Side,2.0,8,16.0,Credit Card,Dine-In,102,Jake,16,Sunday,6,June,6,True,False
2024-02-24,13:15:00,Shrimp Cocktail,Appetizer,6.0,14,84.0,Credit Card,Takeaway,105,Nina,13,Saturday,2,February,5,True,True
2024-01-29,18:30:00,Truffle Fries,Side,2.0,8,16.0,Credit Card,Delivery,104,Carlos,18,Monday,1,January,0,False,False
2024-08-31,21:15:00,Shrimp Cocktail,Appetizer,4.0,14,56.0,Credit Card,Takeaway,103,Emily,21,Saturday,8,August,5,True,False
2024-06-06,11:00:00,Truffle Fries,Side,1.0,8,8.0,Mobile Payment,Delivery,102,Jake,11,Thursday,6,June,3,False,False
2024-05-09,19:45:00,Shrimp Cocktail,Appetizer,6.0,14,84.0,Mobile Payment,Dine-In,105,Nina,19,Thursday,5,May,3,False,True
2024-05-01,18:45:00,Ribeye Steak,Entree,8.0,35,280.0,Credit Card,Takeaway,101,Sarah,18,Wednesday,5,May,2,False,True
2024-04-30,15:15:00,New York Strip,Entree,3.0,38,114.0,Mobile Payment,Takeaway,104,Carlos,15,Tuesday,4,April,1,False,True
2024-01-18,15:00:00,Old Fashioned,Beverage,4.0,12,48.0,Mobile Payment,Takeaway,103,Emily,15,Thursday,1,January,3,False,False
2024-08-04,12:15:00,Truffle Fries,Side,2.0,8,16.0,Mobile Payment,Dine-In,103,Emily,12,Sunday,8,August,6,True,False
2024-08-03,20:30:00,Old Fashioned,Beverage,2.0,12,24.0,Cash,Delivery,102,Jake,20,Saturday,8,August,5,True,False
2024-11-18,18:15:00,Ribeye Steak,Entree,9.0,35,315.0,Cash,Delivery,103,Emily,18,Monday,11,November,0,False,True
2024-06-09,20:00:00,Filet Mignon,Entree,4.0,42,168.0,Cash,Delivery,102,Jake,20,Sunday,6,June,6,True,True
2024-10-31,21:45:00,Mashed Potatoes,Side,9.0,7,63.0,Credit Card,Delivery,102,Jake,21,Thursday,10,October,3,False,True
2024-05-13,13:30:00,Shrimp Cocktail,Appetizer,2.0,14,28.0,Cash,Takeaway,103,Emily,13,Monday,5,May,0,False,False
2024-04-03,17:45:00,Chocolate Lava Cake,Dessert,4.0,9,36.0,Cash,Dine-In,105,Nina,17,Wednesday,4,April,2,False,False
2024-11-27,20:15:00,Filet Mignon,Entree,10.0,42,420.0,Cash,Takeaway,102,Jake,20,Wednesday,11,November,2,False,True
2024-01-26,17:45:00,Chocolate Lava Cake,Dessert,6.0,9,54.0,Cash,Dine-In,103,Emily,17,Friday,1,January,4,False,False
2024-03-28,20:00:00,Ribeye Steak,Entree,11.0,35,385.0,Credit Card,Takeaway,104,Carlos,20,Thursday,3,March,3,False,True
2024-03-01,14:15:00,Caesar Salad,Appetizer,4.0,10,40.0,Credit Card,Delivery,104,Carlos,14,Friday,3,March,4,False,False
2024-07-14,13:45:00,Caesar Salad,Appetizer,5.0,10,50.0,Cash,Takeaway,102,Jake,13,Sunday,7,July,6,True,False
2024-08-02,13:45:00,New York Strip,Entree,1.0,38,38.0,Credit Card,Takeaway,102,Jake,13,Friday,8,August,4,False,False
2024-11-12,18:15:00,Mashed Potatoes,Side,11.0,7,77.0,Mobile Payment,Delivery,104,Carlos,18,Tuesday,11,November,1,False,True
2024-02-13,11:45:00,New York Strip,Entree,3.0,38,114.0,Mobile Payment,Takeaway,102,Jake,11,Tuesday,2,February,1,False,True
2024-12-31,17:45:00,Truffle Fries,Side,13.0,8,104.0,Credit Card,Dine-In,101,Sarah,17,Tuesday,12,December,1,False,True
2024-10-12,11:00:00,Mashed Potatoes,Side,4.0,7,28.0,Credit Card,Takeaway,105,Nina,11,Saturday,10,October,5,True,False
2024-12-09,20:00:00,Ribeye Steak,Entree,6.0,35,210.0,Mobile Payment,Delivery,104,Carlos,20,Monday,12,December,0,False,True
2024-06-03,17:30:00,New York Strip,Entree,12.0,38,456.0,Cash,Delivery,102,Jake,17,Monday,6,June,0,False,True
2024-05-13,13:45:00,Mashed Potatoes,Side,4.0,7,28.0,Cash,Dine-In,103,Emily,13,Monday,5,May,0,False,False
2024-12-29,19:45:00,New York Strip,Entree,7.0,38,266.0,Cash,Takeaway,101,Sarah,19,Sunday,12,December,6,True,True
2024-03-06,18:30:00,Truffle Fries,Side,7.0,8,56.0,Credit Card,Takeaway,103,Emily,18,Wednesday,3,March,2,False,False
2024-11-09,15:30:00,Grilled Asparagus,Side,4.0,8,32.0,Credit Card,Delivery,104,Carlos,15,Saturday,11,November,5,True,False
2024-03-18,19:45:00,Ribeye Steak,Entree,3.0,35,105.0,Cash,Dine-In,102,Jake,19,Monday,3,March,0,False,True
2024-04-03,11:45:00,Shrimp Cocktail,Appetizer,2.0,14,28.0,Mobile Payment,Takeaway,104,Carlos,11,Wednesday,4,April,2,False,False
2024-02-29,18:00:00,Old Fashioned,Beverage,7.0,12,84.0,Mobile Payment,Delivery,104,Carlos,18,Thursday,2,February,3,False,True
2024-08-22,18:00:00,Truffle Fries,Side,3.0,8,24.0,Cash,Takeaway,101,Sarah,18,Thursday,8,August,3,False,False
2024-04-14,15:15:00,New York Strip,Entree,6.0,38,228.0,Credit Card,Delivery,105,Nina,15,Sunday,4,April,6,True,True
2024-04-18,20:00:00,Cabernet Sauvignon,Beverage,10.0,16,160.0,Cash,Takeaway,101,Sarah,20,Thursday,4,April,3,False,True
2024-05-06,18:00:00,Mashed Potatoes,Side,2.0,7,14.0,Credit Card,Delivery,101,Sarah,18,Monday,5,May,0,False,False
2024-07-20,16:00:00,Mashed Potatoes,Side,3.0,7,21.0,Cash,Dine-In,104,Carlos,16,Saturday,7,July,5,True,False
2024-12-28,21:45:00,Old Fashioned,Beverage,6.0,12,72.0,Mobile Payment,Delivery,101,Sarah,21,Saturday,12,December,5,True,True
2024-06-17,11:45:00,Mashed Potatoes,Side,4.0,7,28.0,Cash,Dine-In,101,Sarah,11,Monday,6,June,0,False,False
2024-11-25,15:30:00,Ribeye Steak,Entree,1.0,35,35.0,Mobile Payment,Delivery,104,Carlos,15,Monday,11,November,0,False,False
2024-02-17,17:30:00,New York Strip,Entree,4.0,38,152.0,Credit Card,Dine-In,101,Sarah,17,Saturday,2,February,5,True,True
2024-04-16,13:45:00,Grilled Asparagus,Side,3.0,8,24.0,Mobile Payment,Delivery,102,Jake,13,Tuesday,4,April,1,False,False
2024-03-02,15:45:00,Grilled Asparagus,Side,5.0,8,40.0,Mobile Payment,Delivery,102,Jake,15,Saturday,3,March,5,True,False
2024-07-02,21:00:00,Mashed Potatoes,Side,8.0,7,56.0,Cash,Takeaway,104,Carlos,21,Tuesday,7,July,1,False,False
2024-07-17,18:30:00,Chocolate Lava Cake,Dessert,11.0,9,99.0,Credit Card,Dine-In,104,Carlos,18,Wednesday,7,July,2,False,True
2024-07-07,20:15:00,Grilled Asparagus,Side,7.0,8,56.0,Cash,Dine-In,105,Nina,20,Sunday,7,July,6,True,False
2024-06-23,18:15:00,Bourbon BBQ Burger,Entree,5.0,22,110.0,Credit Card,Delivery,105,Nina,18,Sunday,6,June,6,True,True
2024-02-12,15:45:00,Grilled Asparagus,Side,1.0,8,8.0,Credit Card,Takeaway,102,Jake,15,Monday,2,February,0,False,False
2024-03-06,21:30:00,Caesar Salad,Appetizer,9.0,10,90.0,Credit Card,Takeaway,105,Nina,21,Wednesday,3,March,2,False,True
2024-01-25,19:00:00,Ribeye Steak,Entree,10.0,35,350.0,Cash,Delivery,104,Carlos,19,Thursday,1,January,3,False,True
2024-07-30,12:45:00,Bourbon BBQ Burger,Entree,5.0,22,110.0,Credit Card,Takeaway,103,Emily,12,Tuesday,7,July,1,False,True
2024-10-26,12:00:00,Filet Mignon,Entree,6.0,42,252.0,Cash,Dine-In,104,Carlos,12,Saturday,10,October,5,True,True
2024-01-24,12:45:00,Truffle Fries,Side,3.0,8,24.0,Credit Card,Delivery,104,Carlos,12,Wednesday,1,January,2,False,False
2024-12-09,18:30:00,Mashed Potatoes,Side,4.0,7,28.0,Cash,Dine-In,101,Sarah,18,Monday,12,December,0,False,False
2024-11-05,15:00:00,Grilled Asparagus,Side,5.0,8,40.0,Cash,Dine-In,104,Carlos,15,Tuesday,11,November,1,False,False
2024-02-29,11:15:00,Bourbon BBQ Burger,Entree,4.0,22,88.0,Credit Card,Delivery,104,Carlos,11,Thursday,2,February,3,False,True
2024-12-02,22:45:00,Shrimp Cocktail,Appetizer,11.0,14,154.0,Mobile Payment,Takeaway,104,Carlos,22,Monday,12,December,0,False,True
2024-06-03,12:15:00,New York Strip,Entree,1.0,38,38.0,Cash,Dine-In,101,Sarah,12,Monday,6,June,0,False,False
2024-12-22,14:00:00,Caesar Salad,Appetizer,5.0,10,50.0,Mobile Payment,Dine-In,102,Jake,14,Sunday,12,December,6,True,False
2024-08-11,21:15:00,Filet Mignon,Entree,7.0,42,294.0,Credit Card,Dine-In,104,Carlos,21,Sunday,8,August,6,True,True
2024-08-04,11:00:00,New York Strip,Entree,2.0,38,76.0,Mobile Payment,Delivery,104,Carlos,11,Sunday,8,August,6,True,True
2024-09-05,18:00:00,Old Fashioned,Beverage,8.0,12,96.0,Cash,Dine-In,103,Emily,18,Thursday,9,September,3,False,True
2024-10-18,17:00:00,Mashed Potatoes,Side,2.0,7,14.0,Cash,Delivery,104,Carlos,17,Friday,10,October,4,False,False
2024-07-31,18:30:00,Ribeye Steak,Entree,7.0,35,245.0,Credit Card,Takeaway,105,Nina,18,Wednesday,7,July,2,False,True
2024-10-29,22:45:00,Caesar Salad,Appetizer,2.0,10,20.0,Mobile Payment,Dine-In,104,Carlos,22,Tuesday,10,October,1,False,False
2024-10-22,16:00:00,Shrimp Cocktail,Appetizer,3.0,14,42.0,Credit Card,Dine-In,104,Carlos,16,Tuesday,10,October,1,False,False
2024-11-14,21:30:00,Old Fashioned,Beverage,8.0,12,96.0,Cash,Dine-In,103,Emily,21,Thursday,11,November,3,False,True
2024-04-08,18:30:00,Old Fashioned,Beverage,3.0,12,36.0,Mobile Payment,Dine-In,105,Nina,18,Monday,4,April,0,False,False
2024-12-16,16:45:00,New York Strip,Entree,3.0,38,114.0,Mobile Payment,Delivery,104,Carlos,16,Monday,12,December,0,False,True
2024-08-01,21:30:00,Old Fashioned,Beverage,4.0,12,48.0,Mobile Payment,Dine-In,103,Emily,21,Thursday,8,August,3,False,False
2024-12-19,22:00:00,Bourbon BBQ Burger,Entree,7.0,22,154.0,Cash,Dine-In,102,Jake,22,Thursday,12,December,3,False,True
2024-03-21,20:45:00,Filet Mignon,Entree,9.0,42,378.0,Credit Card,Takeaway,102,Jake,20,Thursday,3,March,3,False,True
2024-04-17,19:00:00,Ribeye Steak,Entree,5.0,35,175.0,Credit Card,Takeaway,102,Jake,19,Wednesday,4,April,2,False,True
2024-03-30,19:00:00,Filet Mignon,Entree,7.0,42,294.0,Credit Card,Dine-In,105,Nina,19,Saturday,3,March,5,True,True
2024-04-26,12:15:00,Old Fashioned,Beverage,4.0,12,48.0,Credit Card,Takeaway,101,Sarah,12,Friday,4,April,4,False,False
2024-10-12,15:15:00,Truffle Fries,Side,9.0,8,72.0,Mobile Payment,Delivery,101,Sarah,15,Saturday,10,October,5,True,True
2024-12-27,11:45:00,Old Fashioned,Beverage,1.0,12,12.0,Cash,Delivery,105,Nina,11,Friday,12,December,4,False,False
2024-02-22,19:00:00,Cabernet Sauvignon,Beverage,2.0,16,32.0,Cash,Delivery,101,Sarah,19,Thursday,2,February,3,False,False
2024-04-15,16:15:00,Truffle Fries,Side,3.0,8,24.0,Mobile Payment,Takeaway,105,Nina,16,Monday,4,April,0,False,False
2024-09-12,22:00:00,New York Strip,Entree,7.0,38,266.0,Credit Card,Dine-In,101,Sarah,22,Thursday,9,September,3,False,True
2024-04-13,18:45:00,Ribeye Steak,Entree,4.0,35,140.0,Credit Card,Takeaway,103,Emily,18,Saturday,4,April,5,True,True
2024-09-15,13:00:00,Shrimp Cocktail,Appetizer,3.0,14,42.0,Mobile Payment,Takeaway,103,Emily,13,Sunday,9,September,6,True,False
2024-11-18,21:15:00,New York Strip,Entree,11.0,38,418.0,Credit Card,Dine-In,102,Jake,21,Monday,11,November,0,False,True
2024-08-07,17:45:00,Old Fashioned,Beverage,11.0,12,132.0,Mobile Payment,Takeaway,101,Sarah,17,Wednesday,8,August,2,False,True
2024-08-14,13:00:00,Truffle Fries,Side,6.0,8,48.0,Cash,Dine-In,103,Emily,13,Wednesday,8,August,2,False,False
2024-06-10,17:15:00,Grilled Asparagus,Side,2.0,8,16.0,Credit Card,Dine-In,102,Jake,17,Monday,6,June,0,False,False
2024-10-21,11:30:00,Grilled Asparagus,Side,4.0,8,32.0,Mobile Payment,Delivery,105,Nina,11,Monday,10,October,0,False,False
2024-06-04,22:30:00,Mashed Potatoes,Side,2.0,7,14.0,Credit Card,Delivery,105,Nina,22,Tuesday,6,June,1,False,False
2024-03-16,22:45:00,Old Fashioned,Beverage,3.0,12,36.0,Mobile Payment,Delivery,105,Nina,22,Saturday,3,March,5,True,False
2024-11-29,18:30:00,Bourbon BBQ Burger,Entree,7.0,22,154.0,Cash,Takeaway,101,Sarah,18,Friday,11,November,4,False,True
2024-01-19,19:30:00,Grilled Asparagus,Side,3.0,8,24.0,Mobile Payment,Delivery,103,Emily,19,Friday,1,January,4,False,False
2024-04-19,12:30:00,Cabernet Sauvignon,Beverage,4.0,16,64.0,Mobile Payment,Dine-In,101,Sarah,12,Friday,4,April,4,False,True
2024-01-15,19:30:00,Caesar Salad,Appetizer,6.0,10,60.0,Mobile Payment,Takeaway,105,Nina,19,Monday,1,January,0,False,False
2024-02-26,22:00:00,Mashed Potatoes,Side,6.0,7,42.0,Mobile Payment,Delivery,103,Emily,22,Monday,2,February,0,False,False
2024-03-04,11:00:00,Old Fashioned,Beverage,3.0,12,36.0,Mobile Payment,Delivery,101,Sarah,11,Monday,3,March,0,False,False
2024-08-20,16:15:00,Truffle Fries,Side,5.0,8,40.0,Mobile Payment,Delivery,105,Nina,16,Tuesday,8,August,1,False,False
2024-10-31,14:30:00,Shrimp Cocktail,Appetizer,3.0,14,42.0,Mobile Payment,Delivery,105,Nina,14,Thursday,10,October,3,False,False
2024-12-10,13:45:00,Cabernet Sauvignon,Beverage,2.0,16,32.0,Cash,Takeaway,105,Nina,13,Tuesday,12,December,1,False,False
2024-10-25,14:30:00,Old Fashioned,Beverage,2.0,12,24.0,Cash,Delivery,104,Carlos,14,Friday,10,October,4,False,False
2024-07-29,12:00:00,Ribeye Steak,Entree,4.0,35,140.0,Cash,Takeaway,102,Jake,12,Monday,7,July,0,False,True
2024-08-16,12:30:00,Bourbon BBQ Burger,Entree,8.0,22,176.0,Credit Card,Delivery,105,Nina,12,Friday,8,August,4,False,True
2024-09-22,17:30:00,Chocolate Lava Cake,Dessert,9.0,9,81.0,Mobile Payment,Takeaway,104,Carlos,17,Sunday,9,September,6,True,True
2024-12-18,18:45:00,New York Strip,Entree,5.0,38,190.0,Mobile Payment,Dine-In,104,Carlos,18,Wednesday,12,December,2,False,True
2024-12-30,18:15:00,Truffle Fries,Side,12.0,8,96.0,Mobile Payment,Dine-In,102,Jake,18,Monday,12,December,0,False,True
2024-08-21,18:00:00,Truffle Fries,Side,4.0,8,32.0,Mobile Payment,Takeaway,101,Sarah,18,Wednesday,8,August,2,False,False
2024-11-04,17:00:00,Filet Mignon,Entree,7.0,42,294.0,Mobile Payment,Takeaway,101,Sarah,17,Monday,11,November,0,False,True
2024-09-24,13:00:00,Mashed Potatoes,Side,3.0,7,21.0,Credit Card,Takeaway,103,Emily,13,Tuesday,9,September,1,False,False
2024-09-05,11:15:00,New York Strip,Entree,5.0,38,190.0,Credit Card,Dine-In,103,Emily,11,Thursday,9,September,3,False,True
2024-05-25,14:15:00,Truffle Fries,Side,7.0,8,56.0,Cash,Dine-In,105,Nina,14,Saturday,5,May,5,True,False
2024-06-27,12:00:00,Grilled Asparagus,Side,3.0,8,24.0,Mobile Payment,Takeaway,105,Nina,12,Thursday,6,June,3,False,False
2024-08-19,16:45:00,Old Fashioned,Beverage,5.0,12,60.0,Cash,Dine-In,105,Nina,16,Monday,8,August,0,False,False
2024-11-21,18:45:00,Bourbon BBQ Burger,Entree,8.0,22,176.0,Cash,Delivery,103,Emily,18,Thursday,11,November,3,False,True
2024-02-15,20:45:00,Grilled Asparagus,Side,4.0,8,32.0,Credit Card,Takeaway,105,Nina,20,Thursday,2,February,3,False,False
2024-01-24,21:45:00,Truffle Fries,Side,6.0,8,48.0,Mobile Payment,Dine-In,102,Jake,21,Wednesday,1,January,2,False,False
2024-12-28,11:30:00,Cabernet Sauvignon,Beverage,2.0,16,32.0,Mobile Payment,Delivery,101,Sarah,11,Saturday,12,December,5,True,False
2024-04-08,20:00:00,Chocolate Lava Cake,Dessert,12.0,9,108.0,Cash,Takeaway,105,Nina,20,Monday,4,April,0,False,True
2024-01-10,12:15:00,Ribeye Steak,Entree,4.0,35,140.0,Cash,Dine-In,105,Nina,12,Wednesday,1,January,2,False,True
2024-08-15,12:30:00,Grilled Asparagus,Side,4.0,8,32.0,Cash,Takeaway,101,Sarah,12,Thursday,8,August,3,False,False
2024-06-23,17:15:00,Grilled Asparagus,Side,2.0,8,16.0,Mobile Payment,Takeaway,104,Carlos,17,Sunday,6,June,6,True,False
2024-05-11,12:00:00,Filet Mignon,Entree,10.0,42,420.0,Cash,Takeaway,102,Jake,12,Saturday,5,May,5,True,True
2024-04-03,15:00:00,New York Strip,Entree,3.0,38,114.0,Credit Card,Delivery,102,Jake,15,Wednesday,4,April,2,False,True
2024-01-31,20:30:00,New York Strip,Entree,2.0,38,76.0,Mobile Payment,Dine-In,103,Emily,20,Wednesday,1,January,2,False,True
2024-07-18,12:30:00,New York Strip,Entree,3.0,38,114.0,Credit Card,Takeaway,104,Carlos,12,Thursday,7,July,3,False,True
2024-03-02,11:15:00,Caesar Salad,Appetizer,9.0,10,90.0,Mobile Payment,Dine-In,104,Carlos,11,Saturday,3,March,5,True,True
2024-09-17,19:45:00,Filet Mignon,Entree,7.0,42,294.0,Cash,Takeaway,104,Carlos,19,Tuesday,9,September,1,False,True
2024-10-10,17:00:00,Old Fashioned,Beverage,2.0,12,24.0,Credit Card,Delivery,102,Jake,17,Thursday,10,October,3,False,False
2024-01-10,15:00:00,Caesar Salad,Appetizer,5.0,10,50.0,Mobile Payment,Dine-In,103,Emily,15,Wednesday,1,January,2,False,False
2024-10-17,17:45:00,Filet Mignon,Entree,11.0,42,462.0,Cash,Dine-In,103,Emily,17,Thursday,10,October,3,False,True
2024-10-03,13:15:00,Cabernet Sauvignon,Beverage,4.0,16,64.0,Mobile Payment,Takeaway,101,Sarah,13,Thursday,10,October,3,False,True
2024-01-01,18:30:00,Bourbon BBQ Burger,Entree,4.8,22,105.6,Cash,Dine-In,104,Carlos,18,Monday,1,January,0,False,True
2024-05-19,20:30:00,Bourbon BBQ Burger,Entree,9.0,22,198.0,Credit Card,Delivery,102,Jake,20,Sunday,5,May,6,True,True
2024-10-26,19:30:00,Ribeye Steak,Entree,4.0,35,140.0,Mobile Payment,Delivery,105,Nina,19,Saturday,10,October,5,True,True
2024-02-05,15:00:00,Grilled Asparagus,Side,1.0,8,8.0,Cash,Delivery,105,Nina,15,Monday,2,February,0,False,False
2024-05-23,17:15:00,Chocolate Lava Cake,Dessert,9.0,9,81.0,Credit Card,Delivery,103,Emily,17,Thursday,5,May,3,False,True
2024-11-21,15:45:00,Shrimp Cocktail,Appetizer,2.0,14,28.0,Mobile Payment,Takeaway,103,Emily,15,Thursday,11,November,3,False,False
2024-04-17,18:30:00,Ribeye Steak,Entree,5.0,35,175.0,Mobile Payment,Dine-In,105,Nina,18,Wednesday,4,April,2,False,True
2024-08-31,11:00:00,Bourbon BBQ Burger,Entree,3.0,22,66.0,Credit Card,Delivery,104,Carlos,11,Saturday,8,August,5,True,True
2024-07-20,19:00:00,Bourbon BBQ Burger,Entree,2.0,22,44.0,Mobile Payment,Dine-In,104,Carlos,19,Saturday,7,July,5,True,False
2024-12-10,12:30:00,Grilled Asparagus,Side,5.0,8,40.0,Credit Card,Takeaway,102,Jake,12,Tuesday,12,December,1,False,False
2024-12-22,11:00:00,Old Fashioned,Beverage,4.0,12,48.0,Cash,Takeaway,101,Sarah,11,Sunday,12,December,6,True,False
2024-04-23,22:00:00,Shrimp Cocktail,Appetizer,6.0,14,84.0,Cash,Dine-In,105,Nina,22,Tuesday,4,April,1,False,True
2024-11-16,15:15:00,Caesar Salad,Appetizer,7.0,10,70.0,Credit Card,Dine-In,103,Emily,15,Saturday,11,November,5,True,True
2024-09-09,22:15:00,Ribeye Steak,Entree,3.0,35,105.0,Mobile Payment,Takeaway,101,Sarah,22,Monday,9,September,0,False,True
2024-05-22,20:45:00,New York Strip,Entree,11.0,38,418.0,Cash,Delivery,105,Nina,20,Wednesday,5,May,2,False,True
2024-12-10,21:15:00,Filet Mignon,Entree,8.0,42,336.0,Cash,Delivery,101,Sarah,21,Tuesday,12,December,1,False,True
2024-03-06,15:15:00,Cabernet Sauvignon,Beverage,3.0,16,48.0,Cash,Delivery,101,Sarah,15,Wednesday,3,March,2,False,False
2024-12-20,21:30:00,Bourbon BBQ Burger,Entree,10.0,22,220.0,Credit Card,Dine-In,104,Carlos,21,Friday,12,December,4,False,True
2024-11-24,21:00:00,Mashed Potatoes,Side,9.0,7,63.0,Credit Card,Takeaway,101,Sarah,21,Sunday,11,November,6,True,True
2024-12-14,19:45:00,Old Fashioned,Beverage,6.0,12,72.0,Mobile Payment,Dine-In,102,Jake,19,Saturday,12,December,5,True,True
2024-01-25,15:45:00,Cabernet Sauvignon,Beverage,4.0,16,64.0,Credit Card,Dine-In,104,Carlos,15,Thursday,1,January,3,False,True
2024-04-09,16:00:00,Chocolate Lava Cake,Dessert,1.0,9,9.0,Mobile Payment,Dine-In,104,Carlos,16,Tuesday,4,April,1,False,False
2024-02-08,14:15:00,New York Strip,Entree,3.0,38,114.0,Credit Card,Dine-In,101,Sarah,14,Thursday,2,February,3,False,True
2024-01-15,18:45:00,Ribeye Steak,Entree,10.0,35,350.0,Mobile Payment,Takeaway,103,Emily,18,Monday,1,January,0,False,True
2024-05-06,12:45:00,Caesar Salad,Appetizer,3.0,10,30.0,Cash,Takeaway,105,Nina,12,Monday,5,May,0,False,False
2024-05-01,12:45:00,Filet Mignon,Entree,4.0,42,168.0,Mobile Payment,Dine-In,101,Sarah,12,Wednesday,5,May,2,False,True
2024-02-01,11:45:00,Mashed Potatoes,Side,1.0,7,7.0,Cash,Dine-In,104,Carlos,11,Thursday,2,February,3,False,False
2024-01-29,15:45:00,Filet Mignon,Entree,1.0,42,42.0,Mobile Payment,Dine-In,105,Nina,15,Monday,1,January,0,False,False
2024-01-27,15:45:00,Grilled Asparagus,Side,2.0,8,16.0,Mobile Payment,Takeaway,102,Jake,15,Saturday,1,January,5,True,False
2024-11-02,21:00:00,Old Fashioned,Beverage,10.0,12,120.0,Credit Card,Takeaway,105,Nina,21,Saturday,11,November,5,True,True
2024-11-13,12:30:00,Bourbon BBQ Burger,Entree,1.0,22,22.0,Credit Card,Delivery,103,Emily,12,Wednesday,11,November,2,False,False
2024-10-27,14:00:00,Filet Mignon,Entree,1.0,42,42.0,Mobile Payment,Delivery,101,Sarah,14,Sunday,10,October,6,True,False
2024-10-30,14:15:00,Bourbon BBQ Burger,Entree,5.0,22,110.0,Credit Card,Takeaway,104,Carlos,14,Wednesday,10,October,2,False,True
2024-09-03,22:45:00,New York Strip,Entree,3.0,38,114.0,Cash,Dine-In,101,Sarah,22,Tuesday,9,September,1,False,True
2024-03-06,15:45:00,Cabernet Sauvignon,Beverage,3.0,16,48.0,Credit Card,Delivery,105,Nina,15,Wednesday,3,March,2,False,False
2024-03-15,13:45:00,Shrimp Cocktail,Appetizer,7.0,14,98.0,Credit Card,Takeaway,103,Emily,13,Friday,3,March,4,False,True
2024-01-05,19:15:00,Ribeye Steak,Entree,4.0,35,140.0,Mobile Payment,Delivery,101,Sarah,19,Friday,1,January,4,False,True
2024-08-04,16:15:00,Caesar Salad,Appetizer,2.0,10,20.0,Cash,Takeaway,102,Jake,16,Sunday,8,August,6,True,False
2024-12-07,18:45:00,Chocolate Lava Cake,Dessert,6.0,9,54.0,Mobile Payment,Delivery,103,Emily,18,Saturday,12,December,5,True,False
2024-11-11,15:45:00,Mashed Potatoes,Side,2.0,7,14.0,Cash,Takeaway,101,Sarah,15,Monday,11,November,0,False,False
2024-09-10,14:00:00,Bourbon BBQ Burger,Entree,2.0,22,44.0,Mobile Payment,Dine-In,104,Carlos,14,Tuesday,9,September,1,False,False
2024-11-15,14:15:00,Old Fashioned,Beverage,5.0,12,60.0,Mobile Payment,Takeaway,102,Jake,14,Friday,11,November,4,False,False
2024-07-23,13:00:00,Mashed Potatoes,Side,1.0,7,7.0,Cash,Takeaway,101,Sarah,13,Tuesday,7,July,1,False,False
2024-10-11,12:15:00,Shrimp Cocktail,Appetizer,6.0,14,84.0,Cash,Delivery,105,Nina,12,Friday,10,October,4,False,True
2024-07-03,11:00:00,Caesar Salad,Appetizer,2.0,10,20.0,Credit Card,Dine-In,102,Jake,11,Wednesday,7,July,2,False,False
2024-05-14,22:15:00,Mashed Potatoes,Side,10.0,7,70.0,Cash,Dine-In,102,Jake,22,Tuesday,5,May,1,False,True
2024-01-12,13:30:00,Filet Mignon,Entree,2.0,42,84.0,Mobile Payment,Dine-In,104,Carlos,13,Friday,1,January,4,False,True
2024-12-01,12:30:00,Caesar Salad,Appetizer,3.0,10,30.0,Credit Card,Dine-In,103,Emily,12,Sunday,12,December,6,True,False
2024-07-09,21:15:00,Cabernet Sauvignon,Beverage,9.0,16,144.0,Credit Card,Delivery,101,Sarah,21,Tuesday,7,July,1,False,True
2024-03-01,13:15:00,Caesar Salad,Appetizer,2.0,10,20.0,Mobile Payment,Takeaway,103,Emily,13,Friday,3,March,4,False,False
2024-06-11,20:45:00,Bourbon BBQ Burger,Entree,3.0,22,66.0,Cash,Delivery,105,Nina,20,Tuesday,6,June,1,False,True
2024-04-06,19:30:00,New York Strip,Entree,5.0,38,190.0,Cash,Dine-In,103,Emily,19,Saturday,4,April,5,True,True
2024-03-05,19:45:00,Caesar Salad,Appetizer,2.0,10,20.0,Credit Card,Delivery,105,Nina,19,Tuesday,3,March,1,False,False
2024-02-03,13:45:00,Bourbon BBQ Burger,Entree,8.0,22,176.0,Credit Card,Takeaway,105,Nina,13,Saturday,2,February,5,True,True
2024-08-25,13:30:00,Truffle Fries,Side,3.0,8,24.0,Mobile Payment,Delivery,104,Carlos,13,Sunday,8,August,6,True,False
2024-09-10,18:30:00,Chocolate Lava Cake,Dessert,7.0,9,63.0,Mobile Payment,Delivery,101,Sarah,18,Tuesday,9,September,1,False,True
2024-04-16,14:15:00,Old Fashioned,Beverage,2.0,12,24.0,Credit Card,Dine-In,103,Emily,14,Tuesday,4,April,1,False,False
2024-08-05,17:15:00,Mashed Potatoes,Side,6.0,7,42.0,Mobile Payment,Dine-In,102,Jake,17,Monday,8,August,0,False,False
2024-02-13,15:45:00,Cabernet Sauvignon,Beverage,3.0,16,48.0,Cash,Delivery,101,Sarah,15,Tuesday,2,February,1,False,False
2024-08-26,19:30:00,Grilled Asparagus,Side,9.0,8,72.0,Credit Card,Takeaway,104,Carlos,19,Monday,8,August,0,False,True
2024-07-07,18:30:00,Shrimp Cocktail,Appetizer,8.0,14,112.0,Cash,Dine-In,104,Carlos,18,Sunday,7,July,6,True,True
2024-04-29,15:00:00,Mashed Potatoes,Side,1.0,7,7.0,Credit Card,Delivery,105,Nina,15,Monday,4,April,0,False,False
2024-10-06,21:00:00,Shrimp Cocktail,Appetizer,4.0,14,56.0,Cash,Dine-In,101,Sarah,21,Sunday,10,October,6,True,False
2024-07-03,11:15:00,Mashed Potatoes,Side,2.0,7,14.0,Mobile Payment,Takeaway,103,Emily,11,Wednesday,7,July,2,False,False
2024-06-03,22:30:00,Caesar Salad,Appetizer,8.0,10,80.0,Cash,Delivery,105,Nina,22,Monday,6,June,0,False,True
2024-05-13,11:30:00,Shrimp Cocktail,Appetizer,3.0,14,42.0,Credit Card,Takeaway,105,Nina,11,Monday,5,May,0,False,False
2024-12-01,11:45:00,Bourbon BBQ Burger,Entree,5.0,22,110.0,Cash,Takeaway,102,Jake,11,Sunday,12,December,6,True,True
2024-04-26,22:15:00,Old Fashioned,Beverage,5.0,12,60.0,Mobile Payment,Delivery,105,Nina,22,Friday,4,April,4,False,False
2024-08-27,22:45:00,Mashed Potatoes,Side,2.0,7,14.0,Credit Card,Dine-In,104,Carlos,22,Tuesday,8,August,1,False,False
2024-12-23,17:15:00,Old Fashioned,Beverage,7.0,12,84.0,Mobile Payment,Dine-In,103,Emily,17,Monday,12,December,0,False,True
2024-03-12,20:15:00,Shrimp Cocktail,Appetizer,2.0,14,28.0,Credit Card,Delivery,103,Emily,20,Tuesday,3,March,1,False,False
2024-06-22,14:45:00,Grilled Asparagus,Side,7.0,8,56.0,Mobile Payment,Delivery,103,Emily,14,Saturday,6,June,5,True,False
2024-06-15,20:00:00,Chocolate Lava Cake,Dessert,2.0,9,18.0,Cash,Dine-In,103,Emily,20,Saturday,6,June,5,True,False
2024-10-17,21:45:00,Grilled Asparagus,Side,4.0,8,32.0,Credit Card,Dine-In,105,Nina,21,Thursday,10,October,3,False,False
2024-07-16,14:45:00,Filet Mignon,Entree,3.0,42,126.0,Mobile Payment,Takeaway,103,Emily,14,Tuesday,7,July,1,False,True
2024-02-17,13:00:00,Bourbon BBQ Burger,Entree,9.0,22,198.0,Cash,Dine-In,105,Nina,13,Saturday,2,February,5,True,True
2024-09-07,11:15:00,Caesar Salad,Appetizer,2.0,10,20.0,Credit Card,Takeaway,102,Jake,11,Saturday,9,September,5,True,False
2024-04-29,15:00:00,Old Fashioned,Beverage,1.0,12,12.0,Credit Card,Delivery,101,Sarah,15,Monday,4,April,0,False,False
2024-03-28,16:45:00,Grilled Asparagus,Side,2.0,8,16.0,Cash,Dine-In,105,Nina,16,Thursday,3,March,3,False,False
2024-08-02,18:00:00,Grilled Asparagus,Side,5.0,8,40.0,Cash,Dine-In,103,Emily,18,Friday,8,August,4,False,False
2024-08-09,22:45:00,New York Strip,Entree,11.0,38,418.0,Mobile Payment,Takeaway,105,Nina,22,Friday,8,August,4,False,True
2024-04-13,19:45:00,Shrimp Cocktail,Appetizer,4.0,14,56.0,Cash,Dine-In,104,Carlos,19,Saturday,4,April,5,True,False
2024-02-02,17:15:00,Cabernet Sauvignon,Beverage,6.0,16,96.0,Mobile Payment,Takeaway,104,Carlos,17,Friday,2,February,4,False,True
2024-08-24,20:00:00,Truffle Fries,Side,2.0,8,16.0,Credit Card,Delivery,104,Carlos,20,Saturday,8,August,5,True,False
2024-06-26,22:30:00,Grilled Asparagus,Side,12.0,8,96.0,Cash,Takeaway,102,Jake,22,Wednesday,6,June,2,False,True
2024-04-01,20:45:00,Old Fashioned,Beverage,7.0,12,84.0,Mobile Payment,Dine-In,105,Nina,20,Monday,4,April,0,False,True
2024-02-18,17:00:00,Caesar Salad,Appetizer,4.0,10,40.0,Credit Card,Delivery,105,Nina,17,Sunday,2,February,6,True,False
2024-05-29,21:00:00,Truffle Fries,Side,3.0,8,24.0,Credit Card,Takeaway,105,Nina,21,Wednesday,5,May,2,False,False
2024-03-03,16:00:00,Filet Mignon,Entree,5.0,42,210.0,Credit Card,Takeaway,104,Carlos,16,Sunday,3,March,6,True,True
2024-03-25,15:15:00,Cabernet Sauvignon,Beverage,1.0,16,16.0,Credit Card,Dine-In,101,Sarah,15,Monday,3,March,0,False,False
2024-11-23,22:45:00,Grilled Asparagus,Side,5.0,8,40.0,Mobile Payment,Takeaway,102,Jake,22,Saturday,11,November,5,True,False
2024-07-22,11:00:00,Shrimp Cocktail,Appetizer,1.0,14,14.0,Mobile Payment,Dine-In,103,Emily,11,Monday,7,July,0,False,False
2024-12-09,22:45:00,Old Fashioned,Beverage,10.0,12,120.0,Cash,Dine-In,105,Nina,22,Monday,12,December,0,False,True
2024-12-02,14:45:00,New York Strip,Entree,4.0,38,152.0,Credit Card,Dine-In,102,Jake,14,Monday,12,December,0,False,True
2024-01-10,20:00:00,New York Strip,Entree,6.0,38,228.0,Cash,Delivery,104,Carlos,20,Wednesday,1,January,2,False,True
2024-03-27,12:00:00,Bourbon BBQ Burger,Entree,3.0,22,66.0,Cash,Takeaway,103,Emily,12,Wednesday,3,March,2,False,True
2024-04-01,14:00:00,Bourbon BBQ Burger,Entree,6.0,22,132.0,Cash,Takeaway,101,Sarah,14,Monday,4,April,0,False,True
2024-11-21,19:00:00,Grilled Asparagus,Side,5.0,8,40.0,Credit Card,Dine-In,105,Nina,19,Thursday,11,November,3,False,False
2024-01-03,11:45:00,Caesar Salad,Appetizer,2.0,10,20.0,Credit Card,Dine-In,102,Jake,11,Wednesday,1,January,2,False,False
2024-02-16,11:45:00,Ribeye Steak,Entree,1.0,35,35.0,Credit Card,Dine-In,101,Sarah,11,Friday,2,February,4,False,False
2024-04-22,12:15:00,Truffle Fries,Side,2.0,8,16.0,Cash,Takeaway,105,Nina,12,Monday,4,April,0,False,False
2024-02-25,16:30:00,Cabernet Sauvignon,Beverage,2.0,16,32.0,Mobile Payment,Dine-In,105,Nina,16,Sunday,2,February,6,True,False
2024-07-21,17:00:00,Caesar Salad,Appetizer,4.0,10,40.0,Cash,Takeaway,103,Emily,17,Sunday,7,July,6,True,False
2024-03-29,11:45:00,Bourbon BBQ Burger,Entree,5.0,22,110.0,Cash,Takeaway,102,Jake,11,Friday,3,March,4,False,True
2024-08-22,14:00:00,Bourbon BBQ Burger,Entree,3.0,22,66.0,Mobile Payment,Delivery,103,Emily,14,Thursday,8,August,3,False,True
2024-01-23,12:15:00,Grilled Asparagus,Side,3.0,8,24.0,Mobile Payment,Takeaway,101,Sarah,12,Tuesday,1,January,1,False,False
2024-12-30,19:15:00,Shrimp Cocktail,Appetizer,2.0,14,28.0,Mobile Payment,Takeaway,104,Carlos,19,Monday,12,December,0,False,False
2024-12-13,22:15:00,Mashed Potatoes,Side,4.0,7,28.0,Mobile Payment,Delivery,103,Emily,22,Friday,12,December,4,False,False
2024-12-07,18:00:00,Mashed Potatoes,Side,2.0,7,14.0,Mobile Payment,Delivery,104,Carlos,18,Saturday,12,December,5,True,False
2024-07-14,19:15:00,Cabernet Sauvignon,Beverage,9.0,16,144.0,Mobile Payment,Dine-In,102,Jake,19,Sunday,7,July,6,True,True
2024-01-11,20:00:00,Shrimp Cocktail,Appetizer,3.0,14,42.0,Mobile Payment,Takeaway,102,Jake,20,Thursday,1,January,3,False,False
2024-11-13,12:00:00,New York Strip,Entree,3.0,38,114.0,Credit Card,Takeaway,102,Jake,12,Wednesday,11,November,2,False,True
2024-03-18,17:15:00,Bourbon BBQ Burger,Entree,2.0,22,44.0,Cash,Delivery,105,Nina,17,Monday,3,March,0,False,False
2024-08-15,22:30:00,New York Strip,Entree,6.0,38,228.0,Credit Card,Delivery,101,Sarah,22,Thursday,8,August,3,False,True
2024-09-23,17:30:00,Ribeye Steak,Entree,4.0,35,140.0,Mobile Payment,Takeaway,103,Emily,17,Monday,9,September,0,False,True
2024-05-04,14:00:00,Bourbon BBQ Burger,Entree,4.0,22,88.0,Mobile Payment,Delivery,102,Jake,14,Saturday,5,May,5,True,True
2024-11-07,17:30:00,New York Strip,Entree,9.0,38,342.0,Mobile Payment,Dine-In,101,Sarah,17,Thursday,11,November,3,False,True
2024-09-08,12:15:00,Ribeye Steak,Entree,2.0,35,70.0,Cash,Dine-In,101,Sarah,12,Sunday,9,September,6,True,True
2024-03-29,20:15:00,Caesar Salad,Appetizer,11.0,10,110.0,Cash,Takeaway,104,Carlos,20,Friday,3,March,4,False,True
2024-06-08,13:15:00,Caesar Salad,Appetizer,7.0,10,70.0,Cash,Delivery,102,Jake,13,Saturday,6,June,5,True,True
2024-06-04,15:45:00,Bourbon BBQ Burger,Entree,2.0,22,44.0,Credit Card,Takeaway,101,Sarah,15,Tuesday,6,June,1,False,False
2024-07-03,17:45:00,New York Strip,Entree,7.0,38,266.0,Credit Card,Takeaway,105,Nina,17,Wednesday,7,July,2,False,True
2024-11-08,22:45:00,New York Strip,Entree,10.0,38,380.0,Cash,Takeaway,104,Carlos,22,Friday,11,November,4,False,True
2024-02-12,15:15:00,Cabernet Sauvignon,Beverage,2.0,16,32.0,Credit Card,Takeaway,104,Carlos,15,Monday,2,February,0,False,False
2024-06-05,18:30:00,Grilled Asparagus,Side,9.0,8,72.0,Mobile Payment,Takeaway,101,Sarah,18,Wednesday,6,June,2,False,True
2024-06-19,13:45:00,Caesar Salad,Appetizer,2.0,10,20.0,Cash,Dine-In,101,Sarah,13,Wednesday,6,June,2,False,False
2024-09-13,22:30:00,Old Fashioned,Beverage,8.0,12,96.0,Credit Card,Takeaway,103,Emily,22,Friday,9,September,4,False,True
2024-07-15,18:30:00,Bourbon BBQ Burger,Entree,10.0,22,220.0,Cash,Takeaway,101,Sarah,18,Monday,7,July,0,False,True
2024-03-04,17:15:00,Caesar Salad,Appetizer,8.0,10,80.0,Credit Card,Delivery,103,Emily,17,Monday,3,March,0,False,True
2024-09-17,22:45:00,Bourbon BBQ Burger,Entree,6.0,22,132.0,Mobile Payment,Dine-In,104,Carlos,22,Tuesday,9,September,1,False,True
2024-08-05,22:15:00,Caesar Salad,Appetizer,9.0,10,90.0,Cash,Takeaway,101,Sarah,22,Monday,8,August,0,False,True
2024-12-23,21:15:00,Shrimp Cocktail,Appetizer,11.0,14,154.0,Credit Card,Delivery,102,Jake,21,Monday,12,December,0,False,True
2024-05-10,14:15:00,Ribeye Steak,Entree,2.0,35,70.0,Cash,Delivery,104,Carlos,14,Friday,5,May,4,False,True
2024-07-22,22:00:00,Cabernet Sauvignon,Beverage,3.0,16,48.0,Credit Card,Dine-In,104,Carlos,22,Monday,7,July,0,False,False
2024-05-09,22:30:00,Cabernet Sauvignon,Beverage,11.0,16,176.0,Mobile Payment,Takeaway,105,Nina,22,Thursday,5,May,3,False,True
2024-06-06,22:45:00,Truffle Fries,Side,2.0,8,16.0,Cash,Delivery,105,Nina,22,Thursday,6,June,3,False,False
2024-06-25,13:30:00,Truffle Fries,Side,2.0,8,16.0,Mobile Payment,Takeaway,103,Emily,13,Tuesday,6,June,1,False,False
2024-01-04,13:45:00,Ribeye Steak,Entree,1.0,35,35.0,Cash,Delivery,104,Carlos,13,Thursday,1,January,3,False,False
2024-09-25,17:30:00,Truffle Fries,Side,7.0,8,56.0,Cash,Dine-In,103,Emily,17,Wednesday,9,September,2,False,False
2024-04-05,22:15:00,Caesar Salad,Appetizer,9.0,10,90.0,Cash,Delivery,101,Sarah,22,Friday,4,April,4,False,True
2024-08-18,20:15:00,New York Strip,Entree,4.0,38,152.0,Cash,Delivery,102,Jake,20,Sunday,8,August,6,True,True
2024-04-08,15:45:00,Old Fashioned,Beverage,5.0,12,60.0,Cash,Delivery,102,Jake,15,Monday,4,April,0,False,False
2024-02-10,15:00:00,Grilled Asparagus,Side,2.0,8,16.0,Credit Card,Dine-In,103,Emily,15,Saturday,2,February,5,True,False
2024-01-16,20:15:00,Old Fashioned,Beverage,8.0,12,96.0,Mobile Payment,Dine-In,101,Sarah,20,Tuesday,1,January,1,False,True
2024-02-01,15:00:00,Bourbon BBQ Burger,Entree,4.0,22,88.0,Cash,Dine-In,102,Jake,15,Thursday,2,February,3,False,True
2024-09-24,11:45:00,Chocolate Lava Cake,Dessert,5.0,9,45.0,Credit Card,Takeaway,104,Carlos,11,Tuesday,9,September,1,False,False
2024-06-21,20:45:00,Mashed Potatoes,Side,6.0,7,42.0,Mobile Payment,Takeaway,103,Emily,20,Friday,6,June,4,False,False
2024-05-02,16:45:00,Grilled Asparagus,Side,5.0,8,40.0,Cash,Takeaway,103,Emily,16,Thursday,5,May,3,False,False
2024-02-21,11:45:00,Truffle Fries,Side,3.0,8,24.0,Mobile Payment,Dine-In,101,Sarah,11,Wednesday,2,February,2,False,False
2024-11-04,12:30:00,Truffle Fries,Side,2.0,8,16.0,Credit Card,Takeaway,105,Nina,12,Monday,11,November,0,False,False
2024-12-17,21:45:00,Cabernet Sauvignon,Beverage,10.0,16,160.0,Mobile Payment,Dine-In,101,Sarah,21,Tuesday,12,December,1,False,True
2024-11-22,16:00:00,Bourbon BBQ Burger,Entree,5.0,22,110.0,Cash,Delivery,103,Emily,16,Friday,11,November,4,False,True
2024-12-13,18:15:00,Chocolate Lava Cake,Dessert,9.0,9,81.0,Credit Card,Delivery,105,Nina,18,Friday,12,December,4,False,True
2024-02-11,16:45:00,Old Fashioned,Beverage,1.0,12,12.0,Mobile Payment,Takeaway,103,Emily,16,Sunday,2,February,6,True,False
2024-11-06,14:15:00,Cabernet Sauvignon,Beverage,5.0,16,80.0,Mobile Payment,Delivery,101,Sarah,14,Wednesday,11,November,2,False,True
2024-03-06,18:00:00,Shrimp Cocktail,Appetizer,12.0,14,168.0,Credit Card,Dine-In,104,Carlos,18,Wednesday,3,March,2,False,True
2024-02-29,18:15:00,Caesar Salad,Appetizer,4.0,10,40.0,Cash,Delivery,101,Sarah,18,Thursday,2,February,3,False,False
2024-02-24,17:00:00,New York Strip,Entree,5.0,38,190.0,Credit Card,Takeaway,102,Jake,17,Saturday,2,February,5,True,True
2024-05-11,21:45:00,Bourbon BBQ Burger,Entree,2.0,22,44.0,Mobile Payment,Dine-In,105,Nina,21,Saturday,5,May,5,True,False
2024-11-20,22:45:00,Filet Mignon,Entree,7.0,42,294.0,Cash,Delivery,105,Nina,22,Wednesday,11,November,2,False,True
2024-02-03,21:30:00,Grilled Asparagus,Side,7.0,8,56.0,Mobile Payment,Delivery,105,Nina,21,Saturday,2,February,5,True,False
2024-08-11,14:15:00,Shrimp Cocktail,Appetizer,1.0,14,14.0,Credit Card,Dine-In,101,Sarah,14,Sunday,8,August,6,True,False
2024-02-15,16:15:00,Truffle Fries,Side,1.0,8,8.0,Mobile Payment,Takeaway,102,Jake,16,Thursday,2,February,3,False,False
2024-06-09,17:00:00,Shrimp Cocktail,Appetizer,2.0,14,28.0,Mobile Payment,Delivery,102,Jake,17,Sunday,6,June,6,True,False
2024-07-17,17:30:00,Mashed Potatoes,Side,3.0,7,21.0,Mobile Payment,Delivery,105,Nina,17,Wednesday,7,July,2,False,False
2024-10-29,14:00:00,Grilled Asparagus,Side,1.0,8,8.0,Mobile Payment,Takeaway,103,Emily,14,Tuesday,10,October,1,False,False
2024-03-15,15:15:00,Old Fashioned,Beverage,6.0,12,72.0,Cash,Delivery,103,Emily,15,Friday,3,March,4,False,True
2024-03-15,22:00:00,Chocolate Lava Cake,Dessert,6.0,9,54.0,Credit Card,Delivery,101,Sarah,22,Friday,3,March,4,False,False
2024-05-20,22:45:00,Bourbon BBQ Burger,Entree,5.0,22,110.0,Credit Card,Takeaway,104,Carlos,22,Monday,5,May,0,False,True
2024-01-31,16:15:00,Truffle Fries,Side,2.0,8,16.0,Mobile Payment,Dine-In,101,Sarah,16,Wednesday,1,January,2,False,False
2024-04-01,18:45:00,Shrimp Cocktail,Appetizer,4.0,14,56.0,Cash,Delivery,104,Carlos,18,Monday,4,April,0,False,False
2024-06-21,17:45:00,Mashed Potatoes,Side,9.0,7,63.0,Credit Card,Dine-In,105,Nina,17,Friday,6,June,4,False,True
2024-05-24,15:15:00,Truffle Fries,Side,8.0,8,64.0,Credit Card,Dine-In,102,Jake,15,Friday,5,May,4,False,True
2024-06-14,20:00:00,Truffle Fries,Side,5.0,8,40.0,Credit Card,Delivery,102,Jake,20,Friday,6,June,4,False,False
2024-10-22,13:45:00,Truffle Fries,Side,3.0,8,24.0,Credit Card,Dine-In,102,Jake,13,Tuesday,10,October,1,False,False
2024-04-21,22:15:00,Truffle Fries,Side,2.0,8,16.0,Credit Card,Delivery,105,Nina,22,Sunday,4,April,6,True,False
2024-02-22,21:15:00,Grilled Asparagus,Side,10.0,8,80.0,Mobile Payment,Dine-In,101,Sarah,21,Thursday,2,February,3,False,True
2024-02-19,16:45:00,New York Strip,Entree,1.0,38,38.0,Cash,Delivery,103,Emily,16,Monday,2,February,0,False,False
2024-10-30,17:15:00,Bourbon BBQ Burger,Entree,8.0,22,176.0,Cash,Dine-In,101,Sarah,17,Wednesday,10,October,2,False,True
2024-05-03,17:45:00,Shrimp Cocktail,Appetizer,9.0,14,126.0,Cash,Delivery,104,Carlos,17,Friday,5,May,4,False,True
2024-12-20,21:00:00,Old Fashioned,Beverage,7.0,12,84.0,Credit Card,Delivery,104,Carlos,21,Friday,12,December,4,False,True
2024-07-07,11:00:00,Filet Mignon,Entree,1.0,42,42.0,Cash,Takeaway,105,Nina,11,Sunday,7,July,6,True,False
2024-04-25,11:45:00,Shrimp Cocktail,Appetizer,1.0,14,14.0,Mobile Payment,Dine-In,104,Carlos,11,Thursday,4,April,3,False,False
2024-09-04,21:45:00,Shrimp Cocktail,Appetizer,10.0,14,140.0,Cash,Dine-In,103,Emily,21,Wednesday,9,September,2,False,True
2024-02-02,22:15:00,Grilled Asparagus,Side,2.0,8,16.0,Credit Card,Delivery,105,Nina,22,Friday,2,February,4,False,False
2024-09-28,18:00:00,Cabernet Sauvignon,Beverage,10.0,16,160.0,Mobile Payment,Delivery,101,Sarah,18,Saturday,9,September,5,True,True
2024-04-16,21:00:00,New York Strip,Entree,10.0,38,380.0,Mobile Payment,Dine-In,101,Sarah,21,Tuesday,4,April,1,False,True
2024-10-11,18:30:00,Filet Mignon,Entree,2.0,42,84.0,Cash,Delivery,102,Jake,18,Friday,10,October,4,False,True
2024-11-30,13:00:00,Cabernet Sauvignon,Beverage,6.0,16,96.0,Cash,Dine-In,101,Sarah,13,Saturday,11,November,5,True,True
2024-09-16,15:30:00,Cabernet Sauvignon,Beverage,2.0,16,32.0,Credit Card,Delivery,101,Sarah,15,Monday,9,September,0,False,False
2024-05-07,15:00:00,Cabernet Sauvignon,Beverage,3.0,16,48.0,Mobile Payment,Delivery,104,Carlos,15,Tuesday,5,May,1,False,False
2024-03-12,20:45:00,Truffle Fries,Side,7.0,8,56.0,Mobile Payment,Takeaway,105,Nina,20,Tuesday,3,March,1,False,False
2024-10-02,19:15:00,Truffle Fries,Side,2.0,8,16.0,Mobile Payment,Dine-In,102,Jake,19,Wednesday,10,October,2,False,False
2024-01-19,14:15:00,Shrimp Cocktail,Appetizer,3.0,14,42.0,Cash,Delivery,105,Nina,14,Friday,1,January,4,False,False
2024-04-20,20:30:00,Shrimp Cocktail,Appetizer,4.0,14,56.0,Mobile Payment,Delivery,104,Carlos,20,Saturday,4,April,5,True,False
2024-02-08,19:30:00,Shrimp Cocktail,Appetizer,7.0,14,98.0,Mobile Payment,Dine-In,104,Carlos,19,Thursday,2,February,3,False,True
2024-08-21,12:30:00,Bourbon BBQ Burger,Entree,3.0,22,66.0,Mobile Payment,Dine-In,105,Nina,12,Wednesday,8,August,2,False,True
2024-04-14,12:30:00,Bourbon BBQ Burger,Entree,2.0,22,44.0,Mobile Payment,Takeaway,105,Nina,12,Sunday,4,April,6,True,False
2024-12-02,21:15:00,Grilled Asparagus,Side,4.0,8,32.0,Credit Card,Takeaway,104,Carlos,21,Monday,12,December,0,False,False
2024-01-14,20:15:00,Filet Mignon,Entree,6.0,42,252.0,Cash,Delivery,101,Sarah,20,Sunday,1,January,6,True,True
2024-12-16,19:45:00,Filet Mignon,Entree,5.0,42,210.0,Mobile Payment,Dine-In,103,Emily,19,Monday,12,December,0,False,True
2024-06-19,15:15:00,Caesar Salad,Appetizer,3.0,10,30.0,Cash,Dine-In,104,Carlos,15,Wednesday,6,June,2,False,False
2024-04-23,17:00:00,Filet Mignon,Entree,5.0,42,210.0,Mobile Payment,Delivery,103,Emily,17,Tuesday,4,April,1,False,True
2024-10-28,18:00:00,Cabernet Sauvignon,Beverage,6.0,16,96.0,Mobile Payment,Delivery,103,Emily,18,Monday,10,October,0,False,True
2024-10-09,15:00:00,Ribeye Steak,Entree,2.0,35,70.0,Credit Card,Takeaway,102,Jake,15,Wednesday,10,October,2,False,True
2024-06-25,22:45:00,Old Fashioned,Beverage,8.0,12,96.0,Cash,Takeaway,101,Sarah,22,Tuesday,6,June,1,False,True
2024-12-17,19:15:00,Bourbon BBQ Burger,Entree,4.0,22,88.0,Cash,Takeaway,105,Nina,19,Tuesday,12,December,1,False,True
2024-05-16,11:30:00,Truffle Fries,Side,2.0,8,16.0,Mobile Payment,Delivery,104,Carlos,11,Thursday,5,May,3,False,False
2024-12-27,18:15:00,Old Fashioned,Beverage,5.0,12,60.0,Credit Card,Delivery,103,Emily,18,Friday,12,December,4,False,False
2024-05-21,17:15:00,Shrimp Cocktail,Appetizer,2.0,14,28.0,Credit Card,Takeaway,103,Emily,17,Tuesday,5,May,1,False,False
2024-02-16,21:00:00,Filet Mignon,Entree,4.0,42,168.0,Cash,Dine-In,105,Nina,21,Friday,2,February,4,False,True
2024-01-30,12:30:00,Cabernet Sauvignon,Beverage,3.0,16,48.0,Cash,Takeaway,105,Nina,12,Tuesday,1,January,1,False,False
2024-03-10,18:45:00,Cabernet Sauvignon,Beverage,9.0,16,144.0,Mobile Payment,Dine-In,104,Carlos,18,Sunday,3,March,6,True,True
2024-01-08,20:15:00,Truffle Fries,Side,2.0,8,16.0,Mobile Payment,Takeaway,105,Nina,20,Monday,1,January,0,False,False
2024-06-25,14:00:00,Chocolate Lava Cake,Dessert,4.0,9,36.0,Cash,Delivery,105,Nina,14,Tuesday,6,June,1,False,False
2024-04-25,13:00:00,Mashed Potatoes,Side,2.0,7,14.0,Mobile Payment,Takeaway,101,Sarah,13,Thursday,4,April,3,False,False
2024-08-04,18:45:00,New York Strip,Entree,5.0,38,190.0,Cash,Takeaway,102,Jake,18,Sunday,8,August,6,True,True
2024-10-03,12:30:00,Shrimp Cocktail,Appetizer,4.0,14,56.0,Credit Card,Takeaway,102,Jake,12,Thursday,10,October,3,False,False
2024-01-02,22:45:00,Caesar Salad,Appetizer,6.0,10,60.0,Mobile Payment,Delivery,101,Sarah,22,Tuesday,1,January,1,False,False
2024-08-25,20:45:00,Ribeye Steak,Entree,6.0,35,210.0,Cash,Delivery,104,Carlos,20,Sunday,8,August,6,True,True
2024-06-17,15:30:00,Filet Mignon,Entree,1.0,42,42.0,Credit Card,Delivery,102,Jake,15,Monday,6,June,0,False,False
2024-07-24,16:00:00,Filet Mignon,Entree,4.0,42,168.0,Credit Card,Dine-In,101,Sarah,16,Wednesday,7,July,2,False,True
2024-09-27,19:15:00,Grilled Asparagus,Side,2.0,8,16.0,Credit Card,Dine-In,102,Jake,19,Friday,9,September,4,False,False
2024-12-02,15:15:00,Old Fashioned,Beverage,4.0,12,48.0,Credit Card,Takeaway,103,Emily,15,Monday,12,December,0,False,False
2024-08-07,13:30:00,Filet Mignon,Entree,5.0,42,210.0,Mobile Payment,Takeaway,102,Jake,13,Wednesday,8,August,2,False,True
2024-03-12,16:45:00,Ribeye Steak,Entree,2.0,35,70.0,Mobile Payment,Dine-In,101,Sarah,16,Tuesday,3,March,1,False,True
2024-04-07,15:00:00,New York Strip,Entree,5.0,38,190.0,Credit Card,Delivery,103,Emily,15,Sunday,4,April,6,True,True
2024-01-17,13:15:00,Old Fashioned,Beverage,4.0,12,48.0,Cash,Takeaway,104,Carlos,13,Wednesday,1,January,2,False,False
2024-10-08,18:15:00,Mashed Potatoes,Side,9.0,7,63.0,Mobile Payment,Delivery,104,Carlos,18,Tuesday,10,October,1,False,True
2024-03-08,12:00:00,Ribeye Steak,Entree,3.0,35,105.0,Cash,Takeaway,105,Nina,12,Friday,3,March,4,False,True
2024-01-07,21:15:00,Ribeye Steak,Entree,5.0,35,175.0,Credit Card,Delivery,101,Sarah,21,Sunday,1,January,6,True,True
2024-08-10,18:30:00,Shrimp Cocktail,Appetizer,9.0,14,126.0,Cash,Takeaway,102,Jake,18,Saturday,8,August,5,True,True
2024-11-12,13:15:00,Caesar Salad,Appetizer,2.0,10,20.0,Cash,Takeaway,102,Jake,13,Tuesday,11,November,1,False,False
2024-12-07,17:15:00,Old Fashioned,Beverage,2.0,12,24.0,Mobile Payment,Delivery,105,Nina,17,Saturday,12,December,5,True,False
2024-11-08,13:15:00,Chocolate Lava Cake,Dessert,3.0,9,27.0,Cash,Dine-In,102,Jake,13,Friday,11,November,4,False,False
2024-07-24,11:30:00,Caesar Salad,Appetizer,2.0,10,20.0,Credit Card,Dine-In,105,Nina,11,Wednesday,7,July,2,False,False
2024-04-12,12:00:00,Grilled Asparagus,Side,6.0,8,48.0,Mobile Payment,Takeaway,102,Jake,12,Friday,4,April,4,False,False
2024-04-23,16:45:00,Old Fashioned,Beverage,1.0,12,12.0,Mobile Payment,Takeaway,101,Sarah,16,Tuesday,4,April,1,False,False
2024-06-04,12:30:00,Mashed Potatoes,Side,3.0,7,21.0,Credit Card,Delivery,104,Carlos,12,Tuesday,6,June,1,False,False
2024-05-06,16:00:00,New York Strip,Entree,1.0,38,38.0,Cash,Dine-In,103,Emily,16,Monday,5,May,0,False,False
2024-04-18,15:45:00,Shrimp Cocktail,Appetizer,5.0,14,70.0,Cash,Takeaway,102,Jake,15,Thursday,4,April,3,False,True
2024-05-09,18:30:00,Mashed Potatoes,Side,7.0,7,49.0,Cash,Dine-In,101,Sarah,18,Thursday,5,May,3,False,False
2024-12-15,19:15:00,Mashed Potatoes,Side,6.0,7,42.0,Mobile Payment,Takeaway,105,Nina,19,Sunday,12,December,6,True,False
2024-09-27,20:30:00,Caesar Salad,Appetizer,6.0,10,60.0,Cash,Delivery,104,Carlos,20,Friday,9,September,4,False,False
2024-02-14,12:15:00,Bourbon BBQ Burger,Entree,6.0,22,132.0,Cash,Dine-In,105,Nina,12,Wednesday,2,February,2,False,True
2024-12-01,14:15:00,Truffle Fries,Side,5.0,8,40.0,Cash,Dine-In,105,Nina,14,Sunday,12,December,6,True,False
2024-11-12,16:30:00,Truffle Fries,Side,5.0,8,40.0,Cash,Delivery,102,Jake,16,Tuesday,11,November,1,False,False
2024-01-23,13:15:00,Grilled Asparagus,Side,6.0,8,48.0,Mobile Payment,Takeaway,105,Nina,13,Tuesday,1,January,1,False,False
2024-06-26,16:45:00,Bourbon BBQ Burger,Entree,1.0,22,22.0,Credit Card,Dine-In,104,Carlos,16,Wednesday,6,June,2,False,False
2024-08-02,19:00:00,New York Strip,Entree,11.0,38,418.0,Credit Card,Delivery,102,Jake,19,Friday,8,August,4,False,True
2024-05-28,11:00:00,Truffle Fries,Side,2.0,8,16.0,Mobile Payment,Takeaway,104,Carlos,11,Tuesday,5,May,1,False,False
2024-12-16,19:00:00,New York Strip,Entree,7.0,38,266.0,Mobile Payment,Takeaway,105,Nina,19,Monday,12,December,0,False,True
2024-07-18,17:30:00,Caesar Salad,Appetizer,4.0,10,40.0,Cash,Dine-In,105,Nina,17,Thursday,7,July,3,False,False
2024-04-21,20:00:00,Cabernet Sauvignon,Beverage,6.0,16,96.0,Mobile Payment,Delivery,105,Nina,20,Sunday,4,April,6,True,True
2024-05-12,15:15:00,Shrimp Cocktail,Appetizer,4.5,14,63.0,Mobile Payment,Dine-In,102,Jake,15,Sunday,5,May,6,True,True
2024-04-24,11:15:00,Shrimp Cocktail,Appetizer,1.0,14,14.0,Mobile Payment,Dine-In,103,Emily,11,Wednesday,4,April,2,False,False
2024-03-09,15:00:00,Bourbon BBQ Burger,Entree,3.0,22,66.0,Cash,Delivery,101,Sarah,15,Saturday,3,March,5,True,True
2024-01-01,21:30:00,Bourbon BBQ Burger,Entree,12.0,22,264.0,Credit Card,Takeaway,101,Sarah,21,Monday,1,January,0,False,True
2024-12-27,19:30:00,Truffle Fries,Side,4.0,8,32.0,Credit Card,Delivery,103,Emily,19,Friday,12,December,4,False,False
2024-06-15,11:00:00,Mashed Potatoes,Side,4.0,7,28.0,Mobile Payment,Takeaway,102,Jake,11,Saturday,6,June,5,True,False
2024-05-11,11:00:00,Truffle Fries,Side,8.0,8,64.0,Mobile Payment,Takeaway,105,Nina,11,Saturday,5,May,5,True,True
2024-10-09,14:45:00,Caesar Salad,Appetizer,3.0,10,30.0,Credit Card,Dine-In,105,Nina,14,Wednesday,10,October,2,False,False
2024-11-18,17:15:00,Old Fashioned,Beverage,4.0,12,48.0,Mobile Payment,Delivery,104,Carlos,17,Monday,11,November,0,False,False
2024-07-07,13:45:00,Filet Mignon,Entree,5.0,42,210.0,Cash,Takeaway,102,Jake,13,Sunday,7,July,6,True,True
2024-03-31,14:45:00,Truffle Fries,Side,2.0,8,16.0,Mobile Payment,Takeaway,101,Sarah,14,Sunday,3,March,6,True,False
2024-06-07,13:15:00,Grilled Asparagus,Side,7.0,8,56.0,Cash,Dine-In,102,Jake,13,Friday,6,June,4,False,False
2024-02-06,17:15:00,Old Fashioned,Beverage,7.0,12,84.0,Cash,Delivery,105,Nina,17,Tuesday,2,February,1,False,True
2024-03-11,22:00:00,Chocolate Lava Cake,Dessert,2.0,9,18.0,Credit Card,Takeaway,101,Sarah,22,Monday,3,March,0,False,False
2024-02-26,11:00:00,New York Strip,Entree,2.0,38,76.0,Cash,Takeaway,102,Jake,11,Monday,2,February,0,False,True
2024-11-17,20:00:00,Ribeye Steak,Entree,2.0,35,70.0,Mobile Payment,Delivery,103,Emily,20,Sunday,11,November,6,True,True
2024-12-28,12:15:00,New York Strip,Entree,7.0,38,266.0,Mobile Payment,Takeaway,102,Jake,12,Saturday,12,December,5,True,True
2024-06-06,16:45:00,New York Strip,Entree,2.0,38,76.0,Cash,Delivery,103,Emily,16,Thursday,6,June,3,False,True
2024-11-17,19:00:00,Ribeye Steak,Entree,2.0,35,70.0,Cash,Delivery,103,Emily,19,Sunday,11,November,6,True,True
2024-02-22,19:45:00,New York Strip,Entree,2.0,38,76.0,Cash,Dine-In,102,Jake,19,Thursday,2,February,3,False,True
2024-08-06,17:15:00,Mashed Potatoes,Side,7.0,7,49.0,Cash,Delivery,104,Carlos,17,Tuesday,8,August,1,False,False
2024-12-17,22:00:00,Old Fashioned,Beverage,4.0,12,48.0,Cash,Dine-In,101,Sarah,22,Tuesday,12,December,1,False,False
2024-05-24,16:00:00,Chocolate Lava Cake,Dessert,5.0,9,45.0,Cash,Takeaway,101,Sarah,16,Friday,5,May,4,False,False
2024-01-23,20:15:00,New York Strip,Entree,7.0,38,266.0,Mobile Payment,Takeaway,105,Nina,20,Tuesday,1,January,1,False,True
2024-04-02,21:45:00,New York Strip,Entree,6.0,38,228.0,Mobile Payment,Takeaway,103,Emily,21,Tuesday,4,April,1,False,True
2024-02-23,15:45:00,Bourbon BBQ Burger,Entree,5.0,22,110.0,Credit Card,Delivery,101,Sarah,15,Friday,2,February,4,False,True
2024-01-02,13:15:00,Mashed Potatoes,Side,2.0,7,14.0,Credit Card,Takeaway,104,Carlos,13,Tuesday,1,January,1,False,False
2024-02-04,12:45:00,Truffle Fries,Side,4.0,8,32.0,Cash,Dine-In,103,Emily,12,Sunday,2,February,6,True,False
2024-03-06,13:45:00,Mashed Potatoes,Side,3.0,7,21.0,Credit Card,Takeaway,104,Carlos,13,Wednesday,3,March,2,False,False
2024-12-21,17:30:00,New York Strip,Entree,5.0,38,190.0,Credit Card,Takeaway,105,Nina,17,Saturday,12,December,5,True,True
2024-09-11,19:45:00,Cabernet Sauvignon,Beverage,10.0,16,160.0,Cash,Takeaway,101,Sarah,19,Wednesday,9,September,2,False,True
2024-10-24,22:45:00,Cabernet Sauvignon,Beverage,8.0,16,128.0,Mobile Payment,Delivery,102,Jake,22,Thursday,10,October,3,False,True
2024-12-25,12:15:00,Mashed Potatoes,Side,1.0,7,7.0,Cash,Dine-In,103,Emily,12,Wednesday,12,December,2,False,False
2024-10-12,18:15:00,Filet Mignon,Entree,2.0,42,84.0,Credit Card,Takeaway,102,Jake,18,Saturday,10,October,5,True,True
2024-05-30,18:15:00,Cabernet Sauvignon,Beverage,7.0,16,112.0,Cash,Dine-In,102,Jake,18,Thursday,5,May,3,False,True
2024-01-29,22:15:00,Filet Mignon,Entree,4.0,42,168.0,Credit Card,Delivery,101,Sarah,22,Monday,1,January,0,False,True
2024-12-22,17:30:00,Ribeye Steak,Entree,2.0,35,70.0,Mobile Payment,Delivery,101,Sarah,17,Sunday,12,December,6,True,True
2024-09-01,20:15:00,Ribeye Steak,Entree,4.0,35,140.0,Credit Card,Dine-In,101,Sarah,20,Sunday,9,September,6,True,True
2024-05-05,12:00:00,Chocolate Lava Cake,Dessert,4.0,9,36.0,Cash,Dine-In,104,Carlos,12,Sunday,5,May,6,True,False
2024-03-12,22:30:00,Old Fashioned,Beverage,8.0,12,96.0,Mobile Payment,Takeaway,104,Carlos,22,Tuesday,3,March,1,False,True
2024-11-26,22:00:00,Shrimp Cocktail,Appetizer,2.0,14,28.0,Cash,Dine-In,101,Sarah,22,Tuesday,11,November,1,False,False
2024-11-05,13:15:00,Ribeye Steak,Entree,4.0,35,140.0,Credit Card,Delivery,104,Carlos,13,Tuesday,11,November,1,False,True
2024-10-10,22:30:00,Chocolate Lava Cake,Dessert,11.0,9,99.0,Credit Card,Delivery,102,Jake,22,Thursday,10,October,3,False,True
2024-08-04,13:30:00,Filet Mignon,Entree,6.0,42,252.0,Credit Card,Dine-In,102,Jake,13,Sunday,8,August,6,True,True
2024-07-24,20:00:00,Caesar Salad,Appetizer,7.0,10,70.0,Cash,Delivery,105,Nina,20,Wednesday,7,July,2,False,True
2024-11-05,12:45:00,Old Fashioned,Beverage,3.0,12,36.0,Mobile Payment,Delivery,104,Carlos,12,Tuesday,11,November,1,False,False
2024-07-13,13:00:00,Mashed Potatoes,Side,8.0,7,56.0,Cash,Takeaway,101,Sarah,13,Saturday,7,July,5,True,False
2024-02-23,12:30:00,Chocolate Lava Cake,Dessert,5.0,9,45.0,Cash,Dine-In,103,Emily,12,Friday,2,February,4,False,False
2024-03-24,19:00:00,Filet Mignon,Entree,5.0,42,210.0,Mobile Payment,Dine-In,103,Emily,19,Sunday,3,March,6,True,True
2024-04-06,19:15:00,Bourbon BBQ Burger,Entree,2.0,22,44.0,Cash,Takeaway,101,Sarah,19,Saturday,4,April,5,True,False
2024-10-18,20:00:00,Chocolate Lava Cake,Dessert,7.0,9,63.0,Cash,Dine-In,103,Emily,20,Friday,10,October,4,False,True
2024-02-17,15:00:00,Mashed Potatoes,Side,6.0,7,42.0,Credit Card,Delivery,102,Jake,15,Saturday,2,February,5,True,False
2024-06-10,17:30:00,New York Strip,Entree,2.0,38,76.0,Credit Card,Takeaway,105,Nina,17,Monday,6,June,0,False,True
2024-02-21,19:15:00,Ribeye Steak,Entree,9.0,35,315.0,Credit Card,Takeaway,105,Nina,19,Wednesday,2,February,2,False,True
2024-01-20,15:15:00,New York Strip,Entree,6.0,38,228.0,Cash,Delivery,101,Sarah,15,Saturday,1,January,5,True,True
2024-04-28,14:15:00,Truffle Fries,Side,2.0,8,16.0,Mobile Payment,Delivery,105,Nina,14,Sunday,4,April,6,True,False
2024-11-29,19:30:00,Old Fashioned,Beverage,3.0,12,36.0,Credit Card,Takeaway,103,Emily,19,Friday,11,November,4,False,False
2024-11-15,17:00:00,Truffle Fries,Side,7.0,8,56.0,Cash,Dine-In,105,Nina,17,Friday,11,November,4,False,False
2024-11-06,12:15:00,Chocolate Lava Cake,Dessert,4.0,9,36.0,Cash,Dine-In,102,Jake,12,Wednesday,11,November,2,False,False
2024-06-07,19:00:00,Old Fashioned,Beverage,2.0,12,24.0,Credit Card,Takeaway,102,Jake,19,Friday,6,June,4,False,False
2024-05-31,13:00:00,Shrimp Cocktail,Appetizer,7.0,14,98.0,Credit Card,Takeaway,101,Sarah,13,Friday,5,May,4,False,True
2024-02-06,13:45:00,Shrimp Cocktail,Appetizer,4.0,14,56.0,Credit Card,Takeaway,102,Jake,13,Tuesday,2,February,1,False,False
2024-03-04,20:45:00,Ribeye Steak,Entree,6.0,35,210.0,Credit Card,Takeaway,104,Carlos,20,Monday,3,March,0,False,True
2024-11-13,21:15:00,Old Fashioned,Beverage,7.0,12,84.0,Mobile Payment,Delivery,103,Emily,21,Wednesday,11,November,2,False,True
2024-07-10,12:45:00,Cabernet Sauvignon,Beverage,4.0,16,64.0,Credit Card,Delivery,101,Sarah,12,Wednesday,7,July,2,False,True
2024-11-13,21:00:00,Truffle Fries,Side,4.0,8,32.0,Mobile Payment,Delivery,101,Sarah,21,Wednesday,11,November,2,False,False
2024-03-20,12:30:00,Grilled Asparagus,Side,2.0,8,16.0,Mobile Payment,Takeaway,101,Sarah,12,Wednesday,3,March,2,False,False
2024-04-24,17:45:00,Bourbon BBQ Burger,Entree,2.0,22,44.0,Credit Card,Takeaway,104,Carlos,17,Wednesday,4,April,2,False,False
2024-11-24,19:45:00,Filet Mignon,Entree,2.0,42,84.0,Cash,Delivery,101,Sarah,19,Sunday,11,November,6,True,True
2024-07-22,17:15:00,Grilled Asparagus,Side,7.0,8,56.0,Cash,Takeaway,103,Emily,17,Monday,7,July,0,False,False
2024-11-05,18:15:00,Truffle Fries,Side,7.0,8,56.0,Cash,Takeaway,104,Carlos,18,Tuesday,11,November,1,False,False
2024-01-20,19:15:00,Old Fashioned,Beverage,4.0,12,48.0,Mobile Payment,Dine-In,103,Emily,19,Saturday,1,January,5,True,False
2024-10-17,11:45:00,Ribeye Steak,Entree,3.0,35,105.0,Credit Card,Takeaway,102,Jake,11,Thursday,10,October,3,False,True
2024-01-28,14:00:00,Bourbon BBQ Burger,Entree,4.0,22,88.0,Credit Card,Takeaway,102,Jake,14,Sunday,1,January,6,True,True
2024-02-12,13:00:00,Shrimp Cocktail,Appetizer,3.0,14,42.0,Cash,Takeaway,104,Carlos,13,Monday,2,February,0,False,False
2024-08-02,19:15:00,Bourbon BBQ Burger,Entree,5.0,22,110.0,Cash,Dine-In,101,Sarah,19,Friday,8,August,4,False,True
2024-08-07,16:30:00,New York Strip,Entree,2.0,38,76.0,Credit Card,Takeaway,104,Carlos,16,Wednesday,8,August,2,False,True
2024-08-31,19:15:00,Truffle Fries,Side,8.0,8,64.0,Credit Card,Delivery,105,Nina,19,Saturday,8,August,5,True,True
2024-07-18,11:15:00,Filet Mignon,Entree,6.0,42,252.0,Mobile Payment,Dine-In,103,Emily,11,Thursday,7,July,3,False,True
2024-12-06,22:30:00,Ribeye Steak,Entree,4.0,35,140.0,Credit Card,Dine-In,104,Carlos,22,Friday,12,December,4,False,True
2024-06-11,12:45:00,Shrimp Cocktail,Appetizer,6.0,14,84.0,Mobile Payment,Dine-In,104,Carlos,12,Tuesday,6,June,1,False,True
2024-03-05,21:45:00,Bourbon BBQ Burger,Entree,10.0,22,220.0,Cash,Dine-In,102,Jake,21,Tuesday,3,March,1,False,True
2024-04-06,17:15:00,Chocolate Lava Cake,Dessert,6.0,9,54.0,Cash,Takeaway,102,Jake,17,Saturday,4,April,5,True,False
2024-04-07,21:00:00,Mashed Potatoes,Side,5.0,7,35.0,Cash,Takeaway,103,Emily,21,Sunday,4,April,6,True,False
2024-09-14,12:45:00,Bourbon BBQ Burger,Entree,8.0,22,176.0,Credit Card,Takeaway,103,Emily,12,Saturday,9,September,5,True,True
2024-06-29,19:45:00,Cabernet Sauvignon,Beverage,5.0,16,80.0,Cash,Dine-In,104,Carlos,19,Saturday,6,June,5,True,True
2024-08-07,16:15:00,Cabernet Sauvignon,Beverage,6.0,16,96.0,Cash,Delivery,104,Carlos,16,Wednesday,8,August,2,False,True
2024-07-14,15:45:00,Bourbon BBQ Burger,Entree,3.0,22,66.0,Mobile Payment,Delivery,101,Sarah,15,Sunday,7,July,6,True,True
2024-02-14,12:00:00,Bourbon BBQ Burger,Entree,1.2,22,26.4,Mobile Payment,Takeaway,101,Sarah,12,Wednesday,2,February,2,False,False
2024-09-11,22:00:00,Bourbon BBQ Burger,Entree,7.0,22,154.0,Mobile Payment,Delivery,101,Sarah,22,Wednesday,9,September,2,False,True
2024-12-07,15:45:00,Caesar Salad,Appetizer,4.0,10,40.0,Credit Card,Delivery,104,Carlos,15,Saturday,12,December,5,True,False
2024-02-28,14:45:00,Filet Mignon,Entree,3.0,42,126.0,Credit Card,Takeaway,104,Carlos,14,Wednesday,2,February,2,False,True
2024-01-04,16:15:00,Cabernet Sauvignon,Beverage,3.0,16,48.0,Credit Card,Delivery,103,Emily,16,Thursday,1,January,3,False,False
2024-06-06,17:15:00,Ribeye Steak,Entree,8.0,35,280.0,Cash,Dine-In,101,Sarah,17,Thursday,6,June,3,False,True
2024-03-19,16:30:00,Mashed Potatoes,Side,2.0,7,14.0,Mobile Payment,Takeaway,102,Jake,16,Tuesday,3,March,1,False,False
2024-10-11,17:15:00,Chocolate Lava Cake,Dessert,9.0,9,81.0,Cash,Delivery,104,Carlos,17,Friday,10,October,4,False,True
2024-03-06,21:45:00,Truffle Fries,Side,4.0,8,32.0,Credit Card,Takeaway,105,Nina,21,Wednesday,3,March,2,False,False
2024-03-22,17:15:00,Filet Mignon,Entree,5.0,42,210.0,Mobile Payment,Dine-In,105,Nina,17,Friday,3,March,4,False,True
2024-07-19,21:30:00,Cabernet Sauvignon,Beverage,4.0,16,64.0,Credit Card,Dine-In,101,Sarah,21,Friday,7,July,4,False,True
2024-02-17,11:45:00,Ribeye Steak,Entree,10.0,35,350.0,Cash,Dine-In,105,Nina,11,Saturday,2,February,5,True,True
2024-12-28,19:00:00,Chocolate Lava Cake,Dessert,7.0,9,63.0,Cash,Delivery,102,Jake,19,Saturday,12,December,5,True,True
2024-08-20,21:30:00,New York Strip,Entree,4.0,38,152.0,Mobile Payment,Dine-In,103,Emily,21,Tuesday,8,August,1,False,True
2024-04-09,19:15:00,Truffle Fries,Side,7.0,8,56.0,Credit Card,Delivery,101,Sarah,19,Tuesday,4,April,1,False,False
2024-05-20,12:15:00,Bourbon BBQ Burger,Entree,1.0,22,22.0,Mobile Payment,Delivery,101,Sarah,12,Monday,5,May,0,False,False
2024-02-26,18:00:00,Filet Mignon,Entree,3.0,42,126.0,Credit Card,Takeaway,102,Jake,18,Monday,2,February,0,False,True
2024-02-17,12:45:00,Mashed Potatoes,Side,3.0,7,21.0,Credit Card,Dine-In,104,Carlos,12,Saturday,2,February,5,True,False
2024-01-12,17:00:00,Old Fashioned,Beverage,2.0,12,24.0,Cash,Delivery,104,Carlos,17,Friday,1,January,4,False,False
2024-07-11,16:45:00,New York Strip,Entree,2.0,38,76.0,Credit Card,Dine-In,102,Jake,16,Thursday,7,July,3,False,True
2024-12-03,20:00:00,Filet Mignon,Entree,5.0,42,210.0,Credit Card,Takeaway,105,Nina,20,Tuesday,12,December,1,False,True
2024-11-03,19:00:00,New York Strip,Entree,9.0,38,342.0,Mobile Payment,Takeaway,101,Sarah,19,Sunday,11,November,6,True,True
2024-04-08,20:00:00,Cabernet Sauvignon,Beverage,2.0,16,32.0,Mobile Payment,Delivery,102,Jake,20,Monday,4,April,0,False,False
2024-04-20,16:00:00,Caesar Salad,Appetizer,2.0,10,20.0,Credit Card,Dine-In,102,Jake,16,Saturday,4,April,5,True,False
2024-02-12,22:15:00,Shrimp Cocktail,Appetizer,6.0,14,84.0,Credit Card,Dine-In,101,Sarah,22,Monday,2,February,0,False,True
2024-06-27,22:30:00,Old Fashioned,Beverage,8.0,12,96.0,Credit Card,Delivery,104,Carlos,22,Thursday,6,June,3,False,True
2024-04-08,15:15:00,Caesar Salad,Appetizer,3.0,10,30.0,Credit Card,Dine-In,105,Nina,15,Monday,4,April,0,False,False
2024-10-27,15:15:00,Caesar Salad,Appetizer,4.0,10,40.0,Credit Card,Takeaway,104,Carlos,15,Sunday,10,October,6,True,False
2024-11-01,22:30:00,Mashed Potatoes,Side,10.0,7,70.0,Cash,Delivery,104,Carlos,22,Friday,11,November,4,False,True
2024-08-07,14:30:00,Mashed Potatoes,Side,1.0,7,7.0,Credit Card,Dine-In,101,Sarah,14,Wednesday,8,August,2,False,False
2024-09-18,15:45:00,Shrimp Cocktail,Appetizer,5.0,14,70.0,Mobile Payment,Delivery,103,Emily,15,Wednesday,9,September,2,False,True
2024-07-22,11:00:00,New York Strip,Entree,3.0,38,114.0,Credit Card,Dine-In,103,Emily,11,Monday,7,July,0,False,True
2024-05-05,12:15:00,Bourbon BBQ Burger,Entree,2.0,22,44.0,Credit Card,Dine-In,103,Emily,12,Sunday,5,May,6,True,False
2024-03-03,11:30:00,Truffle Fries,Side,1.0,8,8.0,Mobile Payment,Takeaway,102,Jake,11,Sunday,3,March,6,True,False
2024-08-26,20:30:00,Caesar Salad,Appetizer,12.0,10,120.0,Cash,Takeaway,103,Emily,20,Monday,8,August,0,False,True
2024-11-04,14:15:00,Filet Mignon,Entree,6.0,42,252.0,Credit Card,Delivery,105,Nina,14,Monday,11,November,0,False,True
2024-12-09,12:45:00,Bourbon BBQ Burger,Entree,4.0,22,88.0,Credit Card,Takeaway,102,Jake,12,Monday,12,December,0,False,True
2024-04-10,11:45:00,Old Fashioned,Beverage,1.0,12,12.0,Credit Card,Takeaway,101,Sarah,11,Wednesday,4,April,2,False,False
2024-03-04,18:15:00,Chocolate Lava Cake,Dessert,5.0,9,45.0,Mobile Payment,Takeaway,102,Jake,18,Monday,3,March,0,False,False
2024-10-22,11:30:00,Ribeye Steak,Entree,4.0,35,140.0,Cash,Takeaway,103,Emily,11,Tuesday,10,October,1,False,True
2024-03-08,17:00:00,Cabernet Sauvignon,Beverage,9.0,16,144.0,Cash,Takeaway,101,Sarah,17,Friday,3,March,4,False,True
2024-02-05,18:00:00,Grilled Asparagus,Side,7.0,8,56.0,Credit Card,Takeaway,103,Emily,18,Monday,2,February,0,False,False
2024-07-23,12:30:00,Old Fashioned,Beverage,5.0,12,60.0,Cash,Takeaway,103,Emily,12,Tuesday,7,July,1,False,False
2024-12-22,18:45:00,Bourbon BBQ Burger,Entree,2.0,22,44.0,Credit Card,Delivery,101,Sarah,18,Sunday,12,December,6,True,False
2024-01-15,14:00:00,Ribeye Steak,Entree,2.0,35,70.0,Cash,Takeaway,104,Carlos,14,Monday,1,January,0,False,True
2024-04-25,13:00:00,Caesar Salad,Appetizer,3.0,10,30.0,Mobile Payment,Dine-In,101,Sarah,13,Thursday,4,April,3,False,False
2024-05-12,11:00:00,Ribeye Steak,Entree,4.5,35,157.5,Cash,Takeaway,103,Emily,11,Sunday,5,May,6,True,True
2024-12-18,20:45:00,Shrimp Cocktail,Appetizer,4.0,14,56.0,Cash,Delivery,104,Carlos,20,Wednesday,12,December,2,False,False
2024-03-02,13:30:00,New York Strip,Entree,9.0,38,342.0,Credit Card,Delivery,104,Carlos,13,Saturday,3,March,5,True,True
2024-12-08,12:15:00,Chocolate Lava Cake,Dessert,4.0,9,36.0,Mobile Payment,Takeaway,103,Emily,12,Sunday,12,December,6,True,False
2024-06-13,22:45:00,Caesar Salad,Appetizer,2.0,10,20.0,Credit Card,Takeaway,101,Sarah,22,Thursday,6,June,3,False,False
2024-06-29,19:15:00,Bourbon BBQ Burger,Entree,5.0,22,110.0,Mobile Payment,Dine-In,101,Sarah,19,Saturday,6,June,5,True,True
2024-09-10,11:15:00,Ribeye Steak,Entree,2.0,35,70.0,Credit Card,Takeaway,102,Jake,11,Tuesday,9,September,1,False,True
2024-09-06,12:30:00,Caesar Salad,Appetizer,9.0,10,90.0,Mobile Payment,Delivery,103,Emily,12,Friday,9,September,4,False,True
2024-06-08,22:45:00,Bourbon BBQ Burger,Entree,4.0,22,88.0,Mobile Payment,Dine-In,102,Jake,22,Saturday,6,June,5,True,True
2024-04-22,16:45:00,Old Fashioned,Beverage,4.0,12,48.0,Mobile Payment,Dine-In,104,Carlos,16,Monday,4,April,0,False,False
2024-04-06,12:30:00,Grilled Asparagus,Side,4.0,8,32.0,Mobile Payment,Takeaway,105,Nina,12,Saturday,4,April,5,True,False
2024-11-27,12:15:00,Old Fashioned,Beverage,1.0,12,12.0,Mobile Payment,Dine-In,102,Jake,12,Wednesday,11,November,2,False,False
2024-01-09,18:15:00,Shrimp Cocktail,Appetizer,2.0,14,28.0,Credit Card,Delivery,105,Nina,18,Tuesday,1,January,1,False,False
2024-08-19,16:30:00,Filet Mignon,Entree,5.0,42,210.0,Cash,Takeaway,104,Carlos,16,Monday,8,August,0,False,True
2024-04-18,13:45:00,Cabernet Sauvignon,Beverage,4.0,16,64.0,Mobile Payment,Takeaway,101,Sarah,13,Thursday,4,April,3,False,True
2024-08-13,15:30:00,Filet Mignon,Entree,1.0,42,42.0,Mobile Payment,Takeaway,104,Carlos,15,Tuesday,8,August,1,False,False
2024-04-09,15:15:00,Grilled Asparagus,Side,2.0,8,16.0,Mobile Payment,Takeaway,105,Nina,15,Tuesday,4,April,1,False,False
2024-11-07,18:45:00,Filet Mignon,Entree,2.0,42,84.0,Mobile Payment,Dine-In,101,Sarah,18,Thursday,11,November,3,False,True
2024-04-22,12:00:00,Ribeye Steak,Entree,6.0,35,210.0,Credit Card,Dine-In,101,Sarah,12,Monday,4,April,0,False,True
2024-09-29,12:30:00,Caesar Salad,Appetizer,5.0,10,50.0,Mobile Payment,Delivery,104,Carlos,12,Sunday,9,September,6,True,False
2024-07-19,17:00:00,Caesar Salad,Appetizer,7.0,10,70.0,Credit Card,Dine-In,102,Jake,17,Friday,7,July,4,False,True
2024-04-14,16:30:00,Truffle Fries,Side,6.0,8,48.0,Credit Card,Delivery,101,Sarah,16,Sunday,4,April,6,True,False
2024-02-18,13:45:00,Truffle Fries,Side,3.0,8,24.0,Mobile Payment,Dine-In,102,Jake,13,Sunday,2,February,6,True,False
2024-06-10,21:00:00,New York Strip,Entree,4.0,38,152.0,Credit Card,Takeaway,102,Jake,21,Monday,6,June,0,False,True
2024-01-07,21:45:00,Grilled Asparagus,Side,7.0,8,56.0,Cash,Dine-In,103,Emily,21,Sunday,1,January,6,True,False
2024-02-09,13:00:00,Chocolate Lava Cake,Dessert,4.0,9,36.0,Credit Card,Delivery,101,Sarah,13,Friday,2,February,4,False,False
2024-09-07,14:45:00,Filet Mignon,Entree,2.0,42,84.0,Cash,Delivery,103,Emily,14,Saturday,9,September,5,True,True
2024-04-26,19:15:00,New York Strip,Entree,2.0,38,76.0,Cash,Takeaway,103,Emily,19,Friday,4,April,4,False,True
2024-08-19,18:30:00,Cabernet Sauvignon,Beverage,6.0,16,96.0,Mobile Payment,Takeaway,103,Emily,18,Monday,8,August,0,False,True
2024-07-05,18:00:00,Mashed Potatoes,Side,5.0,7,35.0,Mobile Payment,Takeaway,105,Nina,18,Friday,7,July,4,False,False
2024-12-05,20:45:00,Filet Mignon,Entree,6.0,42,252.0,Mobile Payment,Delivery,101,Sarah,20,Thursday,12,December,3,False,True
2024-03-16,17:15:00,Bourbon BBQ Burger,Entree,4.0,22,88.0,Credit Card,Takeaway,101,Sarah,17,Saturday,3,March,5,True,True
2024-05-05,20:45:00,Mashed Potatoes,Side,4.0,7,28.0,Mobile Payment,Dine-In,102,Jake,20,Sunday,5,May,6,True,False
2024-07-12,21:00:00,Shrimp Cocktail,Appetizer,8.0,14,112.0,Credit Card,Delivery,102,Jake,21,Friday,7,July,4,False,True
2024-05-15,21:30:00,Mashed Potatoes,Side,7.0,7,49.0,Mobile Payment,Takeaway,103,Emily,21,Wednesday,5,May,2,False,False
2024-06-07,14:00:00,Chocolate Lava Cake,Dessert,9.0,9,81.0,Mobile Payment,Takeaway,105,Nina,14,Friday,6,June,4,False,True
2024-03-03,17:45:00,Chocolate Lava Cake,Dessert,6.0,9,54.0,Credit Card,Dine-In,101,Sarah,17,Sunday,3,March,6,True,False
2024-09-12,21:15:00,Old Fashioned,Beverage,4.0,12,48.0,Mobile Payment,Takeaway,105,Nina,21,Thursday,9,September,3,False,False
2024-10-12,21:15:00,Shrimp Cocktail,Appetizer,6.0,14,84.0,Credit Card,Dine-In,103,Emily,21,Saturday,10,October,5,True,True
2024-01-08,18:00:00,Caesar Salad,Appetizer,6.0,10,60.0,Mobile Payment,Dine-In,101,Sarah,18,Monday,1,January,0,False,False
2024-09-07,15:00:00,Grilled Asparagus,Side,6.0,8,48.0,Mobile Payment,Dine-In,101,Sarah,15,Saturday,9,September,5,True,False
2024-05-08,13:30:00,Shrimp Cocktail,Appetizer,6.0,14,84.0,Mobile Payment,Delivery,102,Jake,13,Wednesday,5,May,2,False,True
2024-02-14,22:30:00,New York Strip,Entree,3.6,38,136.8,Credit Card,Delivery,101,Sarah,22,Wednesday,2,February,2,False,True
2024-05-28,14:00:00,Old Fashioned,Beverage,3.0,12,36.0,Cash,Delivery,104,Carlos,14,Tuesday,5,May,1,False,False
2024-08-04,17:00:00,Shrimp Cocktail,Appetizer,7.0,14,98.0,Mobile Payment,Takeaway,102,Jake,17,Sunday,8,August,6,True,True
2024-10-15,17:30:00,Chocolate Lava Cake,Dessert,3.0,9,27.0,Mobile Payment,Dine-In,103,Emily,17,Tuesday,10,October,1,False,False
2024-03-10,17:15:00,Shrimp Cocktail,Appetizer,6.0,14,84.0,Cash,Takeaway,105,Nina,17,Sunday,3,March,6,True,True
2024-11-17,18:15:00,Grilled Asparagus,Side,9.0,8,72.0,Cash,Dine-In,105,Nina,18,Sunday,11,November,6,True,True
2024-08-14,22:30:00,Cabernet Sauvignon,Beverage,6.0,16,96.0,Credit Card,Takeaway,104,Carlos,22,Wednesday,8,August,2,False,True
2024-08-26,17:45:00,Old Fashioned,Beverage,2.0,12,24.0,Mobile Payment,Dine-In,104,Carlos,17,Monday,8,August,0,False,False
2024-02-15,13:30:00,Caesar Salad,Appetizer,5.0,10,50.0,Mobile Payment,Takeaway,102,Jake,13,Thursday,2,February,3,False,False
2024-11-13,19:30:00,Ribeye Steak,Entree,7.0,35,245.0,Cash,Takeaway,101,Sarah,19,Wednesday,11,November,2,False,True
2024-08-24,19:45:00,Ribeye Steak,Entree,2.0,35,70.0,Cash,Takeaway,101,Sarah,19,Saturday,8,August,5,True,True
2024-06-19,20:00:00,Shrimp Cocktail,Appetizer,11.0,14,154.0,Credit Card,Delivery,103,Emily,20,Wednesday,6,June,2,False,True
2024-02-01,12:00:00,Truffle Fries,Side,2.0,8,16.0,Mobile Payment,Dine-In,105,Nina,12,Thursday,2,February,3,False,False
2024-09-10,13:15:00,Bourbon BBQ Burger,Entree,2.0,22,44.0,Credit Card,Delivery,103,Emily,13,Tuesday,9,September,1,False,False
2024-01-04,18:15:00,Filet Mignon,Entree,2.0,42,84.0,Cash,Dine-In,105,Nina,18,Thursday,1,January,3,False,True
2024-03-02,19:00:00,Caesar Salad,Appetizer,4.0,10,40.0,Cash,Takeaway,101,Sarah,19,Saturday,3,March,5,True,False
2024-09-15,18:45:00,Ribeye Steak,Entree,2.0,35,70.0,Credit Card,Takeaway,104,Carlos,18,Sunday,9,September,6,True,True
2024-04-04,14:30:00,Chocolate Lava Cake,Dessert,3.0,9,27.0,Mobile Payment,Delivery,101,Sarah,14,Thursday,4,April,3,False,False
2024-08-09,13:00:00,New York Strip,Entree,3.0,38,114.0,Mobile Payment,Delivery,102,Jake,13,Friday,8,August,4,False,True
2024-03-28,19:15:00,Old Fashioned,Beverage,9.0,12,108.0,Credit Card,Takeaway,101,Sarah,19,Thursday,3,March,3,False,True
2024-10-28,18:30:00,Bourbon BBQ Burger,Entree,7.0,22,154.0,Credit Card,Takeaway,101,Sarah,18,Monday,10,October,0,False,True
2024-08-25,17:45:00,New York Strip,Entree,2.0,38,76.0,Credit Card,Takeaway,101,Sarah,17,Sunday,8,August,6,True,True
2024-10-15,17:00:00,Chocolate Lava Cake,Dessert,5.0,9,45.0,Cash,Delivery,105,Nina,17,Tuesday,10,October,1,False,False
2024-08-15,11:30:00,New York Strip,Entree,3.0,38,114.0,Mobile Payment,Takeaway,103,Emily,11,Thursday,8,August,3,False,True
2024-01-05,13:30:00,Cabernet Sauvignon,Beverage,7.0,16,112.0,Cash,Takeaway,105,Nina,13,Friday,1,January,4,False,True
2024-07-18,19:00:00,New York Strip,Entree,4.0,38,152.0,Credit Card,Delivery,105,Nina,19,Thursday,7,July,3,False,True
2024-06-22,18:15:00,Shrimp Cocktail,Appetizer,6.0,14,84.0,Credit Card,Dine-In,104,Carlos,18,Saturday,6,June,5,True,True
2024-07-11,18:15:00,Chocolate Lava Cake,Dessert,10.0,9,90.0,Mobile Payment,Delivery,103,Emily,18,Thursday,7,July,3,False,True
2024-03-07,22:30:00,Chocolate Lava Cake,Dessert,9.0,9,81.0,Credit Card,Delivery,105,Nina,22,Thursday,3,March,3,False,True
2024-07-25,12:00:00,Ribeye Steak,Entree,2.0,35,70.0,Cash,Dine-In,101,Sarah,12,Thursday,7,July,3,False,True
2024-09-12,21:45:00,Mashed Potatoes,Side,5.0,7,35.0,Mobile Payment,Dine-In,101,Sarah,21,Thursday,9,September,3,False,False
2024-03-30,22:45:00,Grilled Asparagus,Side,2.0,8,16.0,Cash,Delivery,103,Emily,22,Saturday,3,March,5,True,False
2024-02-28,11:00:00,Old Fashioned,Beverage,3.0,12,36.0,Mobile Payment,Delivery,101,Sarah,11,Wednesday,2,February,2,False,False
2024-03-30,16:00:00,Truffle Fries,Side,8.0,8,64.0,Credit Card,Dine-In,105,Nina,16,Saturday,3,March,5,True,True
2024-10-11,14:15:00,Shrimp Cocktail,Appetizer,6.0,14,84.0,Credit Card,Delivery,103,Emily,14,Friday,10,October,4,False,True
2024-04-25,14:15:00,Grilled Asparagus,Side,6.0,8,48.0,Cash,Dine-In,105,Nina,14,Thursday,4,April,3,False,False
2024-01-13,21:00:00,Caesar Salad,Appetizer,2.0,10,20.0,Cash,Dine-In,103,Emily,21,Saturday,1,January,5,True,False
2024-07-27,20:00:00,Mashed Potatoes,Side,3.0,7,21.0,Mobile Payment,Delivery,105,Nina,20,Saturday,7,July,5,True,False
2024-09-11,14:15:00,Chocolate Lava Cake,Dessert,5.0,9,45.0,Mobile Payment,Takeaway,103,Emily,14,Wednesday,9,September,2,False,False
2024-11-12,19:15:00,Filet Mignon,Entree,9.0,42,378.0,Credit Card,Delivery,104,Carlos,19,Tuesday,11,November,1,False,True
2024-02-06,20:00:00,New York Strip,Entree,9.0,38,342.0,Credit Card,Dine-In,101,Sarah,20,Tuesday,2,February,1,False,True
2024-09-12,14:00:00,Chocolate Lava Cake,Dessert,5.0,9,45.0,Credit Card,Dine-In,102,Jake,14,Thursday,9,September,3,False,False
2024-05-28,15:45:00,Truffle Fries,Side,3.0,8,24.0,Cash,Dine-In,103,Emily,15,Tuesday,5,May,1,False,False
2024-02-08,19:15:00,Cabernet Sauvignon,Beverage,12.0,16,192.0,Mobile Payment,Takeaway,104,Carlos,19,Thursday,2,February,3,False,True
2024-11-12,11:00:00,Chocolate Lava Cake,Dessert,4.0,9,36.0,Credit Card,Delivery,101,Sarah,11,Tuesday,11,November,1,False,False
2024-01-17,16:45:00,Shrimp Cocktail,Appetizer,2.0,14,28.0,Credit Card,Dine-In,102,Jake,16,Wednesday,1,January,2,False,False
2024-04-14,19:30:00,Bourbon BBQ Burger,Entree,2.0,22,44.0,Cash,Takeaway,101,Sarah,19,Sunday,4,April,6,True,False
2024-10-15,20:00:00,Mashed Potatoes,Side,2.0,7,14.0,Credit Card,Delivery,105,Nina,20,Tuesday,10,October,1,False,False
2024-02-11,19:45:00,New York Strip,Entree,7.0,38,266.0,Mobile Payment,Dine-In,101,Sarah,19,Sunday,2,February,6,True,True
2024-01-19,18:15:00,Bourbon BBQ Burger,Entree,6.0,22,132.0,Credit Card,Takeaway,103,Emily,18,Friday,1,January,4,False,True
2024-04-26,11:00:00,Ribeye Steak,Entree,2.0,35,70.0,Mobile Payment,Delivery,104,Carlos,11,Friday,4,April,4,False,True
2024-12-15,21:00:00,Cabernet Sauvignon,Beverage,7.0,16,112.0,Cash,Takeaway,104,Carlos,21,Sunday,12,December,6,True,True
2024-12-22,13:45:00,Truffle Fries,Side,5.0,8,40.0,Mobile Payment,Dine-In,101,Sarah,13,Sunday,12,December,6,True,False
2024-08-12,12:30:00,Mashed Potatoes,Side,2.0,7,14.0,Credit Card,Takeaway,101,Sarah,12,Monday,8,August,0,False,False
2024-05-01,14:00:00,Chocolate Lava Cake,Dessert,1.0,9,9.0,Cash,Takeaway,105,Nina,14,Wednesday,5,May,2,False,False
2024-10-17,11:00:00,Truffle Fries,Side,2.0,8,16.0,Cash,Dine-In,101,Sarah,11,Thursday,10,October,3,False,False
2024-03-05,18:15:00,Shrimp Cocktail,Appetizer,2.0,14,28.0,Credit Card,Takeaway,105,Nina,18,Tuesday,3,March,1,False,False
2024-12-01,14:30:00,New York Strip,Entree,4.0,38,152.0,Credit Card,Takeaway,101,Sarah,14,Sunday,12,December,6,True,True
2024-12-02,12:00:00,Shrimp Cocktail,Appetizer,5.0,14,70.0,Cash,Takeaway,103,Emily,12,Monday,12,December,0,False,True
2024-04-22,18:30:00,Mashed Potatoes,Side,12.0,7,84.0,Credit Card,Delivery,102,Jake,18,Monday,4,April,0,False,True
2024-09-26,15:30:00,Truffle Fries,Side,5.0,8,40.0,Mobile Payment,Dine-In,101,Sarah,15,Thursday,9,September,3,False,False
2024-06-26,17:45:00,Shrimp Cocktail,Appetizer,2.0,14,28.0,Cash,Dine-In,105,Nina,17,Wednesday,6,June,2,False,False
2024-04-28,15:15:00,Filet Mignon,Entree,3.0,42,126.0,Mobile Payment,Dine-In,101,Sarah,15,Sunday,4,April,6,True,True
2024-04-30,22:45:00,Bourbon BBQ Burger,Entree,9.0,22,198.0,Cash,Dine-In,104,Carlos,22,Tuesday,4,April,1,False,True
2024-01-18,15:30:00,Chocolate Lava Cake,Dessert,4.0,9,36.0,Credit Card,Dine-In,101,Sarah,15,Thursday,1,January,3,False,False
2024-05-22,20:45:00,Old Fashioned,Beverage,2.0,12,24.0,Credit Card,Takeaway,104,Carlos,20,Wednesday,5,May,2,False,False
2024-01-23,14:15:00,Grilled Asparagus,Side,2.0,8,16.0,Mobile Payment,Takeaway,105,Nina,14,Tuesday,1,January,1,False,False
2024-01-27,21:30:00,Ribeye Steak,Entree,11.0,35,385.0,Credit Card,Dine-In,105,Nina,21,Saturday,1,January,5,True,True
2024-06-21,15:15:00,Ribeye Steak,Entree,5.0,35,175.0,Mobile Payment,Delivery,104,Carlos,15,Friday,6,June,4,False,True
2024-08-06,22:00:00,Filet Mignon,Entree,11.0,42,462.0,Credit Card,Delivery,103,Emily,22,Tuesday,8,August,1,False,True
2024-09-30,18:45:00,Chocolate Lava Cake,Dessert,12.0,9,108.0,Mobile Payment,Takeaway,102,Jake,18,Monday,9,September,0,False,True
2024-07-14,18:15:00,New York Strip,Entree,2.0,38,76.0,Credit Card,Delivery,103,Emily,18,Sunday,7,July,6,True,True
2024-02-13,14:30:00,Mashed Potatoes,Side,6.0,7,42.0,Credit Card,Dine-In,105,Nina,14,Tuesday,2,February,1,False,False
2024-05-20,16:30:00,Bourbon BBQ Burger,Entree,3.0,22,66.0,Mobile Payment,Delivery,101,Sarah,16,Monday,5,May,0,False,True
2024-03-04,15:30:00,Shrimp Cocktail,Appetizer,2.0,14,28.0,Credit Card,Takeaway,101,Sarah,15,Monday,3,March,0,False,False
2024-08-13,11:45:00,Ribeye Steak,Entree,2.0,35,70.0,Credit Card,Delivery,105,Nina,11,Tuesday,8,August,1,False,True
2024-04-21,17:00:00,Chocolate Lava Cake,Dessert,2.0,9,18.0,Credit Card,Delivery,105,Nina,17,Sunday,4,April,6,True,False
2024-06-09,12:45:00,New York Strip,Entree,3.0,38,114.0,Credit Card,Takeaway,104,Carlos,12,Sunday,6,June,6,True,True
2024-03-06,14:15:00,New York Strip,Entree,5.0,38,190.0,Mobile Payment,Dine-In,102,Jake,14,Wednesday,3,March,2,False,True
2024-02-28,21:00:00,New York Strip,Entree,9.0,38,342.0,Credit Card,Delivery,103,Emily,21,Wednesday,2,February,2,False,True
2024-01-22,19:15:00,Ribeye Steak,Entree,6.0,35,210.0,Credit Card,Dine-In,103,Emily,19,Monday,1,January,0,False,True
2024-10-03,22:00:00,Chocolate Lava Cake,Dessert,5.0,9,45.0,Credit Card,Dine-In,101,Sarah,22,Thursday,10,October,3,False,False
2024-09-16,18:00:00,Cabernet Sauvignon,Beverage,2.0,16,32.0,Cash,Dine-In,103,Emily,18,Monday,9,September,0,False,False
2024-10-19,16:45:00,Filet Mignon,Entree,7.0,42,294.0,Credit Card,Dine-In,101,Sarah,16,Saturday,10,October,5,True,True
2024-06-16,20:30:00,Mashed Potatoes,Side,9.0,7,63.0,Mobile Payment,Takeaway,104,Carlos,20,Sunday,6,June,6,True,True
2024-05-30,20:00:00,New York Strip,Entree,6.0,38,228.0,Cash,Takeaway,102,Jake,20,Thursday,5,May,3,False,True
2024-10-29,11:00:00,Chocolate Lava Cake,Dessert,2.0,9,18.0,Credit Card,Delivery,105,Nina,11,Tuesday,10,October,1,False,False
2024-10-24,22:30:00,Caesar Salad,Appetizer,9.0,10,90.0,Mobile Payment,Dine-In,102,Jake,22,Thursday,10,October,3,False,True
2024-07-14,21:00:00,Filet Mignon,Entree,5.0,42,210.0,Mobile Payment,Delivery,105,Nina,21,Sunday,7,July,6,True,True
2024-11-18,19:45:00,Cabernet Sauvignon,Beverage,2.0,16,32.0,Mobile Payment,Dine-In,105,Nina,19,Monday,11,November,0,False,False
2024-08-29,21:45:00,Mashed Potatoes,Side,7.0,7,49.0,Cash,Delivery,103,Emily,21,Thursday,8,August,3,False,False
2024-05-04,16:15:00,Mashed Potatoes,Side,4.0,7,28.0,Credit Card,Takeaway,101,Sarah,16,Saturday,5,May,5,True,False
2024-12-20,14:45:00,Truffle Fries,Side,5.0,8,40.0,Credit Card,Dine-In,103,Emily,14,Friday,12,December,4,False,False
2024-10-13,19:00:00,Mashed Potatoes,Side,7.0,7,49.0,Mobile Payment,Dine-In,104,Carlos,19,Sunday,10,October,6,True,False
2024-08-02,14:15:00,Cabernet Sauvignon,Beverage,3.0,16,48.0,Credit Card,Delivery,105,Nina,14,Friday,8,August,4,False,False
2024-12-06,13:30:00,Shrimp Cocktail,Appetizer,4.0,14,56.0,Credit Card,Dine-In,101,Sarah,13,Friday,12,December,4,False,False
2024-07-28,17:15:00,Chocolate Lava Cake,Dessert,9.0,9,81.0,Mobile Payment,Dine-In,102,Jake,17,Sunday,7,July,6,True,True
2024-08-20,11:15:00,Filet Mignon,Entree,4.0,42,168.0,Credit Card,Delivery,104,Carlos,11,Tuesday,8,August,1,False,True
2024-02-21,13:00:00,Grilled Asparagus,Side,1.0,8,8.0,Mobile Payment,Dine-In,101,Sarah,13,Wednesday,2,February,2,False,False
2024-03-08,19:45:00,Grilled Asparagus,Side,6.0,8,48.0,Cash,Takeaway,105,Nina,19,Friday,3,March,4,False,False
2024-05-03,22:30:00,Filet Mignon,Entree,6.0,42,252.0,Credit Card,Delivery,105,Nina,22,Friday,5,May,4,False,True
2024-11-11,12:00:00,Filet Mignon,Entree,3.0,42,126.0,Credit Card,Takeaway,104,Carlos,12,Monday,11,November,0,False,True
2024-08-11,15:45:00,Truffle Fries,Side,2.0,8,16.0,Mobile Payment,Dine-In,105,Nina,15,Sunday,8,August,6,True,False
2024-09-17,12:15:00,Ribeye Steak,Entree,5.0,35,175.0,Mobile Payment,Takeaway,104,Carlos,12,Tuesday,9,September,1,False,True
2024-07-13,16:45:00,New York Strip,Entree,10.0,38,380.0,Mobile Payment,Delivery,103,Emily,16,Saturday,7,July,5,True,True
2024-02-19,14:30:00,Old Fashioned,Beverage,3.0,12,36.0,Cash,Delivery,105,Nina,14,Monday,2,February,0,False,False
2024-09-25,20:45:00,Shrimp Cocktail,Appetizer,6.0,14,84.0,Credit Card,Takeaway,102,Jake,20,Wednesday,9,September,2,False,True
2024-03-14,11:15:00,Grilled Asparagus,Side,6.0,8,48.0,Credit Card,Delivery,105,Nina,11,Thursday,3,March,3,False,False
2024-06-09,12:30:00,Shrimp Cocktail,Appetizer,2.0,14,28.0,Cash,Takeaway,103,Emily,12,Sunday,6,June,6,True,False
2024-09-06,18:15:00,New York Strip,Entree,7.0,38,266.0,Credit Card,Delivery,101,Sarah,18,Friday,9,September,4,False,True
2024-04-28,21:30:00,New York Strip,Entree,2.0,38,76.0,Cash,Delivery,105,Nina,21,Sunday,4,April,6,True,True
2024-03-27,11:00:00,Cabernet Sauvignon,Beverage,6.0,16,96.0,Cash,Dine-In,104,Carlos,11,Wednesday,3,March,2,False,True
2024-01-14,16:15:00,Shrimp Cocktail,Appetizer,5.0,14,70.0,Credit Card,Delivery,104,Carlos,16,Sunday,1,January,6,True,True
2024-09-23,13:45:00,Shrimp Cocktail,Appetizer,1.0,14,14.0,Mobile Payment,Delivery,101,Sarah,13,Monday,9,September,0,False,False
2024-08-15,17:45:00,Shrimp Cocktail,Appetizer,2.0,14,28.0,Cash,Takeaway,101,Sarah,17,Thursday,8,August,3,False,False
2024-06-30,12:15:00,Truffle Fries,Side,1.0,8,8.0,Credit Card,Dine-In,105,Nina,12,Sunday,6,June,6,True,False
2024-06-20,15:45:00,Bourbon BBQ Burger,Entree,5.0,22,110.0,Mobile Payment,Dine-In,103,Emily,15,Thursday,6,June,3,False,True
2024-01-20,17:00:00,Truffle Fries,Side,11.0,8,88.0,Credit Card,Dine-In,105,Nina,17,Saturday,1,January,5,True,True
2024-12-04,21:00:00,Bourbon BBQ Burger,Entree,2.0,22,44.0,Cash,Dine-In,105,Nina,21,Wednesday,12,December,2,False,False
2024-07-11,14:15:00,Shrimp Cocktail,Appetizer,4.0,14,56.0,Cash,Takeaway,102,Jake,14,Thursday,7,July,3,False,False
2024-09-11,15:15:00,Caesar Salad,Appetizer,1.0,10,10.0,Mobile Payment,Delivery,102,Jake,15,Wednesday,9,September,2,False,False
2024-01-02,17:00:00,Old Fashioned,Beverage,10.0,12,120.0,Mobile Payment,Dine-In,102,Jake,17,Tuesday,1,January,1,False,True
2024-01-20,17:30:00,Chocolate Lava Cake,Dessert,9.0,9,81.0,Mobile Payment,Delivery,102,Jake,17,Saturday,1,January,5,True,True
2024-11-22,16:45:00,Cabernet Sauvignon,Beverage,3.0,16,48.0,Credit Card,Dine-In,103,Emily,16,Friday,11,November,4,False,False
2024-12-08,18:45:00,Bourbon BBQ Burger,Entree,10.0,22,220.0,Mobile Payment,Takeaway,105,Nina,18,Sunday,12,December,6,True,True
2024-09-03,15:00:00,Caesar Salad,Appetizer,1.0,10,10.0,Credit Card,Takeaway,104,Carlos,15,Tuesday,9,September,1,False,False
2024-06-15,14:45:00,Filet Mignon,Entree,4.0,42,168.0,Credit Card,Takeaway,101,Sarah,14,Saturday,6,June,5,True,True
2024-06-26,22:45:00,Truffle Fries,Side,4.0,8,32.0,Credit Card,Takeaway,105,Nina,22,Wednesday,6,June,2,False,False
2024-07-29,21:15:00,Ribeye Steak,Entree,5.0,35,175.0,Credit Card,Delivery,102,Jake,21,Monday,7,July,0,False,True
2024-07-28,11:30:00,Shrimp Cocktail,Appetizer,3.0,14,42.0,Credit Card,Takeaway,104,Carlos,11,Sunday,7,July,6,True,False
2024-08-05,17:30:00,Ribeye Steak,Entree,6.0,35,210.0,Credit Card,Delivery,102,Jake,17,Monday,8,August,0,False,True
2024-06-22,21:00:00,Shrimp Cocktail,Appetizer,10.0,14,140.0,Credit Card,Dine-In,105,Nina,21,Saturday,6,June,5,True,True
2024-03-26,19:15:00,Bourbon BBQ Burger,Entree,2.0,22,44.0,Mobile Payment,Delivery,103,Emily,19,Tuesday,3,March,1,False,False
2024-03-07,20:00:00,Truffle Fries,Side,2.0,8,16.0,Credit Card,Dine-In,103,Emily,20,Thursday,3,March,3,False,False
2024-06-29,19:00:00,Bourbon BBQ Burger,Entree,2.0,22,44.0,Mobile Payment,Dine-In,103,Emily,19,Saturday,6,June,5,True,False
2024-10-01,14:15:00,Cabernet Sauvignon,Beverage,4.0,16,64.0,Mobile Payment,Dine-In,103,Emily,14,Tuesday,10,October,1,False,True
2024-03-23,16:30:00,Grilled Asparagus,Side,4.0,8,32.0,Mobile Payment,Delivery,102,Jake,16,Saturday,3,March,5,True,False
2024-01-07,11:00:00,Cabernet Sauvignon,Beverage,1.0,16,16.0,Mobile Payment,Takeaway,104,Carlos,11,Sunday,1,January,6,True,False
2024-01-22,13:30:00,Shrimp Cocktail,Appetizer,1.0,14,14.0,Cash,Delivery,102,Jake,13,Monday,1,January,0,False,False
2024-01-18,15:00:00,Grilled Asparagus,Side,4.0,8,32.0,Cash,Delivery,103,Emily,15,Thursday,1,January,3,False,False
2024-02-13,12:00:00,Cabernet Sauvignon,Beverage,3.0,16,48.0,Cash,Dine-In,105,Nina,12,Tuesday,2,February,1,False,False
2024-11-05,13:00:00,Truffle Fries,Side,5.0,8,40.0,Credit Card,Dine-In,105,Nina,13,Tuesday,11,November,1,False,False
2024-06-08,16:45:00,Cabernet Sauvignon,Beverage,2.0,16,32.0,Credit Card,Takeaway,104,Carlos,16,Saturday,6,June,5,True,False
2024-04-13,12:30:00,Bourbon BBQ Burger,Entree,7.0,22,154.0,Credit Card,Takeaway,103,Emily,12,Saturday,4,April,5,True,True
2024-08-07,12:15:00,Grilled Asparagus,Side,4.0,8,32.0,Credit Card,Takeaway,103,Emily,12,Wednesday,8,August,2,False,False
2024-12-25,19:15:00,Grilled Asparagus,Side,2.0,8,16.0,Credit Card,Delivery,104,Carlos,19,Wednesday,12,December,2,False,False
2024-07-09,19:00:00,Old Fashioned,Beverage,4.0,12,48.0,Mobile Payment,Dine-In,104,Carlos,19,Tuesday,7,July,1,False,False
2024-04-28,18:30:00,Old Fashioned,Beverage,8.0,12,96.0,Cash,Delivery,103,Emily,18,Sunday,4,April,6,True,True
2024-06-19,13:00:00,Filet Mignon,Entree,5.0,42,210.0,Cash,Dine-In,104,Carlos,13,Wednesday,6,June,2,False,True
2024-10-30,14:00:00,New York Strip,Entree,5.0,38,190.0,Mobile Payment,Takeaway,105,Nina,14,Wednesday,10,October,2,False,True
2024-10-17,14:00:00,Old Fashioned,Beverage,3.0,12,36.0,Credit Card,Takeaway,103,Emily,14,Thursday,10,October,3,False,False
2024-03-18,11:30:00,Truffle Fries,Side,6.0,8,48.0,Mobile Payment,Takeaway,101,Sarah,11,Monday,3,March,0,False,False
2024-05-17,22:15:00,Cabernet Sauvignon,Beverage,7.0,16,112.0,Mobile Payment,Takeaway,103,Emily,22,Friday,5,May,4,False,True
2024-11-29,14:30:00,Old Fashioned,Beverage,5.0,12,60.0,Mobile Payment,Delivery,101,Sarah,14,Friday,11,November,4,False,False
2024-02-23,17:00:00,Grilled Asparagus,Side,4.0,8,32.0,Cash,Dine-In,105,Nina,17,Friday,2,February,4,False,False
2024-03-03,13:15:00,Old Fashioned,Beverage,1.0,12,12.0,Cash,Takeaway,104,Carlos,13,Sunday,3,March,6,True,False
2024-03-28,21:45:00,New York Strip,Entree,10.0,38,380.0,Credit Card,Takeaway,101,Sarah,21,Thursday,3,March,3,False,True
2024-05-31,12:45:00,Shrimp Cocktail,Appetizer,4.0,14,56.0,Mobile Payment,Takeaway,105,Nina,12,Friday,5,May,4,False,False
2024-07-09,20:15:00,New York Strip,Entree,5.0,38,190.0,Mobile Payment,Delivery,102,Jake,20,Tuesday,7,July,1,False,True
2024-11-10,22:30:00,Cabernet Sauvignon,Beverage,10.0,16,160.0,Credit Card,Takeaway,104,Carlos,22,Sunday,11,November,6,True,True
2024-04-17,16:15:00,New York Strip,Entree,6.0,38,228.0,Mobile Payment,Takeaway,101,Sarah,16,Wednesday,4,April,2,False,True
2024-06-11,17:15:00,New York Strip,Entree,8.0,38,304.0,Cash,Dine-In,103,Emily,17,Tuesday,6,June,1,False,True
2024-12-25,14:15:00,Truffle Fries,Side,1.0,8,8.0,Mobile Payment,Takeaway,103,Emily,14,Wednesday,12,December,2,False,False
2024-02-18,11:45:00,Chocolate Lava Cake,Dessert,2.0,9,18.0,Cash,Takeaway,105,Nina,11,Sunday,2,February,6,True,False
2024-04-25,16:00:00,Caesar Salad,Appetizer,2.0,10,20.0,Credit Card,Takeaway,105,Nina,16,Thursday,4,April,3,False,False
2024-06-05,16:45:00,Shrimp Cocktail,Appetizer,6.0,14,84.0,Mobile Payment,Delivery,102,Jake,16,Wednesday,6,June,2,False,True
2024-02-09,20:15:00,Filet Mignon,Entree,5.0,42,210.0,Credit Card,Dine-In,103,Emily,20,Friday,2,February,4,False,True
2024-10-15,12:15:00,Cabernet Sauvignon,Beverage,6.0,16,96.0,Mobile Payment,Takeaway,103,Emily,12,Tuesday,10,October,1,False,True
2024-10-21,20:30:00,Truffle Fries,Side,11.0,8,88.0,Mobile Payment,Takeaway,102,Jake,20,Monday,10,October,0,False,True
2024-03-27,11:15:00,Caesar Salad,Appetizer,1.0,10,10.0,Mobile Payment,Dine-In,102,Jake,11,Wednesday,3,March,2,False,False
2024-03-25,18:00:00,Mashed Potatoes,Side,2.0,7,14.0,Cash,Dine-In,105,Nina,18,Monday,3,March,0,False,False
2024-08-13,17:45:00,Mashed Potatoes,Side,5.0,7,35.0,Mobile Payment,Dine-In,102,Jake,17,Tuesday,8,August,1,False,False
2024-10-13,17:45:00,Grilled Asparagus,Side,6.0,8,48.0,Credit Card,Takeaway,105,Nina,17,Sunday,10,October,6,True,False
2024-06-11,19:00:00,Chocolate Lava Cake,Dessert,4.0,9,36.0,Cash,Delivery,103,Emily,19,Tuesday,6,June,1,False,False
2024-12-30,13:45:00,Cabernet Sauvignon,Beverage,4.0,16,64.0,Credit Card,Delivery,103,Emily,13,Monday,12,December,0,False,True
2024-12-16,12:45:00,Bourbon BBQ Burger,Entree,3.0,22,66.0,Cash,Dine-In,103,Emily,12,Monday,12,December,0,False,True
2024-08-26,21:30:00,Truffle Fries,Side,8.0,8,64.0,Cash,Delivery,105,Nina,21,Monday,8,August,0,False,True
2024-04-07,17:30:00,New York Strip,Entree,2.0,38,76.0,Cash,Takeaway,103,Emily,17,Sunday,4,April,6,True,True
2024-09-26,14:00:00,Chocolate Lava Cake,Dessert,3.0,9,27.0,Credit Card,Dine-In,103,Emily,14,Thursday,9,September,3,False,False
2024-05-09,19:00:00,Chocolate Lava Cake,Dessert,7.0,9,63.0,Cash,Delivery,103,Emily,19,Thursday,5,May,3,False,True
2024-11-24,18:45:00,Ribeye Steak,Entree,5.0,35,175.0,Credit Card,Delivery,101,Sarah,18,Sunday,11,November,6,True,True
2024-10-19,11:45:00,Chocolate Lava Cake,Dessert,8.0,9,72.0,Credit Card,Dine-In,104,Carlos,11,Saturday,10,October,5,True,True
2024-11-27,19:00:00,Ribeye Steak,Entree,5.0,35,175.0,Cash,Delivery,102,Jake,19,Wednesday,11,November,2,False,True
2024-12-27,22:15:00,New York Strip,Entree,2.0,38,76.0,Credit Card,Dine-In,101,Sarah,22,Friday,12,December,4,False,True
2024-08-15,21:00:00,Mashed Potatoes,Side,2.0,7,14.0,Mobile Payment,Takeaway,102,Jake,21,Thursday,8,August,3,False,False
2024-12-01,20:00:00,Mashed Potatoes,Side,5.0,7,35.0,Mobile Payment,Dine-In,105,Nina,20,Sunday,12,December,6,True,False
2024-07-06,19:00:00,Bourbon BBQ Burger,Entree,7.0,22,154.0,Credit Card,Delivery,101,Sarah,19,Saturday,7,July,5,True,True
2024-02-03,14:15:00,Truffle Fries,Side,5.0,8,40.0,Cash,Dine-In,104,Carlos,14,Saturday,2,February,5,True,False
2024-01-23,15:15:00,Truffle Fries,Side,4.0,8,32.0,Credit Card,Dine-In,101,Sarah,15,Tuesday,1,January,1,False,False
2024-06-08,15:30:00,Filet Mignon,Entree,5.0,42,210.0,Credit Card,Delivery,101,Sarah,15,Saturday,6,June,5,True,True
2024-10-16,18:00:00,Filet Mignon,Entree,2.0,42,84.0,Cash,Delivery,101,Sarah,18,Wednesday,10,October,2,False,True
2024-04-05,16:00:00,New York Strip,Entree,1.0,38,38.0,Cash,Delivery,103,Emily,16,Friday,4,April,4,False,False
2024-08-23,12:15:00,Shrimp Cocktail,Appetizer,3.0,14,42.0,Mobile Payment,Delivery,102,Jake,12,Friday,8,August,4,False,False
2024-06-07,11:45:00,Truffle Fries,Side,4.0,8,32.0,Cash,Takeaway,102,Jake,11,Friday,6,June,4,False,False
2024-10-16,16:45:00,Caesar Salad,Appetizer,2.0,10,20.0,Credit Card,Dine-In,102,Jake,16,Wednesday,10,October,2,False,False
2024-05-31,15:45:00,Shrimp Cocktail,Appetizer,2.0,14,28.0,Credit Card,Takeaway,105,Nina,15,Friday,5,May,4,False,False
2024-07-05,16:45:00,Bourbon BBQ Burger,Entree,3.0,22,66.0,Cash,Delivery,104,Carlos,16,Friday,7,July,4,False,True
2024-03-20,19:15:00,Truffle Fries,Side,7.0,8,56.0,Credit Card,Delivery,103,Emily,19,Wednesday,3,March,2,False,False
2024-04-16,16:30:00,Filet Mignon,Entree,5.0,42,210.0,Cash,Takeaway,102,Jake,16,Tuesday,4,April,1,False,True
2024-08-27,15:00:00,Filet Mignon,Entree,4.0,42,168.0,Mobile Payment,Delivery,102,Jake,15,Tuesday,8,August,1,False,True
2024-08-31,13:45:00,Chocolate Lava Cake,Dessert,6.0,9,54.0,Credit Card,Delivery,104,Carlos,13,Saturday,8,August,5,True,False
2024-12-03,20:00:00,Mashed Potatoes,Side,2.0,7,14.0,Mobile Payment,Takeaway,101,Sarah,20,Tuesday,12,December,1,False,False
2024-03-22,17:45:00,Mashed Potatoes,Side,5.0,7,35.0,Mobile Payment,Dine-In,102,Jake,17,Friday,3,March,4,False,False
2024-07-02,15:15:00,Old Fashioned,Beverage,6.0,12,72.0,Cash,Dine-In,104,Carlos,15,Tuesday,7,July,1,False,True
2024-11-11,18:45:00,Truffle Fries,Side,7.0,8,56.0,Credit Card,Dine-In,103,Emily,18,Monday,11,November,0,False,False
2024-07-10,20:30:00,Old Fashioned,Beverage,7.0,12,84.0,Credit Card,Dine-In,102,Jake,20,Wednesday,7,July,2,False,True
2024-09-16,12:45:00,Grilled Asparagus,Side,3.0,8,24.0,Mobile Payment,Takeaway,105,Nina,12,Monday,9,September,0,False,False
2024-01-15,13:15:00,Shrimp Cocktail,Appetizer,5.0,14,70.0,Mobile Payment,Delivery,102,Jake,13,Monday,1,January,0,False,True
2024-10-17,13:15:00,Bourbon BBQ Burger,Entree,2.0,22,44.0,Cash,Dine-In,103,Emily,13,Thursday,10,October,3,False,False
2024-03-13,16:45:00,Grilled Asparagus,Side,2.0,8,16.0,Credit Card,Dine-In,102,Jake,16,Wednesday,3,March,2,False,False
2024-04-12,13:30:00,Shrimp Cocktail,Appetizer,2.0,14,28.0,Cash,Dine-In,102,Jake,13,Friday,4,April,4,False,False
2024-08-11,12:15:00,New York Strip,Entree,4.0,38,152.0,Credit Card,Dine-In,104,Carlos,12,Sunday,8,August,6,True,True
2024-03-22,16:00:00,Old Fashioned,Beverage,9.0,12,108.0,Mobile Payment,Takeaway,102,Jake,16,Friday,3,March,4,False,True
2024-08-29,21:45:00,Old Fashioned,Beverage,4.0,12,48.0,Cash,Takeaway,102,Jake,21,Thursday,8,August,3,False,False
2024-06-11,13:45:00,Mashed Potatoes,Side,3.0,7,21.0,Mobile Payment,Delivery,104,Carlos,13,Tuesday,6,June,1,False,False
2024-11-01,17:00:00,Mashed Potatoes,Side,8.0,7,56.0,Mobile Payment,Delivery,105,Nina,17,Friday,11,November,4,False,False
2024-01-14,14:15:00,Caesar Salad,Appetizer,3.0,10,30.0,Credit Card,Takeaway,105,Nina,14,Sunday,1,January,6,True,False
2024-01-01,20:45:00,Filet Mignon,Entree,6.0,42,252.0,Cash,Takeaway,102,Jake,20,Monday,1,January,0,False,True
2024-01-23,14:30:00,Grilled Asparagus,Side,1.0,8,8.0,Credit Card,Takeaway,102,Jake,14,Tuesday,1,January,1,False,False
2024-08-05,13:30:00,Shrimp Cocktail,Appetizer,5.0,14,70.0,Mobile Payment,Takeaway,101,Sarah,13,Monday,8,August,0,False,True
2024-05-13,17:15:00,New York Strip,Entree,9.0,38,342.0,Mobile Payment,Delivery,101,Sarah,17,Monday,5,May,0,False,True
2024-08-26,12:30:00,Bourbon BBQ Burger,Entree,1.0,22,22.0,Mobile Payment,Takeaway,101,Sarah,12,Monday,8,August,0,False,False
2024-03-23,16:15:00,Chocolate Lava Cake,Dessert,7.0,9,63.0,Credit Card,Delivery,104,Carlos,16,Saturday,3,March,5,True,True
2024-01-06,18:45:00,Grilled Asparagus,Side,2.0,8,16.0,Credit Card,Takeaway,103,Emily,18,Saturday,1,January,5,True,False
2024-11-20,12:45:00,Cabernet Sauvignon,Beverage,2.0,16,32.0,Credit Card,Delivery,103,Emily,12,Wednesday,11,November,2,False,False
2024-09-30,16:00:00,New York Strip,Entree,3.0,38,114.0,Mobile Payment,Takeaway,101,Sarah,16,Monday,9,September,0,False,True
2024-03-17,11:30:00,Truffle Fries,Side,4.0,8,32.0,Credit Card,Dine-In,105,Nina,11,Sunday,3,March,6,True,False
2024-11-10,22:45:00,Grilled Asparagus,Side,2.0,8,16.0,Credit Card,Takeaway,101,Sarah,22,Sunday,11,November,6,True,False
2024-03-03,18:45:00,Mashed Potatoes,Side,2.0,7,14.0,Mobile Payment,Delivery,103,Emily,18,Sunday,3,March,6,True,False
2024-05-09,17:30:00,Bourbon BBQ Burger,Entree,6.0,22,132.0,Cash,Delivery,103,Emily,17,Thursday,5,May,3,False,True
2024-04-01,15:30:00,Grilled Asparagus,Side,1.0,8,8.0,Credit Card,Takeaway,103,Emily,15,Monday,4,April,0,False,False
2024-11-21,11:00:00,Mashed Potatoes,Side,1.0,7,7.0,Mobile Payment,Delivery,104,Carlos,11,Thursday,11,November,3,False,False
2024-05-07,13:00:00,Cabernet Sauvignon,Beverage,1.0,16,16.0,Cash,Delivery,102,Jake,13,Tuesday,5,May,1,False,False
2024-11-20,18:45:00,Shrimp Cocktail,Appetizer,6.0,14,84.0,Credit Card,Delivery,105,Nina,18,Wednesday,11,November,2,False,True
2024-05-04,22:45:00,Ribeye Steak,Entree,2.0,35,70.0,Credit Card,Takeaway,101,Sarah,22,Saturday,5,May,5,True,True
2024-03-16,20:00:00,Grilled Asparagus,Side,10.0,8,80.0,Mobile Payment,Dine-In,103,Emily,20,Saturday,3,March,5,True,True
2024-11-22,22:30:00,Grilled Asparagus,Side,9.0,8,72.0,Cash,Dine-In,103,Emily,22,Friday,11,November,4,False,True
2024-11-30,22:00:00,Grilled Asparagus,Side,2.0,8,16.0,Cash,Delivery,103,Emily,22,Saturday,11,November,5,True,False
2024-06-04,20:15:00,Truffle Fries,Side,2.0,8,16.0,Credit Card,Delivery,104,Carlos,20,Tuesday,6,June,1,False,False
2024-04-20,17:30:00,Truffle Fries,Side,4.0,8,32.0,Credit Card,Delivery,101,Sarah,17,Saturday,4,April,5,True,False
2024-11-05,17:15:00,Bourbon BBQ Burger,Entree,7.0,22,154.0,Credit Card,Dine-In,104,Carlos,17,Tuesday,11,November,1,False,True
2024-04-16,11:45:00,Bourbon BBQ Burger,Entree,2.0,22,44.0,Credit Card,Takeaway,104,Carlos,11,Tuesday,4,April,1,False,False
2024-11-02,21:30:00,Filet Mignon,Entree,3.0,42,126.0,Cash,Dine-In,103,Emily,21,Saturday,11,November,5,True,True
2024-04-23,12:30:00,Truffle Fries,Side,4.0,8,32.0,Credit Card,Delivery,104,Carlos,12,Tuesday,4,April,1,False,False
2024-11-21,20:30:00,Cabernet Sauvignon,Beverage,8.0,16,128.0,Credit Card,Delivery,101,Sarah,20,Thursday,11,November,3,False,True
2024-06-24,16:30:00,Mashed Potatoes,Side,5.0,7,35.0,Cash,Takeaway,104,Carlos,16,Monday,6,June,0,False,False
2024-04-17,19:15:00,Bourbon BBQ Burger,Entree,8.0,22,176.0,Credit Card,Takeaway,101,Sarah,19,Wednesday,4,April,2,False,True
2024-12-04,20:00:00,Bourbon BBQ Burger,Entree,8.0,22,176.0,Mobile Payment,Takeaway,101,Sarah,20,Wednesday,12,December,2,False,True
2024-04-16,22:30:00,Shrimp Cocktail,Appetizer,6.0,14,84.0,Credit Card,Takeaway,104,Carlos,22,Tuesday,4,April,1,False,True
2024-01-16,13:15:00,Chocolate Lava Cake,Dessert,4.0,9,36.0,Mobile Payment,Takeaway,104,Carlos,13,Tuesday,1,January,1,False,False
2024-01-12,15:45:00,Caesar Salad,Appetizer,6.0,10,60.0,Mobile Payment,Dine-In,104,Carlos,15,Friday,1,January,4,False,False
2024-11-06,12:00:00,Grilled Asparagus,Side,2.0,8,16.0,Cash,Dine-In,105,Nina,12,Wednesday,11,November,2,False,False
2024-05-28,13:15:00,Truffle Fries,Side,4.0,8,32.0,Mobile Payment,Takeaway,103,Emily,13,Tuesday,5,May,1,False,False
2024-04-21,17:30:00,Mashed Potatoes,Side,7.0,7,49.0,Mobile Payment,Dine-In,103,Emily,17,Sunday,4,April,6,True,False
2024-09-14,19:45:00,Caesar Salad,Appetizer,7.0,10,70.0,Credit Card,Takeaway,103,Emily,19,Saturday,9,September,5,True,True
2024-08-18,13:15:00,Grilled Asparagus,Side,3.0,8,24.0,Cash,Delivery,103,Emily,13,Sunday,8,August,6,True,False
2024-08-25,21:15:00,Bourbon BBQ Burger,Entree,2.0,22,44.0,Credit Card,Delivery,104,Carlos,21,Sunday,8,August,6,True,False
2024-08-02,17:15:00,Bourbon BBQ Burger,Entree,2.0,22,44.0,Mobile Payment,Dine-In,102,Jake,17,Friday,8,August,4,False,False
2024-11-08,20:00:00,Chocolate Lava Cake,Dessert,8.0,9,72.0,Mobile Payment,Takeaway,101,Sarah,20,Friday,11,November,4,False,True
2024-06-15,20:15:00,New York Strip,Entree,10.0,38,380.0,Mobile Payment,Takeaway,101,Sarah,20,Saturday,6,June,5,True,True
2024-07-08,11:45:00,Cabernet Sauvignon,Beverage,4.0,16,64.0,Cash,Dine-In,104,Carlos,11,Monday,7,July,0,False,True
2024-07-07,22:15:00,New York Strip,Entree,7.0,38,266.0,Mobile Payment,Dine-In,103,Emily,22,Sunday,7,July,6,True,True
2024-03-08,15:00:00,Ribeye Steak,Entree,3.0,35,105.0,Mobile Payment,Takeaway,104,Carlos,15,Friday,3,March,4,False,True
2024-05-05,21:45:00,Caesar Salad,Appetizer,4.0,10,40.0,Credit Card,Delivery,101,Sarah,21,Sunday,5,May,6,True,False
2024-11-05,16:15:00,Caesar Salad,Appetizer,5.0,10,50.0,Mobile Payment,Dine-In,101,Sarah,16,Tuesday,11,November,1,False,False
2024-01-17,21:45:00,Cabernet Sauvignon,Beverage,7.0,16,112.0,Credit Card,Dine-In,104,Carlos,21,Wednesday,1,January,2,False,True
2024-05-13,22:00:00,Truffle Fries,Side,11.0,8,88.0,Mobile Payment,Delivery,101,Sarah,22,Monday,5,May,0,False,True
2024-08-12,18:00:00,Shrimp Cocktail,Appetizer,9.0,14,126.0,Mobile Payment,Dine-In,103,Emily,18,Monday,8,August,0,False,True
2024-07-23,22:45:00,Grilled Asparagus,Side,2.0,8,16.0,Cash,Dine-In,103,Emily,22,Tuesday,7,July,1,False,False
2024-10-23,12:15:00,Mashed Potatoes,Side,5.0,7,35.0,Mobile Payment,Takeaway,102,Jake,12,Wednesday,10,October,2,False,False
2024-05-04,18:15:00,Shrimp Cocktail,Appetizer,2.0,14,28.0,Credit Card,Delivery,101,Sarah,18,Saturday,5,May,5,True,False
2024-08-22,22:45:00,Caesar Salad,Appetizer,7.0,10,70.0,Credit Card,Takeaway,104,Carlos,22,Thursday,8,August,3,False,True
2024-06-18,18:30:00,Chocolate Lava Cake,Dessert,7.0,9,63.0,Mobile Payment,Dine-In,102,Jake,18,Tuesday,6,June,1,False,True
2024-03-16,19:30:00,Ribeye Steak,Entree,5.0,35,175.0,Credit Card,Delivery,103,Emily,19,Saturday,3,March,5,True,True
2024-12-31,15:30:00,Truffle Fries,Side,2.6,8,20.8,Mobile Payment,Delivery,103,Emily,15,Tuesday,12,December,1,False,False
2024-08-31,22:45:00,Bourbon BBQ Burger,Entree,7.0,22,154.0,Cash,Delivery,102,Jake,22,Saturday,8,August,5,True,True
2024-03-16,20:30:00,Grilled Asparagus,Side,5.0,8,40.0,Mobile Payment,Dine-In,101,Sarah,20,Saturday,3,March,5,True,False
2024-04-18,20:30:00,New York Strip,Entree,10.0,38,380.0,Cash,Takeaway,103,Emily,20,Thursday,4,April,3,False,True
2024-09-17,22:45:00,Old Fashioned,Beverage,12.0,12,144.0,Cash,Takeaway,102,Jake,22,Tuesday,9,September,1,False,True
2024-10-27,19:30:00,Cabernet Sauvignon,Beverage,6.0,16,96.0,Credit Card,Takeaway,102,Jake,19,Sunday,10,October,6,True,True
2024-09-25,18:15:00,Old Fashioned,Beverage,8.0,12,96.0,Cash,Delivery,101,Sarah,18,Wednesday,9,September,2,False,True
2024-06-24,14:30:00,Caesar Salad,Appetizer,2.0,10,20.0,Cash,Takeaway,105,Nina,14,Monday,6,June,0,False,False
2024-03-02,21:15:00,Mashed Potatoes,Side,7.0,7,49.0,Credit Card,Delivery,101,Sarah,21,Saturday,3,March,5,True,False
2024-09-25,14:15:00,Mashed Potatoes,Side,1.0,7,7.0,Credit Card,Delivery,101,Sarah,14,Wednesday,9,September,2,False,False
2024-06-17,19:00:00,Shrimp Cocktail,Appetizer,11.0,14,154.0,Mobile Payment,Delivery,105,Nina,19,Monday,6,June,0,False,True
2024-02-10,11:45:00,Chocolate Lava Cake,Dessert,9.0,9,81.0,Cash,Dine-In,103,Emily,11,Saturday,2,February,5,True,True
2024-04-03,22:15:00,Caesar Salad,Appetizer,9.0,10,90.0,Cash,Dine-In,105,Nina,22,Wednesday,4,April,2,False,True
2024-05-16,19:30:00,Filet Mignon,Entree,4.0,42,168.0,Mobile Payment,Dine-In,102,Jake,19,Thursday,5,May,3,False,True
2024-09-24,15:00:00,Caesar Salad,Appetizer,2.0,10,20.0,Cash,Delivery,105,Nina,15,Tuesday,9,September,1,False,False
2024-09-01,18:00:00,Cabernet Sauvignon,Beverage,2.0,16,32.0,Credit Card,Delivery,101,Sarah,18,Sunday,9,September,6,True,False
2024-04-10,18:00:00,Old Fashioned,Beverage,2.0,12,24.0,Credit Card,Dine-In,101,Sarah,18,Wednesday,4,April,2,False,False
2024-10-04,20:15:00,Chocolate Lava Cake,Dessert,8.0,9,72.0,Credit Card,Delivery,101,Sarah,20,Friday,10,October,4,False,True
2024-10-24,17:00:00,Truffle Fries,Side,9.0,8,72.0,Mobile Payment,Dine-In,105,Nina,17,Thursday,10,October,3,False,True
2024-11-21,20:45:00,Ribeye Steak,Entree,7.0,35,245.0,Credit Card,Delivery,103,Emily,20,Thursday,11,November,3,False,True
2024-09-09,21:15:00,Mashed Potatoes,Side,9.0,7,63.0,Credit Card,Delivery,103,Emily,21,Monday,9,September,0,False,True
2024-11-26,15:30:00,Cabernet Sauvignon,Beverage,2.0,16,32.0,Credit Card,Takeaway,105,Nina,15,Tuesday,11,November,1,False,False
2024-09-14,15:45:00,Filet Mignon,Entree,3.0,42,126.0,Credit Card,Dine-In,103,Emily,15,Saturday,9,September,5,True,True
2024-09-17,18:45:00,New York Strip,Entree,3.0,38,114.0,Cash,Takeaway,103,Emily,18,Tuesday,9,September,1,False,True
2024-02-18,18:30:00,Bourbon BBQ Burger,Entree,9.0,22,198.0,Cash,Dine-In,101,Sarah,18,Sunday,2,February,6,True,True
2024-04-28,14:30:00,Cabernet Sauvignon,Beverage,3.0,16,48.0,Credit Card,Delivery,104,Carlos,14,Sunday,4,April,6,True,False
2024-02-22,21:30:00,Chocolate Lava Cake,Dessert,4.0,9,36.0,Mobile Payment,Delivery,102,Jake,21,Thursday,2,February,3,False,False
2024-06-14,13:15:00,Grilled Asparagus,Side,3.0,8,24.0,Cash,Delivery,102,Jake,13,Friday,6,June,4,False,False
2024-06-15,19:45:00,Bourbon BBQ Burger,Entree,8.0,22,176.0,Credit Card,Delivery,103,Emily,19,Saturday,6,June,5,True,True
2024-04-27,15:45:00,Shrimp Cocktail,Appetizer,6.0,14,84.0,Cash,Takeaway,103,Emily,15,Saturday,4,April,5,True,True
2024-06-30,22:30:00,Old Fashioned,Beverage,7.0,12,84.0,Credit Card,Delivery,104,Carlos,22,Sunday,6,June,6,True,True
2024-08-01,11:45:00,Ribeye Steak,Entree,4.0,35,140.0,Credit Card,Delivery,102,Jake,11,Thursday,8,August,3,False,True
2024-08-21,15:00:00,Truffle Fries,Side,2.0,8,16.0,Cash,Delivery,103,Emily,15,Wednesday,8,August,2,False,False
2024-05-30,16:00:00,Mashed Potatoes,Side,4.0,7,28.0,Credit Card,Takeaway,105,Nina,16,Thursday,5,May,3,False,False
2024-10-13,22:15:00,Caesar Salad,Appetizer,11.0,10,110.0,Mobile Payment,Takeaway,103,Emily,22,Sunday,10,October,6,True,True
2024-02-24,12:15:00,New York Strip,Entree,6.0,38,228.0,Mobile Payment,Takeaway,105,Nina,12,Saturday,2,February,5,True,True
2024-08-28,11:45:00,Truffle Fries,Side,5.0,8,40.0,Cash,Takeaway,105,Nina,11,Wednesday,8,August,2,False,False
2024-10-27,17:00:00,Filet Mignon,Entree,2.0,42,84.0,Mobile Payment,Takeaway,103,Emily,17,Sunday,10,October,6,True,True
2024-10-02,16:45:00,Shrimp Cocktail,Appetizer,1.0,14,14.0,Credit Card,Dine-In,101,Sarah,16,Wednesday,10,October,2,False,False
2024-06-15,22:45:00,New York Strip,Entree,4.0,38,152.0,Mobile Payment,Takeaway,105,Nina,22,Saturday,6,June,5,True,True
2024-04-12,19:00:00,Old Fashioned,Beverage,4.0,12,48.0,Credit Card,Delivery,105,Nina,19,Friday,4,April,4,False,False
2024-12-04,15:30:00,Truffle Fries,Side,1.0,8,8.0,Cash,Dine-In,103,Emily,15,Wednesday,12,December,2,False,False
2024-07-03,18:15:00,New York Strip,Entree,6.0,38,228.0,Credit Card,Dine-In,104,Carlos,18,Wednesday,7,July,2,False,True
2024-07-04,16:15:00,Bourbon BBQ Burger,Entree,2.0,22,44.0,Credit Card,Delivery,101,Sarah,16,Thursday,7,July,3,False,False
2024-03-12,12:45:00,Grilled Asparagus,Side,4.0,8,32.0,Credit Card,Dine-In,105,Nina,12,Tuesday,3,March,1,False,False
2024-01-31,19:30:00,Ribeye Steak,Entree,11.0,35,385.0,Credit Card,Dine-In,105,Nina,19,Wednesday,1,January,2,False,True
2024-06-16,19:45:00,Shrimp Cocktail,Appetizer,11.0,14,154.0,Credit Card,Delivery,101,Sarah,19,Sunday,6,June,6,True,True
2024-02-08,20:00:00,Cabernet Sauvignon,Beverage,2.0,16,32.0,Mobile Payment,Dine-In,105,Nina,20,Thursday,2,February,3,False,False
2024-02-14,20:45:00,Chocolate Lava Cake,Dessert,4.8,9,43.2,Cash,Delivery,104,Carlos,20,Wednesday,2,February,2,False,False
2024-05-21,18:45:00,Truffle Fries,Side,5.0,8,40.0,Mobile Payment,Takeaway,101,Sarah,18,Tuesday,5,May,1,False,False
2024-04-03,21:30:00,Old Fashioned,Beverage,8.0,12,96.0,Mobile Payment,Delivery,104,Carlos,21,Wednesday,4,April,2,False,True
2024-01-11,17:30:00,Ribeye Steak,Entree,11.0,35,385.0,Credit Card,Dine-In,101,Sarah,17,Thursday,1,January,3,False,True
2024-04-25,16:45:00,New York Strip,Entree,3.0,38,114.0,Cash,Delivery,103,Emily,16,Thursday,4,April,3,False,True
2024-09-29,18:15:00,Chocolate Lava Cake,Dessert,7.0,9,63.0,Mobile Payment,Delivery,102,Jake,18,Sunday,9,September,6,True,True
2024-04-06,13:15:00,Shrimp Cocktail,Appetizer,3.0,14,42.0,Cash,Dine-In,105,Nina,13,Saturday,4,April,5,True,False
2024-11-04,11:15:00,Cabernet Sauvignon,Beverage,3.0,16,48.0,Cash,Takeaway,103,Emily,11,Monday,11,November,0,False,False
2024-04-27,21:15:00,Caesar Salad,Appetizer,5.0,10,50.0,Cash,Takeaway,103,Emily,21,Saturday,4,April,5,True,False
2024-04-29,14:30:00,Ribeye Steak,Entree,2.0,35,70.0,Credit Card,Dine-In,104,Carlos,14,Monday,4,April,0,False,True
2024-01-14,18:15:00,Grilled Asparagus,Side,2.0,8,16.0,Credit Card,Takeaway,104,Carlos,18,Sunday,1,January,6,True,False
2024-04-11,14:45:00,Chocolate Lava Cake,Dessert,1.0,9,9.0,Cash,Dine-In,105,Nina,14,Thursday,4,April,3,False,False
2024-10-23,22:00:00,New York Strip,Entree,4.0,38,152.0,Cash,Takeaway,105,Nina,22,Wednesday,10,October,2,False,True
2024-07-02,22:30:00,Grilled Asparagus,Side,4.0,8,32.0,Cash,Dine-In,105,Nina,22,Tuesday,7,July,1,False,False
2024-07-03,18:30:00,Cabernet Sauvignon,Beverage,2.0,16,32.0,Credit Card,Dine-In,101,Sarah,18,Wednesday,7,July,2,False,False
2024-07-13,17:45:00,Filet Mignon,Entree,6.0,42,252.0,Credit Card,Takeaway,101,Sarah,17,Saturday,7,July,5,True,True
2024-08-10,21:30:00,Caesar Salad,Appetizer,2.0,10,20.0,Mobile Payment,Delivery,104,Carlos,21,Saturday,8,August,5,True,False
2024-08-29,11:30:00,Truffle Fries,Side,3.0,8,24.0,Cash,Dine-In,102,Jake,11,Thursday,8,August,3,False,False
2024-03-31,20:00:00,New York Strip,Entree,11.0,38,418.0,Cash,Dine-In,104,Carlos,20,Sunday,3,March,6,True,True
2024-01-20,11:15:00,Truffle Fries,Side,6.0,8,48.0,Credit Card,Delivery,104,Carlos,11,Saturday,1,January,5,True,False
2024-03-21,17:15:00,New York Strip,Entree,11.0,38,418.0,Cash,Delivery,102,Jake,17,Thursday,3,March,3,False,True
2024-07-05,12:15:00,Ribeye Steak,Entree,7.0,35,245.0,Cash,Takeaway,104,Carlos,12,Friday,7,July,4,False,True
2024-11-16,16:30:00,Chocolate Lava Cake,Dessert,6.0,9,54.0,Cash,Dine-In,103,Emily,16,Saturday,11,November,5,True,False
2024-01-15,18:00:00,Truffle Fries,Side,5.0,8,40.0,Credit Card,Dine-In,105,Nina,18,Monday,1,January,0,False,False
2024-07-12,20:15:00,New York Strip,Entree,2.0,38,76.0,Cash,Takeaway,102,Jake,20,Friday,7,July,4,False,True
2024-02-17,17:00:00,Filet Mignon,Entree,7.0,42,294.0,Credit Card,Takeaway,105,Nina,17,Saturday,2,February,5,True,True
2024-08-13,13:00:00,Shrimp Cocktail,Appetizer,3.0,14,42.0,Credit Card,Takeaway,102,Jake,13,Tuesday,8,August,1,False,False
2024-06-14,21:30:00,Chocolate Lava Cake,Dessert,2.0,9,18.0,Credit Card,Takeaway,105,Nina,21,Friday,6,June,4,False,False
2024-04-10,13:15:00,Cabernet Sauvignon,Beverage,2.0,16,32.0,Cash,Dine-In,101,Sarah,13,Wednesday,4,April,2,False,False
2024-02-18,22:45:00,Shrimp Cocktail,Appetizer,10.0,14,140.0,Cash,Dine-In,102,Jake,22,Sunday,2,February,6,True,True
2024-05-08,13:30:00,Mashed Potatoes,Side,4.0,7,28.0,Mobile Payment,Delivery,105,Nina,13,Wednesday,5,May,2,False,False
2024-09-21,20:30:00,New York Strip,Entree,6.0,38,228.0,Credit Card,Takeaway,102,Jake,20,Saturday,9,September,5,True,True
2024-10-23,22:00:00,Truffle Fries,Side,9.0,8,72.0,Mobile Payment,Dine-In,102,Jake,22,Wednesday,10,October,2,False,True
2024-04-03,11:15:00,Bourbon BBQ Burger,Entree,1.0,22,22.0,Cash,Dine-In,104,Carlos,11,Wednesday,4,April,2,False,False
2024-06-14,11:45:00,Old Fashioned,Beverage,4.0,12,48.0,Cash,Delivery,105,Nina,11,Friday,6,June,4,False,False
2024-07-26,18:15:00,Old Fashioned,Beverage,11.0,12,132.0,Credit Card,Delivery,104,Carlos,18,Friday,7,July,4,False,True
2024-03-01,22:30:00,Bourbon BBQ Burger,Entree,10.0,22,220.0,Credit Card,Takeaway,102,Jake,22,Friday,3,March,4,False,True
2024-05-10,16:45:00,Cabernet Sauvignon,Beverage,6.0,16,96.0,Mobile Payment,Dine-In,103,Emily,16,Friday,5,May,4,False,True
2024-09-22,15:00:00,Mashed Potatoes,Side,4.0,7,28.0,Mobile Payment,Dine-In,105,Nina,15,Sunday,9,September,6,True,False
2024-03-05,12:15:00,Old Fashioned,Beverage,1.0,12,12.0,Cash,Delivery,103,Emily,12,Tuesday,3,March,1,False,False
2024-03-05,16:30:00,Old Fashioned,Beverage,4.0,12,48.0,Mobile Payment,Dine-In,105,Nina,16,Tuesday,3,March,1,False,False
2024-04-03,17:15:00,New York Strip,Entree,5.0,38,190.0,Cash,Dine-In,103,Emily,17,Wednesday,4,April,2,False,True
2024-09-26,20:15:00,Chocolate Lava Cake,Dessert,11.0,9,99.0,Mobile Payment,Dine-In,105,Nina,20,Thursday,9,September,3,False,True
2024-07-04,19:15:00,Truffle Fries,Side,8.0,8,64.0,Cash,Takeaway,102,Jake,19,Thursday,7,July,3,False,True
2024-02-21,21:15:00,Bourbon BBQ Burger,Entree,9.0,22,198.0,Cash,Delivery,102,Jake,21,Wednesday,2,February,2,False,True
2024-10-03,20:45:00,Caesar Salad,Appetizer,7.0,10,70.0,Cash,Takeaway,103,Emily,20,Thursday,10,October,3,False,True
2024-07-18,19:45:00,Old Fashioned,Beverage,7.0,12,84.0,Credit Card,Dine-In,103,Emily,19,Thursday,7,July,3,False,True
2024-01-01,12:30:00,Truffle Fries,Side,7.2,8,57.6,Mobile Payment,Takeaway,102,Jake,12,Monday,1,January,0,False,False
2024-11-09,20:00:00,Ribeye Steak,Entree,8.0,35,280.0,Cash,Dine-In,104,Carlos,20,Saturday,11,November,5,True,True
2024-03-23,14:45:00,New York Strip,Entree,7.0,38,266.0,Credit Card,Delivery,102,Jake,14,Saturday,3,March,5,True,True
2024-05-07,16:00:00,Caesar Salad,Appetizer,3.0,10,30.0,Cash,Takeaway,101,Sarah,16,Tuesday,5,May,1,False,False
2024-10-26,21:15:00,Caesar Salad,Appetizer,8.0,10,80.0,Cash,Delivery,103,Emily,21,Saturday,10,October,5,True,True
2024-06-16,11:00:00,Cabernet Sauvignon,Beverage,3.0,16,48.0,Mobile Payment,Dine-In,105,Nina,11,Sunday,6,June,6,True,False
2024-08-29,14:45:00,Shrimp Cocktail,Appetizer,1.0,14,14.0,Mobile Payment,Delivery,105,Nina,14,Thursday,8,August,3,False,False
2024-08-20,13:00:00,Truffle Fries,Side,3.0,8,24.0,Credit Card,Dine-In,104,Carlos,13,Tuesday,8,August,1,False,False
2024-05-10,12:45:00,Grilled Asparagus,Side,8.0,8,64.0,Cash,Delivery,104,Carlos,12,Friday,5,May,4,False,True
2024-05-29,14:00:00,Filet Mignon,Entree,5.0,42,210.0,Mobile Payment,Takeaway,102,Jake,14,Wednesday,5,May,2,False,True
2024-12-06,18:45:00,Grilled Asparagus,Side,2.0,8,16.0,Mobile Payment,Dine-In,103,Emily,18,Friday,12,December,4,False,False
2024-05-21,15:30:00,Grilled Asparagus,Side,3.0,8,24.0,Credit Card,Dine-In,101,Sarah,15,Tuesday,5,May,1,False,False
2024-02-21,22:45:00,Caesar Salad,Appetizer,12.0,10,120.0,Credit Card,Dine-In,105,Nina,22,Wednesday,2,February,2,False,True
2024-08-10,21:30:00,Filet Mignon,Entree,9.0,42,378.0,Mobile Payment,Delivery,105,Nina,21,Saturday,8,August,5,True,True
2024-07-11,20:45:00,Ribeye Steak,Entree,10.0,35,350.0,Cash,Delivery,101,Sarah,20,Thursday,7,July,3,False,True
2024-10-21,12:00:00,Caesar Salad,Appetizer,3.0,10,30.0,Mobile Payment,Delivery,105,Nina,12,Monday,10,October,0,False,False
2024-08-03,17:00:00,Mashed Potatoes,Side,7.0,7,49.0,Credit Card,Delivery,105,Nina,17,Saturday,8,August,5,True,False
2024-01-20,17:45:00,Bourbon BBQ Burger,Entree,2.0,22,44.0,Cash,Delivery,102,Jake,17,Saturday,1,January,5,True,False
2024-01-13,21:30:00,Filet Mignon,Entree,6.0,42,252.0,Credit Card,Dine-In,104,Carlos,21,Saturday,1,January,5,True,True
2024-05-09,16:30:00,Mashed Potatoes,Side,2.0,7,14.0,Credit Card,Takeaway,101,Sarah,16,Thursday,5,May,3,False,False
2024-06-15,18:30:00,New York Strip,Entree,4.0,38,152.0,Mobile Payment,Delivery,103,Emily,18,Saturday,6,June,5,True,True
2024-07-24,16:15:00,Old Fashioned,Beverage,1.0,12,12.0,Credit Card,Takeaway,105,Nina,16,Wednesday,7,July,2,False,False
2024-10-02,22:15:00,Mashed Potatoes,Side,6.0,7,42.0,Cash,Delivery,101,Sarah,22,Wednesday,10,October,2,False,False
2024-11-23,17:30:00,Chocolate Lava Cake,Dessert,8.0,9,72.0,Mobile Payment,Dine-In,104,Carlos,17,Saturday,11,November,5,True,True
2024-04-13,15:45:00,Mashed Potatoes,Side,6.0,7,42.0,Credit Card,Takeaway,102,Jake,15,Saturday,4,April,5,True,False
2024-03-27,16:00:00,Filet Mignon,Entree,2.0,42,84.0,Mobile Payment,Takeaway,105,Nina,16,Wednesday,3,March,2,False,True
2024-12-24,21:30:00,Cabernet Sauvignon,Beverage,11.0,16,176.0,Cash,Takeaway,105,Nina,21,Tuesday,12,December,1,False,True
2024-12-22,12:15:00,Filet Mignon,Entree,1.0,42,42.0,Mobile Payment,Delivery,104,Carlos,12,Sunday,12,December,6,True,False
2024-05-14,13:30:00,Cabernet Sauvignon,Beverage,4.0,16,64.0,Credit Card,Dine-In,104,Carlos,13,Tuesday,5,May,1,False,True
2024-02-23,22:30:00,Chocolate Lava Cake,Dessert,9.0,9,81.0,Cash,Takeaway,102,Jake,22,Friday,2,February,4,False,True
2024-08-14,11:15:00,Cabernet Sauvignon,Beverage,2.0,16,32.0,Mobile Payment,Takeaway,101,Sarah,11,Wednesday,8,August,2,False,False
2024-09-10,14:15:00,Caesar Salad,Appetizer,2.0,10,20.0,Credit Card,Delivery,102,Jake,14,Tuesday,9,September,1,False,False
2024-03-15,11:30:00,Caesar Salad,Appetizer,2.0,10,20.0,Mobile Payment,Takeaway,104,Carlos,11,Friday,3,March,4,False,False
2024-07-31,19:15:00,Grilled Asparagus,Side,3.0,8,24.0,Mobile Payment,Delivery,104,Carlos,19,Wednesday,7,July,2,False,False
2024-11-17,20:45:00,Truffle Fries,Side,6.0,8,48.0,Mobile Payment,Takeaway,103,Emily,20,Sunday,11,November,6,True,False
2024-08-08,16:30:00,Caesar Salad,Appetizer,4.0,10,40.0,Mobile Payment,Takeaway,101,Sarah,16,Thursday,8,August,3,False,False
2024-12-20,13:30:00,Truffle Fries,Side,3.0,8,24.0,Mobile Payment,Delivery,102,Jake,13,Friday,12,December,4,False,False
2024-02-19,19:45:00,Cabernet Sauvignon,Beverage,5.0,16,80.0,Cash,Delivery,102,Jake,19,Monday,2,February,0,False,True
2024-06-27,22:15:00,Old Fashioned,Beverage,6.0,12,72.0,Mobile Payment,Dine-In,104,Carlos,22,Thursday,6,June,3,False,True
2024-11-12,18:45:00,Chocolate Lava Cake,Dessert,8.0,9,72.0,Cash,Dine-In,101,Sarah,18,Tuesday,11,November,1,False,True
2024-10-13,18:00:00,Mashed Potatoes,Side,8.0,7,56.0,Mobile Payment,Dine-In,101,Sarah,18,Sunday,10,October,6,True,False
2024-12-15,16:00:00,Truffle Fries,Side,3.0,8,24.0,Mobile Payment,Takeaway,101,Sarah,16,Sunday,12,December,6,True,False
2024-12-31,20:45:00,Grilled Asparagus,Side,5.2,8,41.6,Credit Card,Dine-In,104,Carlos,20,Tuesday,12,December,1,False,False
2024-06-07,19:30:00,Mashed Potatoes,Side,4.0,7,28.0,Mobile Payment,Delivery,104,Carlos,19,Friday,6,June,4,False,False
2024-03-14,19:30:00,Ribeye Steak,Entree,8.0,35,280.0,Cash,Delivery,103,Emily,19,Thursday,3,March,3,False,True
2024-10-27,12:00:00,Chocolate Lava Cake,Dessert,1.0,9,9.0,Mobile Payment,Takeaway,102,Jake,12,Sunday,10,October,6,True,False
2024-04-09,14:15:00,New York Strip,Entree,1.0,38,38.0,Mobile Payment,Takeaway,101,Sarah,14,Tuesday,4,April,1,False,False
2024-06-18,12:00:00,Grilled Asparagus,Side,6.0,8,48.0,Mobile Payment,Delivery,104,Carlos,12,Tuesday,6,June,1,False,False
2024-07-27,17:45:00,New York Strip,Entree,7.0,38,266.0,Cash,Dine-In,103,Emily,17,Saturday,7,July,5,True,True
2024-06-30,13:45:00,Shrimp Cocktail,Appetizer,4.0,14,56.0,Cash,Dine-In,103,Emily,13,Sunday,6,June,6,True,False
2024-07-24,14:15:00,Mashed Potatoes,Side,1.0,7,7.0,Credit Card,Takeaway,101,Sarah,14,Wednesday,7,July,2,False,False
2024-09-25,15:00:00,Chocolate Lava Cake,Dessert,1.0,9,9.0,Mobile Payment,Dine-In,103,Emily,15,Wednesday,9,September,2,False,False
2024-02-18,13:00:00,Cabernet Sauvignon,Beverage,1.0,16,16.0,Cash,Takeaway,104,Carlos,13,Sunday,2,February,6,True,False
2024-06-05,11:30:00,Filet Mignon,Entree,2.0,42,84.0,Cash,Delivery,105,Nina,11,Wednesday,6,June,2,False,True
2024-09-12,13:15:00,Mashed Potatoes,Side,1.0,7,7.0,Mobile Payment,Dine-In,105,Nina,13,Thursday,9,September,3,False,False
2024-07-10,20:15:00,Old Fashioned,Beverage,5.0,12,60.0,Mobile Payment,Dine-In,104,Carlos,20,Wednesday,7,July,2,False,False
2024-01-16,20:00:00,Cabernet Sauvignon,Beverage,2.0,16,32.0,Credit Card,Takeaway,101,Sarah,20,Tuesday,1,January,1,False,False
2024-06-27,21:15:00,Chocolate Lava Cake,Dessert,12.0,9,108.0,Cash,Dine-In,104,Carlos,21,Thursday,6,June,3,False,True
2024-04-08,20:15:00,Chocolate Lava Cake,Dessert,5.0,9,45.0,Credit Card,Delivery,105,Nina,20,Monday,4,April,0,False,False
2024-07-18,18:00:00,Bourbon BBQ Burger,Entree,9.0,22,198.0,Cash,Takeaway,102,Jake,18,Thursday,7,July,3,False,True
2024-07-06,13:15:00,Old Fashioned,Beverage,3.0,12,36.0,Credit Card,Dine-In,103,Emily,13,Saturday,7,July,5,True,False
2024-01-31,18:00:00,Cabernet Sauvignon,Beverage,2.0,16,32.0,Mobile Payment,Delivery,103,Emily,18,Wednesday,1,January,2,False,False
2024-09-26,20:45:00,Cabernet Sauvignon,Beverage,3.0,16,48.0,Credit Card,Takeaway,102,Jake,20,Thursday,9,September,3,False,False
2024-08-17,14:30:00,Bourbon BBQ Burger,Entree,7.0,22,154.0,Credit Card,Takeaway,104,Carlos,14,Saturday,8,August,5,True,True
2024-02-12,18:00:00,Old Fashioned,Beverage,2.0,12,24.0,Credit Card,Delivery,104,Carlos,18,Monday,2,February,0,False,False
2024-11-08,17:30:00,Old Fashioned,Beverage,5.0,12,60.0,Mobile Payment,Delivery,101,Sarah,17,Friday,11,November,4,False,False
2024-09-27,11:15:00,Filet Mignon,Entree,5.0,42,210.0,Mobile Payment,Delivery,105,Nina,11,Friday,9,September,4,False,True
2024-10-04,13:30:00,Truffle Fries,Side,2.0,8,16.0,Mobile Payment,Dine-In,101,Sarah,13,Friday,10,October,4,False,False
2024-06-04,17:15:00,Mashed Potatoes,Side,12.0,7,84.0,Cash,Delivery,104,Carlos,17,Tuesday,6,June,1,False,True
2024-09-17,19:15:00,Cabernet Sauvignon,Beverage,7.0,16,112.0,Mobile Payment,Delivery,101,Sarah,19,Tuesday,9,September,1,False,True
2024-04-19,12:45:00,New York Strip,Entree,3.0,38,114.0,Mobile Payment,Takeaway,101,Sarah,12,Friday,4,April,4,False,True
2024-12-31,14:45:00,Caesar Salad,Appetizer,7.8,10,78.0,Mobile Payment,Delivery,101,Sarah,14,Tuesday,12,December,1,False,True
2024-01-24,17:15:00,Truffle Fries,Side,2.0,8,16.0,Credit Card,Dine-In,102,Jake,17,Wednesday,1,January,2,False,False
2024-12-03,16:15:00,Grilled Asparagus,Side,2.0,8,16.0,Credit Card,Takeaway,101,Sarah,16,Tuesday,12,December,1,False,False
2024-03-20,13:15:00,Chocolate Lava Cake,Dessert,3.0,9,27.0,Credit Card,Delivery,105,Nina,13,Wednesday,3,March,2,False,False
2024-12-29,21:30:00,Caesar Salad,Appetizer,7.0,10,70.0,Credit Card,Delivery,101,Sarah,21,Sunday,12,December,6,True,True
2024-07-31,17:45:00,Shrimp Cocktail,Appetizer,5.0,14,70.0,Credit Card,Takeaway,105,Nina,17,Wednesday,7,July,2,False,True
2024-01-06,21:45:00,Ribeye Steak,Entree,7.0,35,245.0,Cash,Delivery,102,Jake,21,Saturday,1,January,5,True,True
2024-02-06,21:00:00,Filet Mignon,Entree,4.0,42,168.0,Credit Card,Dine-In,102,Jake,21,Tuesday,2,February,1,False,True
2024-10-01,16:15:00,Truffle Fries,Side,3.0,8,24.0,Mobile Payment,Delivery,104,Carlos,16,Tuesday,10,October,1,False,False
2024-05-25,19:30:00,Shrimp Cocktail,Appetizer,9.0,14,126.0,Credit Card,Dine-In,101,Sarah,19,Saturday,5,May,5,True,True
2024-07-21,14:00:00,Cabernet Sauvignon,Beverage,4.0,16,64.0,Cash,Dine-In,105,Nina,14,Sunday,7,July,6,True,True
2024-01-19,18:45:00,Filet Mignon,Entree,2.0,42,84.0,Cash,Dine-In,104,Carlos,18,Friday,1,January,4,False,True
2024-04-04,12:00:00,Caesar Salad,Appetizer,4.0,10,40.0,Mobile Payment,Takeaway,104,Carlos,12,Thursday,4,April,3,False,False
2024-03-14,18:00:00,Bourbon BBQ Burger,Entree,11.0,22,242.0,Cash,Dine-In,103,Emily,18,Thursday,3,March,3,False,True
2024-01-23,20:00:00,New York Strip,Entree,6.0,38,228.0,Credit Card,Dine-In,103,Emily,20,Tuesday,1,January,1,False,True
2024-08-24,14:00:00,Grilled Asparagus,Side,8.0,8,64.0,Cash,Takeaway,105,Nina,14,Saturday,8,August,5,True,True
2024-02-02,14:15:00,Bourbon BBQ Burger,Entree,3.0,22,66.0,Credit Card,Delivery,104,Carlos,14,Friday,2,February,4,False,True
2024-01-13,18:00:00,Caesar Salad,Appetizer,9.0,10,90.0,Mobile Payment,Takeaway,105,Nina,18,Saturday,1,January,5,True,True
2024-03-23,13:30:00,Ribeye Steak,Entree,1.0,35,35.0,Mobile Payment,Dine-In,104,Carlos,13,Saturday,3,March,5,True,False
2024-09-22,19:00:00,Chocolate Lava Cake,Dessert,4.0,9,36.0,Mobile Payment,Takeaway,103,Emily,19,Sunday,9,September,6,True,False
2024-01-20,13:00:00,Bourbon BBQ Burger,Entree,4.0,22,88.0,Cash,Takeaway,101,Sarah,13,Saturday,1,January,5,True,True
2024-10-15,11:45:00,Chocolate Lava Cake,Dessert,1.0,9,9.0,Cash,Delivery,101,Sarah,11,Tuesday,10,October,1,False,False
2024-10-15,19:00:00,Ribeye Steak,Entree,8.0,35,280.0,Mobile Payment,Delivery,104,Carlos,19,Tuesday,10,October,1,False,True
2024-05-24,21:45:00,Old Fashioned,Beverage,4.0,12,48.0,Mobile Payment,Takeaway,105,Nina,21,Friday,5,May,4,False,False
2024-05-08,16:45:00,Old Fashioned,Beverage,2.0,12,24.0,Credit Card,Delivery,103,Emily,16,Wednesday,5,May,2,False,False
2024-04-24,13:30:00,Bourbon BBQ Burger,Entree,2.0,22,44.0,Credit Card,Takeaway,102,Jake,13,Wednesday,4,April,2,False,False
2024-07-07,22:00:00,Grilled Asparagus,Side,6.0,8,48.0,Cash,Dine-In,104,Carlos,22,Sunday,7,July,6,True,False
2024-07-29,22:15:00,Grilled Asparagus,Side,4.0,8,32.0,Mobile Payment,Takeaway,102,Jake,22,Monday,7,July,0,False,False
2024-07-26,17:45:00,Old Fashioned,Beverage,8.0,12,96.0,Credit Card,Takeaway,104,Carlos,17,Friday,7,July,4,False,True
2024-07-05,16:30:00,Bourbon BBQ Burger,Entree,6.0,22,132.0,Cash,Delivery,105,Nina,16,Friday,7,July,4,False,True
2024-04-15,14:15:00,Truffle Fries,Side,2.0,8,16.0,Mobile Payment,Dine-In,105,Nina,14,Monday,4,April,0,False,False
2024-07-05,18:45:00,Mashed Potatoes,Side,6.0,7,42.0,Cash,Takeaway,102,Jake,18,Friday,7,July,4,False,False
2024-08-28,12:45:00,Shrimp Cocktail,Appetizer,4.0,14,56.0,Credit Card,Dine-In,102,Jake,12,Wednesday,8,August,2,False,False
2024-04-21,16:15:00,Bourbon BBQ Burger,Entree,4.0,22,88.0,Mobile Payment,Takeaway,102,Jake,16,Sunday,4,April,6,True,True
2024-08-14,11:15:00,Grilled Asparagus,Side,6.0,8,48.0,Mobile Payment,Dine-In,103,Emily,11,Wednesday,8,August,2,False,False
2024-12-14,20:15:00,Bourbon BBQ Burger,Entree,7.0,22,154.0,Mobile Payment,Dine-In,102,Jake,20,Saturday,12,December,5,True,True
2024-07-29,16:45:00,Caesar Salad,Appetizer,2.0,10,20.0,Credit Card,Takeaway,105,Nina,16,Monday,7,July,0,False,False
2024-11-09,19:00:00,Bourbon BBQ Burger,Entree,2.0,22,44.0,Cash,Dine-In,101,Sarah,19,Saturday,11,November,5,True,False
2024-01-05,11:30:00,Filet Mignon,Entree,4.0,42,168.0,Credit Card,Dine-In,102,Jake,11,Friday,1,January,4,False,True
2024-04-19,15:00:00,Mashed Potatoes,Side,6.0,7,42.0,Credit Card,Delivery,104,Carlos,15,Friday,4,April,4,False,False
2024-08-31,16:15:00,Shrimp Cocktail,Appetizer,6.0,14,84.0,Cash,Delivery,102,Jake,16,Saturday,8,August,5,True,True
2024-03-18,13:45:00,Filet Mignon,Entree,5.0,42,210.0,Mobile Payment,Takeaway,102,Jake,13,Monday,3,March,0,False,True
2024-10-14,19:45:00,Truffle Fries,Side,6.0,8,48.0,Mobile Payment,Dine-In,101,Sarah,19,Monday,10,October,0,False,False
2024-12-05,13:45:00,Filet Mignon,Entree,1.0,42,42.0,Cash,Takeaway,104,Carlos,13,Thursday,12,December,3,False,False
2024-07-13,18:15:00,Ribeye Steak,Entree,9.0,35,315.0,Mobile Payment,Takeaway,104,Carlos,18,Saturday,7,July,5,True,True
2024-10-26,20:15:00,Old Fashioned,Beverage,2.0,12,24.0,Credit Card,Delivery,105,Nina,20,Saturday,10,October,5,True,False
2024-06-25,16:00:00,Mashed Potatoes,Side,1.0,7,7.0,Cash,Dine-In,105,Nina,16,Tuesday,6,June,1,False,False
2024-06-02,21:45:00,New York Strip,Entree,2.0,38,76.0,Mobile Payment,Dine-In,103,Emily,21,Sunday,6,June,6,True,True
2024-05-29,22:00:00,Mashed Potatoes,Side,10.0,7,70.0,Credit Card,Dine-In,105,Nina,22,Wednesday,5,May,2,False,True
2024-10-29,17:15:00,Mashed Potatoes,Side,6.0,7,42.0,Cash,Delivery,103,Emily,17,Tuesday,10,October,1,False,False
2024-09-23,11:45:00,Mashed Potatoes,Side,2.0,7,14.0,Cash,Delivery,102,Jake,11,Monday,9,September,0,False,False
2024-12-24,15:30:00,Old Fashioned,Beverage,4.0,12,48.0,Credit Card,Dine-In,103,Emily,15,Tuesday,12,December,1,False,False
2024-12-02,18:00:00,Mashed Potatoes,Side,11.0,7,77.0,Cash,Dine-In,105,Nina,18,Monday,12,December,0,False,True
2024-01-06,22:00:00,Shrimp Cocktail,Appetizer,9.0,14,126.0,Cash,Takeaway,104,Carlos,22,Saturday,1,January,5,True,True
2024-07-17,11:30:00,Truffle Fries,Side,4.0,8,32.0,Credit Card,Takeaway,105,Nina,11,Wednesday,7,July,2,False,False
2024-08-05,17:30:00,New York Strip,Entree,7.0,38,266.0,Mobile Payment,Takeaway,105,Nina,17,Monday,8,August,0,False,True
2024-04-08,18:30:00,Shrimp Cocktail,Appetizer,2.0,14,28.0,Credit Card,Delivery,101,Sarah,18,Monday,4,April,0,False,False
2024-12-07,16:00:00,Ribeye Steak,Entree,4.0,35,140.0,Cash,Dine-In,101,Sarah,16,Saturday,12,December,5,True,True
2024-03-31,16:00:00,New York Strip,Entree,4.0,38,152.0,Cash,Dine-In,101,Sarah,16,Sunday,3,March,6,True,True
2024-01-05,22:00:00,Truffle Fries,Side,5.0,8,40.0,Mobile Payment,Dine-In,102,Jake,22,Friday,1,January,4,False,False
2024-10-25,21:45:00,Bourbon BBQ Burger,Entree,6.0,22,132.0,Mobile Payment,Dine-In,105,Nina,21,Friday,10,October,4,False,True
2024-03-03,11:15:00,Caesar Salad,Appetizer,1.0,10,10.0,Cash,Dine-In,101,Sarah,11,Sunday,3,March,6,True,False
2024-01-02,17:15:00,Caesar Salad,Appetizer,2.0,10,20.0,Mobile Payment,Dine-In,104,Carlos,17,Tuesday,1,January,1,False,False
2024-06-13,21:15:00,Old Fashioned,Beverage,4.0,12,48.0,Mobile Payment,Takeaway,105,Nina,21,Thursday,6,June,3,False,False
2024-12-27,13:45:00,Shrimp Cocktail,Appetizer,7.0,14,98.0,Cash,Takeaway,102,Jake,13,Friday,12,December,4,False,True
2024-09-16,11:00:00,New York Strip,Entree,2.0,38,76.0,Credit Card,Dine-In,105,Nina,11,Monday,9,September,0,False,True
2024-10-21,14:00:00,Truffle Fries,Side,1.0,8,8.0,Cash,Dine-In,103,Emily,14,Monday,10,October,0,False,False
2024-04-26,13:45:00,Bourbon BBQ Burger,Entree,8.0,22,176.0,Credit Card,Delivery,104,Carlos,13,Friday,4,April,4,False,True
2024-09-16,21:30:00,Caesar Salad,Appetizer,7.0,10,70.0,Credit Card,Takeaway,102,Jake,21,Monday,9,September,0,False,True
2024-09-28,11:30:00,Shrimp Cocktail,Appetizer,4.0,14,56.0,Cash,Dine-In,101,Sarah,11,Saturday,9,September,5,True,False
2024-09-09,16:00:00,Chocolate Lava Cake,Dessert,4.0,9,36.0,Cash,Delivery,104,Carlos,16,Monday,9,September,0,False,False
2024-01-07,22:00:00,Mashed Potatoes,Side,11.0,7,77.0,Credit Card,Delivery,105,Nina,22,Sunday,1,January,6,True,True
2024-12-13,12:30:00,Truffle Fries,Side,5.0,8,40.0,Credit Card,Takeaway,104,Carlos,12,Friday,12,December,4,False,False
2024-07-08,18:30:00,Old Fashioned,Beverage,7.0,12,84.0,Mobile Payment,Delivery,102,Jake,18,Monday,7,July,0,False,True
2024-04-26,20:15:00,Ribeye Steak,Entree,5.0,35,175.0,Credit Card,Takeaway,104,Carlos,20,Friday,4,April,4,False,True
2024-06-15,17:45:00,Old Fashioned,Beverage,7.0,12,84.0,Cash,Dine-In,104,Carlos,17,Saturday,6,June,5,True,True
2024-08-02,11:15:00,Mashed Potatoes,Side,5.0,7,35.0,Mobile Payment,Dine-In,104,Carlos,11,Friday,8,August,4,False,False
2024-07-06,11:45:00,Bourbon BBQ Burger,Entree,4.0,22,88.0,Cash,Delivery,102,Jake,11,Saturday,7,July,5,True,True
2024-04-21,12:00:00,Grilled Asparagus,Side,5.0,8,40.0,Cash,Takeaway,103,Emily,12,Sunday,4,April,6,True,False
2024-04-11,11:45:00,Grilled Asparagus,Side,2.0,8,16.0,Credit Card,Delivery,103,Emily,11,Thursday,4,April,3,False,False
2024-04-26,14:45:00,Chocolate Lava Cake,Dessert,6.0,9,54.0,Credit Card,Takeaway,102,Jake,14,Friday,4,April,4,False,False
2024-09-06,21:00:00,Mashed Potatoes,Side,2.0,7,14.0,Cash,Takeaway,104,Carlos,21,Friday,9,September,4,False,False
2024-11-07,15:15:00,Caesar Salad,Appetizer,6.0,10,60.0,Credit Card,Dine-In,104,Carlos,15,Thursday,11,November,3,False,False
2024-09-08,11:30:00,Bourbon BBQ Burger,Entree,2.0,22,44.0,Credit Card,Delivery,103,Emily,11,Sunday,9,September,6,True,False
2024-12-16,20:45:00,Chocolate Lava Cake,Dessert,2.0,9,18.0,Mobile Payment,Dine-In,105,Nina,20,Monday,12,December,0,False,False
2024-05-24,16:30:00,Truffle Fries,Side,3.0,8,24.0,Credit Card,Delivery,104,Carlos,16,Friday,5,May,4,False,False
2024-02-02,11:45:00,Mashed Potatoes,Side,7.0,7,49.0,Cash,Dine-In,103,Emily,11,Friday,2,February,4,False,False
2024-12-18,14:30:00,Bourbon BBQ Burger,Entree,4.0,22,88.0,Credit Card,Delivery,103,Emily,14,Wednesday,12,December,2,False,True
2024-10-22,16:15:00,New York Strip,Entree,3.0,38,114.0,Mobile Payment,Delivery,102,Jake,16,Tuesday,10,October,1,False,True
2024-12-28,20:15:00,Caesar Salad,Appetizer,7.0,10,70.0,Mobile Payment,Takeaway,101,Sarah,20,Saturday,12,December,5,True,True
2024-06-09,19:00:00,Grilled Asparagus,Side,4.0,8,32.0,Mobile Payment,Takeaway,101,Sarah,19,Sunday,6,June,6,True,False
2024-09-27,18:45:00,Chocolate Lava Cake,Dessert,7.0,9,63.0,Cash,Takeaway,104,Carlos,18,Friday,9,September,4,False,True
2024-04-08,15:15:00,Mashed Potatoes,Side,1.0,7,7.0,Credit Card,Dine-In,102,Jake,15,Monday,4,April,0,False,False
2024-11-20,11:30:00,Mashed Potatoes,Side,4.0,7,28.0,Credit Card,Delivery,102,Jake,11,Wednesday,11,November,2,False,False
2024-05-19,16:45:00,Mashed Potatoes,Side,5.0,7,35.0,Mobile Payment,Dine-In,102,Jake,16,Sunday,5,May,6,True,False
2024-11-01,20:00:00,Shrimp Cocktail,Appetizer,2.0,14,28.0,Mobile Payment,Dine-In,105,Nina,20,Friday,11,November,4,False,False
2024-09-15,15:15:00,Grilled Asparagus,Side,4.0,8,32.0,Mobile Payment,Dine-In,103,Emily,15,Sunday,9,September,6,True,False
2024-05-13,14:15:00,Shrimp Cocktail,Appetizer,1.0,14,14.0,Cash,Delivery,104,Carlos,14,Monday,5,May,0,False,False
2024-02-10,16:45:00,New York Strip,Entree,6.0,38,228.0,Mobile Payment,Takeaway,105,Nina,16,Saturday,2,February,5,True,True
2024-03-21,20:45:00,Mashed Potatoes,Side,2.0,7,14.0,Credit Card,Takeaway,103,Emily,20,Thursday,3,March,3,False,False
2024-04-11,22:45:00,Shrimp Cocktail,Appetizer,4.0,14,56.0,Mobile Payment,Dine-In,103,Emily,22,Thursday,4,April,3,False,False
2024-01-09,12:00:00,Mashed Potatoes,Side,5.0,7,35.0,Credit Card,Takeaway,102,Jake,12,Tuesday,1,January,1,False,False
2024-06-10,22:45:00,Cabernet Sauvignon,Beverage,2.0,16,32.0,Mobile Payment,Takeaway,103,Emily,22,Monday,6,June,0,False,False
2024-07-21,13:30:00,Chocolate Lava Cake,Dessert,1.0,9,9.0,Mobile Payment,Takeaway,103,Emily,13,Sunday,7,July,6,True,False
2024-10-16,20:00:00,Cabernet Sauvignon,Beverage,2.0,16,32.0,Mobile Payment,Delivery,102,Jake,20,Wednesday,10,October,2,False,False
2024-09-11,12:00:00,New York Strip,Entree,2.0,38,76.0,Cash,Delivery,102,Jake,12,Wednesday,9,September,2,False,True
2024-12-31,14:00:00,Mashed Potatoes,Side,3.9,7,27.3,Credit Card,Dine-In,104,Carlos,14,Tuesday,12,December,1,False,False
2024-06-24,12:45:00,Grilled Asparagus,Side,5.0,8,40.0,Cash,Delivery,104,Carlos,12,Monday,6,June,0,False,False
2024-11-24,17:15:00,Cabernet Sauvignon,Beverage,2.0,16,32.0,Cash,Takeaway,102,Jake,17,Sunday,11,November,6,True,False
2024-02-29,15:15:00,Caesar Salad,Appetizer,1.0,10,10.0,Mobile Payment,Delivery,105,Nina,15,Thursday,2,February,3,False,False
2024-01-13,11:15:00,Old Fashioned,Beverage,2.0,12,24.0,Cash,Dine-In,102,Jake,11,Saturday,1,January,5,True,False
2024-03-19,13:30:00,Mashed Potatoes,Side,5.0,7,35.0,Mobile Payment,Delivery,104,Carlos,13,Tuesday,3,March,1,False,False
2024-01-10,19:30:00,Old Fashioned,Beverage,2.0,12,24.0,Mobile Payment,Delivery,104,Carlos,19,Wednesday,1,January,2,False,False
2024-10-08,12:00:00,Caesar Salad,Appetizer,5.0,10,50.0,Cash,Dine-In,102,Jake,12,Tuesday,10,October,1,False,False
2024-10-25,18:00:00,Mashed Potatoes,Side,2.0,7,14.0,Mobile Payment,Takeaway,105,Nina,18,Friday,10,October,4,False,False
2024-03-25,17:15:00,New York Strip,Entree,9.0,38,342.0,Cash,Delivery,105,Nina,17,Monday,3,March,0,False,True
2024-05-24,15:30:00,Cabernet Sauvignon,Beverage,6.0,16,96.0,Cash,Dine-In,105,Nina,15,Friday,5,May,4,False,True
2024-05-11,16:15:00,Mashed Potatoes,Side,6.0,7,42.0,Credit Card,Dine-In,103,Emily,16,Saturday,5,May,5,True,False
2024-08-19,11:45:00,Chocolate Lava Cake,Dessert,5.0,9,45.0,Credit Card,Dine-In,102,Jake,11,Monday,8,August,0,False,False
2024-02-27,11:45:00,Filet Mignon,Entree,2.0,42,84.0,Cash,Delivery,103,Emily,11,Tuesday,2,February,1,False,True
2024-12-19,21:15:00,Chocolate Lava Cake,Dessert,6.0,9,54.0,Credit Card,Takeaway,101,Sarah,21,Thursday,12,December,3,False,False
2024-11-27,21:15:00,Chocolate Lava Cake,Dessert,6.0,9,54.0,Cash,Delivery,101,Sarah,21,Wednesday,11,November,2,False,False
2024-06-07,11:15:00,New York Strip,Entree,5.0,38,190.0,Cash,Takeaway,104,Carlos,11,Friday,6,June,4,False,True
2024-06-16,18:45:00,Chocolate Lava Cake,Dessert,5.0,9,45.0,Credit Card,Takeaway,105,Nina,18,Sunday,6,June,6,True,False
2024-11-01,15:15:00,Filet Mignon,Entree,8.0,42,336.0,Cash,Dine-In,101,Sarah,15,Friday,11,November,4,False,True
2024-11-13,11:00:00,Shrimp Cocktail,Appetizer,1.0,14,14.0,Credit Card,Takeaway,104,Carlos,11,Wednesday,11,November,2,False,False
2024-10-17,13:00:00,Ribeye Steak,Entree,3.0,35,105.0,Cash,Delivery,102,Jake,13,Thursday,10,October,3,False,True
2024-08-04,22:30:00,Filet Mignon,Entree,5.0,42,210.0,Credit Card,Delivery,101,Sarah,22,Sunday,8,August,6,True,True
2024-06-01,11:00:00,Shrimp Cocktail,Appetizer,3.0,14,42.0,Credit Card,Takeaway,102,Jake,11,Saturday,6,June,5,True,False
2024-03-02,21:00:00,Old Fashioned,Beverage,3.0,12,36.0,Cash,Dine-In,101,Sarah,21,Saturday,3,March,5,True,False
2024-04-30,18:30:00,Shrimp Cocktail,Appetizer,2.0,14,28.0,Mobile Payment,Delivery,104,Carlos,18,Tuesday,4,April,1,False,False
2024-02-02,22:15:00,Caesar Salad,Appetizer,2.0,10,20.0,Credit Card,Delivery,104,Carlos,22,Friday,2,February,4,False,False
2024-01-16,11:45:00,Grilled Asparagus,Side,4.0,8,32.0,Credit Card,Dine-In,101,Sarah,11,Tuesday,1,January,1,False,False
2024-10-22,11:00:00,Shrimp Cocktail,Appetizer,3.0,14,42.0,Mobile Payment,Takeaway,102,Jake,11,Tuesday,10,October,1,False,False
2024-05-16,11:30:00,Caesar Salad,Appetizer,2.0,10,20.0,Mobile Payment,Takeaway,101,Sarah,11,Thursday,5,May,3,False,False
2024-11-28,11:45:00,Cabernet Sauvignon,Beverage,3.6,16,57.6,Cash,Delivery,101,Sarah,11,Thursday,11,November,3,False,False
2024-05-26,16:00:00,Chocolate Lava Cake,Dessert,3.0,9,27.0,Credit Card,Takeaway,105,Nina,16,Sunday,5,May,6,True,False
2024-03-24,16:30:00,Truffle Fries,Side,5.0,8,40.0,Mobile Payment,Dine-In,103,Emily,16,Sunday,3,March,6,True,False
2024-11-23,16:45:00,New York Strip,Entree,10.0,38,380.0,Credit Card,Takeaway,104,Carlos,16,Saturday,11,November,5,True,True
2024-06-26,15:15:00,Bourbon BBQ Burger,Entree,4.0,22,88.0,Mobile Payment,Delivery,104,Carlos,15,Wednesday,6,June,2,False,True
2024-07-03,17:00:00,Chocolate Lava Cake,Dessert,6.0,9,54.0,Cash,Takeaway,103,Emily,17,Wednesday,7,July,2,False,False
2024-11-26,18:45:00,Cabernet Sauvignon,Beverage,5.0,16,80.0,Cash,Takeaway,105,Nina,18,Tuesday,11,November,1,False,True
2024-11-16,13:30:00,Cabernet Sauvignon,Beverage,4.0,16,64.0,Mobile Payment,Dine-In,102,Jake,13,Saturday,11,November,5,True,True
2024-12-20,17:00:00,Grilled Asparagus,Side,2.0,8,16.0,Mobile Payment,Delivery,101,Sarah,17,Friday,12,December,4,False,False
2024-09-23,12:00:00,Shrimp Cocktail,Appetizer,4.0,14,56.0,Mobile Payment,Dine-In,102,Jake,12,Monday,9,September,0,False,False
2024-12-16,22:30:00,Old Fashioned,Beverage,2.0,12,24.0,Credit Card,Delivery,103,Emily,22,Monday,12,December,0,False,False
2024-10-07,17:45:00,Caesar Salad,Appetizer,9.0,10,90.0,Credit Card,Delivery,104,Carlos,17,Monday,10,October,0,False,True
2024-12-18,12:15:00,Bourbon BBQ Burger,Entree,4.0,22,88.0,Cash,Delivery,102,Jake,12,Wednesday,12,December,2,False,True
2024-01-01,19:00:00,Old Fashioned,Beverage,6.0,12,72.0,Cash,Delivery,103,Emily,19,Monday,1,January,0,False,True
2024-05-03,17:30:00,Caesar Salad,Appetizer,10.0,10,100.0,Mobile Payment,Dine-In,102,Jake,17,Friday,5,May,4,False,True
2024-01-13,11:00:00,Shrimp Cocktail,Appetizer,2.0,14,28.0,Cash,Dine-In,101,Sarah,11,Saturday,1,January,5,True,False
2024-02-04,15:45:00,Filet Mignon,Entree,4.0,42,168.0,Credit Card,Delivery,104,Carlos,15,Sunday,2,February,6,True,True
2024-01-06,22:30:00,Mashed Potatoes,Side,8.0,7,56.0,Credit Card,Dine-In,103,Emily,22,Saturday,1,January,5,True,False
2024-08-07,20:45:00,Bourbon BBQ Burger,Entree,10.0,22,220.0,Mobile Payment,Dine-In,104,Carlos,20,Wednesday,8,August,2,False,True
2024-01-17,18:30:00,Mashed Potatoes,Side,2.0,7,14.0,Credit Card,Delivery,104,Carlos,18,Wednesday,1,January,2,False,False
2024-07-15,19:00:00,Grilled Asparagus,Side,10.0,8,80.0,Mobile Payment,Takeaway,104,Carlos,19,Monday,7,July,0,False,True
2024-01-14,17:00:00,Old Fashioned,Beverage,2.0,12,24.0,Credit Card,Takeaway,105,Nina,17,Sunday,1,January,6,True,False
2024-02-17,12:15:00,Truffle Fries,Side,1.0,8,8.0,Credit Card,Takeaway,103,Emily,12,Saturday,2,February,5,True,False
2024-05-03,20:45:00,Ribeye Steak,Entree,7.0,35,245.0,Credit Card,Delivery,104,Carlos,20,Friday,5,May,4,False,True
2024-04-20,20:45:00,Filet Mignon,Entree,2.0,42,84.0,Mobile Payment,Dine-In,105,Nina,20,Saturday,4,April,5,True,True
2024-12-11,11:45:00,Filet Mignon,Entree,6.0,42,252.0,Cash,Takeaway,103,Emily,11,Wednesday,12,December,2,False,True
2024-12-22,20:45:00,Cabernet Sauvignon,Beverage,2.0,16,32.0,Credit Card,Delivery,101,Sarah,20,Sunday,12,December,6,True,False
2024-12-23,19:45:00,New York Strip,Entree,7.0,38,266.0,Credit Card,Dine-In,101,Sarah,19,Monday,12,December,0,False,True
2024-05-28,20:30:00,Grilled Asparagus,Side,2.0,8,16.0,Mobile Payment,Dine-In,101,Sarah,20,Tuesday,5,May,1,False,False
2024-04-11,18:45:00,Caesar Salad,Appetizer,2.0,10,20.0,Credit Card,Delivery,102,Jake,18,Thursday,4,April,3,False,False
2024-07-11,11:30:00,New York Strip,Entree,2.0,38,76.0,Credit Card,Delivery,105,Nina,11,Thursday,7,July,3,False,True
2024-09-09,14:45:00,Truffle Fries,Side,1.0,8,8.0,Cash,Dine-In,102,Jake,14,Monday,9,September,0,False,False
2024-03-08,22:00:00,Old Fashioned,Beverage,7.0,12,84.0,Credit Card,Delivery,104,Carlos,22,Friday,3,March,4,False,True
2024-01-11,22:30:00,Bourbon BBQ Burger,Entree,9.0,22,198.0,Cash,Takeaway,104,Carlos,22,Thursday,1,January,3,False,True
2024-01-18,15:45:00,Cabernet Sauvignon,Beverage,4.0,16,64.0,Cash,Dine-In,101,Sarah,15,Thursday,1,January,3,False,True
2024-05-14,21:30:00,Old Fashioned,Beverage,8.0,12,96.0,Mobile Payment,Dine-In,102,Jake,21,Tuesday,5,May,1,False,True
2024-03-02,11:15:00,Filet Mignon,Entree,9.0,42,378.0,Cash,Delivery,102,Jake,11,Saturday,3,March,5,True,True
2024-08-16,21:30:00,Cabernet Sauvignon,Beverage,6.0,16,96.0,Credit Card,Dine-In,102,Jake,21,Friday,8,August,4,False,True
2024-10-25,17:00:00,Cabernet Sauvignon,Beverage,2.0,16,32.0,Cash,Dine-In,102,Jake,17,Friday,10,October,4,False,False
2024-06-02,13:45:00,Ribeye Steak,Entree,3.0,35,105.0,Cash,Delivery,101,Sarah,13,Sunday,6,June,6,True,True
2024-02-27,19:30:00,Chocolate Lava Cake,Dessert,12.0,9,108.0,Cash,Takeaway,102,Jake,19,Tuesday,2,February,1,False,True
2024-06-12,14:45:00,Caesar Salad,Appetizer,2.0,10,20.0,Mobile Payment,Takeaway,104,Carlos,14,Wednesday,6,June,2,False,False
2024-09-02,14:00:00,New York Strip,Entree,5.0,38,190.0,Mobile Payment,Delivery,105,Nina,14,Monday,9,September,0,False,True
2024-02-06,13:15:00,Cabernet Sauvignon,Beverage,2.0,16,32.0,Cash,Takeaway,105,Nina,13,Tuesday,2,February,1,False,False
2024-02-07,20:15:00,Caesar Salad,Appetizer,7.0,10,70.0,Mobile Payment,Takeaway,102,Jake,20,Wednesday,2,February,2,False,True
2024-05-14,17:00:00,Grilled Asparagus,Side,2.0,8,16.0,Credit Card,Takeaway,101,Sarah,17,Tuesday,5,May,1,False,False
2024-04-08,21:30:00,Grilled Asparagus,Side,7.0,8,56.0,Mobile Payment,Dine-In,102,Jake,21,Monday,4,April,0,False,False
2024-09-02,20:45:00,Bourbon BBQ Burger,Entree,3.0,22,66.0,Cash,Delivery,105,Nina,20,Monday,9,September,0,False,True
2024-05-27,18:00:00,Grilled Asparagus,Side,9.0,8,72.0,Cash,Takeaway,101,Sarah,18,Monday,5,May,0,False,True
2024-10-14,12:15:00,Bourbon BBQ Burger,Entree,1.0,22,22.0,Credit Card,Takeaway,104,Carlos,12,Monday,10,October,0,False,False
2024-05-23,18:30:00,Shrimp Cocktail,Appetizer,10.0,14,140.0,Mobile Payment,Takeaway,103,Emily,18,Thursday,5,May,3,False,True
2024-08-28,19:45:00,Grilled Asparagus,Side,11.0,8,88.0,Mobile Payment,Delivery,105,Nina,19,Wednesday,8,August,2,False,True
2024-11-02,21:15:00,Old Fashioned,Beverage,5.0,12,60.0,Cash,Delivery,104,Carlos,21,Saturday,11,November,5,True,False
2024-06-24,19:00:00,Shrimp Cocktail,Appetizer,6.0,14,84.0,Credit Card,Takeaway,105,Nina,19,Monday,6,June,0,False,True
2024-09-19,14:30:00,Mashed Potatoes,Side,2.0,7,14.0,Mobile Payment,Dine-In,103,Emily,14,Thursday,9,September,3,False,False
2024-06-05,14:30:00,Cabernet Sauvignon,Beverage,4.0,16,64.0,Credit Card,Takeaway,105,Nina,14,Wednesday,6,June,2,False,True
2024-08-05,21:15:00,Chocolate Lava Cake,Dessert,4.0,9,36.0,Mobile Payment,Takeaway,102,Jake,21,Monday,8,August,0,False,False
2024-12-17,21:30:00,Truffle Fries,Side,10.0,8,80.0,Mobile Payment,Takeaway,102,Jake,21,Tuesday,12,December,1,False,True
2024-08-24,20:15:00,Filet Mignon,Entree,7.0,42,294.0,Mobile Payment,Dine-In,102,Jake,20,Saturday,8,August,5,True,True
2024-11-02,21:30:00,New York Strip,Entree,9.0,38,342.0,Credit Card,Dine-In,104,Carlos,21,Saturday,11,November,5,True,True
2024-09-04,22:30:00,Chocolate Lava Cake,Dessert,9.0,9,81.0,Mobile Payment,Takeaway,102,Jake,22,Wednesday,9,September,2,False,True
2024-05-10,20:00:00,Shrimp Cocktail,Appetizer,2.0,14,28.0,Credit Card,Delivery,104,Carlos,20,Friday,5,May,4,False,False
2024-01-02,12:15:00,Shrimp Cocktail,Appetizer,4.0,14,56.0,Credit Card,Delivery,105,Nina,12,Tuesday,1,January,1,False,False
2024-05-21,19:45:00,Caesar Salad,Appetizer,7.0,10,70.0,Cash,Takeaway,104,Carlos,19,Tuesday,5,May,1,False,True
2024-10-31,12:45:00,Grilled Asparagus,Side,4.0,8,32.0,Credit Card,Dine-In,102,Jake,12,Thursday,10,October,3,False,False
2024-04-02,12:30:00,Ribeye Steak,Entree,1.0,35,35.0,Cash,Takeaway,101,Sarah,12,Tuesday,4,April,1,False,False
2024-10-07,19:30:00,New York Strip,Entree,2.0,38,76.0,Mobile Payment,Delivery,104,Carlos,19,Monday,10,October,0,False,True
2024-04-14,11:00:00,Ribeye Steak,Entree,1.0,35,35.0,Credit Card,Delivery,103,Emily,11,Sunday,4,April,6,True,False
2024-05-25,17:15:00,Caesar Salad,Appetizer,4.0,10,40.0,Mobile Payment,Delivery,105,Nina,17,Saturday,5,May,5,True,False
2024-05-16,19:30:00,Caesar Salad,Appetizer,4.0,10,40.0,Cash,Delivery,105,Nina,19,Thursday,5,May,3,False,False
2024-06-11,14:15:00,Grilled Asparagus,Side,2.0,8,16.0,Mobile Payment,Delivery,101,Sarah,14,Tuesday,6,June,1,False,False
2024-03-23,12:30:00,Old Fashioned,Beverage,2.0,12,24.0,Cash,Dine-In,104,Carlos,12,Saturday,3,March,5,True,False
2024-04-23,14:45:00,Chocolate Lava Cake,Dessert,2.0,9,18.0,Cash,Dine-In,103,Emily,14,Tuesday,4,April,1,False,False
2024-02-24,11:15:00,Bourbon BBQ Burger,Entree,6.0,22,132.0,Credit Card,Delivery,105,Nina,11,Saturday,2,February,5,True,True
2024-07-16,18:15:00,Caesar Salad,Appetizer,2.0,10,20.0,Cash,Takeaway,104,Carlos,18,Tuesday,7,July,1,False,False
2024-08-14,13:45:00,Chocolate Lava Cake,Dessert,4.0,9,36.0,Cash,Delivery,103,Emily,13,Wednesday,8,August,2,False,False
2024-04-15,21:45:00,Grilled Asparagus,Side,11.0,8,88.0,Credit Card,Takeaway,101,Sarah,21,Monday,4,April,0,False,True
2024-09-12,19:45:00,Old Fashioned,Beverage,10.0,12,120.0,Cash,Takeaway,102,Jake,19,Thursday,9,September,3,False,True
2024-12-26,12:45:00,New York Strip,Entree,4.0,38,152.0,Cash,Dine-In,103,Emily,12,Thursday,12,December,3,False,True
2024-06-29,17:30:00,Caesar Salad,Appetizer,7.0,10,70.0,Cash,Takeaway,105,Nina,17,Saturday,6,June,5,True,True
2024-08-28,11:15:00,Bourbon BBQ Burger,Entree,1.0,22,22.0,Credit Card,Delivery,101,Sarah,11,Wednesday,8,August,2,False,False
2024-07-18,20:30:00,Mashed Potatoes,Side,7.0,7,49.0,Cash,Takeaway,104,Carlos,20,Thursday,7,July,3,False,False
2024-08-16,17:00:00,Grilled Asparagus,Side,6.0,8,48.0,Credit Card,Dine-In,103,Emily,17,Friday,8,August,4,False,False
2024-07-06,15:45:00,New York Strip,Entree,3.0,38,114.0,Cash,Delivery,105,Nina,15,Saturday,7,July,5,True,True
2024-11-02,19:15:00,Ribeye Steak,Entree,7.0,35,245.0,Credit Card,Dine-In,102,Jake,19,Saturday,11,November,5,True,True
2024-02-16,22:15:00,Filet Mignon,Entree,9.0,42,378.0,Mobile Payment,Delivery,101,Sarah,22,Friday,2,February,4,False,True
2024-05-08,12:30:00,Old Fashioned,Beverage,2.0,12,24.0,Credit Card,Dine-In,104,Carlos,12,Wednesday,5,May,2,False,False
2024-05-22,13:15:00,Grilled Asparagus,Side,4.0,8,32.0,Cash,Delivery,101,Sarah,13,Wednesday,5,May,2,False,False
2024-04-28,12:00:00,Chocolate Lava Cake,Dessert,2.0,9,18.0,Credit Card,Delivery,104,Carlos,12,Sunday,4,April,6,True,False
2024-08-04,13:15:00,Ribeye Steak,Entree,2.0,35,70.0,Mobile Payment,Delivery,101,Sarah,13,Sunday,8,August,6,True,True
2024-02-04,12:30:00,New York Strip,Entree,5.0,38,190.0,Cash,Takeaway,105,Nina,12,Sunday,2,February,6,True,True
2024-07-07,22:15:00,New York Strip,Entree,11.0,38,418.0,Cash,Dine-In,101,Sarah,22,Sunday,7,July,6,True,True
2024-06-15,13:30:00,Cabernet Sauvignon,Beverage,2.0,16,32.0,Mobile Payment,Delivery,101,Sarah,13,Saturday,6,June,5,True,False
2024-07-20,13:15:00,Ribeye Steak,Entree,8.0,35,280.0,Cash,Dine-In,102,Jake,13,Saturday,7,July,5,True,True
2024-11-07,16:30:00,Old Fashioned,Beverage,2.0,12,24.0,Credit Card,Dine-In,101,Sarah,16,Thursday,11,November,3,False,False
2024-12-31,14:15:00,Bourbon BBQ Burger,Entree,7.8,22,171.6,Cash,Dine-In,104,Carlos,14,Tuesday,12,December,1,False,True
2024-03-10,11:30:00,Old Fashioned,Beverage,4.0,12,48.0,Credit Card,Delivery,104,Carlos,11,Sunday,3,March,6,True,False
2024-10-08,19:45:00,Cabernet Sauvignon,Beverage,9.0,16,144.0,Mobile Payment,Delivery,103,Emily,19,Tuesday,10,October,1,False,True
2024-11-06,20:45:00,Shrimp Cocktail,Appetizer,9.0,14,126.0,Credit Card,Dine-In,105,Nina,20,Wednesday,11,November,2,False,True
2024-09-12,13:00:00,Caesar Salad,Appetizer,1.0,10,10.0,Mobile Payment,Takeaway,103,Emily,13,Thursday,9,September,3,False,False
2024-02-29,20:45:00,Grilled Asparagus,Side,7.0,8,56.0,Credit Card,Takeaway,101,Sarah,20,Thursday,2,February,3,False,False
2024-06-10,18:15:00,Ribeye Steak,Entree,4.0,35,140.0,Credit Card,Delivery,102,Jake,18,Monday,6,June,0,False,True
2024-08-18,20:15:00,Bourbon BBQ Burger,Entree,7.0,22,154.0,Credit Card,Dine-In,102,Jake,20,Sunday,8,August,6,True,True
2024-01-09,14:45:00,Shrimp Cocktail,Appetizer,4.0,14,56.0,Credit Card,Takeaway,104,Carlos,14,Tuesday,1,January,1,False,False
2024-07-09,14:45:00,New York Strip,Entree,3.0,38,114.0,Cash,Dine-In,102,Jake,14,Tuesday,7,July,1,False,True
2024-11-23,12:30:00,Mashed Potatoes,Side,2.0,7,14.0,Credit Card,Takeaway,104,Carlos,12,Saturday,11,November,5,True,False
2024-11-30,17:00:00,Chocolate Lava Cake,Dessert,6.0,9,54.0,Credit Card,Delivery,105,Nina,17,Saturday,11,November,5,True,False
2024-09-01,11:45:00,Filet Mignon,Entree,3.0,42,126.0,Credit Card,Dine-In,103,Emily,11,Sunday,9,September,6,True,True
2024-09-16,13:00:00,Filet Mignon,Entree,2.0,42,84.0,Mobile Payment,Delivery,105,Nina,13,Monday,9,September,0,False,True
2024-05-18,11:00:00,Cabernet Sauvignon,Beverage,4.0,16,64.0,Mobile Payment,Delivery,103,Emily,11,Saturday,5,May,5,True,True
2024-01-13,18:45:00,Mashed Potatoes,Side,10.0,7,70.0,Credit Card,Takeaway,105,Nina,18,Saturday,1,January,5,True,True
2024-06-16,15:30:00,Ribeye Steak,Entree,4.0,35,140.0,Mobile Payment,Dine-In,104,Carlos,15,Sunday,6,June,6,True,True
2024-09-06,17:00:00,Bourbon BBQ Burger,Entree,11.0,22,242.0,Mobile Payment,Delivery,105,Nina,17,Friday,9,September,4,False,True
2024-09-16,12:15:00,Grilled Asparagus,Side,3.0,8,24.0,Mobile Payment,Delivery,104,Carlos,12,Monday,9,September,0,False,False
2024-11-21,15:15:00,New York Strip,Entree,2.0,38,76.0,Cash,Delivery,104,Carlos,15,Thursday,11,November,3,False,True
2024-05-21,17:15:00,Ribeye Steak,Entree,2.0,35,70.0,Credit Card,Dine-In,102,Jake,17,Tuesday,5,May,1,False,True
2024-04-09,17:15:00,Grilled Asparagus,Side,4.0,8,32.0,Credit Card,Delivery,105,Nina,17,Tuesday,4,April,1,False,False
2024-05-10,14:00:00,Filet Mignon,Entree,4.0,42,168.0,Cash,Takeaway,104,Carlos,14,Friday,5,May,4,False,True
2024-02-03,14:45:00,New York Strip,Entree,7.0,38,266.0,Cash,Dine-In,104,Carlos,14,Saturday,2,February,5,True,True
2024-06-24,20:30:00,Old Fashioned,Beverage,7.0,12,84.0,Mobile Payment,Delivery,105,Nina,20,Monday,6,June,0,False,True
2024-06-18,21:30:00,Cabernet Sauvignon,Beverage,3.0,16,48.0,Mobile Payment,Delivery,105,Nina,21,Tuesday,6,June,1,False,False
2024-09-23,21:30:00,Chocolate Lava Cake,Dessert,4.0,9,36.0,Cash,Dine-In,104,Carlos,21,Monday,9,September,0,False,False
2024-09-04,15:30:00,Cabernet Sauvignon,Beverage,3.0,16,48.0,Credit Card,Delivery,104,Carlos,15,Wednesday,9,September,2,False,False
2024-01-27,20:30:00,Shrimp Cocktail,Appetizer,2.0,14,28.0,Cash,Delivery,102,Jake,20,Saturday,1,January,5,True,False
2024-04-22,14:45:00,New York Strip,Entree,1.0,38,38.0,Mobile Payment,Delivery,105,Nina,14,Monday,4,April,0,False,False
2024-07-04,17:45:00,Grilled Asparagus,Side,10.0,8,80.0,Credit Card,Takeaway,101,Sarah,17,Thursday,7,July,3,False,True
2024-05-04,13:45:00,Bourbon BBQ Burger,Entree,2.0,22,44.0,Credit Card,Dine-In,104,Carlos,13,Saturday,5,May,5,True,False
2024-07-26,17:15:00,Grilled Asparagus,Side,7.0,8,56.0,Cash,Takeaway,103,Emily,17,Friday,7,July,4,False,False
2024-03-01,15:15:00,Old Fashioned,Beverage,6.0,12,72.0,Credit Card,Delivery,102,Jake,15,Friday,3,March,4,False,True
2024-07-26,17:15:00,Shrimp Cocktail,Appetizer,4.0,14,56.0,Mobile Payment,Dine-In,103,Emily,17,Friday,7,July,4,False,False
2024-03-22,20:30:00,Chocolate Lava Cake,Dessert,8.0,9,72.0,Cash,Dine-In,101,Sarah,20,Friday,3,March,4,False,True
2024-02-12,22:00:00,New York Strip,Entree,11.0,38,418.0,Credit Card,Takeaway,101,Sarah,22,Monday,2,February,0,False,True
2024-12-23,21:15:00,Ribeye Steak,Entree,2.0,35,70.0,Credit Card,Dine-In,101,Sarah,21,Monday,12,December,0,False,True
2024-03-09,15:30:00,Bourbon BBQ Burger,Entree,5.0,22,110.0,Mobile Payment,Delivery,101,Sarah,15,Saturday,3,March,5,True,True
2024-01-21,13:30:00,Mashed Potatoes,Side,1.0,7,7.0,Cash,Delivery,101,Sarah,13,Sunday,1,January,6,True,False
2024-01-21,20:00:00,Caesar Salad,Appetizer,5.0,10,50.0,Credit Card,Takeaway,101,Sarah,20,Sunday,1,January,6,True,False
2024-05-16,20:30:00,Chocolate Lava Cake,Dessert,11.0,9,99.0,Cash,Delivery,103,Emily,20,Thursday,5,May,3,False,True
2024-03-11,12:45:00,Chocolate Lava Cake,Dessert,3.0,9,27.0,Cash,Delivery,105,Nina,12,Monday,3,March,0,False,False
2024-02-19,18:15:00,Truffle Fries,Side,7.0,8,56.0,Cash,Takeaway,103,Emily,18,Monday,2,February,0,False,False
2024-12-06,13:45:00,Old Fashioned,Beverage,5.0,12,60.0,Mobile Payment,Takeaway,103,Emily,13,Friday,12,December,4,False,False
2024-11-30,22:45:00,Grilled Asparagus,Side,3.0,8,24.0,Credit Card,Delivery,103,Emily,22,Saturday,11,November,5,True,False
2024-04-17,14:45:00,New York Strip,Entree,2.0,38,76.0,Cash,Dine-In,101,Sarah,14,Wednesday,4,April,2,False,True
2024-10-27,12:15:00,Filet Mignon,Entree,3.0,42,126.0,Cash,Dine-In,101,Sarah,12,Sunday,10,October,6,True,True
2024-05-24,16:30:00,Chocolate Lava Cake,Dessert,3.0,9,27.0,Mobile Payment,Takeaway,104,Carlos,16,Friday,5,May,4,False,False
2024-07-28,12:30:00,Truffle Fries,Side,2.0,8,16.0,Credit Card,Delivery,101,Sarah,12,Sunday,7,July,6,True,False
2024-07-05,13:45:00,Caesar Salad,Appetizer,4.0,10,40.0,Cash,Dine-In,101,Sarah,13,Friday,7,July,4,False,False
2024-05-09,17:15:00,Old Fashioned,Beverage,7.0,12,84.0,Mobile Payment,Takeaway,103,Emily,17,Thursday,5,May,3,False,True
2024-08-18,13:30:00,Truffle Fries,Side,4.0,8,32.0,Mobile Payment,Takeaway,105,Nina,13,Sunday,8,August,6,True,False
2024-12-24,13:00:00,New York Strip,Entree,3.0,38,114.0,Credit Card,Dine-In,104,Carlos,13,Tuesday,12,December,1,False,True
2024-06-20,13:00:00,New York Strip,Entree,2.0,38,76.0,Mobile Payment,Delivery,104,Carlos,13,Thursday,6,June,3,False,True
2024-05-22,14:15:00,Grilled Asparagus,Side,1.0,8,8.0,Cash,Delivery,103,Emily,14,Wednesday,5,May,2,False,False
2024-12-30,16:30:00,Mashed Potatoes,Side,1.0,7,7.0,Cash,Takeaway,105,Nina,16,Monday,12,December,0,False,False
2024-04-13,14:15:00,Mashed Potatoes,Side,9.0,7,63.0,Credit Card,Delivery,104,Carlos,14,Saturday,4,April,5,True,True
2024-09-27,20:15:00,Grilled Asparagus,Side,2.0,8,16.0,Credit Card,Delivery,105,Nina,20,Friday,9,September,4,False,False
2024-10-07,15:45:00,Ribeye Steak,Entree,3.0,35,105.0,Credit Card,Dine-In,104,Carlos,15,Monday,10,October,0,False,True
2024-10-28,21:00:00,Old Fashioned,Beverage,7.0,12,84.0,Credit Card,Delivery,105,Nina,21,Monday,10,October,0,False,True
2024-04-28,16:15:00,Old Fashioned,Beverage,3.0,12,36.0,Credit Card,Delivery,101,Sarah,16,Sunday,4,April,6,True,False
2024-04-27,21:30:00,Grilled Asparagus,Side,7.0,8,56.0,Cash,Delivery,102,Jake,21,Saturday,4,April,5,True,False
2024-01-21,14:45:00,Caesar Salad,Appetizer,3.0,10,30.0,Cash,Takeaway,101,Sarah,14,Sunday,1,January,6,True,False
2024-02-08,15:45:00,Ribeye Steak,Entree,6.0,35,210.0,Mobile Payment,Delivery,103,Emily,15,Thursday,2,February,3,False,True
2024-11-03,21:00:00,Old Fashioned,Beverage,9.0,12,108.0,Cash,Delivery,105,Nina,21,Sunday,11,November,6,True,True
2024-05-27,12:15:00,Grilled Asparagus,Side,5.0,8,40.0,Mobile Payment,Takeaway,102,Jake,12,Monday,5,May,0,False,False
2024-10-06,21:15:00,Ribeye Steak,Entree,7.0,35,245.0,Cash,Takeaway,102,Jake,21,Sunday,10,October,6,True,True
2024-09-02,11:00:00,New York Strip,Entree,3.0,38,114.0,Cash,Delivery,103,Emily,11,Monday,9,September,0,False,True
2024-12-09,15:45:00,New York Strip,Entree,4.0,38,152.0,Cash,Delivery,102,Jake,15,Monday,12,December,0,False,True
2024-07-04,12:30:00,Shrimp Cocktail,Appetizer,6.0,14,84.0,Mobile Payment,Delivery,101,Sarah,12,Thursday,7,July,3,False,True
2024-02-09,13:00:00,Ribeye Steak,Entree,3.0,35,105.0,Cash,Takeaway,102,Jake,13,Friday,2,February,4,False,True
2024-02-28,18:30:00,Filet Mignon,Entree,10.0,42,420.0,Mobile Payment,Takeaway,105,Nina,18,Wednesday,2,February,2,False,True
2024-03-03,18:30:00,Filet Mignon,Entree,5.0,42,210.0,Cash,Takeaway,102,Jake,18,Sunday,3,March,6,True,True
2024-07-17,14:30:00,Truffle Fries,Side,1.0,8,8.0,Mobile Payment,Dine-In,101,Sarah,14,Wednesday,7,July,2,False,False
2024-03-24,13:30:00,New York Strip,Entree,6.0,38,228.0,Mobile Payment,Delivery,102,Jake,13,Sunday,3,March,6,True,True
2024-09-02,21:30:00,Ribeye Steak,Entree,7.0,35,245.0,Credit Card,Takeaway,101,Sarah,21,Monday,9,September,0,False,True
2024-09-19,17:15:00,New York Strip,Entree,4.0,38,152.0,Mobile Payment,Delivery,104,Carlos,17,Thursday,9,September,3,False,True
2024-10-27,22:00:00,Truffle Fries,Side,3.0,8,24.0,Mobile Payment,Takeaway,105,Nina,22,Sunday,10,October,6,True,False
2024-08-22,17:30:00,Bourbon BBQ Burger,Entree,7.0,22,154.0,Cash,Dine-In,101,Sarah,17,Thursday,8,August,3,False,True
2024-08-19,14:00:00,Chocolate Lava Cake,Dessert,3.0,9,27.0,Cash,Delivery,103,Emily,14,Monday,8,August,0,False,False
2024-11-28,16:45:00,Truffle Fries,Side,1.2,8,9.6,Credit Card,Takeaway,101,Sarah,16,Thursday,11,November,3,False,False
2024-03-09,12:00:00,Chocolate Lava Cake,Dessert,3.0,9,27.0,Credit Card,Takeaway,105,Nina,12,Saturday,3,March,5,True,False
2024-10-09,22:30:00,Filet Mignon,Entree,10.0,42,420.0,Cash,Delivery,103,Emily,22,Wednesday,10,October,2,False,True
2024-05-05,15:45:00,Shrimp Cocktail,Appetizer,1.0,14,14.0,Cash,Dine-In,103,Emily,15,Sunday,5,May,6,True,False
2024-12-06,13:30:00,Grilled Asparagus,Side,3.0,8,24.0,Credit Card,Takeaway,104,Carlos,13,Friday,12,December,4,False,False
2024-02-08,19:30:00,Filet Mignon,Entree,8.0,42,336.0,Credit Card,Delivery,103,Emily,19,Thursday,2,February,3,False,True
2024-07-27,11:00:00,Shrimp Cocktail,Appetizer,4.0,14,56.0,Cash,Delivery,101,Sarah,11,Saturday,7,July,5,True,False
2024-03-11,19:00:00,Mashed Potatoes,Side,2.0,7,14.0,Cash,Takeaway,103,Emily,19,Monday,3,March,0,False,False
2024-06-11,12:15:00,Chocolate Lava Cake,Dessert,2.0,9,18.0,Mobile Payment,Dine-In,102,Jake,12,Tuesday,6,June,1,False,False
2024-01-26,15:30:00,Cabernet Sauvignon,Beverage,8.0,16,128.0,Cash,Delivery,105,Nina,15,Friday,1,January,4,False,True
2024-10-22,22:30:00,Cabernet Sauvignon,Beverage,6.0,16,96.0,Cash,Takeaway,101,Sarah,22,Tuesday,10,October,1,False,True
2024-06-08,17:00:00,Bourbon BBQ Burger,Entree,6.0,22,132.0,Credit Card,Delivery,101,Sarah,17,Saturday,6,June,5,True,True
2024-03-11,12:00:00,Chocolate Lava Cake,Dessert,1.0,9,9.0,Cash,Takeaway,101,Sarah,12,Monday,3,March,0,False,False
2024-08-28,16:45:00,Cabernet Sauvignon,Beverage,1.0,16,16.0,Credit Card,Dine-In,105,Nina,16,Wednesday,8,August,2,False,False
2024-10-14,14:00:00,Mashed Potatoes,Side,2.0,7,14.0,Cash,Delivery,105,Nina,14,Monday,10,October,0,False,False
2024-12-24,12:00:00,Old Fashioned,Beverage,2.0,12,24.0,Mobile Payment,Delivery,102,Jake,12,Tuesday,12,December,1,False,False
2024-03-27,22:15:00,Grilled Asparagus,Side,2.0,8,16.0,Mobile Payment,Delivery,103,Emily,22,Wednesday,3,March,2,False,False
2024-10-22,22:15:00,Old Fashioned,Beverage,9.0,12,108.0,Cash,Dine-In,104,Carlos,22,Tuesday,10,October,1,False,True
2024-04-18,20:45:00,Caesar Salad,Appetizer,9.0,10,90.0,Credit Card,Takeaway,102,Jake,20,Thursday,4,April,3,False,True
2024-07-26,20:45:00,Chocolate Lava Cake,Dessert,7.0,9,63.0,Credit Card,Dine-In,105,Nina,20,Friday,7,July,4,False,True
2024-03-04,22:45:00,Shrimp Cocktail,Appetizer,12.0,14,168.0,Credit Card,Dine-In,101,Sarah,22,Monday,3,March,0,False,True
2024-07-26,20:15:00,Truffle Fries,Side,5.0,8,40.0,Mobile Payment,Dine-In,105,Nina,20,Friday,7,July,4,False,False
2024-04-04,21:00:00,Bourbon BBQ Burger,Entree,4.0,22,88.0,Cash,Delivery,101,Sarah,21,Thursday,4,April,3,False,True
2024-04-28,14:00:00,Truffle Fries,Side,1.0,8,8.0,Mobile Payment,Takeaway,102,Jake,14,Sunday,4,April,6,True,False
2024-04-21,15:00:00,Chocolate Lava Cake,Dessert,1.0,9,9.0,Mobile Payment,Dine-In,101,Sarah,15,Sunday,4,April,6,True,False
2024-12-22,11:45:00,Filet Mignon,Entree,3.0,42,126.0,Cash,Takeaway,102,Jake,11,Sunday,12,December,6,True,True
2024-03-16,22:00:00,Mashed Potatoes,Side,6.0,7,42.0,Credit Card,Takeaway,105,Nina,22,Saturday,3,March,5,True,False
2024-12-14,15:45:00,Bourbon BBQ Burger,Entree,4.0,22,88.0,Mobile Payment,Dine-In,102,Jake,15,Saturday,12,December,5,True,True
2024-07-18,16:15:00,Bourbon BBQ Burger,Entree,2.0,22,44.0,Credit Card,Takeaway,103,Emily,16,Thursday,7,July,3,False,False
2024-08-11,11:30:00,Ribeye Steak,Entree,4.0,35,140.0,Credit Card,Dine-In,101,Sarah,11,Sunday,8,August,6,True,True
2024-01-31,22:45:00,Cabernet Sauvignon,Beverage,5.0,16,80.0,Cash,Takeaway,101,Sarah,22,Wednesday,1,January,2,False,True
2024-05-27,13:30:00,Shrimp Cocktail,Appetizer,2.0,14,28.0,Credit Card,Dine-In,104,Carlos,13,Monday,5,May,0,False,False
2024-09-28,12:45:00,Mashed Potatoes,Side,6.0,7,42.0,Mobile Payment,Dine-In,104,Carlos,12,Saturday,9,September,5,True,False
2024-04-12,22:30:00,Old Fashioned,Beverage,9.0,12,108.0,Credit Card,Dine-In,104,Carlos,22,Friday,4,April,4,False,True
2024-04-22,18:15:00,Ribeye Steak,Entree,5.0,35,175.0,Mobile Payment,Takeaway,104,Carlos,18,Monday,4,April,0,False,True
2024-04-22,19:15:00,Filet Mignon,Entree,6.0,42,252.0,Mobile Payment,Takeaway,105,Nina,19,Monday,4,April,0,False,True
2024-05-10,22:00:00,Shrimp Cocktail,Appetizer,12.0,14,168.0,Credit Card,Delivery,104,Carlos,22,Friday,5,May,4,False,True
2024-01-11,12:00:00,Caesar Salad,Appetizer,4.0,10,40.0,Credit Card,Dine-In,105,Nina,12,Thursday,1,January,3,False,False
2024-11-10,20:15:00,Bourbon BBQ Burger,Entree,6.0,22,132.0,Mobile Payment,Dine-In,102,Jake,20,Sunday,11,November,6,True,True
2024-01-11,16:45:00,Chocolate Lava Cake,Dessert,3.0,9,27.0,Cash,Takeaway,102,Jake,16,Thursday,1,January,3,False,False
2024-04-05,12:30:00,Truffle Fries,Side,7.0,8,56.0,Credit Card,Delivery,103,Emily,12,Friday,4,April,4,False,False
2024-10-27,14:45:00,Bourbon BBQ Burger,Entree,5.0,22,110.0,Mobile Payment,Delivery,103,Emily,14,Sunday,10,October,6,True,True
2024-02-19,17:45:00,Chocolate Lava Cake,Dessert,4.0,9,36.0,Cash,Takeaway,101,Sarah,17,Monday,2,February,0,False,False
2024-06-21,16:45:00,Caesar Salad,Appetizer,6.0,10,60.0,Credit Card,Takeaway,102,Jake,16,Friday,6,June,4,False,False
2024-08-08,19:00:00,Truffle Fries,Side,2.0,8,16.0,Cash,Delivery,102,Jake,19,Thursday,8,August,3,False,False
2024-04-28,17:00:00,Caesar Salad,Appetizer,7.0,10,70.0,Credit Card,Delivery,101,Sarah,17,Sunday,4,April,6,True,True
2024-02-22,21:45:00,Truffle Fries,Side,4.0,8,32.0,Cash,Delivery,102,Jake,21,Thursday,2,February,3,False,False
2024-04-21,16:00:00,Ribeye Steak,Entree,3.0,35,105.0,Cash,Delivery,104,Carlos,16,Sunday,4,April,6,True,True
2024-03-02,15:45:00,Caesar Salad,Appetizer,2.0,10,20.0,Credit Card,Dine-In,105,Nina,15,Saturday,3,March,5,True,False
2024-03-01,12:30:00,Chocolate Lava Cake,Dessert,9.0,9,81.0,Mobile Payment,Delivery,102,Jake,12,Friday,3,March,4,False,True
2024-01-23,18:30:00,Cabernet Sauvignon,Beverage,4.0,16,64.0,Mobile Payment,Delivery,101,Sarah,18,Tuesday,1,January,1,False,True
2024-09-07,14:45:00,Mashed Potatoes,Side,2.0,7,14.0,Cash,Delivery,105,Nina,14,Saturday,9,September,5,True,False
2024-04-27,20:30:00,Ribeye Steak,Entree,7.0,35,245.0,Mobile Payment,Takeaway,103,Emily,20,Saturday,4,April,5,True,True
2024-08-19,19:15:00,Ribeye Steak,Entree,2.0,35,70.0,Mobile Payment,Delivery,101,Sarah,19,Monday,8,August,0,False,True
2024-12-07,15:15:00,New York Strip,Entree,3.0,38,114.0,Cash,Delivery,101,Sarah,15,Saturday,12,December,5,True,True
2024-04-01,14:15:00,Caesar Salad,Appetizer,2.0,10,20.0,Credit Card,Takeaway,101,Sarah,14,Monday,4,April,0,False,False
2024-12-04,18:15:00,Chocolate Lava Cake,Dessert,4.0,9,36.0,Cash,Dine-In,102,Jake,18,Wednesday,12,December,2,False,False
2024-07-06,21:30:00,Bourbon BBQ Burger,Entree,7.0,22,154.0,Cash,Delivery,101,Sarah,21,Saturday,7,July,5,True,True
2024-03-22,18:45:00,Ribeye Steak,Entree,3.0,35,105.0,Credit Card,Dine-In,105,Nina,18,Friday,3,March,4,False,True
2024-03-30,21:45:00,Filet Mignon,Entree,2.0,42,84.0,Cash,Dine-In,101,Sarah,21,Saturday,3,March,5,True,True
2024-03-19,17:00:00,Grilled Asparagus,Side,5.0,8,40.0,Mobile Payment,Dine-In,103,Emily,17,Tuesday,3,March,1,False,False
2024-12-31,19:30:00,Old Fashioned,Beverage,5.2,12,62.4,Mobile Payment,Delivery,105,Nina,19,Tuesday,12,December,1,False,True
2024-04-20,18:45:00,New York Strip,Entree,10.0,38,380.0,Credit Card,Takeaway,103,Emily,18,Saturday,4,April,5,True,True
2024-05-13,20:15:00,Truffle Fries,Side,2.0,8,16.0,Cash,Takeaway,103,Emily,20,Monday,5,May,0,False,False
2024-07-11,19:45:00,Filet Mignon,Entree,11.0,42,462.0,Cash,Delivery,102,Jake,19,Thursday,7,July,3,False,True
2024-01-28,14:00:00,Cabernet Sauvignon,Beverage,4.0,16,64.0,Credit Card,Delivery,105,Nina,14,Sunday,1,January,6,True,True
2024-12-30,22:15:00,Ribeye Steak,Entree,11.0,35,385.0,Cash,Delivery,102,Jake,22,Monday,12,December,0,False,True
2024-03-05,14:00:00,Cabernet Sauvignon,Beverage,5.0,16,80.0,Mobile Payment,Dine-In,102,Jake,14,Tuesday,3,March,1,False,True
2024-10-02,19:00:00,Mashed Potatoes,Side,11.0,7,77.0,Mobile Payment,Dine-In,103,Emily,19,Wednesday,10,October,2,False,True
2024-05-13,16:15:00,New York Strip,Entree,1.0,38,38.0,Credit Card,Takeaway,102,Jake,16,Monday,5,May,0,False,False
2024-03-12,14:00:00,Cabernet Sauvignon,Beverage,2.0,16,32.0,Mobile Payment,Takeaway,101,Sarah,14,Tuesday,3,March,1,False,False
2024-08-04,22:00:00,Truffle Fries,Side,7.0,8,56.0,Credit Card,Dine-In,103,Emily,22,Sunday,8,August,6,True,False
2024-06-21,11:00:00,Ribeye Steak,Entree,1.0,35,35.0,Mobile Payment,Delivery,101,Sarah,11,Friday,6,June,4,False,False
2024-01-16,12:30:00,New York Strip,Entree,6.0,38,228.0,Cash,Dine-In,102,Jake,12,Tuesday,1,January,1,False,True
2024-09-03,12:45:00,Cabernet Sauvignon,Beverage,3.0,16,48.0,Cash,Delivery,105,Nina,12,Tuesday,9,September,1,False,False
2024-01-14,22:15:00,Mashed Potatoes,Side,6.0,7,42.0,Credit Card,Delivery,101,Sarah,22,Sunday,1,January,6,True,False
2024-09-15,21:30:00,Shrimp Cocktail,Appetizer,5.0,14,70.0,Cash,Dine-In,105,Nina,21,Sunday,9,September,6,True,True
2024-03-16,20:45:00,Shrimp Cocktail,Appetizer,7.0,14,98.0,Mobile Payment,Dine-In,102,Jake,20,Saturday,3,March,5,True,True
2024-03-30,15:00:00,Mashed Potatoes,Side,7.0,7,49.0,Credit Card,Dine-In,105,Nina,15,Saturday,3,March,5,True,False
2024-08-10,18:00:00,Ribeye Steak,Entree,11.0,35,385.0,Cash,Dine-In,103,Emily,18,Saturday,8,August,5,True,True
2024-05-05,17:30:00,Bourbon BBQ Burger,Entree,6.0,22,132.0,Cash,Takeaway,105,Nina,17,Sunday,5,May,6,True,True
2024-05-20,19:15:00,Grilled Asparagus,Side,8.0,8,64.0,Mobile Payment,Dine-In,102,Jake,19,Monday,5,May,0,False,True
2024-07-30,13:30:00,Cabernet Sauvignon,Beverage,2.0,16,32.0,Credit Card,Takeaway,101,Sarah,13,Tuesday,7,July,1,False,False
2024-07-06,15:15:00,Chocolate Lava Cake,Dessert,8.0,9,72.0,Mobile Payment,Dine-In,105,Nina,15,Saturday,7,July,5,True,True
2024-12-31,11:45:00,Ribeye Steak,Entree,5.2,35,182.0,Cash,Dine-In,104,Carlos,11,Tuesday,12,December,1,False,True
2024-11-04,20:45:00,Chocolate Lava Cake,Dessert,5.0,9,45.0,Cash,Delivery,105,Nina,20,Monday,11,November,0,False,False
2024-04-04,13:00:00,Ribeye Steak,Entree,3.0,35,105.0,Cash,Dine-In,104,Carlos,13,Thursday,4,April,3,False,True
2024-05-09,19:00:00,Cabernet Sauvignon,Beverage,11.0,16,176.0,Mobile Payment,Dine-In,103,Emily,19,Thursday,5,May,3,False,True
2024-11-16,22:30:00,Bourbon BBQ Burger,Entree,3.0,22,66.0,Mobile Payment,Takeaway,104,Carlos,22,Saturday,11,November,5,True,True
2024-05-07,19:15:00,Grilled Asparagus,Side,4.0,8,32.0,Mobile Payment,Delivery,101,Sarah,19,Tuesday,5,May,1,False,False
2024-07-23,15:15:00,New York Strip,Entree,1.0,38,38.0,Cash,Delivery,104,Carlos,15,Tuesday,7,July,1,False,False
2024-11-12,21:30:00,Truffle Fries,Side,3.0,8,24.0,Mobile Payment,Delivery,103,Emily,21,Tuesday,11,November,1,False,False
2024-07-27,15:15:00,Ribeye Steak,Entree,3.0,35,105.0,Credit Card,Delivery,102,Jake,15,Saturday,7,July,5,True,True
2024-07-07,22:45:00,Caesar Salad,Appetizer,2.0,10,20.0,Credit Card,Takeaway,101,Sarah,22,Sunday,7,July,6,True,False
2024-08-24,11:45:00,Shrimp Cocktail,Appetizer,7.0,14,98.0,Cash,Takeaway,103,Emily,11,Saturday,8,August,5,True,True
2024-05-28,11:15:00,Grilled Asparagus,Side,2.0,8,16.0,Mobile Payment,Delivery,103,Emily,11,Tuesday,5,May,1,False,False
2024-06-23,19:15:00,Shrimp Cocktail,Appetizer,4.0,14,56.0,Mobile Payment,Dine-In,101,Sarah,19,Sunday,6,June,6,True,False
2024-08-28,17:30:00,Grilled Asparagus,Side,7.0,8,56.0,Credit Card,Delivery,105,Nina,17,Wednesday,8,August,2,False,False
2024-09-28,19:00:00,Caesar Salad,Appetizer,2.0,10,20.0,Credit Card,Dine-In,105,Nina,19,Saturday,9,September,5,True,False
2024-12-23,19:15:00,Shrimp Cocktail,Appetizer,6.0,14,84.0,Mobile Payment,Dine-In,104,Carlos,19,Monday,12,December,0,False,True
2024-11-08,22:00:00,Bourbon BBQ Burger,Entree,6.0,22,132.0,Cash,Takeaway,101,Sarah,22,Friday,11,November,4,False,True
2024-05-29,14:15:00,Caesar Salad,Appetizer,2.0,10,20.0,Credit Card,Dine-In,105,Nina,14,Wednesday,5,May,2,False,False
2024-05-11,20:30:00,Truffle Fries,Side,2.0,8,16.0,Credit Card,Delivery,102,Jake,20,Saturday,5,May,5,True,False
2024-03-13,12:00:00,Filet Mignon,Entree,6.0,42,252.0,Credit Card,Delivery,104,Carlos,12,Wednesday,3,March,2,False,True
2024-03-04,19:00:00,Chocolate Lava Cake,Dessert,5.0,9,45.0,Cash,Delivery,101,Sarah,19,Monday,3,March,0,False,False
2024-11-19,21:15:00,Old Fashioned,Beverage,5.0,12,60.0,Cash,Takeaway,103,Emily,21,Tuesday,11,November,1,False,False
2024-04-25,11:45:00,Ribeye Steak,Entree,1.0,35,35.0,Cash,Delivery,105,Nina,11,Thursday,4,April,3,False,False
2024-09-11,16:45:00,Filet Mignon,Entree,4.0,42,168.0,Mobile Payment,Takeaway,105,Nina,16,Wednesday,9,September,2,False,True
2024-09-25,11:00:00,New York Strip,Entree,2.0,38,76.0,Cash,Dine-In,105,Nina,11,Wednesday,9,September,2,False,True
2024-02-24,16:45:00,Filet Mignon,Entree,9.0,42,378.0,Cash,Delivery,105,Nina,16,Saturday,2,February,5,True,True
2024-01-07,14:45:00,Mashed Potatoes,Side,4.0,7,28.0,Mobile Payment,Delivery,104,Carlos,14,Sunday,1,January,6,True,False
2024-05-15,22:30:00,Chocolate Lava Cake,Dessert,2.0,9,18.0,Mobile Payment,Takeaway,101,Sarah,22,Wednesday,5,May,2,False,False
2024-11-13,21:15:00,Grilled Asparagus,Side,7.0,8,56.0,Mobile Payment,Takeaway,102,Jake,21,Wednesday,11,November,2,False,False
2024-01-30,12:30:00,Chocolate Lava Cake,Dessert,1.0,9,9.0,Cash,Delivery,105,Nina,12,Tuesday,1,January,1,False,False
2024-05-26,12:30:00,Caesar Salad,Appetizer,2.0,10,20.0,Credit Card,Delivery,104,Carlos,12,Sunday,5,May,6,True,False
2024-06-24,11:15:00,Grilled Asparagus,Side,2.0,8,16.0,Cash,Delivery,102,Jake,11,Monday,6,June,0,False,False
2024-04-20,20:15:00,Filet Mignon,Entree,4.0,42,168.0,Credit Card,Takeaway,103,Emily,20,Saturday,4,April,5,True,True
2024-06-21,17:00:00,Filet Mignon,Entree,5.0,42,210.0,Cash,Delivery,103,Emily,17,Friday,6,June,4,False,True
2024-03-07,19:45:00,Truffle Fries,Side,2.0,8,16.0,Credit Card,Delivery,101,Sarah,19,Thursday,3,March,3,False,False
2024-06-21,14:45:00,Grilled Asparagus,Side,6.0,8,48.0,Credit Card,Delivery,101,Sarah,14,Friday,6,June,4,False,False
2024-09-22,22:00:00,Filet Mignon,Entree,4.0,42,168.0,Credit Card,Dine-In,101,Sarah,22,Sunday,9,September,6,True,True
2024-04-08,11:15:00,Mashed Potatoes,Side,5.0,7,35.0,Credit Card,Delivery,101,Sarah,11,Monday,4,April,0,False,False
2024-01-14,17:15:00,Bourbon BBQ Burger,Entree,9.0,22,198.0,Cash,Takeaway,102,Jake,17,Sunday,1,January,6,True,True
2024-02-21,13:15:00,Shrimp Cocktail,Appetizer,3.0,14,42.0,Credit Card,Dine-In,104,Carlos,13,Wednesday,2,February,2,False,False
2024-09-17,19:15:00,Grilled Asparagus,Side,9.0,8,72.0,Cash,Takeaway,104,Carlos,19,Tuesday,9,September,1,False,True
2024-08-05,19:15:00,Chocolate Lava Cake,Dessert,5.0,9,45.0,Mobile Payment,Takeaway,103,Emily,19,Monday,8,August,0,False,False
2024-01-21,12:15:00,Shrimp Cocktail,Appetizer,5.0,14,70.0,Cash,Delivery,104,Carlos,12,Sunday,1,January,6,True,True
2024-04-09,16:30:00,Caesar Salad,Appetizer,5.0,10,50.0,Mobile Payment,Delivery,105,Nina,16,Tuesday,4,April,1,False,False
2024-03-10,17:00:00,Caesar Salad,Appetizer,4.0,10,40.0,Mobile Payment,Takeaway,105,Nina,17,Sunday,3,March,6,True,False
2024-03-04,11:00:00,Bourbon BBQ Burger,Entree,3.0,22,66.0,Credit Card,Delivery,101,Sarah,11,Monday,3,March,0,False,True
2024-11-06,11:30:00,Chocolate Lava Cake,Dessert,5.0,9,45.0,Mobile Payment,Dine-In,103,Emily,11,Wednesday,11,November,2,False,False
2024-05-26,20:15:00,Ribeye Steak,Entree,9.0,35,315.0,Credit Card,Delivery,102,Jake,20,Sunday,5,May,6,True,True
2024-07-25,20:45:00,Chocolate Lava Cake,Dessert,9.0,9,81.0,Credit Card,Delivery,103,Emily,20,Thursday,7,July,3,False,True
2024-10-09,21:45:00,Filet Mignon,Entree,10.0,42,420.0,Credit Card,Dine-In,105,Nina,21,Wednesday,10,October,2,False,True
2024-07-06,20:45:00,Bourbon BBQ Burger,Entree,10.0,22,220.0,Cash,Dine-In,103,Emily,20,Saturday,7,July,5,True,True
2024-10-16,12:30:00,Ribeye Steak,Entree,5.0,35,175.0,Credit Card,Delivery,105,Nina,12,Wednesday,10,October,2,False,True
2024-04-09,13:15:00,Filet Mignon,Entree,2.0,42,84.0,Cash,Takeaway,102,Jake,13,Tuesday,4,April,1,False,True
2024-08-08,17:00:00,Grilled Asparagus,Side,12.0,8,96.0,Mobile Payment,Dine-In,105,Nina,17,Thursday,8,August,3,False,True
2024-08-30,13:45:00,Bourbon BBQ Burger,Entree,2.0,22,44.0,Credit Card,Takeaway,101,Sarah,13,Friday,8,August,4,False,False
2024-11-24,18:15:00,Truffle Fries,Side,4.0,8,32.0,Credit Card,Delivery,102,Jake,18,Sunday,11,November,6,True,False
2024-09-23,20:15:00,Mashed Potatoes,Side,11.0,7,77.0,Credit Card,Delivery,102,Jake,20,Monday,9,September,0,False,True
2024-09-23,13:00:00,Shrimp Cocktail,Appetizer,1.0,14,14.0,Credit Card,Takeaway,101,Sarah,13,Monday,9,September,0,False,False
2024-03-13,22:45:00,Mashed Potatoes,Side,2.0,7,14.0,Mobile Payment,Dine-In,104,Carlos,22,Wednesday,3,March,2,False,False
2024-10-29,16:15:00,Grilled Asparagus,Side,3.0,8,24.0,Cash,Delivery,104,Carlos,16,Tuesday,10,October,1,False,False
2024-10-20,17:30:00,Grilled Asparagus,Side,2.0,8,16.0,Cash,Dine-In,105,Nina,17,Sunday,10,October,6,True,False
2024-09-03,17:00:00,Bourbon BBQ Burger,Entree,3.0,22,66.0,Cash,Delivery,103,Emily,17,Tuesday,9,September,1,False,True
2024-10-19,16:00:00,Shrimp Cocktail,Appetizer,3.0,14,42.0,Credit Card,Takeaway,105,Nina,16,Saturday,10,October,5,True,False
2024-03-17,14:30:00,Cabernet Sauvignon,Beverage,3.0,16,48.0,Mobile Payment,Dine-In,101,Sarah,14,Sunday,3,March,6,True,False
2024-03-25,18:15:00,Ribeye Steak,Entree,2.0,35,70.0,Mobile Payment,Delivery,104,Carlos,18,Monday,3,March,0,False,True
2024-11-03,17:45:00,Filet Mignon,Entree,2.0,42,84.0,Cash,Takeaway,105,Nina,17,Sunday,11,November,6,True,True
2024-04-13,12:00:00,Bourbon BBQ Burger,Entree,4.0,22,88.0,Mobile Payment,Takeaway,101,Sarah,12,Saturday,4,April,5,True,True
2024-01-25,12:45:00,Cabernet Sauvignon,Beverage,1.0,16,16.0,Mobile Payment,Delivery,103,Emily,12,Thursday,1,January,3,False,False
2024-02-11,15:00:00,Truffle Fries,Side,3.0,8,24.0,Cash,Takeaway,104,Carlos,15,Sunday,2,February,6,True,False
2024-03-31,21:15:00,Chocolate Lava Cake,Dessert,8.0,9,72.0,Mobile Payment,Takeaway,102,Jake,21,Sunday,3,March,6,True,True
2024-01-26,22:30:00,Caesar Salad,Appetizer,6.0,10,60.0,Credit Card,Dine-In,104,Carlos,22,Friday,1,January,4,False,False
2024-08-13,18:30:00,Grilled Asparagus,Side,5.0,8,40.0,Cash,Delivery,104,Carlos,18,Tuesday,8,August,1,False,False
2024-03-12,22:45:00,Grilled Asparagus,Side,4.0,8,32.0,Mobile Payment,Dine-In,103,Emily,22,Tuesday,3,March,1,False,False
2024-01-10,19:00:00,Truffle Fries,Side,8.0,8,64.0,Mobile Payment,Delivery,104,Carlos,19,Wednesday,1,January,2,False,True
2024-07-15,11:15:00,Chocolate Lava Cake,Dessert,5.0,9,45.0,Cash,Takeaway,101,Sarah,11,Monday,7,July,0,False,False
2024-07-22,19:30:00,Filet Mignon,Entree,4.0,42,168.0,Cash,Dine-In,104,Carlos,19,Monday,7,July,0,False,True
2024-04-28,12:15:00,Mashed Potatoes,Side,4.0,7,28.0,Mobile Payment,Dine-In,102,Jake,12,Sunday,4,April,6,True,False
2024-06-25,17:00:00,Old Fashioned,Beverage,9.0,12,108.0,Cash,Takeaway,101,Sarah,17,Tuesday,6,June,1,False,True
2024-04-14,13:00:00,Filet Mignon,Entree,6.0,42,252.0,Cash,Dine-In,104,Carlos,13,Sunday,4,April,6,True,True
2024-02-27,14:45:00,Caesar Salad,Appetizer,4.0,10,40.0,Mobile Payment,Takeaway,102,Jake,14,Tuesday,2,February,1,False,False
2024-08-27,18:30:00,Grilled Asparagus,Side,2.0,8,16.0,Cash,Dine-In,104,Carlos,18,Tuesday,8,August,1,False,False
2024-02-08,21:30:00,Shrimp Cocktail,Appetizer,6.0,14,84.0,Mobile Payment,Dine-In,102,Jake,21,Thursday,2,February,3,False,True
2024-10-23,16:00:00,New York Strip,Entree,3.0,38,114.0,Credit Card,Delivery,101,Sarah,16,Wednesday,10,October,2,False,True
2024-02-18,17:30:00,Shrimp Cocktail,Appetizer,2.0,14,28.0,Cash,Takeaway,102,Jake,17,Sunday,2,February,6,True,False
2024-12-15,15:00:00,Grilled Asparagus,Side,4.0,8,32.0,Mobile Payment,Dine-In,102,Jake,15,Sunday,12,December,6,True,False
2024-08-25,22:45:00,Bourbon BBQ Burger,Entree,9.0,22,198.0,Cash,Dine-In,101,Sarah,22,Sunday,8,August,6,True,True
2024-01-08,13:00:00,Old Fashioned,Beverage,5.0,12,60.0,Mobile Payment,Dine-In,101,Sarah,13,Monday,1,January,0,False,False
2024-11-17,14:30:00,Cabernet Sauvignon,Beverage,4.0,16,64.0,Cash,Delivery,105,Nina,14,Sunday,11,November,6,True,True
2024-06-23,22:45:00,Truffle Fries,Side,10.0,8,80.0,Credit Card,Dine-In,104,Carlos,22,Sunday,6,June,6,True,True
2024-04-28,19:15:00,Filet Mignon,Entree,11.0,42,462.0,Cash,Delivery,103,Emily,19,Sunday,4,April,6,True,True
2024-07-28,11:30:00,Caesar Salad,Appetizer,5.0,10,50.0,Credit Card,Delivery,101,Sarah,11,Sunday,7,July,6,True,False
2024-09-09,22:45:00,Grilled Asparagus,Side,2.0,8,16.0,Credit Card,Takeaway,101,Sarah,22,Monday,9,September,0,False,False
2024-07-25,18:15:00,Grilled Asparagus,Side,11.0,8,88.0,Cash,Dine-In,103,Emily,18,Thursday,7,July,3,False,True
2024-01-02,17:15:00,Filet Mignon,Entree,4.0,42,168.0,Cash,Dine-In,103,Emily,17,Tuesday,1,January,1,False,True
2024-06-16,21:15:00,Filet Mignon,Entree,7.0,42,294.0,Mobile Payment,Delivery,103,Emily,21,Sunday,6,June,6,True,True
2024-01-08,16:45:00,Filet Mignon,Entree,3.0,42,126.0,Credit Card,Delivery,102,Jake,16,Monday,1,January,0,False,True
2024-02-07,19:15:00,Filet Mignon,Entree,12.0,42,504.0,Cash,Takeaway,105,Nina,19,Wednesday,2,February,2,False,True
2024-07-22,18:00:00,Cabernet Sauvignon,Beverage,8.0,16,128.0,Mobile Payment,Delivery,103,Emily,18,Monday,7,July,0,False,True
2024-04-30,17:30:00,Cabernet Sauvignon,Beverage,2.0,16,32.0,Cash,Dine-In,101,Sarah,17,Tuesday,4,April,1,False,False
2024-06-18,11:15:00,Bourbon BBQ Burger,Entree,5.0,22,110.0,Credit Card,Delivery,105,Nina,11,Tuesday,6,June,1,False,True
2024-12-20,15:30:00,Bourbon BBQ Burger,Entree,3.0,22,66.0,Credit Card,Delivery,103,Emily,15,Friday,12,December,4,False,True
2024-11-08,19:00:00,Bourbon BBQ Burger,Entree,2.0,22,44.0,Credit Card,Takeaway,104,Carlos,19,Friday,11,November,4,False,False
2024-11-16,19:45:00,Ribeye Steak,Entree,7.0,35,245.0,Cash,Takeaway,102,Jake,19,Saturday,11,November,5,True,True
2024-04-30,19:45:00,Old Fashioned,Beverage,8.0,12,96.0,Credit Card,Dine-In,105,Nina,19,Tuesday,4,April,1,False,True
2024-12-02,13:00:00,Chocolate Lava Cake,Dessert,4.0,9,36.0,Credit Card,Takeaway,101,Sarah,13,Monday,12,December,0,False,False
2024-11-10,12:45:00,Old Fashioned,Beverage,4.0,12,48.0,Mobile Payment,Takeaway,104,Carlos,12,Sunday,11,November,6,True,False
2024-10-04,13:45:00,Cabernet Sauvignon,Beverage,6.0,16,96.0,Mobile Payment,Dine-In,102,Jake,13,Friday,10,October,4,False,True
2024-06-12,19:15:00,Old Fashioned,Beverage,2.0,12,24.0,Mobile Payment,Delivery,103,Emily,19,Wednesday,6,June,2,False,False
2024-12-14,19:00:00,Grilled Asparagus,Side,5.0,8,40.0,Mobile Payment,Delivery,102,Jake,19,Saturday,12,December,5,True,False
2024-07-07,11:30:00,Ribeye Steak,Entree,2.0,35,70.0,Credit Card,Takeaway,105,Nina,11,Sunday,7,July,6,True,True
2024-06-18,21:45:00,Chocolate Lava Cake,Dessert,2.0,9,18.0,Cash,Delivery,101,Sarah,21,Tuesday,6,June,1,False,False
2024-03-26,15:15:00,Truffle Fries,Side,3.0,8,24.0,Credit Card,Takeaway,103,Emily,15,Tuesday,3,March,1,False,False
2024-04-03,19:45:00,Old Fashioned,Beverage,11.0,12,132.0,Credit Card,Dine-In,102,Jake,19,Wednesday,4,April,2,False,True
2024-06-29,20:30:00,New York Strip,Entree,5.0,38,190.0,Mobile Payment,Dine-In,105,Nina,20,Saturday,6,June,5,True,True
2024-10-21,15:45:00,Caesar Salad,Appetizer,2.0,10,20.0,Mobile Payment,Delivery,101,Sarah,15,Monday,10,October,0,False,False
2024-06-23,17:15:00,Shrimp Cocktail,Appetizer,2.0,14,28.0,Mobile Payment,Delivery,103,Emily,17,Sunday,6,June,6,True,False
2024-04-05,19:30:00,Truffle Fries,Side,8.0,8,64.0,Cash,Takeaway,104,Carlos,19,Friday,4,April,4,False,True
2024-03-26,20:15:00,Grilled Asparagus,Side,9.0,8,72.0,Cash,Delivery,102,Jake,20,Tuesday,3,March,1,False,True
2024-06-24,19:30:00,Filet Mignon,Entree,4.0,42,168.0,Mobile Payment,Dine-In,105,Nina,19,Monday,6,June,0,False,True
2024-12-29,17:30:00,Mashed Potatoes,Side,2.0,7,14.0,Mobile Payment,Takeaway,105,Nina,17,Sunday,12,December,6,True,False
2024-05-14,17:30:00,Ribeye Steak,Entree,10.0,35,350.0,Credit Card,Takeaway,103,Emily,17,Tuesday,5,May,1,False,True
2024-05-13,14:00:00,Caesar Salad,Appetizer,3.0,10,30.0,Mobile Payment,Delivery,101,Sarah,14,Monday,5,May,0,False,False
2024-12-11,19:00:00,Filet Mignon,Entree,8.0,42,336.0,Mobile Payment,Takeaway,102,Jake,19,Wednesday,12,December,2,False,True
2024-01-25,14:30:00,Chocolate Lava Cake,Dessert,2.0,9,18.0,Credit Card,Dine-In,101,Sarah,14,Thursday,1,January,3,False,False
2024-07-05,14:45:00,Shrimp Cocktail,Appetizer,1.0,14,14.0,Credit Card,Takeaway,104,Carlos,14,Friday,7,July,4,False,False
2024-02-25,16:30:00,Caesar Salad,Appetizer,1.0,10,10.0,Cash,Delivery,102,Jake,16,Sunday,2,February,6,True,False
2024-07-06,20:15:00,Grilled Asparagus,Side,9.0,8,72.0,Mobile Payment,Delivery,101,Sarah,20,Saturday,7,July,5,True,True
2024-05-01,17:45:00,Mashed Potatoes,Side,2.0,7,14.0,Cash,Delivery,103,Emily,17,Wednesday,5,May,2,False,False
2024-03-17,22:00:00,Shrimp Cocktail,Appetizer,2.0,14,28.0,Cash,Takeaway,102,Jake,22,Sunday,3,March,6,True,False
2024-08-21,17:00:00,Truffle Fries,Side,9.0,8,72.0,Mobile Payment,Takeaway,105,Nina,17,Wednesday,8,August,2,False,True
2024-01-31,20:15:00,Old Fashioned,Beverage,2.0,12,24.0,Credit Card,Takeaway,102,Jake,20,Wednesday,1,January,2,False,False
2024-04-30,19:30:00,Grilled Asparagus,Side,4.0,8,32.0,Cash,Takeaway,105,Nina,19,Tuesday,4,April,1,False,False
2024-08-07,17:00:00,Mashed Potatoes,Side,11.0,7,77.0,Mobile Payment,Takeaway,104,Carlos,17,Wednesday,8,August,2,False,True
2024-10-02,18:30:00,Shrimp Cocktail,Appetizer,3.0,14,42.0,Cash,Takeaway,103,Emily,18,Wednesday,10,October,2,False,False
2024-09-18,16:30:00,Cabernet Sauvignon,Beverage,3.0,16,48.0,Mobile Payment,Delivery,104,Carlos,16,Wednesday,9,September,2,False,False
2024-07-05,16:30:00,New York Strip,Entree,7.0,38,266.0,Cash,Takeaway,105,Nina,16,Friday,7,July,4,False,True
2024-03-01,12:45:00,Mashed Potatoes,Side,1.0,7,7.0,Cash,Dine-In,101,Sarah,12,Friday,3,March,4,False,False
2024-01-22,13:30:00,Mashed Potatoes,Side,2.0,7,14.0,Mobile Payment,Delivery,102,Jake,13,Monday,1,January,0,False,False
2024-02-07,14:15:00,Bourbon BBQ Burger,Entree,1.0,22,22.0,Credit Card,Takeaway,101,Sarah,14,Wednesday,2,February,2,False,False
2024-04-16,11:30:00,Mashed Potatoes,Side,4.0,7,28.0,Cash,Delivery,102,Jake,11,Tuesday,4,April,1,False,False
2024-11-20,21:45:00,Cabernet Sauvignon,Beverage,4.0,16,64.0,Mobile Payment,Dine-In,103,Emily,21,Wednesday,11,November,2,False,True
2024-06-04,15:45:00,Grilled Asparagus,Side,5.0,8,40.0,Mobile Payment,Delivery,104,Carlos,15,Tuesday,6,June,1,False,False
2024-03-14,18:15:00,Grilled Asparagus,Side,7.0,8,56.0,Mobile Payment,Takeaway,103,Emily,18,Thursday,3,March,3,False,False
2024-11-25,17:15:00,Truffle Fries,Side,2.0,8,16.0,Cash,Takeaway,105,Nina,17,Monday,11,November,0,False,False
2024-12-26,13:30:00,Shrimp Cocktail,Appetizer,2.0,14,28.0,Cash,Delivery,102,Jake,13,Thursday,12,December,3,False,False
2024-03-29,22:00:00,Truffle Fries,Side,3.0,8,24.0,Cash,Dine-In,102,Jake,22,Friday,3,March,4,False,False
2024-04-12,20:15:00,Bourbon BBQ Burger,Entree,2.0,22,44.0,Mobile Payment,Takeaway,105,Nina,20,Friday,4,April,4,False,False
2024-02-17,11:45:00,Truffle Fries,Side,2.0,8,16.0,Cash,Delivery,102,Jake,11,Saturday,2,February,5,True,False
2024-07-31,15:45:00,New York Strip,Entree,2.0,38,76.0,Mobile Payment,Delivery,104,Carlos,15,Wednesday,7,July,2,False,True
2024-06-25,11:15:00,Old Fashioned,Beverage,4.0,12,48.0,Mobile Payment,Delivery,101,Sarah,11,Tuesday,6,June,1,False,False
2024-12-06,18:15:00,New York Strip,Entree,7.0,38,266.0,Credit Card,Takeaway,103,Emily,18,Friday,12,December,4,False,True
2024-05-13,22:30:00,Cabernet Sauvignon,Beverage,7.0,16,112.0,Credit Card,Dine-In,104,Carlos,22,Monday,5,May,0,False,True
2024-03-20,20:00:00,Mashed Potatoes,Side,4.0,7,28.0,Mobile Payment,Dine-In,105,Nina,20,Wednesday,3,March,2,False,False
2024-12-08,22:45:00,Grilled Asparagus,Side,8.0,8,64.0,Cash,Delivery,101,Sarah,22,Sunday,12,December,6,True,True
2024-07-19,11:15:00,Truffle Fries,Side,7.0,8,56.0,Cash,Delivery,104,Carlos,11,Friday,7,July,4,False,False
2024-03-30,12:45:00,Bourbon BBQ Burger,Entree,3.0,22,66.0,Cash,Takeaway,102,Jake,12,Saturday,3,March,5,True,True
2024-10-16,21:15:00,Ribeye Steak,Entree,5.0,35,175.0,Cash,Dine-In,102,Jake,21,Wednesday,10,October,2,False,True
2024-10-22,20:15:00,Truffle Fries,Side,7.0,8,56.0,Cash,Dine-In,104,Carlos,20,Tuesday,10,October,1,False,False
2024-06-16,21:00:00,Bourbon BBQ Burger,Entree,5.0,22,110.0,Cash,Delivery,105,Nina,21,Sunday,6,June,6,True,True
2024-03-14,14:15:00,Mashed Potatoes,Side,3.0,7,21.0,Mobile Payment,Dine-In,105,Nina,14,Thursday,3,March,3,False,False
2024-10-03,14:30:00,Cabernet Sauvignon,Beverage,3.0,16,48.0,Credit Card,Takeaway,101,Sarah,14,Thursday,10,October,3,False,False
2024-09-07,22:45:00,Truffle Fries,Side,9.0,8,72.0,Cash,Dine-In,104,Carlos,22,Saturday,9,September,5,True,True
2024-05-28,14:00:00,Chocolate Lava Cake,Dessert,2.0,9,18.0,Credit Card,Takeaway,105,Nina,14,Tuesday,5,May,1,False,False
2024-09-12,20:00:00,New York Strip,Entree,8.0,38,304.0,Mobile Payment,Delivery,104,Carlos,20,Thursday,9,September,3,False,True
2024-01-02,13:15:00,Old Fashioned,Beverage,1.0,12,12.0,Cash,Dine-In,103,Emily,13,Tuesday,1,January,1,False,False
2024-05-06,21:45:00,Cabernet Sauvignon,Beverage,7.0,16,112.0,Mobile Payment,Dine-In,102,Jake,21,Monday,5,May,0,False,True
2024-09-08,22:30:00,New York Strip,Entree,11.0,38,418.0,Mobile Payment,Delivery,102,Jake,22,Sunday,9,September,6,True,True
2024-03-07,13:00:00,Bourbon BBQ Burger,Entree,1.0,22,22.0,Cash,Takeaway,104,Carlos,13,Thursday,3,March,3,False,False
2024-01-28,19:15:00,New York Strip,Entree,2.0,38,76.0,Cash,Takeaway,105,Nina,19,Sunday,1,January,6,True,True
2024-09-07,20:45:00,Cabernet Sauvignon,Beverage,11.0,16,176.0,Mobile Payment,Delivery,104,Carlos,20,Saturday,9,September,5,True,True
2024-06-27,21:15:00,Truffle Fries,Side,7.0,8,56.0,Mobile Payment,Delivery,103,Emily,21,Thursday,6,June,3,False,False
2024-04-04,14:45:00,Ribeye Steak,Entree,1.0,35,35.0,Cash,Dine-In,103,Emily,14,Thursday,4,April,3,False,False
2024-06-03,14:45:00,Bourbon BBQ Burger,Entree,1.0,22,22.0,Mobile Payment,Delivery,103,Emily,14,Monday,6,June,0,False,False
2024-02-26,18:00:00,Mashed Potatoes,Side,3.0,7,21.0,Cash,Delivery,105,Nina,18,Monday,2,February,0,False,False
2024-02-17,11:15:00,Bourbon BBQ Burger,Entree,7.0,22,154.0,Cash,Delivery,105,Nina,11,Saturday,2,February,5,True,True
2024-06-27,21:00:00,Filet Mignon,Entree,7.0,42,294.0,Cash,Takeaway,103,Emily,21,Thursday,6,June,3,False,True
2024-11-30,22:15:00,Ribeye Steak,Entree,11.0,35,385.0,Cash,Dine-In,105,Nina,22,Saturday,11,November,5,True,True
2024-07-31,18:00:00,Caesar Salad,Appetizer,9.0,10,90.0,Credit Card,Dine-In,105,Nina,18,Wednesday,7,July,2,False,True
2024-02-28,13:45:00,Ribeye Steak,Entree,2.0,35,70.0,Mobile Payment,Dine-In,101,Sarah,13,Wednesday,2,February,2,False,True
2024-04-16,13:00:00,Bourbon BBQ Burger,Entree,4.0,22,88.0,Credit Card,Takeaway,102,Jake,13,Tuesday,4,April,1,False,True
2024-01-28,12:00:00,Filet Mignon,Entree,1.0,42,42.0,Credit Card,Takeaway,101,Sarah,12,Sunday,1,January,6,True,False
2024-03-07,13:00:00,Filet Mignon,Entree,4.0,42,168.0,Mobile Payment,Dine-In,104,Carlos,13,Thursday,3,March,3,False,True
2024-03-10,22:30:00,Bourbon BBQ Burger,Entree,9.0,22,198.0,Credit Card,Dine-In,102,Jake,22,Sunday,3,March,6,True,True
2024-11-14,22:15:00,Ribeye Steak,Entree,7.0,35,245.0,Mobile Payment,Dine-In,104,Carlos,22,Thursday,11,November,3,False,True
2024-07-13,16:15:00,Cabernet Sauvignon,Beverage,2.0,16,32.0,Mobile Payment,Dine-In,104,Carlos,16,Saturday,7,July,5,True,False
2024-11-29,21:30:00,Cabernet Sauvignon,Beverage,2.0,16,32.0,Cash,Takeaway,102,Jake,21,Friday,11,November,4,False,False
2024-02-21,12:30:00,Ribeye Steak,Entree,4.0,35,140.0,Mobile Payment,Takeaway,105,Nina,12,Wednesday,2,February,2,False,True
2024-03-12,16:00:00,Chocolate Lava Cake,Dessert,2.0,9,18.0,Cash,Dine-In,105,Nina,16,Tuesday,3,March,1,False,False
2024-05-26,17:15:00,Ribeye Steak,Entree,9.0,35,315.0,Cash,Delivery,103,Emily,17,Sunday,5,May,6,True,True
2024-06-28,22:45:00,Filet Mignon,Entree,2.0,42,84.0,Cash,Delivery,105,Nina,22,Friday,6,June,4,False,True
2024-11-01,16:15:00,Truffle Fries,Side,6.0,8,48.0,Credit Card,Dine-In,101,Sarah,16,Friday,11,November,4,False,False
2024-04-27,18:00:00,New York Strip,Entree,6.0,38,228.0,Cash,Takeaway,103,Emily,18,Saturday,4,April,5,True,True
2024-10-08,16:30:00,Grilled Asparagus,Side,3.0,8,24.0,Cash,Dine-In,101,Sarah,16,Tuesday,10,October,1,False,False
2024-05-12,12:15:00,Ribeye Steak,Entree,3.0,35,105.0,Credit Card,Dine-In,104,Carlos,12,Sunday,5,May,6,True,True
2024-03-04,16:15:00,Old Fashioned,Beverage,2.0,12,24.0,Mobile Payment,Takeaway,103,Emily,16,Monday,3,March,0,False,False
2024-01-31,13:00:00,Old Fashioned,Beverage,1.0,12,12.0,Credit Card,Takeaway,105,Nina,13,Wednesday,1,January,2,False,False
2024-01-12,17:15:00,New York Strip,Entree,4.0,38,152.0,Credit Card,Delivery,101,Sarah,17,Friday,1,January,4,False,True
2024-06-24,16:30:00,New York Strip,Entree,1.0,38,38.0,Cash,Delivery,103,Emily,16,Monday,6,June,0,False,False
2024-01-17,14:00:00,Filet Mignon,Entree,1.0,42,42.0,Mobile Payment,Takeaway,104,Carlos,14,Wednesday,1,January,2,False,False
2024-09-11,20:45:00,Mashed Potatoes,Side,8.0,7,56.0,Credit Card,Delivery,101,Sarah,20,Wednesday,9,September,2,False,False
2024-07-08,18:30:00,Mashed Potatoes,Side,6.0,7,42.0,Credit Card,Dine-In,102,Jake,18,Monday,7,July,0,False,False
2024-05-08,18:00:00,New York Strip,Entree,7.0,38,266.0,Credit Card,Takeaway,101,Sarah,18,Wednesday,5,May,2,False,True
2024-02-26,11:00:00,Filet Mignon,Entree,6.0,42,252.0,Cash,Dine-In,102,Jake,11,Monday,2,February,0,False,True
2024-01-14,22:45:00,Cabernet Sauvignon,Beverage,4.0,16,64.0,Cash,Takeaway,104,Carlos,22,Sunday,1,January,6,True,True
2024-05-21,12:45:00,New York Strip,Entree,5.0,38,190.0,Mobile Payment,Dine-In,105,Nina,12,Tuesday,5,May,1,False,True
2024-01-07,19:00:00,Truffle Fries,Side,7.0,8,56.0,Credit Card,Dine-In,102,Jake,19,Sunday,1,January,6,True,False
2024-10-30,11:00:00,Mashed Potatoes,Side,1.0,7,7.0,Credit Card,Dine-In,102,Jake,11,Wednesday,10,October,2,False,False
2024-09-17,11:45:00,Old Fashioned,Beverage,1.0,12,12.0,Cash,Dine-In,104,Carlos,11,Tuesday,9,September,1,False,False
2024-12-30,14:30:00,Filet Mignon,Entree,1.0,42,42.0,Credit Card,Takeaway,105,Nina,14,Monday,12,December,0,False,False
2024-05-21,18:30:00,Caesar Salad,Appetizer,7.0,10,70.0,Cash,Dine-In,102,Jake,18,Tuesday,5,May,1,False,True
2024-01-13,11:45:00,New York Strip,Entree,5.0,38,190.0,Mobile Payment,Delivery,103,Emily,11,Saturday,1,January,5,True,True
2024-08-16,17:45:00,Chocolate Lava Cake,Dessert,6.0,9,54.0,Credit Card,Dine-In,102,Jake,17,Friday,8,August,4,False,False
2024-03-02,19:00:00,Mashed Potatoes,Side,3.0,7,21.0,Mobile Payment,Dine-In,105,Nina,19,Saturday,3,March,5,True,False
2024-07-25,13:45:00,Shrimp Cocktail,Appetizer,3.0,14,42.0,Credit Card,Takeaway,102,Jake,13,Thursday,7,July,3,False,False
2024-02-10,16:00:00,Cabernet Sauvignon,Beverage,3.0,16,48.0,Cash,Delivery,104,Carlos,16,Saturday,2,February,5,True,False
2024-01-10,11:00:00,Shrimp Cocktail,Appetizer,4.0,14,56.0,Credit Card,Takeaway,101,Sarah,11,Wednesday,1,January,2,False,False
2024-06-08,16:00:00,Filet Mignon,Entree,2.0,42,84.0,Cash,Takeaway,105,Nina,16,Saturday,6,June,5,True,True
2024-09-05,21:45:00,Filet Mignon,Entree,6.0,42,252.0,Cash,Dine-In,103,Emily,21,Thursday,9,September,3,False,True
2024-10-26,14:00:00,Truffle Fries,Side,9.0,8,72.0,Mobile Payment,Delivery,103,Emily,14,Saturday,10,October,5,True,True
2024-10-20,11:30:00,Caesar Salad,Appetizer,1.0,10,10.0,Credit Card,Dine-In,101,Sarah,11,Sunday,10,October,6,True,False
2024-05-10,20:00:00,Chocolate Lava Cake,Dessert,7.0,9,63.0,Mobile Payment,Delivery,104,Carlos,20,Friday,5,May,4,False,True
2024-07-21,20:45:00,Bourbon BBQ Burger,Entree,4.0,22,88.0,Mobile Payment,Dine-In,102,Jake,20,Sunday,7,July,6,True,True
2024-08-25,20:45:00,Bourbon BBQ Burger,Entree,2.0,22,44.0,Credit Card,Takeaway,105,Nina,20,Sunday,8,August,6,True,False
2024-10-11,22:30:00,Filet Mignon,Entree,9.0,42,378.0,Credit Card,Dine-In,102,Jake,22,Friday,10,October,4,False,True
2024-04-20,18:30:00,Ribeye Steak,Entree,9.0,35,315.0,Credit Card,Delivery,103,Emily,18,Saturday,4,April,5,True,True
2024-05-07,14:15:00,Mashed Potatoes,Side,5.0,7,35.0,Cash,Dine-In,105,Nina,14,Tuesday,5,May,1,False,False
2024-12-08,20:30:00,Chocolate Lava Cake,Dessert,12.0,9,108.0,Cash,Delivery,104,Carlos,20,Sunday,12,December,6,True,True
2024-01-08,12:30:00,New York Strip,Entree,5.0,38,190.0,Mobile Payment,Dine-In,101,Sarah,12,Monday,1,January,0,False,True
2024-04-19,18:00:00,Cabernet Sauvignon,Beverage,8.0,16,128.0,Mobile Payment,Dine-In,101,Sarah,18,Friday,4,April,4,False,True
2024-02-15,17:00:00,New York Strip,Entree,2.0,38,76.0,Mobile Payment,Delivery,103,Emily,17,Thursday,2,February,3,False,True
2024-02-18,19:00:00,Caesar Salad,Appetizer,5.0,10,50.0,Mobile Payment,Delivery,105,Nina,19,Sunday,2,February,6,True,False
2024-10-19,19:45:00,New York Strip,Entree,2.0,38,76.0,Cash,Takeaway,101,Sarah,19,Saturday,10,October,5,True,True
2024-10-02,19:30:00,Bourbon BBQ Burger,Entree,12.0,22,264.0,Cash,Dine-In,105,Nina,19,Wednesday,10,October,2,False,True
2024-07-23,15:30:00,Cabernet Sauvignon,Beverage,2.0,16,32.0,Cash,Dine-In,104,Carlos,15,Tuesday,7,July,1,False,False
2024-07-01,19:15:00,Chocolate Lava Cake,Dessert,10.0,9,90.0,Mobile Payment,Takeaway,104,Carlos,19,Monday,7,July,0,False,True
2024-01-06,19:15:00,Ribeye Steak,Entree,2.0,35,70.0,Credit Card,Delivery,101,Sarah,19,Saturday,1,January,5,True,True
2024-08-02,18:30:00,Old Fashioned,Beverage,2.0,12,24.0,Cash,Dine-In,104,Carlos,18,Friday,8,August,4,False,False
2024-10-15,12:30:00,Chocolate Lava Cake,Dessert,4.0,9,36.0,Cash,Delivery,101,Sarah,12,Tuesday,10,October,1,False,False
2024-03-21,19:45:00,Bourbon BBQ Burger,Entree,12.0,22,264.0,Credit Card,Dine-In,105,Nina,19,Thursday,3,March,3,False,True
2024-12-09,17:15:00,Old Fashioned,Beverage,7.0,12,84.0,Mobile Payment,Delivery,104,Carlos,17,Monday,12,December,0,False,True
2024-12-06,21:00:00,Shrimp Cocktail,Appetizer,2.0,14,28.0,Mobile Payment,Takeaway,102,Jake,21,Friday,12,December,4,False,False
2024-12-31,12:30:00,Filet Mignon,Entree,7.8,42,327.6,Credit Card,Dine-In,103,Emily,12,Tuesday,12,December,1,False,True
2024-08-06,11:45:00,Cabernet Sauvignon,Beverage,2.0,16,32.0,Cash,Takeaway,103,Emily,11,Tuesday,8,August,1,False,False
2024-12-11,22:15:00,Mashed Potatoes,Side,6.0,7,42.0,Credit Card,Dine-In,104,Carlos,22,Wednesday,12,December,2,False,False
2024-10-24,21:45:00,New York Strip,Entree,6.0,38,228.0,Mobile Payment,Dine-In,105,Nina,21,Thursday,10,October,3,False,True
2024-08-03,22:30:00,Chocolate Lava Cake,Dessert,9.0,9,81.0,Credit Card,Delivery,102,Jake,22,Saturday,8,August,5,True,True
2024-05-15,20:45:00,Ribeye Steak,Entree,5.0,35,175.0,Credit Card,Delivery,103,Emily,20,Wednesday,5,May,2,False,True
2024-03-18,12:45:00,Ribeye Steak,Entree,2.0,35,70.0,Mobile Payment,Takeaway,101,Sarah,12,Monday,3,March,0,False,True
2024-07-16,13:15:00,Mashed Potatoes,Side,6.0,7,42.0,Cash,Delivery,104,Carlos,13,Tuesday,7,July,1,False,False
2024-05-20,19:15:00,Ribeye Steak,Entree,12.0,35,420.0,Mobile Payment,Dine-In,103,Emily,19,Monday,5,May,0,False,True
2024-09-30,17:15:00,Chocolate Lava Cake,Dessert,2.0,9,18.0,Credit Card,Dine-In,103,Emily,17,Monday,9,September,0,False,False
2024-07-21,18:15:00,Cabernet Sauvignon,Beverage,8.0,16,128.0,Mobile Payment,Delivery,101,Sarah,18,Sunday,7,July,6,True,True
2024-08-05,11:00:00,Filet Mignon,Entree,3.0,42,126.0,Cash,Dine-In,101,Sarah,11,Monday,8,August,0,False,True
2024-10-27,22:15:00,Mashed Potatoes,Side,11.0,7,77.0,Mobile Payment,Dine-In,102,Jake,22,Sunday,10,October,6,True,True
2024-12-31,17:00:00,Caesar Salad,Appetizer,6.5,10,65.0,Credit Card,Delivery,104,Carlos,17,Tuesday,12,December,1,False,True
2024-01-01,16:15:00,Caesar Salad,Appetizer,1.2,10,12.0,Credit Card,Takeaway,105,Nina,16,Monday,1,January,0,False,False
2024-09-18,12:45:00,Mashed Potatoes,Side,1.0,7,7.0,Cash,Takeaway,103,Emily,12,Wednesday,9,September,2,False,False
2024-06-03,18:15:00,Shrimp Cocktail,Appetizer,2.0,14,28.0,Mobile Payment,Dine-In,104,Carlos,18,Monday,6,June,0,False,False
2024-06-11,21:00:00,Caesar Salad,Appetizer,5.0,10,50.0,Credit Card,Dine-In,105,Nina,21,Tuesday,6,June,1,False,False
2024-08-01,17:00:00,Old Fashioned,Beverage,7.0,12,84.0,Mobile Payment,Dine-In,105,Nina,17,Thursday,8,August,3,False,True
2024-03-05,22:30:00,Chocolate Lava Cake,Dessert,12.0,9,108.0,Mobile Payment,Delivery,101,Sarah,22,Tuesday,3,March,1,False,True
2024-10-06,19:00:00,Grilled Asparagus,Side,7.0,8,56.0,Mobile Payment,Dine-In,101,Sarah,19,Sunday,10,October,6,True,False
2024-05-19,12:45:00,Shrimp Cocktail,Appetizer,4.0,14,56.0,Mobile Payment,Dine-In,102,Jake,12,Sunday,5,May,6,True,False
2024-06-16,20:15:00,Grilled Asparagus,Side,7.0,8,56.0,Credit Card,Delivery,104,Carlos,20,Sunday,6,June,6,True,False
2024-11-11,21:15:00,Truffle Fries,Side,9.0,8,72.0,Credit Card,Delivery,105,Nina,21,Monday,11,November,0,False,True
2024-10-08,18:30:00,Cabernet Sauvignon,Beverage,7.0,16,112.0,Mobile Payment,Takeaway,101,Sarah,18,Tuesday,10,October,1,False,True
2024-06-16,16:30:00,Mashed Potatoes,Side,1.0,7,7.0,Cash,Dine-In,105,Nina,16,Sunday,6,June,6,True,False
2024-03-10,22:15:00,Ribeye Steak,Entree,8.0,35,280.0,Credit Card,Dine-In,104,Carlos,22,Sunday,3,March,6,True,True
2024-12-21,11:30:00,Filet Mignon,Entree,2.0,42,84.0,Credit Card,Dine-In,104,Carlos,11,Saturday,12,December,5,True,True
2024-12-15,22:00:00,Caesar Salad,Appetizer,10.0,10,100.0,Mobile Payment,Delivery,104,Carlos,22,Sunday,12,December,6,True,True
2024-04-16,17:30:00,Caesar Salad,Appetizer,8.0,10,80.0,Mobile Payment,Delivery,102,Jake,17,Tuesday,4,April,1,False,True
2024-02-21,19:30:00,Mashed Potatoes,Side,6.0,7,42.0,Mobile Payment,Dine-In,104,Carlos,19,Wednesday,2,February,2,False,False
2024-09-05,11:00:00,Ribeye Steak,Entree,6.0,35,210.0,Mobile Payment,Delivery,105,Nina,11,Thursday,9,September,3,False,True
2024-06-03,13:30:00,Cabernet Sauvignon,Beverage,5.0,16,80.0,Credit Card,Dine-In,101,Sarah,13,Monday,6,June,0,False,True
2024-05-30,17:45:00,Bourbon BBQ Burger,Entree,5.0,22,110.0,Mobile Payment,Delivery,105,Nina,17,Thursday,5,May,3,False,True
2024-08-10,17:45:00,Grilled Asparagus,Side,2.0,8,16.0,Credit Card,Takeaway,103,Emily,17,Saturday,8,August,5,True,False
2024-03-23,11:30:00,Mashed Potatoes,Side,8.0,7,56.0,Credit Card,Takeaway,104,Carlos,11,Saturday,3,March,5,True,False
2024-06-23,19:00:00,Chocolate Lava Cake,Dessert,7.0,9,63.0,Credit Card,Takeaway,102,Jake,19,Sunday,6,June,6,True,True
2024-04-08,19:00:00,Grilled Asparagus,Side,4.0,8,32.0,Cash,Takeaway,103,Emily,19,Monday,4,April,0,False,False
2024-07-26,17:15:00,Bourbon BBQ Burger,Entree,5.0,22,110.0,Credit Card,Takeaway,103,Emily,17,Friday,7,July,4,False,True
2024-01-28,12:45:00,Bourbon BBQ Burger,Entree,3.0,22,66.0,Mobile Payment,Delivery,103,Emily,12,Sunday,1,January,6,True,True
2024-04-27,11:00:00,Truffle Fries,Side,8.0,8,64.0,Cash,Dine-In,101,Sarah,11,Saturday,4,April,5,True,True
2024-03-30,13:30:00,New York Strip,Entree,6.0,38,228.0,Credit Card,Takeaway,104,Carlos,13,Saturday,3,March,5,True,True
2024-06-08,17:15:00,Mashed Potatoes,Side,9.0,7,63.0,Cash,Takeaway,101,Sarah,17,Saturday,6,June,5,True,True
2024-02-23,12:15:00,Shrimp Cocktail,Appetizer,1.0,14,14.0,Cash,Takeaway,105,Nina,12,Friday,2,February,4,False,False
2024-05-08,19:45:00,Ribeye Steak,Entree,2.0,35,70.0,Mobile Payment,Dine-In,101,Sarah,19,Wednesday,5,May,2,False,True
2024-08-30,20:45:00,Old Fashioned,Beverage,9.0,12,108.0,Mobile Payment,Dine-In,102,Jake,20,Friday,8,August,4,False,True
2024-02-10,13:30:00,Old Fashioned,Beverage,2.0,12,24.0,Credit Card,Takeaway,102,Jake,13,Saturday,2,February,5,True,False
2024-07-28,15:15:00,Bourbon BBQ Burger,Entree,4.0,22,88.0,Cash,Dine-In,101,Sarah,15,Sunday,7,July,6,True,True
2024-03-25,11:15:00,Cabernet Sauvignon,Beverage,3.0,16,48.0,Cash,Delivery,104,Carlos,11,Monday,3,March,0,False,False
2024-06-24,14:45:00,Mashed Potatoes,Side,6.0,7,42.0,Mobile Payment,Takeaway,105,Nina,14,Monday,6,June,0,False,False
2024-01-25,18:30:00,Bourbon BBQ Burger,Entree,4.0,22,88.0,Credit Card,Takeaway,105,Nina,18,Thursday,1,January,3,False,True
2024-03-30,15:15:00,Filet Mignon,Entree,10.0,42,420.0,Mobile Payment,Dine-In,105,Nina,15,Saturday,3,March,5,True,True
2024-06-15,15:30:00,Shrimp Cocktail,Appetizer,2.0,14,28.0,Cash,Delivery,104,Carlos,15,Saturday,6,June,5,True,False
2024-05-10,15:30:00,Shrimp Cocktail,Appetizer,7.0,14,98.0,Credit Card,Delivery,102,Jake,15,Friday,5,May,4,False,True
2024-04-10,12:00:00,New York Strip,Entree,2.0,38,76.0,Cash,Delivery,104,Carlos,12,Wednesday,4,April,2,False,True
2024-05-26,19:45:00,Bourbon BBQ Burger,Entree,11.0,22,242.0,Mobile Payment,Dine-In,104,Carlos,19,Sunday,5,May,6,True,True
2024-08-12,17:15:00,Caesar Salad,Appetizer,7.0,10,70.0,Mobile Payment,Delivery,102,Jake,17,Monday,8,August,0,False,True
2024-09-07,13:00:00,Caesar Salad,Appetizer,8.0,10,80.0,Mobile Payment,Takeaway,102,Jake,13,Saturday,9,September,5,True,True
2024-02-07,18:30:00,Truffle Fries,Side,2.0,8,16.0,Mobile Payment,Delivery,101,Sarah,18,Wednesday,2,February,2,False,False
2024-02-04,20:45:00,Caesar Salad,Appetizer,2.0,10,20.0,Credit Card,Takeaway,102,Jake,20,Sunday,2,February,6,True,False
2024-01-17,17:15:00,Mashed Potatoes,Side,12.0,7,84.0,Mobile Payment,Dine-In,103,Emily,17,Wednesday,1,January,2,False,True
2024-11-15,14:30:00,Caesar Salad,Appetizer,4.0,10,40.0,Cash,Dine-In,101,Sarah,14,Friday,11,November,4,False,False
2024-09-20,12:45:00,Old Fashioned,Beverage,6.0,12,72.0,Mobile Payment,Takeaway,105,Nina,12,Friday,9,September,4,False,True
2024-02-04,17:30:00,New York Strip,Entree,6.0,38,228.0,Credit Card,Takeaway,103,Emily,17,Sunday,2,February,6,True,True
2024-05-13,15:45:00,Ribeye Steak,Entree,5.0,35,175.0,Cash,Delivery,103,Emily,15,Monday,5,May,0,False,True
2024-12-18,12:45:00,Chocolate Lava Cake,Dessert,5.0,9,45.0,Cash,Takeaway,105,Nina,12,Wednesday,12,December,2,False,False
2024-02-24,11:30:00,Caesar Salad,Appetizer,9.0,10,90.0,Cash,Dine-In,105,Nina,11,Saturday,2,February,5,True,True
2024-08-21,19:30:00,Cabernet Sauvignon,Beverage,7.0,16,112.0,Mobile Payment,Delivery,105,Nina,19,Wednesday,8,August,2,False,True
2024-08-05,20:15:00,Truffle Fries,Side,10.0,8,80.0,Cash,Takeaway,103,Emily,20,Monday,8,August,0,False,True
2024-09-03,20:15:00,Old Fashioned,Beverage,2.0,12,24.0,Credit Card,Takeaway,102,Jake,20,Tuesday,9,September,1,False,False
2024-05-09,17:15:00,Ribeye Steak,Entree,2.0,35,70.0,Mobile Payment,Delivery,105,Nina,17,Thursday,5,May,3,False,True
2024-07-14,22:30:00,New York Strip,Entree,6.0,38,228.0,Cash,Dine-In,105,Nina,22,Sunday,7,July,6,True,True
2024-11-28,14:45:00,New York Strip,Entree,7.2,38,273.6,Cash,Dine-In,105,Nina,14,Thursday,11,November,3,False,True
2024-02-22,13:00:00,Bourbon BBQ Burger,Entree,6.0,22,132.0,Credit Card,Dine-In,104,Carlos,13,Thursday,2,February,3,False,True
2024-03-21,20:15:00,New York Strip,Entree,9.0,38,342.0,Mobile Payment,Dine-In,105,Nina,20,Thursday,3,March,3,False,True
2024-10-12,14:15:00,New York Strip,Entree,2.0,38,76.0,Cash,Dine-In,101,Sarah,14,Saturday,10,October,5,True,True
2024-04-04,14:15:00,Ribeye Steak,Entree,1.0,35,35.0,Cash,Delivery,105,Nina,14,Thursday,4,April,3,False,False
2024-07-16,18:45:00,Grilled Asparagus,Side,2.0,8,16.0,Cash,Dine-In,105,Nina,18,Tuesday,7,July,1,False,False
2024-11-19,20:45:00,Truffle Fries,Side,7.0,8,56.0,Cash,Dine-In,105,Nina,20,Tuesday,11,November,1,False,False
2024-02-12,15:15:00,Mashed Potatoes,Side,4.0,7,28.0,Cash,Takeaway,101,Sarah,15,Monday,2,February,0,False,False
2024-04-30,19:30:00,Mashed Potatoes,Side,4.0,7,28.0,Mobile Payment,Dine-In,105,Nina,19,Tuesday,4,April,1,False,False
2024-09-18,11:45:00,Shrimp Cocktail,Appetizer,4.0,14,56.0,Mobile Payment,Delivery,102,Jake,11,Wednesday,9,September,2,False,False
2024-04-09,16:30:00,Grilled Asparagus,Side,5.0,8,40.0,Credit Card,Delivery,101,Sarah,16,Tuesday,4,April,1,False,False
2024-01-18,11:15:00,Truffle Fries,Side,1.0,8,8.0,Credit Card,Takeaway,102,Jake,11,Thursday,1,January,3,False,False
2024-01-02,16:30:00,Mashed Potatoes,Side,5.0,7,35.0,Credit Card,Takeaway,101,Sarah,16,Tuesday,1,January,1,False,False
2024-06-18,11:00:00,Grilled Asparagus,Side,5.0,8,40.0,Mobile Payment,Takeaway,104,Carlos,11,Tuesday,6,June,1,False,False
2024-05-17,12:00:00,Ribeye Steak,Entree,7.0,35,245.0,Credit Card,Takeaway,101,Sarah,12,Friday,5,May,4,False,True
2024-12-28,12:15:00,Shrimp Cocktail,Appetizer,2.0,14,28.0,Credit Card,Delivery,103,Emily,12,Saturday,12,December,5,True,False
2024-02-21,17:30:00,Chocolate Lava Cake,Dessert,9.0,9,81.0,Cash,Delivery,105,Nina,17,Wednesday,2,February,2,False,True
2024-01-08,16:15:00,Grilled Asparagus,Side,4.0,8,32.0,Mobile Payment,Dine-In,103,Emily,16,Monday,1,January,0,False,False
2024-10-10,13:45:00,Cabernet Sauvignon,Beverage,4.0,16,64.0,Mobile Payment,Delivery,104,Carlos,13,Thursday,10,October,3,False,True
2024-03-22,17:45:00,Ribeye Steak,Entree,9.0,35,315.0,Cash,Delivery,104,Carlos,17,Friday,3,March,4,False,True
2024-10-12,19:00:00,Old Fashioned,Beverage,12.0,12,144.0,Mobile Payment,Delivery,104,Carlos,19,Saturday,10,October,5,True,True
2024-11-10,12:30:00,Ribeye Steak,Entree,3.0,35,105.0,Mobile Payment,Takeaway,102,Jake,12,Sunday,11,November,6,True,True
2024-07-04,18:00:00,Chocolate Lava Cake,Dessert,7.0,9,63.0,Credit Card,Dine-In,105,Nina,18,Thursday,7,July,3,False,True
2024-05-01,13:00:00,Filet Mignon,Entree,2.0,42,84.0,Credit Card,Delivery,103,Emily,13,Wednesday,5,May,2,False,True
2024-08-20,21:15:00,Grilled Asparagus,Side,2.0,8,16.0,Credit Card,Dine-In,105,Nina,21,Tuesday,8,August,1,False,False
2024-01-03,20:30:00,New York Strip,Entree,2.0,38,76.0,Credit Card,Takeaway,103,Emily,20,Wednesday,1,January,2,False,True
2024-09-18,16:00:00,Old Fashioned,Beverage,4.0,12,48.0,Credit Card,Takeaway,101,Sarah,16,Wednesday,9,September,2,False,False
2024-12-09,22:15:00,Old Fashioned,Beverage,6.0,12,72.0,Credit Card,Delivery,102,Jake,22,Monday,12,December,0,False,True
2024-02-08,12:15:00,Shrimp Cocktail,Appetizer,1.0,14,14.0,Mobile Payment,Delivery,105,Nina,12,Thursday,2,February,3,False,False
2024-07-25,13:45:00,Shrimp Cocktail,Appetizer,2.0,14,28.0,Cash,Dine-In,105,Nina,13,Thursday,7,July,3,False,False
2024-09-01,16:00:00,Old Fashioned,Beverage,1.0,12,12.0,Mobile Payment,Takeaway,103,Emily,16,Sunday,9,September,6,True,False
2024-05-16,13:00:00,Cabernet Sauvignon,Beverage,4.0,16,64.0,Mobile Payment,Takeaway,103,Emily,13,Thursday,5,May,3,False,True
2024-09-05,11:30:00,Grilled Asparagus,Side,6.0,8,48.0,Cash,Dine-In,105,Nina,11,Thursday,9,September,3,False,False
2024-03-13,13:30:00,Old Fashioned,Beverage,1.0,12,12.0,Mobile Payment,Delivery,101,Sarah,13,Wednesday,3,March,2,False,False
2024-01-26,12:45:00,Caesar Salad,Appetizer,5.0,10,50.0,Credit Card,Takeaway,101,Sarah,12,Friday,1,January,4,False,False
2024-08-23,13:15:00,New York Strip,Entree,5.0,38,190.0,Credit Card,Dine-In,105,Nina,13,Friday,8,August,4,False,True
2024-03-24,19:30:00,Truffle Fries,Side,7.0,8,56.0,Cash,Dine-In,101,Sarah,19,Sunday,3,March,6,True,False
2024-09-05,19:15:00,New York Strip,Entree,5.0,38,190.0,Mobile Payment,Takeaway,102,Jake,19,Thursday,9,September,3,False,True
2024-02-16,13:45:00,Filet Mignon,Entree,7.0,42,294.0,Mobile Payment,Takeaway,101,Sarah,13,Friday,2,February,4,False,True
2024-09-03,12:00:00,Mashed Potatoes,Side,6.0,7,42.0,Mobile Payment,Delivery,101,Sarah,12,Tuesday,9,September,1,False,False
2024-02-16,12:30:00,Ribeye Steak,Entree,8.0,35,280.0,Cash,Takeaway,101,Sarah,12,Friday,2,February,4,False,True
2024-12-02,12:30:00,New York Strip,Entree,4.0,38,152.0,Cash,Delivery,101,Sarah,12,Monday,12,December,0,False,True
2024-07-04,14:45:00,Ribeye Steak,Entree,4.0,35,140.0,Cash,Dine-In,101,Sarah,14,Thursday,7,July,3,False,True
2024-01-17,18:00:00,Grilled Asparagus,Side,9.0,8,72.0,Credit Card,Delivery,101,Sarah,18,Wednesday,1,January,2,False,True
2024-01-03,18:30:00,Truffle Fries,Side,2.0,8,16.0,Mobile Payment,Delivery,103,Emily,18,Wednesday,1,January,2,False,False
2024-10-14,22:30:00,Truffle Fries,Side,5.0,8,40.0,Cash,Delivery,102,Jake,22,Monday,10,October,0,False,False
2024-10-17,19:45:00,Grilled Asparagus,Side,10.0,8,80.0,Mobile Payment,Delivery,102,Jake,19,Thursday,10,October,3,False,True
2024-07-30,16:15:00,Chocolate Lava Cake,Dessert,3.0,9,27.0,Credit Card,Takeaway,101,Sarah,16,Tuesday,7,July,1,False,False
2024-07-30,22:00:00,Chocolate Lava Cake,Dessert,10.0,9,90.0,Cash,Takeaway,102,Jake,22,Tuesday,7,July,1,False,True
2024-06-08,19:00:00,Caesar Salad,Appetizer,2.0,10,20.0,Cash,Takeaway,103,Emily,19,Saturday,6,June,5,True,False
2024-01-24,13:30:00,Cabernet Sauvignon,Beverage,5.0,16,80.0,Credit Card,Dine-In,102,Jake,13,Wednesday,1,January,2,False,True
2024-02-05,18:30:00,Caesar Salad,Appetizer,6.0,10,60.0,Credit Card,Takeaway,105,Nina,18,Monday,2,February,0,False,False
2024-05-03,16:15:00,Grilled Asparagus,Side,8.0,8,64.0,Cash,Takeaway,103,Emily,16,Friday,5,May,4,False,True
2024-10-06,17:00:00,Truffle Fries,Side,8.0,8,64.0,Credit Card,Dine-In,105,Nina,17,Sunday,10,October,6,True,True
2024-10-07,14:30:00,Shrimp Cocktail,Appetizer,4.0,14,56.0,Mobile Payment,Dine-In,105,Nina,14,Monday,10,October,0,False,False
2024-06-04,13:30:00,Caesar Salad,Appetizer,4.0,10,40.0,Mobile Payment,Takeaway,104,Carlos,13,Tuesday,6,June,1,False,False
2024-03-11,19:00:00,Mashed Potatoes,Side,7.0,7,49.0,Cash,Takeaway,104,Carlos,19,Monday,3,March,0,False,False
2024-05-21,22:00:00,Grilled Asparagus,Side,5.0,8,40.0,Credit Card,Delivery,103,Emily,22,Tuesday,5,May,1,False,False
2024-06-29,12:30:00,Grilled Asparagus,Side,3.0,8,24.0,Cash,Delivery,102,Jake,12,Saturday,6,June,5,True,False
2024-01-05,20:00:00,Cabernet Sauvignon,Beverage,5.0,16,80.0,Credit Card,Dine-In,101,Sarah,20,Friday,1,January,4,False,True
2024-09-09,21:30:00,Truffle Fries,Side,2.0,8,16.0,Mobile Payment,Delivery,101,Sarah,21,Monday,9,September,0,False,False
2024-04-29,12:00:00,Filet Mignon,Entree,4.0,42,168.0,Mobile Payment,Takeaway,101,Sarah,12,Monday,4,April,0,False,True
2024-11-03,21:00:00,New York Strip,Entree,7.0,38,266.0,Credit Card,Delivery,104,Carlos,21,Sunday,11,November,6,True,True
2024-12-15,17:00:00,Bourbon BBQ Burger,Entree,4.0,22,88.0,Cash,Delivery,101,Sarah,17,Sunday,12,December,6,True,True
2024-07-26,22:30:00,Caesar Salad,Appetizer,6.0,10,60.0,Credit Card,Delivery,101,Sarah,22,Friday,7,July,4,False,False
2024-12-15,13:00:00,Filet Mignon,Entree,2.0,42,84.0,Cash,Takeaway,103,Emily,13,Sunday,12,December,6,True,True
2024-10-16,16:00:00,Ribeye Steak,Entree,2.0,35,70.0,Credit Card,Delivery,101,Sarah,16,Wednesday,10,October,2,False,True
2024-02-10,16:00:00,Mashed Potatoes,Side,4.0,7,28.0,Mobile Payment,Dine-In,103,Emily,16,Saturday,2,February,5,True,False
2024-12-01,21:30:00,Old Fashioned,Beverage,10.0,12,120.0,Credit Card,Dine-In,104,Carlos,21,Sunday,12,December,6,True,True
2024-05-24,11:45:00,Filet Mignon,Entree,7.0,42,294.0,Mobile Payment,Dine-In,102,Jake,11,Friday,5,May,4,False,True
2024-08-25,20:00:00,Mashed Potatoes,Side,10.0,7,70.0,Mobile Payment,Takeaway,101,Sarah,20,Sunday,8,August,6,True,True
2024-04-28,21:00:00,Ribeye Steak,Entree,2.0,35,70.0,Credit Card,Takeaway,105,Nina,21,Sunday,4,April,6,True,True
2024-04-20,15:00:00,Caesar Salad,Appetizer,10.0,10,100.0,Cash,Dine-In,103,Emily,15,Saturday,4,April,5,True,True
2024-06-27,13:00:00,Caesar Salad,Appetizer,5.0,10,50.0,Cash,Delivery,105,Nina,13,Thursday,6,June,3,False,False
2024-12-23,15:00:00,Filet Mignon,Entree,5.0,42,210.0,Credit Card,Delivery,105,Nina,15,Monday,12,December,0,False,True
2024-02-18,14:30:00,Chocolate Lava Cake,Dessert,5.0,9,45.0,Cash,Delivery,103,Emily,14,Sunday,2,February,6,True,False
2024-06-26,14:30:00,Bourbon BBQ Burger,Entree,5.0,22,110.0,Credit Card,Dine-In,101,Sarah,14,Wednesday,6,June,2,False,True
2024-07-04,17:00:00,Ribeye Steak,Entree,2.0,35,70.0,Credit Card,Takeaway,105,Nina,17,Thursday,7,July,3,False,True
2024-10-22,11:00:00,Grilled Asparagus,Side,5.0,8,40.0,Credit Card,Delivery,101,Sarah,11,Tuesday,10,October,1,False,False
2024-02-07,19:45:00,Truffle Fries,Side,8.0,8,64.0,Credit Card,Takeaway,101,Sarah,19,Wednesday,2,February,2,False,True
2024-12-22,14:45:00,Cabernet Sauvignon,Beverage,3.0,16,48.0,Mobile Payment,Delivery,102,Jake,14,Sunday,12,December,6,True,False
2024-04-21,21:15:00,Chocolate Lava Cake,Dessert,6.0,9,54.0,Credit Card,Delivery,103,Emily,21,Sunday,4,April,6,True,False
2024-04-25,11:00:00,Grilled Asparagus,Side,4.0,8,32.0,Credit Card,Takeaway,102,Jake,11,Thursday,4,April,3,False,False
2024-06-20,16:00:00,Caesar Salad,Appetizer,2.0,10,20.0,Mobile Payment,Takeaway,101,Sarah,16,Thursday,6,June,3,False,False
2024-02-07,18:15:00,Grilled Asparagus,Side,5.0,8,40.0,Credit Card,Dine-In,104,Carlos,18,Wednesday,2,February,2,False,False
2024-04-04,15:00:00,Old Fashioned,Beverage,5.0,12,60.0,Credit Card,Dine-In,105,Nina,15,Thursday,4,April,3,False,False
2024-02-01,21:15:00,Bourbon BBQ Burger,Entree,11.0,22,242.0,Mobile Payment,Dine-In,102,Jake,21,Thursday,2,February,3,False,True
2024-04-23,15:30:00,Filet Mignon,Entree,1.0,42,42.0,Cash,Delivery,101,Sarah,15,Tuesday,4,April,1,False,False
2024-10-19,11:45:00,Bourbon BBQ Burger,Entree,2.0,22,44.0,Credit Card,Dine-In,101,Sarah,11,Saturday,10,October,5,True,False
2024-11-22,19:45:00,Cabernet Sauvignon,Beverage,5.0,16,80.0,Cash,Dine-In,102,Jake,19,Friday,11,November,4,False,True
2024-02-29,12:45:00,Grilled Asparagus,Side,5.0,8,40.0,Cash,Dine-In,105,Nina,12,Thursday,2,February,3,False,False
2024-01-04,15:30:00,Old Fashioned,Beverage,3.0,12,36.0,Mobile Payment,Delivery,105,Nina,15,Thursday,1,January,3,False,False
2024-08-18,16:15:00,Filet Mignon,Entree,2.0,42,84.0,Mobile Payment,Delivery,105,Nina,16,Sunday,8,August,6,True,True
2024-08-04,15:15:00,Grilled Asparagus,Side,1.0,8,8.0,Cash,Dine-In,104,Carlos,15,Sunday,8,August,6,True,False
2024-12-09,13:00:00,Truffle Fries,Side,2.0,8,16.0,Credit Card,Takeaway,103,Emily,13,Monday,12,December,0,False,False
2024-09-23,13:00:00,Shrimp Cocktail,Appetizer,4.0,14,56.0,Credit Card,Dine-In,105,Nina,13,Monday,9,September,0,False,False
2024-03-05,11:45:00,Filet Mignon,Entree,1.0,42,42.0,Credit Card,Dine-In,102,Jake,11,Tuesday,3,March,1,False,False
2024-12-31,19:00:00,New York Strip,Entree,5.2,38,197.6,Credit Card,Delivery,102,Jake,19,Tuesday,12,December,1,False,True
2024-02-20,21:15:00,Filet Mignon,Entree,6.0,42,252.0,Mobile Payment,Dine-In,105,Nina,21,Tuesday,2,February,1,False,True
2024-10-20,18:00:00,Bourbon BBQ Burger,Entree,6.0,22,132.0,Mobile Payment,Dine-In,104,Carlos,18,Sunday,10,October,6,True,True
2024-02-24,12:45:00,Caesar Salad,Appetizer,9.0,10,90.0,Credit Card,Takeaway,105,Nina,12,Saturday,2,February,5,True,True
2024-10-08,12:30:00,Chocolate Lava Cake,Dessert,4.0,9,36.0,Mobile Payment,Takeaway,102,Jake,12,Tuesday,10,October,1,False,False
2024-12-26,22:00:00,Grilled Asparagus,Side,10.0,8,80.0,Mobile Payment,Dine-In,101,Sarah,22,Thursday,12,December,3,False,True
2024-06-22,14:45:00,Cabernet Sauvignon,Beverage,10.0,16,160.0,Cash,Dine-In,105,Nina,14,Saturday,6,June,5,True,True
2024-07-11,20:15:00,Cabernet Sauvignon,Beverage,8.0,16,128.0,Credit Card,Dine-In,105,Nina,20,Thursday,7,July,3,False,True
2024-05-21,16:30:00,Ribeye Steak,Entree,1.0,35,35.0,Mobile Payment,Dine-In,102,Jake,16,Tuesday,5,May,1,False,False
2024-09-01,13:00:00,Ribeye Steak,Entree,2.0,35,70.0,Mobile Payment,Dine-In,105,Nina,13,Sunday,9,September,6,True,True
2024-05-30,19:15:00,Bourbon BBQ Burger,Entree,4.0,22,88.0,Cash,Delivery,102,Jake,19,Thursday,5,May,3,False,True
2024-01-31,15:00:00,Shrimp Cocktail,Appetizer,3.0,14,42.0,Credit Card,Takeaway,102,Jake,15,Wednesday,1,January,2,False,False
2024-03-08,22:00:00,Filet Mignon,Entree,8.0,42,336.0,Credit Card,Delivery,105,Nina,22,Friday,3,March,4,False,True
2024-12-29,14:00:00,Bourbon BBQ Burger,Entree,2.0,22,44.0,Mobile Payment,Delivery,101,Sarah,14,Sunday,12,December,6,True,False
2024-03-06,11:15:00,Ribeye Steak,Entree,3.0,35,105.0,Mobile Payment,Delivery,102,Jake,11,Wednesday,3,March,2,False,True
2024-04-22,13:15:00,Truffle Fries,Side,4.0,8,32.0,Credit Card,Takeaway,102,Jake,13,Monday,4,April,0,False,False
2024-12-22,12:15:00,Mashed Potatoes,Side,2.0,7,14.0,Cash,Dine-In,105,Nina,12,Sunday,12,December,6,True,False
2024-02-17,17:30:00,Ribeye Steak,Entree,9.0,35,315.0,Credit Card,Takeaway,102,Jake,17,Saturday,2,February,5,True,True
2024-01-02,21:00:00,Mashed Potatoes,Side,12.0,7,84.0,Cash,Takeaway,104,Carlos,21,Tuesday,1,January,1,False,True
2024-08-23,16:45:00,Chocolate Lava Cake,Dessert,1.0,9,9.0,Mobile Payment,Delivery,102,Jake,16,Friday,8,August,4,False,False
2024-03-08,12:00:00,Bourbon BBQ Burger,Entree,2.0,22,44.0,Mobile Payment,Dine-In,104,Carlos,12,Friday,3,March,4,False,False
2024-12-15,21:00:00,Old Fashioned,Beverage,5.0,12,60.0,Credit Card,Delivery,101,Sarah,21,Sunday,12,December,6,True,False
2024-03-22,20:15:00,Filet Mignon,Entree,2.0,42,84.0,Credit Card,Dine-In,105,Nina,20,Friday,3,March,4,False,True
2024-05-21,12:45:00,Grilled Asparagus,Side,2.0,8,16.0,Cash,Delivery,101,Sarah,12,Tuesday,5,May,1,False,False
2024-04-13,12:45:00,Old Fashioned,Beverage,2.0,12,24.0,Mobile Payment,Dine-In,103,Emily,12,Saturday,4,April,5,True,False
2024-07-26,19:30:00,Grilled Asparagus,Side,7.0,8,56.0,Credit Card,Dine-In,104,Carlos,19,Friday,7,July,4,False,False
2024-04-29,22:45:00,New York Strip,Entree,2.0,38,76.0,Mobile Payment,Delivery,104,Carlos,22,Monday,4,April,0,False,True
2024-07-04,16:00:00,Shrimp Cocktail,Appetizer,5.0,14,70.0,Credit Card,Takeaway,103,Emily,16,Thursday,7,July,3,False,True
2024-12-01,11:45:00,Grilled Asparagus,Side,4.0,8,32.0,Cash,Delivery,103,Emily,11,Sunday,12,December,6,True,False
2024-11-05,14:15:00,Chocolate Lava Cake,Dessert,4.0,9,36.0,Credit Card,Dine-In,103,Emily,14,Tuesday,11,November,1,False,False
2024-11-27,20:45:00,New York Strip,Entree,7.0,38,266.0,Cash,Dine-In,102,Jake,20,Wednesday,11,November,2,False,True
2024-07-16,13:45:00,Filet Mignon,Entree,1.0,42,42.0,Credit Card,Dine-In,103,Emily,13,Tuesday,7,July,1,False,False
2024-04-20,17:15:00,Truffle Fries,Side,6.0,8,48.0,Mobile Payment,Delivery,103,Emily,17,Saturday,4,April,5,True,False
2024-05-16,21:15:00,Filet Mignon,Entree,11.0,42,462.0,Mobile Payment,Delivery,101,Sarah,21,Thursday,5,May,3,False,True
2024-09-30,22:45:00,Chocolate Lava Cake,Dessert,9.0,9,81.0,Cash,Delivery,105,Nina,22,Monday,9,September,0,False,True
2024-07-27,13:15:00,Truffle Fries,Side,5.0,8,40.0,Mobile Payment,Dine-In,105,Nina,13,Saturday,7,July,5,True,False
2024-10-19,21:45:00,Shrimp Cocktail,Appetizer,5.0,14,70.0,Cash,Delivery,103,Emily,21,Saturday,10,October,5,True,True
2024-05-02,13:30:00,Old Fashioned,Beverage,2.0,12,24.0,Credit Card,Delivery,101,Sarah,13,Thursday,5,May,3,False,False
2024-07-05,19:15:00,Caesar Salad,Appetizer,5.0,10,50.0,Credit Card,Dine-In,101,Sarah,19,Friday,7,July,4,False,False
2024-12-19,14:00:00,Filet Mignon,Entree,3.0,42,126.0,Mobile Payment,Delivery,104,Carlos,14,Thursday,12,December,3,False,True
2024-07-26,11:30:00,Truffle Fries,Side,5.0,8,40.0,Credit Card,Takeaway,104,Carlos,11,Friday,7,July,4,False,False
2024-12-19,20:30:00,Old Fashioned,Beverage,6.0,12,72.0,Credit Card,Takeaway,105,Nina,20,Thursday,12,December,3,False,True
2024-12-30,22:30:00,Truffle Fries,Side,5.0,8,40.0,Cash,Takeaway,102,Jake,22,Monday,12,December,0,False,False
2024-08-11,16:45:00,Shrimp Cocktail,Appetizer,3.0,14,42.0,Credit Card,Delivery,105,Nina,16,Sunday,8,August,6,True,False
2024-09-14,17:00:00,Grilled Asparagus,Side,3.0,8,24.0,Credit Card,Dine-In,101,Sarah,17,Saturday,9,September,5,True,False
2024-03-31,16:30:00,Mashed Potatoes,Side,1.0,7,7.0,Mobile Payment,Delivery,101,Sarah,16,Sunday,3,March,6,True,False
2024-10-20,16:30:00,Cabernet Sauvignon,Beverage,1.0,16,16.0,Credit Card,Dine-In,104,Carlos,16,Sunday,10,October,6,True,False
2024-11-01,13:30:00,Mashed Potatoes,Side,8.0,7,56.0,Credit Card,Takeaway,103,Emily,13,Friday,11,November,4,False,False
2024-08-16,13:00:00,Caesar Salad,Appetizer,2.0,10,20.0,Credit Card,Takeaway,102,Jake,13,Friday,8,August,4,False,False
2024-05-02,16:00:00,Shrimp Cocktail,Appetizer,2.0,14,28.0,Credit Card,Dine-In,103,Emily,16,Thursday,5,May,3,False,False
2024-01-27,21:30:00,Bourbon BBQ Burger,Entree,12.0,22,264.0,Mobile Payment,Dine-In,102,Jake,21,Saturday,1,January,5,True,True
2024-03-21,17:00:00,Shrimp Cocktail,Appetizer,7.0,14,98.0,Credit Card,Dine-In,101,Sarah,17,Thursday,3,March,3,False,True
2024-08-19,20:45:00,Caesar Salad,Appetizer,10.0,10,100.0,Cash,Dine-In,101,Sarah,20,Monday,8,August,0,False,True
2024-01-16,19:00:00,Old Fashioned,Beverage,12.0,12,144.0,Credit Card,Dine-In,102,Jake,19,Tuesday,1,January,1,False,True
2024-03-02,12:30:00,Truffle Fries,Side,9.0,8,72.0,Credit Card,Dine-In,105,Nina,12,Saturday,3,March,5,True,True
2024-05-23,16:15:00,Caesar Salad,Appetizer,3.0,10,30.0,Mobile Payment,Takeaway,102,Jake,16,Thursday,5,May,3,False,False
2024-08-09,19:45:00,Shrimp Cocktail,Appetizer,5.0,14,70.0,Mobile Payment,Delivery,104,Carlos,19,Friday,8,August,4,False,True
2024-01-25,12:45:00,Caesar Salad,Appetizer,2.0,10,20.0,Mobile Payment,Delivery,101,Sarah,12,Thursday,1,January,3,False,False
2024-12-20,19:45:00,Mashed Potatoes,Side,5.0,7,35.0,Cash,Takeaway,104,Carlos,19,Friday,12,December,4,False,False
2024-08-19,13:45:00,Grilled Asparagus,Side,3.0,8,24.0,Credit Card,Dine-In,102,Jake,13,Monday,8,August,0,False,False
2024-08-27,11:00:00,Shrimp Cocktail,Appetizer,1.0,14,14.0,Mobile Payment,Dine-In,103,Emily,11,Tuesday,8,August,1,False,False
2024-03-19,18:00:00,Ribeye Steak,Entree,6.0,35,210.0,Credit Card,Delivery,105,Nina,18,Tuesday,3,March,1,False,True
2024-12-03,11:00:00,Ribeye Steak,Entree,2.0,35,70.0,Credit Card,Delivery,102,Jake,11,Tuesday,12,December,1,False,True
2024-03-06,12:30:00,New York Strip,Entree,3.0,38,114.0,Credit Card,Delivery,102,Jake,12,Wednesday,3,March,2,False,True
2024-03-02,17:00:00,Chocolate Lava Cake,Dessert,7.0,9,63.0,Cash,Delivery,101,Sarah,17,Saturday,3,March,5,True,True
2024-04-21,17:00:00,Old Fashioned,Beverage,5.0,12,60.0,Cash,Dine-In,101,Sarah,17,Sunday,4,April,6,True,False
2024-04-11,17:30:00,Mashed Potatoes,Side,4.0,7,28.0,Mobile Payment,Takeaway,102,Jake,17,Thursday,4,April,3,False,False
2024-01-14,20:15:00,Chocolate Lava Cake,Dessert,9.0,9,81.0,Cash,Takeaway,102,Jake,20,Sunday,1,January,6,True,True
2024-07-10,20:30:00,Bourbon BBQ Burger,Entree,5.0,22,110.0,Cash,Dine-In,102,Jake,20,Wednesday,7,July,2,False,True
2024-03-18,21:45:00,Caesar Salad,Appetizer,12.0,10,120.0,Cash,Delivery,105,Nina,21,Monday,3,March,0,False,True
2024-11-07,13:00:00,Shrimp Cocktail,Appetizer,3.0,14,42.0,Credit Card,Delivery,102,Jake,13,Thursday,11,November,3,False,False
2024-06-30,14:15:00,Caesar Salad,Appetizer,3.0,10,30.0,Credit Card,Dine-In,105,Nina,14,Sunday,6,June,6,True,False
2024-06-28,11:45:00,Grilled Asparagus,Side,1.0,8,8.0,Cash,Delivery,104,Carlos,11,Friday,6,June,4,False,False
2024-01-24,19:15:00,Grilled Asparagus,Side,9.0,8,72.0,Credit Card,Dine-In,105,Nina,19,Wednesday,1,January,2,False,True
2024-03-22,14:45:00,Ribeye Steak,Entree,1.0,35,35.0,Cash,Takeaway,101,Sarah,14,Friday,3,March,4,False,False
2024-03-20,17:00:00,Mashed Potatoes,Side,9.0,7,63.0,Cash,Delivery,105,Nina,17,Wednesday,3,March,2,False,True
2024-11-19,13:00:00,Old Fashioned,Beverage,4.0,12,48.0,Mobile Payment,Takeaway,105,Nina,13,Tuesday,11,November,1,False,False
2024-05-12,17:45:00,Caesar Salad,Appetizer,7.5,10,75.0,Credit Card,Takeaway,102,Jake,17,Sunday,5,May,6,True,True
2024-03-15,14:15:00,Truffle Fries,Side,3.0,8,24.0,Cash,Dine-In,105,Nina,14,Friday,3,March,4,False,False
2024-01-09,21:00:00,Chocolate Lava Cake,Dessert,6.0,9,54.0,Credit Card,Dine-In,103,Emily,21,Tuesday,1,January,1,False,False
2024-10-13,21:15:00,Truffle Fries,Side,4.0,8,32.0,Cash,Delivery,103,Emily,21,Sunday,10,October,6,True,False
2024-07-26,11:45:00,New York Strip,Entree,8.0,38,304.0,Credit Card,Dine-In,103,Emily,11,Friday,7,July,4,False,True
2024-12-01,11:45:00,Caesar Salad,Appetizer,3.0,10,30.0,Cash,Dine-In,101,Sarah,11,Sunday,12,December,6,True,False
2024-09-29,11:30:00,Grilled Asparagus,Side,5.0,8,40.0,Credit Card,Dine-In,102,Jake,11,Sunday,9,September,6,True,False
2024-01-04,18:30:00,Caesar Salad,Appetizer,10.0,10,100.0,Credit Card,Dine-In,105,Nina,18,Thursday,1,January,3,False,True
2024-06-14,13:00:00,Bourbon BBQ Burger,Entree,2.0,22,44.0,Cash,Takeaway,102,Jake,13,Friday,6,June,4,False,False
2024-07-24,21:00:00,Cabernet Sauvignon,Beverage,7.0,16,112.0,Mobile Payment,Takeaway,102,Jake,21,Wednesday,7,July,2,False,True
2024-10-19,22:45:00,Bourbon BBQ Burger,Entree,6.0,22,132.0,Credit Card,Dine-In,103,Emily,22,Saturday,10,October,5,True,True
2024-05-21,18:00:00,Mashed Potatoes,Side,7.0,7,49.0,Credit Card,Delivery,101,Sarah,18,Tuesday,5,May,1,False,False
2024-03-30,21:00:00,Mashed Potatoes,Side,2.0,7,14.0,Credit Card,Delivery,103,Emily,21,Saturday,3,March,5,True,False
2024-02-06,12:30:00,Mashed Potatoes,Side,4.0,7,28.0,Credit Card,Dine-In,105,Nina,12,Tuesday,2,February,1,False,False
2024-12-09,12:45:00,Chocolate Lava Cake,Dessert,2.0,9,18.0,Mobile Payment,Takeaway,104,Carlos,12,Monday,12,December,0,False,False
2024-10-07,18:30:00,New York Strip,Entree,2.0,38,76.0,Credit Card,Dine-In,102,Jake,18,Monday,10,October,0,False,True
2024-01-10,15:15:00,Grilled Asparagus,Side,2.0,8,16.0,Mobile Payment,Dine-In,101,Sarah,15,Wednesday,1,January,2,False,False
2024-11-14,21:45:00,Filet Mignon,Entree,4.0,42,168.0,Mobile Payment,Delivery,101,Sarah,21,Thursday,11,November,3,False,True
2024-03-17,15:00:00,Caesar Salad,Appetizer,6.0,10,60.0,Cash,Delivery,104,Carlos,15,Sunday,3,March,6,True,False
2024-11-13,17:45:00,Cabernet Sauvignon,Beverage,11.0,16,176.0,Mobile Payment,Takeaway,104,Carlos,17,Wednesday,11,November,2,False,True
2024-01-19,20:45:00,Caesar Salad,Appetizer,2.0,10,20.0,Cash,Takeaway,104,Carlos,20,Friday,1,January,4,False,False
2024-09-04,14:00:00,Chocolate Lava Cake,Dessert,2.0,9,18.0,Cash,Takeaway,104,Carlos,14,Wednesday,9,September,2,False,False
2024-12-11,11:45:00,Mashed Potatoes,Side,5.0,7,35.0,Mobile Payment,Delivery,105,Nina,11,Wednesday,12,December,2,False,False
2024-08-31,21:45:00,Mashed Potatoes,Side,4.0,7,28.0,Mobile Payment,Dine-In,105,Nina,21,Saturday,8,August,5,True,False
2024-12-23,22:30:00,Caesar Salad,Appetizer,2.0,10,20.0,Mobile Payment,Dine-In,104,Carlos,22,Monday,12,December,0,False,False
2024-06-17,15:15:00,Ribeye Steak,Entree,4.0,35,140.0,Mobile Payment,Delivery,105,Nina,15,Monday,6,June,0,False,True
2024-11-22,16:15:00,Caesar Salad,Appetizer,2.0,10,20.0,Cash,Dine-In,102,Jake,16,Friday,11,November,4,False,False
2024-03-02,20:00:00,Mashed Potatoes,Side,2.0,7,14.0,Credit Card,Takeaway,104,Carlos,20,Saturday,3,March,5,True,False
2024-05-19,15:45:00,Shrimp Cocktail,Appetizer,4.0,14,56.0,Cash,Delivery,101,Sarah,15,Sunday,5,May,6,True,False
2024-01-01,13:45:00,Cabernet Sauvignon,Beverage,6.0,16,96.0,Credit Card,Takeaway,103,Emily,13,Monday,1,January,0,False,True
2024-10-05,21:45:00,Old Fashioned,Beverage,9.0,12,108.0,Credit Card,Delivery,104,Carlos,21,Saturday,10,October,5,True,True
2024-10-30,18:30:00,Filet Mignon,Entree,9.0,42,378.0,Cash,Takeaway,103,Emily,18,Wednesday,10,October,2,False,True
2024-08-06,22:00:00,Shrimp Cocktail,Appetizer,7.0,14,98.0,Cash,Dine-In,104,Carlos,22,Tuesday,8,August,1,False,True
2024-05-05,16:30:00,Truffle Fries,Side,2.0,8,16.0,Credit Card,Dine-In,101,Sarah,16,Sunday,5,May,6,True,False
2024-10-28,22:45:00,Shrimp Cocktail,Appetizer,10.0,14,140.0,Credit Card,Delivery,102,Jake,22,Monday,10,October,0,False,True
2024-08-25,18:00:00,Filet Mignon,Entree,11.0,42,462.0,Mobile Payment,Takeaway,102,Jake,18,Sunday,8,August,6,True,True
2024-10-18,22:45:00,Caesar Salad,Appetizer,6.0,10,60.0,Cash,Dine-In,103,Emily,22,Friday,10,October,4,False,False
2024-10-30,18:00:00,New York Strip,Entree,6.0,38,228.0,Credit Card,Dine-In,102,Jake,18,Wednesday,10,October,2,False,True
2024-09-27,13:45:00,Grilled Asparagus,Side,3.0,8,24.0,Credit Card,Takeaway,102,Jake,13,Friday,9,September,4,False,False
2024-02-10,16:30:00,Cabernet Sauvignon,Beverage,9.0,16,144.0,Mobile Payment,Delivery,103,Emily,16,Saturday,2,February,5,True,True
2024-11-09,17:30:00,Shrimp Cocktail,Appetizer,9.0,14,126.0,Mobile Payment,Takeaway,102,Jake,17,Saturday,11,November,5,True,True
2024-06-01,16:30:00,Shrimp Cocktail,Appetizer,4.0,14,56.0,Credit Card,Delivery,103,Emily,16,Saturday,6,June,5,True,False
2024-02-07,15:00:00,Grilled Asparagus,Side,5.0,8,40.0,Mobile Payment,Delivery,102,Jake,15,Wednesday,2,February,2,False,False
2024-11-07,14:30:00,Shrimp Cocktail,Appetizer,5.0,14,70.0,Credit Card,Takeaway,102,Jake,14,Thursday,11,November,3,False,True
2024-10-21,15:45:00,Shrimp Cocktail,Appetizer,1.0,14,14.0,Mobile Payment,Delivery,105,Nina,15,Monday,10,October,0,False,False
2024-03-28,13:15:00,Ribeye Steak,Entree,4.0,35,140.0,Credit Card,Delivery,104,Carlos,13,Thursday,3,March,3,False,True
2024-03-06,20:45:00,Truffle Fries,Side,5.0,8,40.0,Mobile Payment,Delivery,105,Nina,20,Wednesday,3,March,2,False,False
2024-11-24,19:30:00,Filet Mignon,Entree,3.0,42,126.0,Cash,Dine-In,101,Sarah,19,Sunday,11,November,6,True,True
2024-10-19,18:15:00,Ribeye Steak,Entree,5.0,35,175.0,Cash,Takeaway,101,Sarah,18,Saturday,10,October,5,True,True
2024-09-02,16:30:00,Cabernet Sauvignon,Beverage,3.0,16,48.0,Cash,Takeaway,104,Carlos,16,Monday,9,September,0,False,False
2024-07-08,16:45:00,Chocolate Lava Cake,Dessert,2.0,9,18.0,Cash,Dine-In,102,Jake,16,Monday,7,July,0,False,False
2024-01-06,11:30:00,Shrimp Cocktail,Appetizer,7.0,14,98.0,Credit Card,Takeaway,104,Carlos,11,Saturday,1,January,5,True,True
2024-02-02,13:15:00,Chocolate Lava Cake,Dessert,2.0,9,18.0,Cash,Dine-In,103,Emily,13,Friday,2,February,4,False,False
2024-02-24,13:00:00,Caesar Salad,Appetizer,7.0,10,70.0,Credit Card,Takeaway,103,Emily,13,Saturday,2,February,5,True,True
2024-09-27,22:45:00,Caesar Salad,Appetizer,6.0,10,60.0,Mobile Payment,Takeaway,104,Carlos,22,Friday,9,September,4,False,False
2024-01-02,19:45:00,Filet Mignon,Entree,10.0,42,420.0,Mobile Payment,Dine-In,101,Sarah,19,Tuesday,1,January,1,False,True
2024-05-13,22:30:00,Cabernet Sauvignon,Beverage,6.0,16,96.0,Cash,Takeaway,103,Emily,22,Monday,5,May,0,False,True
2024-07-22,17:15:00,Filet Mignon,Entree,2.0,42,84.0,Cash,Delivery,105,Nina,17,Monday,7,July,0,False,True
2024-07-08,11:15:00,Shrimp Cocktail,Appetizer,2.0,14,28.0,Cash,Takeaway,102,Jake,11,Monday,7,July,0,False,False
2024-12-09,22:15:00,Ribeye Steak,Entree,4.0,35,140.0,Cash,Takeaway,104,Carlos,22,Monday,12,December,0,False,True
2024-05-29,13:30:00,Grilled Asparagus,Side,2.0,8,16.0,Mobile Payment,Dine-In,101,Sarah,13,Wednesday,5,May,2,False,False
2024-06-03,14:45:00,Truffle Fries,Side,5.0,8,40.0,Credit Card,Delivery,104,Carlos,14,Monday,6,June,0,False,False
2024-10-03,11:00:00,Cabernet Sauvignon,Beverage,3.0,16,48.0,Mobile Payment,Delivery,102,Jake,11,Thursday,10,October,3,False,False
2024-10-18,15:45:00,Chocolate Lava Cake,Dessert,1.0,9,9.0,Cash,Delivery,101,Sarah,15,Friday,10,October,4,False,False
2024-11-27,21:45:00,Old Fashioned,Beverage,5.0,12,60.0,Cash,Takeaway,103,Emily,21,Wednesday,11,November,2,False,False
2024-04-06,11:30:00,Caesar Salad,Appetizer,6.0,10,60.0,Cash,Dine-In,102,Jake,11,Saturday,4,April,5,True,False
2024-10-01,16:00:00,New York Strip,Entree,2.0,38,76.0,Mobile Payment,Delivery,103,Emily,16,Tuesday,10,October,1,False,True
2024-08-04,17:30:00,New York Strip,Entree,10.0,38,380.0,Credit Card,Delivery,102,Jake,17,Sunday,8,August,6,True,True
2024-04-11,14:15:00,Cabernet Sauvignon,Beverage,2.0,16,32.0,Mobile Payment,Dine-In,101,Sarah,14,Thursday,4,April,3,False,False
2024-03-10,11:15:00,Mashed Potatoes,Side,4.0,7,28.0,Mobile Payment,Dine-In,102,Jake,11,Sunday,3,March,6,True,False
2024-04-14,11:15:00,Ribeye Steak,Entree,2.0,35,70.0,Cash,Takeaway,104,Carlos,11,Sunday,4,April,6,True,True
2024-08-27,18:00:00,Truffle Fries,Side,2.0,8,16.0,Mobile Payment,Takeaway,104,Carlos,18,Tuesday,8,August,1,False,False
2024-07-05,11:45:00,Grilled Asparagus,Side,3.0,8,24.0,Credit Card,Delivery,105,Nina,11,Friday,7,July,4,False,False
2024-06-26,16:15:00,Truffle Fries,Side,1.0,8,8.0,Cash,Takeaway,103,Emily,16,Wednesday,6,June,2,False,False
2024-04-17,11:00:00,New York Strip,Entree,2.0,38,76.0,Mobile Payment,Delivery,105,Nina,11,Wednesday,4,April,2,False,True
2024-05-12,18:15:00,Caesar Salad,Appetizer,3.0,10,30.0,Cash,Takeaway,102,Jake,18,Sunday,5,May,6,True,False
2024-01-24,13:30:00,Old Fashioned,Beverage,1.0,12,12.0,Mobile Payment,Delivery,101,Sarah,13,Wednesday,1,January,2,False,False
2024-02-16,18:15:00,New York Strip,Entree,4.0,38,152.0,Credit Card,Dine-In,103,Emily,18,Friday,2,February,4,False,True
2024-01-30,18:45:00,Shrimp Cocktail,Appetizer,10.0,14,140.0,Credit Card,Delivery,101,Sarah,18,Tuesday,1,January,1,False,True
2024-08-31,21:45:00,Mashed Potatoes,Side,7.0,7,49.0,Credit Card,Dine-In,105,Nina,21,Saturday,8,August,5,True,False
2024-11-03,13:30:00,Ribeye Steak,Entree,4.0,35,140.0,Credit Card,Delivery,105,Nina,13,Sunday,11,November,6,True,True
2024-04-26,19:45:00,New York Strip,Entree,9.0,38,342.0,Mobile Payment,Dine-In,103,Emily,19,Friday,4,April,4,False,True
2024-09-15,12:15:00,New York Strip,Entree,3.0,38,114.0,Mobile Payment,Dine-In,105,Nina,12,Sunday,9,September,6,True,True
2024-12-18,16:45:00,Grilled Asparagus,Side,6.0,8,48.0,Credit Card,Delivery,103,Emily,16,Wednesday,12,December,2,False,False
2024-09-16,22:15:00,Caesar Salad,Appetizer,7.0,10,70.0,Cash,Delivery,102,Jake,22,Monday,9,September,0,False,True
2024-08-19,20:00:00,New York Strip,Entree,2.0,38,76.0,Cash,Dine-In,101,Sarah,20,Monday,8,August,0,False,True
2024-01-25,12:45:00,Cabernet Sauvignon,Beverage,1.0,16,16.0,Cash,Delivery,103,Emily,12,Thursday,1,January,3,False,False
2024-12-18,19:45:00,Truffle Fries,Side,12.0,8,96.0,Cash,Delivery,101,Sarah,19,Wednesday,12,December,2,False,True
2024-08-20,11:45:00,Shrimp Cocktail,Appetizer,1.0,14,14.0,Mobile Payment,Dine-In,105,Nina,11,Tuesday,8,August,1,False,False
2024-03-18,16:00:00,Chocolate Lava Cake,Dessert,4.0,9,36.0,Mobile Payment,Takeaway,103,Emily,16,Monday,3,March,0,False,False
2024-04-01,20:30:00,Truffle Fries,Side,2.0,8,16.0,Credit Card,Dine-In,102,Jake,20,Monday,4,April,0,False,False
2024-03-30,13:45:00,Grilled Asparagus,Side,5.0,8,40.0,Cash,Dine-In,105,Nina,13,Saturday,3,March,5,True,False
2024-08-20,13:15:00,Ribeye Steak,Entree,3.0,35,105.0,Credit Card,Dine-In,102,Jake,13,Tuesday,8,August,1,False,True
2024-02-27,17:15:00,Grilled Asparagus,Side,6.0,8,48.0,Mobile Payment,Takeaway,105,Nina,17,Tuesday,2,February,1,False,False
2024-11-26,17:15:00,Caesar Salad,Appetizer,2.0,10,20.0,Mobile Payment,Delivery,102,Jake,17,Tuesday,11,November,1,False,False
2024-04-13,15:30:00,Shrimp Cocktail,Appetizer,7.0,14,98.0,Cash,Takeaway,105,Nina,15,Saturday,4,April,5,True,True
2024-09-22,18:30:00,Ribeye Steak,Entree,6.0,35,210.0,Credit Card,Dine-In,102,Jake,18,Sunday,9,September,6,True,True
2024-01-06,16:45:00,Cabernet Sauvignon,Beverage,6.0,16,96.0,Cash,Delivery,103,Emily,16,Saturday,1,January,5,True,True
2024-04-07,21:45:00,Old Fashioned,Beverage,6.0,12,72.0,Mobile Payment,Delivery,102,Jake,21,Sunday,4,April,6,True,True
2024-07-22,17:15:00,New York Strip,Entree,11.0,38,418.0,Mobile Payment,Takeaway,104,Carlos,17,Monday,7,July,0,False,True
2024-04-29,15:15:00,Old Fashioned,Beverage,4.0,12,48.0,Credit Card,Takeaway,102,Jake,15,Monday,4,April,0,False,False
2024-03-22,16:15:00,Ribeye Steak,Entree,7.0,35,245.0,Cash,Takeaway,103,Emily,16,Friday,3,March,4,False,True
2024-10-04,12:15:00,Chocolate Lava Cake,Dessert,3.0,9,27.0,Cash,Delivery,103,Emily,12,Friday,10,October,4,False,False
2024-10-20,22:15:00,New York Strip,Entree,8.0,38,304.0,Credit Card,Dine-In,101,Sarah,22,Sunday,10,October,6,True,True
2024-06-14,17:15:00,Ribeye Steak,Entree,4.0,35,140.0,Mobile Payment,Takeaway,103,Emily,17,Friday,6,June,4,False,True
2024-12-06,22:45:00,Caesar Salad,Appetizer,7.0,10,70.0,Cash,Takeaway,102,Jake,22,Friday,12,December,4,False,True
2024-11-26,17:15:00,Chocolate Lava Cake,Dessert,6.0,9,54.0,Mobile Payment,Dine-In,101,Sarah,17,Tuesday,11,November,1,False,False
2024-08-08,17:00:00,Mashed Potatoes,Side,6.0,7,42.0,Mobile Payment,Delivery,101,Sarah,17,Thursday,8,August,3,False,False
2024-11-26,21:30:00,Filet Mignon,Entree,4.0,42,168.0,Cash,Delivery,101,Sarah,21,Tuesday,11,November,1,False,True
2024-04-24,21:00:00,Ribeye Steak,Entree,6.0,35,210.0,Mobile Payment,Delivery,102,Jake,21,Wednesday,4,April,2,False,True
2024-12-26,13:00:00,Bourbon BBQ Burger,Entree,1.0,22,22.0,Cash,Dine-In,101,Sarah,13,Thursday,12,December,3,False,False
2024-03-29,12:30:00,Truffle Fries,Side,5.0,8,40.0,Mobile Payment,Delivery,101,Sarah,12,Friday,3,March,4,False,False
2024-12-30,16:15:00,Grilled Asparagus,Side,6.0,8,48.0,Credit Card,Delivery,104,Carlos,16,Monday,12,December,0,False,False
2024-07-24,15:00:00,Filet Mignon,Entree,6.0,42,252.0,Cash,Delivery,103,Emily,15,Wednesday,7,July,2,False,True
2024-05-14,19:00:00,Grilled Asparagus,Side,6.0,8,48.0,Credit Card,Dine-In,101,Sarah,19,Tuesday,5,May,1,False,False
2024-01-22,17:15:00,Chocolate Lava Cake,Dessert,11.0,9,99.0,Credit Card,Takeaway,105,Nina,17,Monday,1,January,0,False,True
2024-09-02,14:30:00,Cabernet Sauvignon,Beverage,2.0,16,32.0,Mobile Payment,Takeaway,104,Carlos,14,Monday,9,September,0,False,False
2024-05-24,17:30:00,Truffle Fries,Side,2.0,8,16.0,Mobile Payment,Takeaway,102,Jake,17,Friday,5,May,4,False,False
2024-04-21,15:15:00,Filet Mignon,Entree,4.0,42,168.0,Cash,Delivery,104,Carlos,15,Sunday,4,April,6,True,True
2024-03-15,13:00:00,Caesar Salad,Appetizer,3.0,10,30.0,Cash,Takeaway,101,Sarah,13,Friday,3,March,4,False,False
2024-01-24,15:15:00,Chocolate Lava Cake,Dessert,2.0,9,18.0,Mobile Payment,Dine-In,101,Sarah,15,Wednesday,1,January,2,False,False
2024-05-24,22:45:00,Cabernet Sauvignon,Beverage,9.0,16,144.0,Mobile Payment,Dine-In,101,Sarah,22,Friday,5,May,4,False,True
2024-08-29,20:45:00,New York Strip,Entree,7.0,38,266.0,Mobile Payment,Delivery,105,Nina,20,Thursday,8,August,3,False,True
2024-11-09,15:00:00,Bourbon BBQ Burger,Entree,4.0,22,88.0,Mobile Payment,Delivery,102,Jake,15,Saturday,11,November,5,True,True
2024-02-26,22:00:00,Ribeye Steak,Entree,5.0,35,175.0,Credit Card,Takeaway,104,Carlos,22,Monday,2,February,0,False,True
2024-01-11,22:15:00,Truffle Fries,Side,2.0,8,16.0,Cash,Dine-In,103,Emily,22,Thursday,1,January,3,False,False
2024-04-10,22:15:00,Cabernet Sauvignon,Beverage,6.0,16,96.0,Cash,Delivery,104,Carlos,22,Wednesday,4,April,2,False,True
2024-04-06,12:00:00,Mashed Potatoes,Side,2.0,7,14.0,Credit Card,Dine-In,103,Emily,12,Saturday,4,April,5,True,False
2024-05-05,19:15:00,Cabernet Sauvignon,Beverage,2.0,16,32.0,Credit Card,Delivery,102,Jake,19,Sunday,5,May,6,True,False
2024-08-01,20:15:00,Bourbon BBQ Burger,Entree,10.0,22,220.0,Mobile Payment,Dine-In,101,Sarah,20,Thursday,8,August,3,False,True
2024-08-18,17:45:00,New York Strip,Entree,9.0,38,342.0,Credit Card,Dine-In,102,Jake,17,Sunday,8,August,6,True,True
2024-03-31,19:15:00,Cabernet Sauvignon,Beverage,12.0,16,192.0,Credit Card,Delivery,102,Jake,19,Sunday,3,March,6,True,True
2024-04-19,18:45:00,Truffle Fries,Side,2.0,8,16.0,Mobile Payment,Takeaway,101,Sarah,18,Friday,4,April,4,False,False
2024-11-19,19:45:00,New York Strip,Entree,9.0,38,342.0,Credit Card,Dine-In,102,Jake,19,Tuesday,11,November,1,False,True
2024-08-10,19:30:00,Filet Mignon,Entree,2.0,42,84.0,Cash,Dine-In,102,Jake,19,Saturday,8,August,5,True,True
2024-12-05,19:15:00,Caesar Salad,Appetizer,5.0,10,50.0,Mobile Payment,Delivery,102,Jake,19,Thursday,12,December,3,False,False
2024-02-20,21:15:00,Mashed Potatoes,Side,4.0,7,28.0,Credit Card,Delivery,105,Nina,21,Tuesday,2,February,1,False,False
2024-02-02,19:45:00,Mashed Potatoes,Side,2.0,7,14.0,Credit Card,Takeaway,104,Carlos,19,Friday,2,February,4,False,False
2024-07-16,12:00:00,Grilled Asparagus,Side,3.0,8,24.0,Mobile Payment,Dine-In,101,Sarah,12,Tuesday,7,July,1,False,False
2024-11-21,19:00:00,Bourbon BBQ Burger,Entree,7.0,22,154.0,Cash,Dine-In,105,Nina,19,Thursday,11,November,3,False,True
2024-03-06,18:45:00,Grilled Asparagus,Side,2.0,8,16.0,Credit Card,Delivery,101,Sarah,18,Wednesday,3,March,2,False,False
2024-06-29,20:45:00,Chocolate Lava Cake,Dessert,8.0,9,72.0,Mobile Payment,Dine-In,105,Nina,20,Saturday,6,June,5,True,True
2024-12-20,15:30:00,Bourbon BBQ Burger,Entree,5.0,22,110.0,Cash,Delivery,101,Sarah,15,Friday,12,December,4,False,True
2024-03-18,22:45:00,Grilled Asparagus,Side,6.0,8,48.0,Mobile Payment,Takeaway,105,Nina,22,Monday,3,March,0,False,False
2024-07-15,13:30:00,Chocolate Lava Cake,Dessert,1.0,9,9.0,Cash,Takeaway,104,Carlos,13,Monday,7,July,0,False,False
2024-04-14,15:15:00,Mashed Potatoes,Side,3.0,7,21.0,Cash,Delivery,103,Emily,15,Sunday,4,April,6,True,False
2024-12-09,17:00:00,Old Fashioned,Beverage,6.0,12,72.0,Cash,Delivery,105,Nina,17,Monday,12,December,0,False,True
2024-01-12,18:30:00,Bourbon BBQ Burger,Entree,8.0,22,176.0,Cash,Delivery,104,Carlos,18,Friday,1,January,4,False,True
2024-08-04,20:30:00,Filet Mignon,Entree,8.0,42,336.0,Mobile Payment,Delivery,104,Carlos,20,Sunday,8,August,6,True,True
2024-09-05,11:00:00,Cabernet Sauvignon,Beverage,5.0,16,80.0,Credit Card,Takeaway,104,Carlos,11,Thursday,9,September,3,False,True
2024-05-10,19:30:00,Bourbon BBQ Burger,Entree,10.0,22,220.0,Mobile Payment,Takeaway,104,Carlos,19,Friday,5,May,4,False,True
2024-05-21,12:15:00,Chocolate Lava Cake,Dessert,6.0,9,54.0,Credit Card,Dine-In,104,Carlos,12,Tuesday,5,May,1,False,False
2024-08-24,14:30:00,Old Fashioned,Beverage,9.0,12,108.0,Mobile Payment,Takeaway,102,Jake,14,Saturday,8,August,5,True,True
2024-07-23,22:00:00,Grilled Asparagus,Side,5.0,8,40.0,Mobile Payment,Delivery,101,Sarah,22,Tuesday,7,July,1,False,False
2024-05-15,15:30:00,Ribeye Steak,Entree,5.0,35,175.0,Cash,Delivery,105,Nina,15,Wednesday,5,May,2,False,True
2024-07-20,11:30:00,New York Strip,Entree,2.0,38,76.0,Cash,Dine-In,104,Carlos,11,Saturday,7,July,5,True,True
2024-03-12,18:00:00,Grilled Asparagus,Side,9.0,8,72.0,Credit Card,Delivery,105,Nina,18,Tuesday,3,March,1,False,True
2024-02-01,11:15:00,Shrimp Cocktail,Appetizer,4.0,14,56.0,Credit Card,Takeaway,105,Nina,11,Thursday,2,February,3,False,False
2024-02-23,14:00:00,Cabernet Sauvignon,Beverage,7.0,16,112.0,Mobile Payment,Delivery,102,Jake,14,Friday,2,February,4,False,True
2024-12-06,11:30:00,Old Fashioned,Beverage,5.0,12,60.0,Mobile Payment,Delivery,105,Nina,11,Friday,12,December,4,False,False
2024-05-01,20:45:00,Shrimp Cocktail,Appetizer,2.0,14,28.0,Mobile Payment,Takeaway,104,Carlos,20,Wednesday,5,May,2,False,False
2024-05-01,11:15:00,Old Fashioned,Beverage,3.0,12,36.0,Cash,Dine-In,101,Sarah,11,Wednesday,5,May,2,False,False
2024-04-18,11:30:00,Truffle Fries,Side,4.0,8,32.0,Mobile Payment,Takeaway,101,Sarah,11,Thursday,4,April,3,False,False
2024-10-30,20:30:00,Bourbon BBQ Burger,Entree,4.0,22,88.0,Cash,Takeaway,104,Carlos,20,Wednesday,10,October,2,False,True
2024-05-29,12:30:00,Chocolate Lava Cake,Dessert,2.0,9,18.0,Credit Card,Delivery,103,Emily,12,Wednesday,5,May,2,False,False
2024-08-09,18:00:00,Cabernet Sauvignon,Beverage,8.0,16,128.0,Mobile Payment,Dine-In,101,Sarah,18,Friday,8,August,4,False,True
2024-09-28,18:15:00,Grilled Asparagus,Side,2.0,8,16.0,Cash,Dine-In,102,Jake,18,Saturday,9,September,5,True,False
2024-08-06,16:00:00,Ribeye Steak,Entree,2.0,35,70.0,Credit Card,Takeaway,103,Emily,16,Tuesday,8,August,1,False,True
2024-05-09,13:00:00,Grilled Asparagus,Side,4.0,8,32.0,Credit Card,Delivery,103,Emily,13,Thursday,5,May,3,False,False
2024-08-04,19:45:00,Mashed Potatoes,Side,4.0,7,28.0,Credit Card,Dine-In,104,Carlos,19,Sunday,8,August,6,True,False
2024-03-13,13:00:00,Mashed Potatoes,Side,3.0,7,21.0,Mobile Payment,Delivery,104,Carlos,13,Wednesday,3,March,2,False,False
2024-09-01,13:30:00,Grilled Asparagus,Side,2.0,8,16.0,Cash,Dine-In,101,Sarah,13,Sunday,9,September,6,True,False
2024-11-07,11:30:00,Caesar Salad,Appetizer,2.0,10,20.0,Mobile Payment,Delivery,103,Emily,11,Thursday,11,November,3,False,False
2024-08-13,11:30:00,Old Fashioned,Beverage,3.0,12,36.0,Credit Card,Takeaway,103,Emily,11,Tuesday,8,August,1,False,False
2024-10-04,15:30:00,Mashed Potatoes,Side,8.0,7,56.0,Cash,Delivery,104,Carlos,15,Friday,10,October,4,False,False
2024-06-16,13:00:00,Caesar Salad,Appetizer,5.0,10,50.0,Cash,Takeaway,101,Sarah,13,Sunday,6,June,6,True,False
2024-09-07,12:15:00,Shrimp Cocktail,Appetizer,4.0,14,56.0,Mobile Payment,Takeaway,102,Jake,12,Saturday,9,September,5,True,False
2024-02-22,13:00:00,Ribeye Steak,Entree,2.0,35,70.0,Credit Card,Dine-In,102,Jake,13,Thursday,2,February,3,False,True
2024-02-16,12:45:00,Caesar Salad,Appetizer,3.0,10,30.0,Mobile Payment,Takeaway,104,Carlos,12,Friday,2,February,4,False,False
2024-03-21,17:30:00,Cabernet Sauvignon,Beverage,10.0,16,160.0,Mobile Payment,Dine-In,105,Nina,17,Thursday,3,March,3,False,True
2024-06-26,19:30:00,Truffle Fries,Side,6.0,8,48.0,Mobile Payment,Takeaway,102,Jake,19,Wednesday,6,June,2,False,False
2024-04-02,20:30:00,New York Strip,Entree,5.0,38,190.0,Cash,Delivery,103,Emily,20,Tuesday,4,April,1,False,True
2024-02-21,17:00:00,Cabernet Sauvignon,Beverage,5.0,16,80.0,Credit Card,Takeaway,105,Nina,17,Wednesday,2,February,2,False,True
2024-02-13,18:00:00,Ribeye Steak,Entree,7.0,35,245.0,Cash,Delivery,101,Sarah,18,Tuesday,2,February,1,False,True
2024-07-04,15:00:00,Shrimp Cocktail,Appetizer,4.0,14,56.0,Credit Card,Takeaway,103,Emily,15,Thursday,7,July,3,False,False
2024-08-29,14:30:00,Bourbon BBQ Burger,Entree,2.0,22,44.0,Credit Card,Dine-In,103,Emily,14,Thursday,8,August,3,False,False
2024-08-12,19:30:00,Filet Mignon,Entree,9.0,42,378.0,Cash,Takeaway,105,Nina,19,Monday,8,August,0,False,True
2024-06-02,22:45:00,Caesar Salad,Appetizer,6.0,10,60.0,Credit Card,Delivery,102,Jake,22,Sunday,6,June,6,True,False
2024-01-19,16:15:00,Old Fashioned,Beverage,6.0,12,72.0,Mobile Payment,Dine-In,102,Jake,16,Friday,1,January,4,False,True
2024-04-09,12:15:00,Grilled Asparagus,Side,1.0,8,8.0,Cash,Delivery,102,Jake,12,Tuesday,4,April,1,False,False
2024-05-02,21:15:00,Grilled Asparagus,Side,2.0,8,16.0,Mobile Payment,Takeaway,105,Nina,21,Thursday,5,May,3,False,False
2024-09-30,13:00:00,Mashed Potatoes,Side,2.0,7,14.0,Credit Card,Delivery,104,Carlos,13,Monday,9,September,0,False,False
2024-04-10,11:30:00,Cabernet Sauvignon,Beverage,4.0,16,64.0,Cash,Takeaway,101,Sarah,11,Wednesday,4,April,2,False,True
2024-06-09,13:00:00,Old Fashioned,Beverage,3.0,12,36.0,Credit Card,Takeaway,102,Jake,13,Sunday,6,June,6,True,False
2024-06-16,22:15:00,Old Fashioned,Beverage,9.0,12,108.0,Cash,Dine-In,105,Nina,22,Sunday,6,June,6,True,True
2024-10-16,12:30:00,Grilled Asparagus,Side,3.0,8,24.0,Cash,Takeaway,103,Emily,12,Wednesday,10,October,2,False,False
2024-07-14,18:00:00,Truffle Fries,Side,8.0,8,64.0,Credit Card,Delivery,104,Carlos,18,Sunday,7,July,6,True,True
2024-03-24,20:45:00,Chocolate Lava Cake,Dessert,2.0,9,18.0,Credit Card,Dine-In,102,Jake,20,Sunday,3,March,6,True,False
2024-07-21,13:30:00,Grilled Asparagus,Side,4.0,8,32.0,Credit Card,Takeaway,101,Sarah,13,Sunday,7,July,6,True,False
2024-11-08,20:00:00,Truffle Fries,Side,2.0,8,16.0,Cash,Dine-In,105,Nina,20,Friday,11,November,4,False,False
2024-10-31,19:30:00,Old Fashioned,Beverage,4.0,12,48.0,Mobile Payment,Dine-In,105,Nina,19,Thursday,10,October,3,False,False
2024-04-29,21:30:00,New York Strip,Entree,2.0,38,76.0,Mobile Payment,Dine-In,105,Nina,21,Monday,4,April,0,False,True
2024-10-31,17:30:00,Shrimp Cocktail,Appetizer,4.0,14,56.0,Mobile Payment,Takeaway,104,Carlos,17,Thursday,10,October,3,False,False
2024-05-21,22:30:00,Chocolate Lava Cake,Dessert,12.0,9,108.0,Mobile Payment,Takeaway,105,Nina,22,Tuesday,5,May,1,False,True
2024-07-08,18:15:00,Cabernet Sauvignon,Beverage,6.0,16,96.0,Credit Card,Takeaway,105,Nina,18,Monday,7,July,0,False,True
2024-06-27,19:15:00,Cabernet Sauvignon,Beverage,2.0,16,32.0,Mobile Payment,Dine-In,102,Jake,19,Thursday,6,June,3,False,False
2024-03-14,12:45:00,Truffle Fries,Side,5.0,8,40.0,Credit Card,Delivery,105,Nina,12,Thursday,3,March,3,False,False
2024-11-07,21:00:00,New York Strip,Entree,5.0,38,190.0,Mobile Payment,Delivery,102,Jake,21,Thursday,11,November,3,False,True
2024-11-23,20:45:00,Filet Mignon,Entree,9.0,42,378.0,Cash,Takeaway,105,Nina,20,Saturday,11,November,5,True,True
2024-09-27,15:30:00,Mashed Potatoes,Side,2.0,7,14.0,Credit Card,Dine-In,104,Carlos,15,Friday,9,September,4,False,False
2024-09-11,13:45:00,Cabernet Sauvignon,Beverage,1.0,16,16.0,Cash,Dine-In,102,Jake,13,Wednesday,9,September,2,False,False
2024-11-22,11:15:00,Cabernet Sauvignon,Beverage,7.0,16,112.0,Credit Card,Takeaway,105,Nina,11,Friday,11,November,4,False,True
2024-02-28,12:15:00,Chocolate Lava Cake,Dessert,5.0,9,45.0,Mobile Payment,Dine-In,103,Emily,12,Wednesday,2,February,2,False,False
2024-06-21,20:00:00,Ribeye Steak,Entree,11.0,35,385.0,Mobile Payment,Delivery,105,Nina,20,Friday,6,June,4,False,True
2024-11-18,13:00:00,Old Fashioned,Beverage,5.0,12,60.0,Mobile Payment,Dine-In,103,Emily,13,Monday,11,November,0,False,False
2024-06-10,13:45:00,Grilled Asparagus,Side,4.0,8,32.0,Cash,Dine-In,103,Emily,13,Monday,6,June,0,False,False
2024-02-15,21:30:00,Truffle Fries,Side,12.0,8,96.0,Mobile Payment,Dine-In,104,Carlos,21,Thursday,2,February,3,False,True
2024-01-07,21:30:00,Caesar Salad,Appetizer,4.0,10,40.0,Mobile Payment,Takeaway,101,Sarah,21,Sunday,1,January,6,True,False
2024-03-03,12:15:00,Chocolate Lava Cake,Dessert,1.0,9,9.0,Cash,Dine-In,105,Nina,12,Sunday,3,March,6,True,False
2024-03-05,20:45:00,Shrimp Cocktail,Appetizer,3.0,14,42.0,Mobile Payment,Takeaway,103,Emily,20,Tuesday,3,March,1,False,False
2024-03-03,14:45:00,Ribeye Steak,Entree,5.0,35,175.0,Cash,Delivery,105,Nina,14,Sunday,3,March,6,True,True
2024-06-16,19:00:00,Cabernet Sauvignon,Beverage,2.0,16,32.0,Cash,Takeaway,103,Emily,19,Sunday,6,June,6,True,False
2024-02-01,13:30:00,Caesar Salad,Appetizer,4.0,10,40.0,Cash,Takeaway,101,Sarah,13,Thursday,2,February,3,False,False
2024-06-24,22:45:00,Caesar Salad,Appetizer,8.0,10,80.0,Credit Card,Dine-In,104,Carlos,22,Monday,6,June,0,False,True
2024-02-10,14:30:00,Cabernet Sauvignon,Beverage,8.0,16,128.0,Credit Card,Delivery,102,Jake,14,Saturday,2,February,5,True,True
2024-04-17,16:15:00,Chocolate Lava Cake,Dessert,1.0,9,9.0,Mobile Payment,Dine-In,103,Emily,16,Wednesday,4,April,2,False,False
2024-10-05,16:45:00,Filet Mignon,Entree,5.0,42,210.0,Mobile Payment,Takeaway,104,Carlos,16,Saturday,10,October,5,True,True
2024-12-06,14:00:00,Bourbon BBQ Burger,Entree,5.0,22,110.0,Credit Card,Takeaway,102,Jake,14,Friday,12,December,4,False,True
2024-10-26,18:15:00,Mashed Potatoes,Side,6.0,7,42.0,Cash,Dine-In,104,Carlos,18,Saturday,10,October,5,True,False
2024-05-28,14:45:00,Bourbon BBQ Burger,Entree,6.0,22,132.0,Cash,Delivery,102,Jake,14,Tuesday,5,May,1,False,True
2024-09-17,14:45:00,Old Fashioned,Beverage,2.0,12,24.0,Credit Card,Dine-In,102,Jake,14,Tuesday,9,September,1,False,False
2024-10-05,20:45:00,Bourbon BBQ Burger,Entree,8.0,22,176.0,Credit Card,Dine-In,103,Emily,20,Saturday,10,October,5,True,True
2024-05-07,15:15:00,Cabernet Sauvignon,Beverage,1.0,16,16.0,Credit Card,Takeaway,103,Emily,15,Tuesday,5,May,1,False,False
2024-02-05,22:45:00,Filet Mignon,Entree,2.0,42,84.0,Cash,Delivery,104,Carlos,22,Monday,2,February,0,False,True
2024-06-14,21:15:00,Mashed Potatoes,Side,11.0,7,77.0,Mobile Payment,Takeaway,104,Carlos,21,Friday,6,June,4,False,True
2024-05-15,11:30:00,Filet Mignon,Entree,1.0,42,42.0,Cash,Delivery,105,Nina,11,Wednesday,5,May,2,False,False
2024-10-06,11:15:00,Old Fashioned,Beverage,2.0,12,24.0,Cash,Takeaway,102,Jake,11,Sunday,10,October,6,True,False
2024-09-06,17:15:00,Grilled Asparagus,Side,4.0,8,32.0,Mobile Payment,Dine-In,103,Emily,17,Friday,9,September,4,False,False
2024-11-20,15:30:00,Old Fashioned,Beverage,1.0,12,12.0,Mobile Payment,Delivery,102,Jake,15,Wednesday,11,November,2,False,False
2024-10-30,16:15:00,Ribeye Steak,Entree,6.0,35,210.0,Credit Card,Delivery,101,Sarah,16,Wednesday,10,October,2,False,True
2024-08-02,18:45:00,Shrimp Cocktail,Appetizer,11.0,14,154.0,Mobile Payment,Delivery,101,Sarah,18,Friday,8,August,4,False,True
2024-10-18,13:15:00,Cabernet Sauvignon,Beverage,7.0,16,112.0,Credit Card,Delivery,105,Nina,13,Friday,10,October,4,False,True
2024-08-20,15:30:00,Mashed Potatoes,Side,1.0,7,7.0,Mobile Payment,Dine-In,103,Emily,15,Tuesday,8,August,1,False,False
2024-10-02,22:45:00,New York Strip,Entree,8.0,38,304.0,Cash,Takeaway,103,Emily,22,Wednesday,10,October,2,False,True
2024-04-10,11:45:00,Cabernet Sauvignon,Beverage,5.0,16,80.0,Cash,Dine-In,104,Carlos,11,Wednesday,4,April,2,False,True
2024-05-18,22:00:00,Caesar Salad,Appetizer,7.0,10,70.0,Cash,Delivery,105,Nina,22,Saturday,5,May,5,True,True
2024-09-24,12:45:00,Caesar Salad,Appetizer,6.0,10,60.0,Credit Card,Takeaway,103,Emily,12,Tuesday,9,September,1,False,False
2024-09-19,14:15:00,Caesar Salad,Appetizer,5.0,10,50.0,Credit Card,Takeaway,104,Carlos,14,Thursday,9,September,3,False,False
2024-01-08,15:00:00,Caesar Salad,Appetizer,1.0,10,10.0,Mobile Payment,Dine-In,105,Nina,15,Monday,1,January,0,False,False
2024-02-27,16:15:00,Cabernet Sauvignon,Beverage,5.0,16,80.0,Cash,Dine-In,105,Nina,16,Tuesday,2,February,1,False,True
2024-03-06,17:15:00,Mashed Potatoes,Side,6.0,7,42.0,Cash,Dine-In,103,Emily,17,Wednesday,3,March,2,False,False
2024-02-04,21:15:00,Caesar Salad,Appetizer,2.0,10,20.0,Mobile Payment,Dine-In,103,Emily,21,Sunday,2,February,6,True,False
2024-08-18,18:15:00,Ribeye Steak,Entree,5.0,35,175.0,Credit Card,Dine-In,101,Sarah,18,Sunday,8,August,6,True,True
2024-01-29,22:45:00,Truffle Fries,Side,9.0,8,72.0,Mobile Payment,Takeaway,101,Sarah,22,Monday,1,January,0,False,True
2024-10-16,14:15:00,Shrimp Cocktail,Appetizer,4.0,14,56.0,Cash,Delivery,101,Sarah,14,Wednesday,10,October,2,False,False
2024-01-31,20:45:00,Truffle Fries,Side,11.0,8,88.0,Credit Card,Dine-In,102,Jake,20,Wednesday,1,January,2,False,True
2024-03-14,15:45:00,Ribeye Steak,Entree,5.0,35,175.0,Mobile Payment,Delivery,105,Nina,15,Thursday,3,March,3,False,True
2024-08-31,13:45:00,Shrimp Cocktail,Appetizer,9.0,14,126.0,Credit Card,Dine-In,102,Jake,13,Saturday,8,August,5,True,True
2024-03-31,16:00:00,Old Fashioned,Beverage,3.0,12,36.0,Cash,Dine-In,103,Emily,16,Sunday,3,March,6,True,False
2024-01-08,15:15:00,New York Strip,Entree,4.0,38,152.0,Cash,Dine-In,105,Nina,15,Monday,1,January,0,False,True
2024-11-14,11:00:00,Caesar Salad,Appetizer,3.0,10,30.0,Credit Card,Delivery,104,Carlos,11,Thursday,11,November,3,False,False
2024-02-20,22:45:00,Caesar Salad,Appetizer,2.0,10,20.0,Credit Card,Dine-In,102,Jake,22,Tuesday,2,February,1,False,False
2024-10-06,17:45:00,Truffle Fries,Side,4.0,8,32.0,Cash,Dine-In,101,Sarah,17,Sunday,10,October,6,True,False
2024-01-17,20:30:00,Caesar Salad,Appetizer,9.0,10,90.0,Credit Card,Delivery,102,Jake,20,Wednesday,1,January,2,False,True
2024-02-05,20:30:00,Caesar Salad,Appetizer,7.0,10,70.0,Mobile Payment,Delivery,101,Sarah,20,Monday,2,February,0,False,True
2024-01-06,16:45:00,Old Fashioned,Beverage,10.0,12,120.0,Credit Card,Dine-In,101,Sarah,16,Saturday,1,January,5,True,True
2024-02-19,18:15:00,New York Strip,Entree,5.0,38,190.0,Mobile Payment,Dine-In,101,Sarah,18,Monday,2,February,0,False,True
2024-08-24,14:45:00,Filet Mignon,Entree,4.0,42,168.0,Cash,Delivery,104,Carlos,14,Saturday,8,August,5,True,True
2024-03-28,13:00:00,Filet Mignon,Entree,2.0,42,84.0,Mobile Payment,Takeaway,105,Nina,13,Thursday,3,March,3,False,True
2024-01-22,22:45:00,Filet Mignon,Entree,7.0,42,294.0,Credit Card,Dine-In,102,Jake,22,Monday,1,January,0,False,True
2024-03-02,11:30:00,Mashed Potatoes,Side,5.0,7,35.0,Mobile Payment,Takeaway,101,Sarah,11,Saturday,3,March,5,True,False
2024-09-10,12:15:00,Cabernet Sauvignon,Beverage,1.0,16,16.0,Credit Card,Dine-In,104,Carlos,12,Tuesday,9,September,1,False,False
2024-05-11,15:15:00,Grilled Asparagus,Side,2.0,8,16.0,Cash,Dine-In,103,Emily,15,Saturday,5,May,5,True,False
2024-05-30,13:15:00,Mashed Potatoes,Side,2.0,7,14.0,Cash,Delivery,104,Carlos,13,Thursday,5,May,3,False,False
2024-01-08,13:30:00,New York Strip,Entree,2.0,38,76.0,Mobile Payment,Takeaway,101,Sarah,13,Monday,1,January,0,False,True
2024-03-13,22:00:00,Chocolate Lava Cake,Dessert,6.0,9,54.0,Credit Card,Delivery,104,Carlos,22,Wednesday,3,March,2,False,False
2024-08-30,13:45:00,Chocolate Lava Cake,Dessert,2.0,9,18.0,Cash,Delivery,102,Jake,13,Friday,8,August,4,False,False
2024-08-03,21:30:00,Mashed Potatoes,Side,2.0,7,14.0,Cash,Dine-In,104,Carlos,21,Saturday,8,August,5,True,False
2024-07-28,12:45:00,Chocolate Lava Cake,Dessert,3.0,9,27.0,Mobile Payment,Delivery,101,Sarah,12,Sunday,7,July,6,True,False
2024-12-12,13:30:00,Mashed Potatoes,Side,3.0,7,21.0,Mobile Payment,Delivery,103,Emily,13,Thursday,12,December,3,False,False
2024-02-27,17:00:00,New York Strip,Entree,2.0,38,76.0,Cash,Delivery,101,Sarah,17,Tuesday,2,February,1,False,True
2024-06-12,19:00:00,New York Strip,Entree,8.0,38,304.0,Mobile Payment,Takeaway,103,Emily,19,Wednesday,6,June,2,False,True
2024-11-06,19:45:00,Shrimp Cocktail,Appetizer,9.0,14,126.0,Mobile Payment,Takeaway,105,Nina,19,Wednesday,11,November,2,False,True
2024-12-11,17:15:00,Caesar Salad,Appetizer,8.0,10,80.0,Credit Card,Dine-In,101,Sarah,17,Wednesday,12,December,2,False,True
2024-09-13,19:30:00,Shrimp Cocktail,Appetizer,9.0,14,126.0,Credit Card,Dine-In,105,Nina,19,Friday,9,September,4,False,True
2024-04-28,18:00:00,Chocolate Lava Cake,Dessert,2.0,9,18.0,Mobile Payment,Dine-In,104,Carlos,18,Sunday,4,April,6,True,False
2024-05-29,20:15:00,Filet Mignon,Entree,8.0,42,336.0,Credit Card,Dine-In,101,Sarah,20,Wednesday,5,May,2,False,True
2024-07-25,20:15:00,Grilled Asparagus,Side,10.0,8,80.0,Mobile Payment,Delivery,102,Jake,20,Thursday,7,July,3,False,True
2024-04-11,16:15:00,Shrimp Cocktail,Appetizer,5.0,14,70.0,Credit Card,Delivery,104,Carlos,16,Thursday,4,April,3,False,True
2024-05-18,18:00:00,Cabernet Sauvignon,Beverage,3.0,16,48.0,Cash,Dine-In,105,Nina,18,Saturday,5,May,5,True,False
2024-09-27,17:30:00,Shrimp Cocktail,Appetizer,8.0,14,112.0,Cash,Dine-In,101,Sarah,17,Friday,9,September,4,False,True
2024-03-27,12:15:00,Caesar Salad,Appetizer,4.0,10,40.0,Mobile Payment,Delivery,102,Jake,12,Wednesday,3,March,2,False,False
2024-01-08,16:30:00,Ribeye Steak,Entree,2.0,35,70.0,Cash,Dine-In,101,Sarah,16,Monday,1,January,0,False,True
2024-01-11,11:45:00,Caesar Salad,Appetizer,3.0,10,30.0,Mobile Payment,Delivery,104,Carlos,11,Thursday,1,January,3,False,False
2024-08-20,14:00:00,Chocolate Lava Cake,Dessert,1.0,9,9.0,Cash,Delivery,105,Nina,14,Tuesday,8,August,1,False,False
2024-10-19,20:00:00,Filet Mignon,Entree,5.0,42,210.0,Cash,Takeaway,101,Sarah,20,Saturday,10,October,5,True,True
2024-01-12,20:00:00,Grilled Asparagus,Side,10.0,8,80.0,Mobile Payment,Delivery,102,Jake,20,Friday,1,January,4,False,True
2024-04-30,13:45:00,Caesar Salad,Appetizer,4.0,10,40.0,Mobile Payment,Delivery,105,Nina,13,Tuesday,4,April,1,False,False
2024-10-22,22:45:00,Truffle Fries,Side,9.0,8,72.0,Cash,Takeaway,101,Sarah,22,Tuesday,10,October,1,False,True
2024-10-04,22:30:00,Shrimp Cocktail,Appetizer,10.0,14,140.0,Cash,Delivery,104,Carlos,22,Friday,10,October,4,False,True
2024-09-02,15:45:00,Caesar Salad,Appetizer,1.0,10,10.0,Cash,Dine-In,105,Nina,15,Monday,9,September,0,False,False
2024-10-28,19:30:00,Bourbon BBQ Burger,Entree,4.0,22,88.0,Cash,Takeaway,101,Sarah,19,Monday,10,October,0,False,True
2024-02-19,22:15:00,Old Fashioned,Beverage,2.0,12,24.0,Cash,Delivery,101,Sarah,22,Monday,2,February,0,False,False
2024-06-11,12:30:00,Truffle Fries,Side,3.0,8,24.0,Credit Card,Delivery,102,Jake,12,Tuesday,6,June,1,False,False
2024-10-20,15:15:00,Ribeye Steak,Entree,2.0,35,70.0,Mobile Payment,Takeaway,101,Sarah,15,Sunday,10,October,6,True,True
2024-02-05,16:15:00,Mashed Potatoes,Side,2.0,7,14.0,Credit Card,Takeaway,104,Carlos,16,Monday,2,February,0,False,False
2024-01-16,18:30:00,Grilled Asparagus,Side,11.0,8,88.0,Mobile Payment,Delivery,103,Emily,18,Tuesday,1,January,1,False,True
2024-05-25,20:30:00,Grilled Asparagus,Side,7.0,8,56.0,Credit Card,Dine-In,101,Sarah,20,Saturday,5,May,5,True,False
2024-02-18,11:15:00,Shrimp Cocktail,Appetizer,1.0,14,14.0,Cash,Delivery,105,Nina,11,Sunday,2,February,6,True,False
2024-02-16,22:15:00,New York Strip,Entree,3.0,38,114.0,Mobile Payment,Takeaway,105,Nina,22,Friday,2,February,4,False,True
2024-05-27,11:15:00,Grilled Asparagus,Side,2.0,8,16.0,Cash,Delivery,103,Emily,11,Monday,5,May,0,False,False
2024-09-13,12:45:00,Shrimp Cocktail,Appetizer,4.0,14,56.0,Cash,Takeaway,102,Jake,12,Friday,9,September,4,False,False
2024-07-02,21:15:00,Grilled Asparagus,Side,6.0,8,48.0,Cash,Dine-In,103,Emily,21,Tuesday,7,July,1,False,False
2024-08-20,11:00:00,Shrimp Cocktail,Appetizer,1.0,14,14.0,Cash,Delivery,101,Sarah,11,Tuesday,8,August,1,False,False
2024-10-13,13:30:00,Filet Mignon,Entree,5.0,42,210.0,Cash,Delivery,104,Carlos,13,Sunday,10,October,6,True,True
2024-02-05,21:15:00,Bourbon BBQ Burger,Entree,6.0,22,132.0,Credit Card,Delivery,101,Sarah,21,Monday,2,February,0,False,True
2024-05-26,21:45:00,Filet Mignon,Entree,2.0,42,84.0,Cash,Takeaway,105,Nina,21,Sunday,5,May,6,True,True
2024-03-29,14:00:00,Shrimp Cocktail,Appetizer,7.0,14,98.0,Credit Card,Dine-In,101,Sarah,14,Friday,3,March,4,False,True
2024-02-13,13:15:00,Cabernet Sauvignon,Beverage,2.0,16,32.0,Credit Card,Dine-In,101,Sarah,13,Tuesday,2,February,1,False,False
2024-02-15,22:15:00,Caesar Salad,Appetizer,4.0,10,40.0,Mobile Payment,Delivery,104,Carlos,22,Thursday,2,February,3,False,False
2024-02-05,16:00:00,New York Strip,Entree,1.0,38,38.0,Mobile Payment,Takeaway,105,Nina,16,Monday,2,February,0,False,False
2024-07-10,11:45:00,Truffle Fries,Side,4.0,8,32.0,Credit Card,Takeaway,102,Jake,11,Wednesday,7,July,2,False,False
2024-05-12,15:45:00,Truffle Fries,Side,1.5,8,12.0,Credit Card,Delivery,102,Jake,15,Sunday,5,May,6,True,False
2024-03-14,18:45:00,Caesar Salad,Appetizer,5.0,10,50.0,Credit Card,Dine-In,101,Sarah,18,Thursday,3,March,3,False,False
2024-11-14,12:30:00,Caesar Salad,Appetizer,1.0,10,10.0,Credit Card,Takeaway,102,Jake,12,Thursday,11,November,3,False,False
2024-06-07,18:15:00,Shrimp Cocktail,Appetizer,5.0,14,70.0,Credit Card,Delivery,104,Carlos,18,Friday,6,June,4,False,True
2024-02-12,18:45:00,Cabernet Sauvignon,Beverage,4.0,16,64.0,Cash,Takeaway,101,Sarah,18,Monday,2,February,0,False,True
2024-12-13,13:45:00,Bourbon BBQ Burger,Entree,3.0,22,66.0,Credit Card,Takeaway,101,Sarah,13,Friday,12,December,4,False,True
2024-09-17,17:45:00,Truffle Fries,Side,8.0,8,64.0,Credit Card,Delivery,104,Carlos,17,Tuesday,9,September,1,False,True
2024-03-19,13:30:00,Filet Mignon,Entree,5.0,42,210.0,Credit Card,Takeaway,105,Nina,13,Tuesday,3,March,1,False,True
2024-08-14,19:30:00,Chocolate Lava Cake,Dessert,6.0,9,54.0,Credit Card,Takeaway,101,Sarah,19,Wednesday,8,August,2,False,False
2024-12-05,13:00:00,Bourbon BBQ Burger,Entree,2.0,22,44.0,Credit Card,Dine-In,101,Sarah,13,Thursday,12,December,3,False,False
2024-07-30,12:30:00,Cabernet Sauvignon,Beverage,5.0,16,80.0,Credit Card,Takeaway,102,Jake,12,Tuesday,7,July,1,False,True
2024-03-05,14:30:00,Shrimp Cocktail,Appetizer,2.0,14,28.0,Credit Card,Dine-In,103,Emily,14,Tuesday,3,March,1,False,False
2024-08-02,22:45:00,Cabernet Sauvignon,Beverage,4.0,16,64.0,Cash,Dine-In,101,Sarah,22,Friday,8,August,4,False,True
2024-06-21,21:45:00,Shrimp Cocktail,Appetizer,10.0,14,140.0,Mobile Payment,Takeaway,102,Jake,21,Friday,6,June,4,False,True
2024-07-01,15:15:00,Ribeye Steak,Entree,3.0,35,105.0,Mobile Payment,Delivery,103,Emily,15,Monday,7,July,0,False,True
2024-05-24,21:00:00,Filet Mignon,Entree,2.0,42,84.0,Mobile Payment,Delivery,105,Nina,21,Friday,5,May,4,False,True
2024-09-09,14:00:00,Cabernet Sauvignon,Beverage,2.0,16,32.0,Credit Card,Dine-In,101,Sarah,14,Monday,9,September,0,False,False
2024-12-08,17:15:00,Shrimp Cocktail,Appetizer,3.0,14,42.0,Credit Card,Delivery,105,Nina,17,Sunday,12,December,6,True,False
2024-05-27,19:15:00,Truffle Fries,Side,2.0,8,16.0,Mobile Payment,Delivery,103,Emily,19,Monday,5,May,0,False,False
2024-10-27,17:00:00,Grilled Asparagus,Side,7.0,8,56.0,Credit Card,Dine-In,103,Emily,17,Sunday,10,October,6,True,False
2024-02-20,12:00:00,New York Strip,Entree,1.0,38,38.0,Cash,Takeaway,103,Emily,12,Tuesday,2,February,1,False,False
2024-04-10,21:30:00,Filet Mignon,Entree,3.0,42,126.0,Cash,Dine-In,101,Sarah,21,Wednesday,4,April,2,False,True
2024-12-28,17:00:00,Shrimp Cocktail,Appetizer,10.0,14,140.0,Mobile Payment,Delivery,104,Carlos,17,Saturday,12,December,5,True,True
2024-01-03,14:45:00,New York Strip,Entree,1.0,38,38.0,Mobile Payment,Delivery,105,Nina,14,Wednesday,1,January,2,False,False
2024-07-16,11:00:00,Caesar Salad,Appetizer,2.0,10,20.0,Cash,Delivery,102,Jake,11,Tuesday,7,July,1,False,False
2024-02-23,20:45:00,Cabernet Sauvignon,Beverage,10.0,16,160.0,Mobile Payment,Delivery,101,Sarah,20,Friday,2,February,4,False,True
2024-02-11,12:30:00,Ribeye Steak,Entree,1.0,35,35.0,Cash,Takeaway,104,Carlos,12,Sunday,2,February,6,True,False
2024-02-29,14:00:00,Truffle Fries,Side,4.0,8,32.0,Mobile Payment,Dine-In,105,Nina,14,Thursday,2,February,3,False,False
2024-08-26,21:45:00,Ribeye Steak,Entree,2.0,35,70.0,Mobile Payment,Takeaway,102,Jake,21,Monday,8,August,0,False,True
2024-06-30,21:00:00,Truffle Fries,Side,10.0,8,80.0,Credit Card,Dine-In,105,Nina,21,Sunday,6,June,6,True,True
2024-11-27,15:45:00,Cabernet Sauvignon,Beverage,3.0,16,48.0,Credit Card,Dine-In,101,Sarah,15,Wednesday,11,November,2,False,False
2024-02-09,14:45:00,Mashed Potatoes,Side,3.0,7,21.0,Credit Card,Delivery,102,Jake,14,Friday,2,February,4,False,False
2024-12-27,12:00:00,Old Fashioned,Beverage,3.0,12,36.0,Mobile Payment,Delivery,104,Carlos,12,Friday,12,December,4,False,False
2024-09-24,22:00:00,Old Fashioned,Beverage,4.0,12,48.0,Credit Card,Delivery,101,Sarah,22,Tuesday,9,September,1,False,False
2024-04-26,18:00:00,Grilled Asparagus,Side,2.0,8,16.0,Credit Card,Dine-In,105,Nina,18,Friday,4,April,4,False,False
2024-12-19,19:00:00,Chocolate Lava Cake,Dessert,7.0,9,63.0,Cash,Dine-In,102,Jake,19,Thursday,12,December,3,False,True
2024-12-12,20:45:00,Shrimp Cocktail,Appetizer,8.0,14,112.0,Credit Card,Dine-In,105,Nina,20,Thursday,12,December,3,False,True
2024-04-11,18:30:00,Caesar Salad,Appetizer,2.0,10,20.0,Credit Card,Takeaway,105,Nina,18,Thursday,4,April,3,False,False
2024-02-24,11:15:00,Shrimp Cocktail,Appetizer,10.0,14,140.0,Cash,Delivery,105,Nina,11,Saturday,2,February,5,True,True
2024-07-06,16:45:00,Cabernet Sauvignon,Beverage,2.0,16,32.0,Cash,Dine-In,103,Emily,16,Saturday,7,July,5,True,False
2024-12-08,15:15:00,New York Strip,Entree,2.0,38,76.0,Credit Card,Dine-In,102,Jake,15,Sunday,12,December,6,True,True
2024-03-03,17:00:00,Grilled Asparagus,Side,9.0,8,72.0,Mobile Payment,Takeaway,105,Nina,17,Sunday,3,March,6,True,True
2024-06-29,18:30:00,Grilled Asparagus,Side,7.0,8,56.0,Cash,Takeaway,104,Carlos,18,Saturday,6,June,5,True,False
2024-12-15,21:30:00,Filet Mignon,Entree,7.0,42,294.0,Mobile Payment,Delivery,101,Sarah,21,Sunday,12,December,6,True,True
2024-05-05,20:30:00,Truffle Fries,Side,4.0,8,32.0,Cash,Takeaway,101,Sarah,20,Sunday,5,May,6,True,False
2024-02-29,17:30:00,New York Strip,Entree,7.0,38,266.0,Cash,Dine-In,104,Carlos,17,Thursday,2,February,3,False,True
2024-01-05,14:15:00,Mashed Potatoes,Side,1.0,7,7.0,Mobile Payment,Delivery,103,Emily,14,Friday,1,January,4,False,False
2024-03-21,15:15:00,Truffle Fries,Side,1.0,8,8.0,Mobile Payment,Delivery,102,Jake,15,Thursday,3,March,3,False,False
2024-10-22,13:30:00,Cabernet Sauvignon,Beverage,3.0,16,48.0,Mobile Payment,Dine-In,102,Jake,13,Tuesday,10,October,1,False,False
2024-01-13,11:30:00,Filet Mignon,Entree,7.0,42,294.0,Mobile Payment,Dine-In,101,Sarah,11,Saturday,1,January,5,True,True
2024-06-10,14:00:00,New York Strip,Entree,1.0,38,38.0,Credit Card,Dine-In,104,Carlos,14,Monday,6,June,0,False,False
2024-08-31,22:30:00,Truffle Fries,Side,11.0,8,88.0,Credit Card,Delivery,103,Emily,22,Saturday,8,August,5,True,True
2024-07-25,22:15:00,Caesar Salad,Appetizer,12.0,10,120.0,Credit Card,Dine-In,103,Emily,22,Thursday,7,July,3,False,True
2024-10-08,12:00:00,Ribeye Steak,Entree,3.0,35,105.0,Cash,Dine-In,103,Emily,12,Tuesday,10,October,1,False,True
2024-09-12,17:30:00,New York Strip,Entree,10.0,38,380.0,Mobile Payment,Delivery,104,Carlos,17,Thursday,9,September,3,False,True
2024-03-03,16:45:00,Caesar Salad,Appetizer,5.0,10,50.0,Credit Card,Takeaway,101,Sarah,16,Sunday,3,March,6,True,False
2024-03-11,19:00:00,Old Fashioned,Beverage,9.0,12,108.0,Credit Card,Dine-In,102,Jake,19,Monday,3,March,0,False,True
2024-04-29,20:30:00,Chocolate Lava Cake,Dessert,7.0,9,63.0,Mobile Payment,Dine-In,103,Emily,20,Monday,4,April,0,False,True
2024-07-04,15:15:00,Grilled Asparagus,Side,1.0,8,8.0,Mobile Payment,Delivery,104,Carlos,15,Thursday,7,July,3,False,False
2024-03-23,14:45:00,Ribeye Steak,Entree,3.0,35,105.0,Credit Card,Takeaway,104,Carlos,14,Saturday,3,March,5,True,True
2024-07-08,15:45:00,Old Fashioned,Beverage,5.0,12,60.0,Cash,Dine-In,103,Emily,15,Monday,7,July,0,False,False
2024-02-03,18:00:00,Ribeye Steak,Entree,8.0,35,280.0,Cash,Dine-In,105,Nina,18,Saturday,2,February,5,True,True
2024-08-25,12:30:00,Grilled Asparagus,Side,3.0,8,24.0,Mobile Payment,Takeaway,105,Nina,12,Sunday,8,August,6,True,False
2024-11-24,14:45:00,Bourbon BBQ Burger,Entree,1.0,22,22.0,Cash,Dine-In,104,Carlos,14,Sunday,11,November,6,True,False
2024-06-11,15:15:00,Cabernet Sauvignon,Beverage,1.0,16,16.0,Cash,Takeaway,103,Emily,15,Tuesday,6,June,1,False,False
2024-02-07,15:30:00,Truffle Fries,Side,4.0,8,32.0,Mobile Payment,Dine-In,104,Carlos,15,Wednesday,2,February,2,False,False
2024-01-26,13:15:00,Mashed Potatoes,Side,5.0,7,35.0,Credit Card,Delivery,105,Nina,13,Friday,1,January,4,False,False
2024-07-25,13:45:00,New York Strip,Entree,4.0,38,152.0,Mobile Payment,Takeaway,101,Sarah,13,Thursday,7,July,3,False,True
2024-08-17,17:45:00,Shrimp Cocktail,Appetizer,5.0,14,70.0,Cash,Takeaway,104,Carlos,17,Saturday,8,August,5,True,True
2024-12-15,14:15:00,Old Fashioned,Beverage,1.0,12,12.0,Mobile Payment,Dine-In,103,Emily,14,Sunday,12,December,6,True,False
2024-04-16,22:45:00,Old Fashioned,Beverage,9.0,12,108.0,Mobile Payment,Dine-In,103,Emily,22,Tuesday,4,April,1,False,True
2024-11-05,13:15:00,Cabernet Sauvignon,Beverage,5.0,16,80.0,Mobile Payment,Delivery,104,Carlos,13,Tuesday,11,November,1,False,True
2024-11-06,11:45:00,Bourbon BBQ Burger,Entree,1.0,22,22.0,Credit Card,Delivery,105,Nina,11,Wednesday,11,November,2,False,False
2024-07-20,20:15:00,New York Strip,Entree,2.0,38,76.0,Mobile Payment,Takeaway,103,Emily,20,Saturday,7,July,5,True,True
2024-04-30,15:00:00,Mashed Potatoes,Side,1.0,7,7.0,Mobile Payment,Delivery,105,Nina,15,Tuesday,4,April,1,False,False
2024-03-15,18:15:00,Chocolate Lava Cake,Dessert,9.0,9,81.0,Mobile Payment,Dine-In,103,Emily,18,Friday,3,March,4,False,True
2024-11-01,18:45:00,Shrimp Cocktail,Appetizer,2.0,14,28.0,Credit Card,Dine-In,103,Emily,18,Friday,11,November,4,False,False
2024-07-29,18:00:00,Truffle Fries,Side,8.0,8,64.0,Mobile Payment,Delivery,104,Carlos,18,Monday,7,July,0,False,True
2024-09-12,22:30:00,Mashed Potatoes,Side,6.0,7,42.0,Cash,Takeaway,101,Sarah,22,Thursday,9,September,3,False,False
2024-10-27,22:00:00,Caesar Salad,Appetizer,10.0,10,100.0,Credit Card,Dine-In,102,Jake,22,Sunday,10,October,6,True,True
2024-09-01,14:45:00,Truffle Fries,Side,2.0,8,16.0,Credit Card,Delivery,102,Jake,14,Sunday,9,September,6,True,False
2024-04-02,11:15:00,New York Strip,Entree,2.0,38,76.0,Credit Card,Dine-In,101,Sarah,11,Tuesday,4,April,1,False,True
2024-02-08,18:30:00,Bourbon BBQ Burger,Entree,9.0,22,198.0,Credit Card,Delivery,101,Sarah,18,Thursday,2,February,3,False,True
2024-09-08,12:45:00,New York Strip,Entree,1.0,38,38.0,Credit Card,Dine-In,105,Nina,12,Sunday,9,September,6,True,False
2024-10-05,16:00:00,Shrimp Cocktail,Appetizer,6.0,14,84.0,Mobile Payment,Takeaway,105,Nina,16,Saturday,10,October,5,True,True
2024-10-10,14:00:00,Mashed Potatoes,Side,2.0,7,14.0,Cash,Takeaway,105,Nina,14,Thursday,10,October,3,False,False
2024-01-05,14:15:00,New York Strip,Entree,2.0,38,76.0,Cash,Delivery,104,Carlos,14,Friday,1,January,4,False,True
2024-10-18,19:00:00,Filet Mignon,Entree,5.0,42,210.0,Cash,Delivery,104,Carlos,19,Friday,10,October,4,False,True
2024-05-17,18:00:00,Ribeye Steak,Entree,9.0,35,315.0,Mobile Payment,Dine-In,101,Sarah,18,Friday,5,May,4,False,True
2024-08-18,18:00:00,Caesar Salad,Appetizer,2.0,10,20.0,Credit Card,Dine-In,104,Carlos,18,Sunday,8,August,6,True,False
2024-01-21,16:00:00,Ribeye Steak,Entree,3.0,35,105.0,Mobile Payment,Dine-In,102,Jake,16,Sunday,1,January,6,True,True
2024-04-04,17:45:00,New York Strip,Entree,6.0,38,228.0,Credit Card,Takeaway,105,Nina,17,Thursday,4,April,3,False,True
2024-04-24,12:45:00,New York Strip,Entree,4.0,38,152.0,Credit Card,Takeaway,104,Carlos,12,Wednesday,4,April,2,False,True
2024-05-03,19:00:00,Cabernet Sauvignon,Beverage,4.0,16,64.0,Mobile Payment,Dine-In,104,Carlos,19,Friday,5,May,4,False,True
2024-06-15,15:00:00,New York Strip,Entree,5.0,38,190.0,Mobile Payment,Delivery,105,Nina,15,Saturday,6,June,5,True,True
2024-10-08,16:00:00,Truffle Fries,Side,6.0,8,48.0,Cash,Delivery,105,Nina,16,Tuesday,10,October,1,False,False
2024-04-25,13:45:00,Truffle Fries,Side,2.0,8,16.0,Credit Card,Dine-In,105,Nina,13,Thursday,4,April,3,False,False
2024-02-14,13:00:00,Grilled Asparagus,Side,2.4,8,19.2,Credit Card,Delivery,101,Sarah,13,Wednesday,2,February,2,False,False
2024-06-01,20:45:00,Ribeye Steak,Entree,4.0,35,140.0,Credit Card,Delivery,104,Carlos,20,Saturday,6,June,5,True,True
2024-08-19,17:30:00,New York Strip,Entree,8.0,38,304.0,Cash,Delivery,103,Emily,17,Monday,8,August,0,False,True
2024-07-01,14:45:00,Shrimp Cocktail,Appetizer,5.0,14,70.0,Mobile Payment,Delivery,105,Nina,14,Monday,7,July,0,False,True
2024-07-10,11:45:00,Truffle Fries,Side,1.0,8,8.0,Mobile Payment,Delivery,104,Carlos,11,Wednesday,7,July,2,False,False
2024-06-03,11:45:00,Truffle Fries,Side,4.0,8,32.0,Credit Card,Takeaway,101,Sarah,11,Monday,6,June,0,False,False
2024-03-27,11:00:00,Bourbon BBQ Burger,Entree,1.0,22,22.0,Mobile Payment,Dine-In,105,Nina,11,Wednesday,3,March,2,False,False
2024-01-24,13:15:00,Filet Mignon,Entree,4.0,42,168.0,Credit Card,Dine-In,105,Nina,13,Wednesday,1,January,2,False,True
2024-01-17,15:30:00,Cabernet Sauvignon,Beverage,5.0,16,80.0,Cash,Delivery,102,Jake,15,Wednesday,1,January,2,False,True
2024-03-29,13:30:00,Caesar Salad,Appetizer,3.0,10,30.0,Cash,Dine-In,101,Sarah,13,Friday,3,March,4,False,False
2024-03-26,14:30:00,Filet Mignon,Entree,1.0,42,42.0,Cash,Takeaway,103,Emily,14,Tuesday,3,March,1,False,False
2024-06-25,11:00:00,Chocolate Lava Cake,Dessert,2.0,9,18.0,Credit Card,Takeaway,103,Emily,11,Tuesday,6,June,1,False,False
2024-12-15,11:15:00,Grilled Asparagus,Side,4.0,8,32.0,Mobile Payment,Delivery,105,Nina,11,Sunday,12,December,6,True,False
2024-05-25,22:15:00,Chocolate Lava Cake,Dessert,4.0,9,36.0,Cash,Dine-In,102,Jake,22,Saturday,5,May,5,True,False
2024-05-30,14:45:00,New York Strip,Entree,5.0,38,190.0,Credit Card,Dine-In,101,Sarah,14,Thursday,5,May,3,False,True
2024-10-02,11:30:00,Chocolate Lava Cake,Dessert,6.0,9,54.0,Mobile Payment,Dine-In,101,Sarah,11,Wednesday,10,October,2,False,False
2024-03-05,15:30:00,Filet Mignon,Entree,2.0,42,84.0,Mobile Payment,Dine-In,104,Carlos,15,Tuesday,3,March,1,False,True
2024-06-19,20:45:00,Mashed Potatoes,Side,9.0,7,63.0,Mobile Payment,Delivery,102,Jake,20,Wednesday,6,June,2,False,True
2024-01-29,12:15:00,Caesar Salad,Appetizer,5.0,10,50.0,Credit Card,Dine-In,101,Sarah,12,Monday,1,January,0,False,False
2024-09-03,18:30:00,Chocolate Lava Cake,Dessert,5.0,9,45.0,Credit Card,Dine-In,101,Sarah,18,Tuesday,9,September,1,False,False
2024-01-08,17:15:00,Chocolate Lava Cake,Dessert,6.0,9,54.0,Mobile Payment,Dine-In,105,Nina,17,Monday,1,January,0,False,False
2024-04-14,18:30:00,Chocolate Lava Cake,Dessert,2.0,9,18.0,Mobile Payment,Dine-In,102,Jake,18,Sunday,4,April,6,True,False
2024-07-21,18:00:00,Truffle Fries,Side,4.0,8,32.0,Cash,Takeaway,103,Emily,18,Sunday,7,July,6,True,False
2024-04-28,22:45:00,New York Strip,Entree,7.0,38,266.0,Credit Card,Takeaway,103,Emily,22,Sunday,4,April,6,True,True
2024-03-18,21:45:00,Shrimp Cocktail,Appetizer,9.0,14,126.0,Cash,Dine-In,101,Sarah,21,Monday,3,March,0,False,True
2024-11-13,17:00:00,Old Fashioned,Beverage,4.0,12,48.0,Cash,Dine-In,105,Nina,17,Wednesday,11,November,2,False,False
2024-10-30,13:30:00,Mashed Potatoes,Side,2.0,7,14.0,Credit Card,Dine-In,102,Jake,13,Wednesday,10,October,2,False,False
2024-03-26,22:00:00,Filet Mignon,Entree,5.0,42,210.0,Mobile Payment,Dine-In,103,Emily,22,Tuesday,3,March,1,False,True
2024-06-30,11:30:00,Filet Mignon,Entree,3.0,42,126.0,Cash,Delivery,102,Jake,11,Sunday,6,June,6,True,True
2024-02-21,20:00:00,Shrimp Cocktail,Appetizer,3.0,14,42.0,Mobile Payment,Dine-In,105,Nina,20,Wednesday,2,February,2,False,False
2024-08-14,18:45:00,Bourbon BBQ Burger,Entree,4.0,22,88.0,Credit Card,Takeaway,105,Nina,18,Wednesday,8,August,2,False,True
2024-03-05,16:30:00,New York Strip,Entree,2.0,38,76.0,Cash,Delivery,105,Nina,16,Tuesday,3,March,1,False,True
2024-04-30,22:30:00,Bourbon BBQ Burger,Entree,5.0,22,110.0,Mobile Payment,Delivery,101,Sarah,22,Tuesday,4,April,1,False,True
2024-10-29,13:00:00,Shrimp Cocktail,Appetizer,5.0,14,70.0,Credit Card,Takeaway,101,Sarah,13,Tuesday,10,October,1,False,True
2024-08-08,18:45:00,Chocolate Lava Cake,Dessert,4.0,9,36.0,Cash,Dine-In,102,Jake,18,Thursday,8,August,3,False,False
2024-10-28,20:45:00,Mashed Potatoes,Side,2.0,7,14.0,Credit Card,Delivery,101,Sarah,20,Monday,10,October,0,False,False
2024-03-25,16:45:00,Truffle Fries,Side,4.0,8,32.0,Mobile Payment,Takeaway,104,Carlos,16,Monday,3,March,0,False,False
2024-05-20,11:30:00,Bourbon BBQ Burger,Entree,6.0,22,132.0,Credit Card,Delivery,105,Nina,11,Monday,5,May,0,False,True
2024-09-28,14:15:00,Mashed Potatoes,Side,7.0,7,49.0,Mobile Payment,Takeaway,102,Jake,14,Saturday,9,September,5,True,False
2024-07-26,13:00:00,Truffle Fries,Side,8.0,8,64.0,Credit Card,Takeaway,104,Carlos,13,Friday,7,July,4,False,True
2024-03-05,21:15:00,Mashed Potatoes,Side,7.0,7,49.0,Cash,Delivery,103,Emily,21,Tuesday,3,March,1,False,False
2024-07-10,12:45:00,New York Strip,Entree,5.0,38,190.0,Cash,Dine-In,102,Jake,12,Wednesday,7,July,2,False,True
2024-06-28,11:00:00,Cabernet Sauvignon,Beverage,2.0,16,32.0,Credit Card,Delivery,104,Carlos,11,Friday,6,June,4,False,False
2024-03-27,15:45:00,New York Strip,Entree,6.0,38,228.0,Credit Card,Dine-In,105,Nina,15,Wednesday,3,March,2,False,True
2024-05-08,13:00:00,Filet Mignon,Entree,2.0,42,84.0,Cash,Dine-In,103,Emily,13,Wednesday,5,May,2,False,True
2024-02-14,15:15:00,Chocolate Lava Cake,Dessert,1.2,9,10.8,Cash,Delivery,104,Carlos,15,Wednesday,2,February,2,False,False
2024-07-20,13:45:00,Ribeye Steak,Entree,3.0,35,105.0,Credit Card,Takeaway,101,Sarah,13,Saturday,7,July,5,True,True
2024-05-14,16:00:00,Chocolate Lava Cake,Dessert,3.0,9,27.0,Credit Card,Dine-In,102,Jake,16,Tuesday,5,May,1,False,False
2024-02-04,18:30:00,Bourbon BBQ Burger,Entree,2.0,22,44.0,Cash,Delivery,102,Jake,18,Sunday,2,February,6,True,False
2024-11-10,12:00:00,Truffle Fries,Side,1.0,8,8.0,Mobile Payment,Dine-In,102,Jake,12,Sunday,11,November,6,True,False
2024-07-08,14:15:00,New York Strip,Entree,2.0,38,76.0,Credit Card,Takeaway,101,Sarah,14,Monday,7,July,0,False,True
2024-02-14,20:15:00,Grilled Asparagus,Side,2.4,8,19.2,Mobile Payment,Dine-In,104,Carlos,20,Wednesday,2,February,2,False,False
2024-01-11,19:15:00,Old Fashioned,Beverage,8.0,12,96.0,Mobile Payment,Dine-In,103,Emily,19,Thursday,1,January,3,False,True
2024-07-23,15:45:00,Filet Mignon,Entree,4.0,42,168.0,Cash,Takeaway,104,Carlos,15,Tuesday,7,July,1,False,True
2024-03-07,17:30:00,Caesar Salad,Appetizer,10.0,10,100.0,Mobile Payment,Takeaway,101,Sarah,17,Thursday,3,March,3,False,True
2024-01-08,20:30:00,Caesar Salad,Appetizer,8.0,10,80.0,Cash,Dine-In,103,Emily,20,Monday,1,January,0,False,True
2024-08-04,12:45:00,Grilled Asparagus,Side,2.0,8,16.0,Cash,Delivery,101,Sarah,12,Sunday,8,August,6,True,False
2024-04-15,14:45:00,Filet Mignon,Entree,1.0,42,42.0,Mobile Payment,Delivery,103,Emily,14,Monday,4,April,0,False,False
2024-05-24,22:00:00,Grilled Asparagus,Side,6.0,8,48.0,Cash,Dine-In,101,Sarah,22,Friday,5,May,4,False,False
2024-07-18,16:30:00,Shrimp Cocktail,Appetizer,1.0,14,14.0,Mobile Payment,Dine-In,104,Carlos,16,Thursday,7,July,3,False,False
2024-04-01,18:45:00,Bourbon BBQ Burger,Entree,8.0,22,176.0,Mobile Payment,Takeaway,104,Carlos,18,Monday,4,April,0,False,True
2024-08-03,11:45:00,Truffle Fries,Side,3.0,8,24.0,Credit Card,Delivery,103,Emily,11,Saturday,8,August,5,True,False
2024-04-02,20:00:00,Shrimp Cocktail,Appetizer,9.0,14,126.0,Cash,Takeaway,103,Emily,20,Tuesday,4,April,1,False,True
2024-06-23,12:45:00,Ribeye Steak,Entree,1.0,35,35.0,Credit Card,Delivery,105,Nina,12,Sunday,6,June,6,True,False
2024-10-16,14:15:00,Shrimp Cocktail,Appetizer,2.0,14,28.0,Cash,Dine-In,103,Emily,14,Wednesday,10,October,2,False,False
2024-10-13,14:45:00,Shrimp Cocktail,Appetizer,3.0,14,42.0,Credit Card,Dine-In,104,Carlos,14,Sunday,10,October,6,True,False
2024-03-27,14:30:00,Mashed Potatoes,Side,4.0,7,28.0,Credit Card,Dine-In,105,Nina,14,Wednesday,3,March,2,False,False
2024-07-18,20:30:00,Old Fashioned,Beverage,9.0,12,108.0,Cash,Dine-In,103,Emily,20,Thursday,7,July,3,False,True
2024-05-30,19:30:00,Truffle Fries,Side,4.0,8,32.0,Credit Card,Dine-In,104,Carlos,19,Thursday,5,May,3,False,False
2024-10-13,20:00:00,Shrimp Cocktail,Appetizer,9.0,14,126.0,Cash,Dine-In,105,Nina,20,Sunday,10,October,6,True,True
2024-08-10,22:30:00,Filet Mignon,Entree,2.0,42,84.0,Cash,Delivery,103,Emily,22,Saturday,8,August,5,True,True
2024-04-26,19:30:00,Bourbon BBQ Burger,Entree,5.0,22,110.0,Credit Card,Delivery,103,Emily,19,Friday,4,April,4,False,True
2024-03-30,12:45:00,Truffle Fries,Side,4.0,8,32.0,Cash,Takeaway,105,Nina,12,Saturday,3,March,5,True,False
2024-11-04,11:00:00,Chocolate Lava Cake,Dessert,2.0,9,18.0,Credit Card,Delivery,101,Sarah,11,Monday,11,November,0,False,False
2024-05-14,21:45:00,Ribeye Steak,Entree,6.0,35,210.0,Credit Card,Delivery,104,Carlos,21,Tuesday,5,May,1,False,True
2024-02-18,15:15:00,Old Fashioned,Beverage,5.0,12,60.0,Mobile Payment,Takeaway,103,Emily,15,Sunday,2,February,6,True,False
2024-04-18,18:00:00,Grilled Asparagus,Side,8.0,8,64.0,Cash,Delivery,104,Carlos,18,Thursday,4,April,3,False,True
2024-11-29,16:45:00,Shrimp Cocktail,Appetizer,6.0,14,84.0,Credit Card,Dine-In,104,Carlos,16,Friday,11,November,4,False,True
2024-04-29,17:00:00,Mashed Potatoes,Side,5.0,7,35.0,Mobile Payment,Dine-In,105,Nina,17,Monday,4,April,0,False,False
2024-07-09,19:00:00,Ribeye Steak,Entree,4.0,35,140.0,Credit Card,Takeaway,102,Jake,19,Tuesday,7,July,1,False,True
2024-10-22,12:00:00,Cabernet Sauvignon,Beverage,3.0,16,48.0,Credit Card,Dine-In,104,Carlos,12,Tuesday,10,October,1,False,False
2024-11-28,19:45:00,Ribeye Steak,Entree,8.4,35,294.0,Cash,Takeaway,104,Carlos,19,Thursday,11,November,3,False,True
2024-08-07,11:30:00,Ribeye Steak,Entree,2.0,35,70.0,Mobile Payment,Dine-In,104,Carlos,11,Wednesday,8,August,2,False,True
2024-05-16,17:15:00,Caesar Salad,Appetizer,2.0,10,20.0,Credit Card,Takeaway,104,Carlos,17,Thursday,5,May,3,False,False
2024-12-06,14:00:00,Grilled Asparagus,Side,7.0,8,56.0,Mobile Payment,Dine-In,105,Nina,14,Friday,12,December,4,False,False
2024-03-10,13:15:00,Grilled Asparagus,Side,4.0,8,32.0,Credit Card,Delivery,103,Emily,13,Sunday,3,March,6,True,False
2024-02-11,20:00:00,Cabernet Sauvignon,Beverage,9.0,16,144.0,Mobile Payment,Delivery,105,Nina,20,Sunday,2,February,6,True,True
2024-08-08,16:15:00,Cabernet Sauvignon,Beverage,4.0,16,64.0,Mobile Payment,Delivery,101,Sarah,16,Thursday,8,August,3,False,True
2024-07-17,18:15:00,Chocolate Lava Cake,Dessert,8.0,9,72.0,Cash,Takeaway,102,Jake,18,Wednesday,7,July,2,False,True
2024-12-22,19:45:00,Grilled Asparagus,Side,2.0,8,16.0,Mobile Payment,Takeaway,103,Emily,19,Sunday,12,December,6,True,False
2024-01-12,21:30:00,Chocolate Lava Cake,Dessert,5.0,9,45.0,Cash,Dine-In,104,Carlos,21,Friday,1,January,4,False,False
2024-01-31,15:45:00,Truffle Fries,Side,1.0,8,8.0,Mobile Payment,Takeaway,104,Carlos,15,Wednesday,1,January,2,False,False
2024-01-16,17:45:00,Caesar Salad,Appetizer,3.0,10,30.0,Cash,Dine-In,104,Carlos,17,Tuesday,1,January,1,False,False
2024-03-24,20:00:00,Old Fashioned,Beverage,5.0,12,60.0,Mobile Payment,Delivery,102,Jake,20,Sunday,3,March,6,True,False
2024-09-17,20:00:00,Bourbon BBQ Burger,Entree,11.0,22,242.0,Mobile Payment,Dine-In,104,Carlos,20,Tuesday,9,September,1,False,True
2024-03-02,19:15:00,Grilled Asparagus,Side,5.0,8,40.0,Cash,Dine-In,104,Carlos,19,Saturday,3,March,5,True,False
2024-02-16,18:00:00,Cabernet Sauvignon,Beverage,8.0,16,128.0,Credit Card,Delivery,103,Emily,18,Friday,2,February,4,False,True
2024-03-28,17:30:00,New York Strip,Entree,2.0,38,76.0,Cash,Delivery,105,Nina,17,Thursday,3,March,3,False,True
2024-10-01,21:15:00,Filet Mignon,Entree,4.0,42,168.0,Credit Card,Takeaway,105,Nina,21,Tuesday,10,October,1,False,True
2024-12-20,11:00:00,Shrimp Cocktail,Appetizer,5.0,14,70.0,Mobile Payment,Delivery,104,Carlos,11,Friday,12,December,4,False,True
2024-08-18,11:45:00,Chocolate Lava Cake,Dessert,2.0,9,18.0,Cash,Delivery,103,Emily,11,Sunday,8,August,6,True,False
2024-10-02,18:15:00,Ribeye Steak,Entree,6.0,35,210.0,Credit Card,Delivery,105,Nina,18,Wednesday,10,October,2,False,True
2024-03-24,15:15:00,Cabernet Sauvignon,Beverage,6.0,16,96.0,Mobile Payment,Takeaway,102,Jake,15,Sunday,3,March,6,True,True
2024-01-28,22:15:00,Truffle Fries,Side,2.0,8,16.0,Credit Card,Delivery,105,Nina,22,Sunday,1,January,6,True,False
2024-02-27,17:45:00,Cabernet Sauvignon,Beverage,2.0,16,32.0,Credit Card,Delivery,104,Carlos,17,Tuesday,2,February,1,False,False
2024-11-24,15:15:00,Bourbon BBQ Burger,Entree,1.0,22,22.0,Credit Card,Delivery,105,Nina,15,Sunday,11,November,6,True,False
2024-10-23,11:00:00,Grilled Asparagus,Side,4.0,8,32.0,Mobile Payment,Delivery,102,Jake,11,Wednesday,10,October,2,False,False
2024-11-30,19:00:00,Mashed Potatoes,Side,2.0,7,14.0,Cash,Takeaway,101,Sarah,19,Saturday,11,November,5,True,False
2024-02-28,18:00:00,Chocolate Lava Cake,Dessert,5.0,9,45.0,Credit Card,Delivery,103,Emily,18,Wednesday,2,February,2,False,False
2024-01-22,18:00:00,Caesar Salad,Appetizer,2.0,10,20.0,Mobile Payment,Delivery,105,Nina,18,Monday,1,January,0,False,False
2024-01-17,19:00:00,Old Fashioned,Beverage,4.0,12,48.0,Credit Card,Dine-In,105,Nina,19,Wednesday,1,January,2,False,False
2024-03-25,20:45:00,Cabernet Sauvignon,Beverage,4.0,16,64.0,Mobile Payment,Takeaway,103,Emily,20,Monday,3,March,0,False,True
2024-09-26,16:00:00,Bourbon BBQ Burger,Entree,1.0,22,22.0,Credit Card,Dine-In,105,Nina,16,Thursday,9,September,3,False,False
2024-09-16,21:30:00,Chocolate Lava Cake,Dessert,5.0,9,45.0,Mobile Payment,Delivery,104,Carlos,21,Monday,9,September,0,False,False
2024-11-19,15:00:00,Filet Mignon,Entree,4.0,42,168.0,Mobile Payment,Dine-In,104,Carlos,15,Tuesday,11,November,1,False,True
2024-10-30,21:00:00,Truffle Fries,Side,11.0,8,88.0,Credit Card,Dine-In,102,Jake,21,Wednesday,10,October,2,False,True
2024-08-29,17:45:00,New York Strip,Entree,2.0,38,76.0,Mobile Payment,Dine-In,105,Nina,17,Thursday,8,August,3,False,True
2024-03-09,11:15:00,Chocolate Lava Cake,Dessert,2.0,9,18.0,Credit Card,Dine-In,102,Jake,11,Saturday,3,March,5,True,False
2024-08-03,14:30:00,Shrimp Cocktail,Appetizer,6.0,14,84.0,Cash,Takeaway,105,Nina,14,Saturday,8,August,5,True,True
2024-07-14,21:15:00,Bourbon BBQ Burger,Entree,7.0,22,154.0,Credit Card,Delivery,104,Carlos,21,Sunday,7,July,6,True,True
2024-01-04,12:15:00,Ribeye Steak,Entree,2.0,35,70.0,Mobile Payment,Delivery,102,Jake,12,Thursday,1,January,3,False,True
2024-06-01,13:30:00,Caesar Salad,Appetizer,8.0,10,80.0,Mobile Payment,Dine-In,105,Nina,13,Saturday,6,June,5,True,True
2024-02-16,13:15:00,Old Fashioned,Beverage,5.0,12,60.0,Cash,Dine-In,102,Jake,13,Friday,2,February,4,False,False
2024-10-09,15:45:00,Grilled Asparagus,Side,1.0,8,8.0,Cash,Delivery,104,Carlos,15,Wednesday,10,October,2,False,False
2024-11-28,18:00:00,New York Strip,Entree,7.2,38,273.6,Cash,Takeaway,103,Emily,18,Thursday,11,November,3,False,True
2024-03-09,22:30:00,Ribeye Steak,Entree,5.0,35,175.0,Credit Card,Dine-In,104,Carlos,22,Saturday,3,March,5,True,True
2024-05-10,19:00:00,Truffle Fries,Side,9.0,8,72.0,Credit Card,Takeaway,103,Emily,19,Friday,5,May,4,False,True
2024-12-13,11:15:00,Grilled Asparagus,Side,4.0,8,32.0,Mobile Payment,Delivery,102,Jake,11,Friday,12,December,4,False,False
2024-03-01,16:45:00,Old Fashioned,Beverage,3.0,12,36.0,Mobile Payment,Takeaway,103,Emily,16,Friday,3,March,4,False,False
2024-12-30,17:45:00,New York Strip,Entree,4.0,38,152.0,Cash,Dine-In,104,Carlos,17,Monday,12,December,0,False,True
2024-01-20,17:45:00,Old Fashioned,Beverage,10.0,12,120.0,Mobile Payment,Delivery,104,Carlos,17,Saturday,1,January,5,True,True
2024-05-25,20:00:00,New York Strip,Entree,5.0,38,190.0,Mobile Payment,Takeaway,105,Nina,20,Saturday,5,May,5,True,True
2024-09-05,21:15:00,New York Strip,Entree,2.0,38,76.0,Credit Card,Dine-In,105,Nina,21,Thursday,9,September,3,False,True
2024-09-25,17:15:00,New York Strip,Entree,9.0,38,342.0,Mobile Payment,Delivery,102,Jake,17,Wednesday,9,September,2,False,True
2024-01-06,17:45:00,Grilled Asparagus,Side,2.0,8,16.0,Credit Card,Delivery,105,Nina,17,Saturday,1,January,5,True,False
2024-07-27,13:15:00,Mashed Potatoes,Side,7.0,7,49.0,Mobile Payment,Delivery,105,Nina,13,Saturday,7,July,5,True,False
2024-12-02,13:15:00,Caesar Salad,Appetizer,2.0,10,20.0,Mobile Payment,Delivery,104,Carlos,13,Monday,12,December,0,False,False
2024-07-23,19:45:00,Truffle Fries,Side,8.0,8,64.0,Credit Card,Delivery,102,Jake,19,Tuesday,7,July,1,False,True
2024-07-09,17:00:00,Shrimp Cocktail,Appetizer,2.0,14,28.0,Cash,Takeaway,105,Nina,17,Tuesday,7,July,1,False,False
2024-03-29,11:30:00,Chocolate Lava Cake,Dessert,4.0,9,36.0,Cash,Takeaway,102,Jake,11,Friday,3,March,4,False,False
2024-11-04,19:15:00,Chocolate Lava Cake,Dessert,2.0,9,18.0,Cash,Dine-In,104,Carlos,19,Monday,11,November,0,False,False
2024-01-06,11:00:00,Filet Mignon,Entree,5.0,42,210.0,Credit Card,Dine-In,104,Carlos,11,Saturday,1,January,5,True,True
2024-07-23,13:00:00,Shrimp Cocktail,Appetizer,2.0,14,28.0,Cash,Takeaway,105,Nina,13,Tuesday,7,July,1,False,False
2024-02-06,14:30:00,Filet Mignon,Entree,1.0,42,42.0,Cash,Delivery,105,Nina,14,Tuesday,2,February,1,False,False
2024-09-10,16:15:00,Bourbon BBQ Burger,Entree,4.0,22,88.0,Credit Card,Dine-In,101,Sarah,16,Tuesday,9,September,1,False,True
2024-10-29,20:45:00,Bourbon BBQ Burger,Entree,7.0,22,154.0,Mobile Payment,Takeaway,103,Emily,20,Tuesday,10,October,1,False,True
2024-03-22,22:15:00,Shrimp Cocktail,Appetizer,2.0,14,28.0,Credit Card,Delivery,102,Jake,22,Friday,3,March,4,False,False
2024-01-29,19:15:00,Caesar Salad,Appetizer,7.0,10,70.0,Cash,Dine-In,105,Nina,19,Monday,1,January,0,False,True
2024-09-05,17:45:00,Chocolate Lava Cake,Dessert,2.0,9,18.0,Mobile Payment,Takeaway,105,Nina,17,Thursday,9,September,3,False,False
2024-11-13,17:15:00,Chocolate Lava Cake,Dessert,9.0,9,81.0,Cash,Delivery,103,Emily,17,Wednesday,11,November,2,False,True
2024-07-24,19:15:00,Ribeye Steak,Entree,2.0,35,70.0,Credit Card,Delivery,103,Emily,19,Wednesday,7,July,2,False,True
2024-05-05,21:00:00,Old Fashioned,Beverage,11.0,12,132.0,Credit Card,Takeaway,101,Sarah,21,Sunday,5,May,6,True,True
2024-09-26,17:30:00,Old Fashioned,Beverage,4.0,12,48.0,Mobile Payment,Delivery,103,Emily,17,Thursday,9,September,3,False,False
2024-01-04,15:15:00,Shrimp Cocktail,Appetizer,4.0,14,56.0,Credit Card,Dine-In,102,Jake,15,Thursday,1,January,3,False,False
2024-06-11,14:00:00,Bourbon BBQ Burger,Entree,2.0,22,44.0,Credit Card,Delivery,105,Nina,14,Tuesday,6,June,1,False,False
2024-06-10,17:00:00,Ribeye Steak,Entree,2.0,35,70.0,Credit Card,Takeaway,104,Carlos,17,Monday,6,June,0,False,True
2024-04-10,21:15:00,Filet Mignon,Entree,9.0,42,378.0,Credit Card,Dine-In,102,Jake,21,Wednesday,4,April,2,False,True
2024-08-02,12:15:00,Ribeye Steak,Entree,3.0,35,105.0,Mobile Payment,Takeaway,105,Nina,12,Friday,8,August,4,False,True
2024-10-25,20:00:00,Chocolate Lava Cake,Dessert,4.0,9,36.0,Mobile Payment,Takeaway,102,Jake,20,Friday,10,October,4,False,False
2024-04-17,18:00:00,Caesar Salad,Appetizer,7.0,10,70.0,Mobile Payment,Dine-In,103,Emily,18,Wednesday,4,April,2,False,True
2024-06-07,15:45:00,Shrimp Cocktail,Appetizer,8.0,14,112.0,Mobile Payment,Dine-In,103,Emily,15,Friday,6,June,4,False,True
2024-09-09,17:00:00,Old Fashioned,Beverage,9.0,12,108.0,Credit Card,Dine-In,102,Jake,17,Monday,9,September,0,False,True
2024-06-10,12:00:00,Truffle Fries,Side,5.0,8,40.0,Credit Card,Takeaway,101,Sarah,12,Monday,6,June,0,False,False
2024-11-07,12:45:00,Bourbon BBQ Burger,Entree,1.0,22,22.0,Mobile Payment,Delivery,103,Emily,12,Thursday,11,November,3,False,False
2024-02-15,18:15:00,Bourbon BBQ Burger,Entree,3.0,22,66.0,Mobile Payment,Delivery,103,Emily,18,Thursday,2,February,3,False,True
2024-02-10,15:30:00,Grilled Asparagus,Side,3.0,8,24.0,Credit Card,Dine-In,105,Nina,15,Saturday,2,February,5,True,False
2024-02-07,19:30:00,Cabernet Sauvignon,Beverage,2.0,16,32.0,Credit Card,Takeaway,105,Nina,19,Wednesday,2,February,2,False,False
2024-02-10,22:00:00,Mashed Potatoes,Side,8.0,7,56.0,Credit Card,Takeaway,105,Nina,22,Saturday,2,February,5,True,False
2024-07-19,21:30:00,Caesar Salad,Appetizer,9.0,10,90.0,Mobile Payment,Dine-In,104,Carlos,21,Friday,7,July,4,False,True
2024-01-25,21:45:00,Old Fashioned,Beverage,2.0,12,24.0,Cash,Takeaway,101,Sarah,21,Thursday,1,January,3,False,False
2024-10-27,14:00:00,Truffle Fries,Side,3.0,8,24.0,Credit Card,Takeaway,101,Sarah,14,Sunday,10,October,6,True,False
2024-10-03,15:00:00,Caesar Salad,Appetizer,5.0,10,50.0,Mobile Payment,Delivery,102,Jake,15,Thursday,10,October,3,False,False
2024-04-01,12:00:00,Bourbon BBQ Burger,Entree,2.0,22,44.0,Mobile Payment,Takeaway,104,Carlos,12,Monday,4,April,0,False,False
2024-03-23,22:00:00,Caesar Salad,Appetizer,11.0,10,110.0,Credit Card,Delivery,105,Nina,22,Saturday,3,March,5,True,True
2024-07-23,21:30:00,Bourbon BBQ Burger,Entree,2.0,22,44.0,Mobile Payment,Takeaway,105,Nina,21,Tuesday,7,July,1,False,False
2024-10-03,11:15:00,Grilled Asparagus,Side,3.0,8,24.0,Cash,Delivery,103,Emily,11,Thursday,10,October,3,False,False
2024-02-16,17:30:00,Truffle Fries,Side,7.0,8,56.0,Mobile Payment,Delivery,102,Jake,17,Friday,2,February,4,False,False
2024-04-14,22:15:00,Mashed Potatoes,Side,7.0,7,49.0,Cash,Dine-In,101,Sarah,22,Sunday,4,April,6,True,False
2024-04-07,20:45:00,Shrimp Cocktail,Appetizer,5.0,14,70.0,Cash,Delivery,105,Nina,20,Sunday,4,April,6,True,True
2024-01-28,17:45:00,Ribeye Steak,Entree,11.0,35,385.0,Mobile Payment,Delivery,105,Nina,17,Sunday,1,January,6,True,True
2024-09-04,11:15:00,Ribeye Steak,Entree,1.0,35,35.0,Mobile Payment,Delivery,105,Nina,11,Wednesday,9,September,2,False,False
2024-02-17,19:30:00,Caesar Salad,Appetizer,2.0,10,20.0,Cash,Dine-In,102,Jake,19,Saturday,2,February,5,True,False
2024-07-18,17:00:00,Filet Mignon,Entree,5.0,42,210.0,Mobile Payment,Takeaway,105,Nina,17,Thursday,7,July,3,False,True
2024-06-22,19:00:00,Mashed Potatoes,Side,4.0,7,28.0,Credit Card,Dine-In,102,Jake,19,Saturday,6,June,5,True,False
2024-12-02,12:00:00,Chocolate Lava Cake,Dessert,4.0,9,36.0,Cash,Takeaway,104,Carlos,12,Monday,12,December,0,False,False
2024-12-16,21:15:00,New York Strip,Entree,2.0,38,76.0,Credit Card,Dine-In,105,Nina,21,Monday,12,December,0,False,True
2024-08-28,21:00:00,Old Fashioned,Beverage,8.0,12,96.0,Credit Card,Takeaway,103,Emily,21,Wednesday,8,August,2,False,True
2024-05-31,18:00:00,Cabernet Sauvignon,Beverage,4.0,16,64.0,Mobile Payment,Dine-In,101,Sarah,18,Friday,5,May,4,False,True
2024-08-15,12:30:00,Grilled Asparagus,Side,1.0,8,8.0,Mobile Payment,Delivery,103,Emily,12,Thursday,8,August,3,False,False
2024-05-04,20:30:00,Grilled Asparagus,Side,8.0,8,64.0,Credit Card,Takeaway,102,Jake,20,Saturday,5,May,5,True,True
2024-07-27,13:15:00,Mashed Potatoes,Side,11.0,7,77.0,Credit Card,Dine-In,103,Emily,13,Saturday,7,July,5,True,True
2024-04-28,11:15:00,Truffle Fries,Side,3.0,8,24.0,Cash,Delivery,105,Nina,11,Sunday,4,April,6,True,False
2024-06-03,11:15:00,Mashed Potatoes,Side,4.0,7,28.0,Mobile Payment,Takeaway,101,Sarah,11,Monday,6,June,0,False,False
2024-04-20,17:45:00,Ribeye Steak,Entree,5.0,35,175.0,Cash,Takeaway,102,Jake,17,Saturday,4,April,5,True,True
2024-01-22,17:45:00,Caesar Salad,Appetizer,9.0,10,90.0,Cash,Takeaway,101,Sarah,17,Monday,1,January,0,False,True
2024-03-07,22:00:00,Bourbon BBQ Burger,Entree,7.0,22,154.0,Credit Card,Dine-In,105,Nina,22,Thursday,3,March,3,False,True
2024-10-06,20:00:00,Ribeye Steak,Entree,4.0,35,140.0,Mobile Payment,Dine-In,105,Nina,20,Sunday,10,October,6,True,True
2024-03-01,13:00:00,Truffle Fries,Side,2.0,8,16.0,Mobile Payment,Dine-In,102,Jake,13,Friday,3,March,4,False,False
2024-07-05,13:00:00,Chocolate Lava Cake,Dessert,5.0,9,45.0,Credit Card,Dine-In,102,Jake,13,Friday,7,July,4,False,False
2024-08-23,16:45:00,Truffle Fries,Side,9.0,8,72.0,Credit Card,Dine-In,101,Sarah,16,Friday,8,August,4,False,True
2024-10-21,21:15:00,Grilled Asparagus,Side,2.0,8,16.0,Cash,Delivery,105,Nina,21,Monday,10,October,0,False,False
2024-08-08,11:15:00,Old Fashioned,Beverage,3.0,12,36.0,Credit Card,Takeaway,103,Emily,11,Thursday,8,August,3,False,False
2024-05-11,15:15:00,Ribeye Steak,Entree,5.0,35,175.0,Credit Card,Delivery,105,Nina,15,Saturday,5,May,5,True,True
2024-11-05,15:30:00,Mashed Potatoes,Side,2.0,7,14.0,Mobile Payment,Dine-In,101,Sarah,15,Tuesday,11,November,1,False,False
2024-10-12,11:00:00,Truffle Fries,Side,9.0,8,72.0,Mobile Payment,Takeaway,103,Emily,11,Saturday,10,October,5,True,True
2024-11-18,16:15:00,Shrimp Cocktail,Appetizer,3.0,14,42.0,Credit Card,Takeaway,104,Carlos,16,Monday,11,November,0,False,False
2024-03-21,13:30:00,New York Strip,Entree,1.0,38,38.0,Credit Card,Delivery,104,Carlos,13,Thursday,3,March,3,False,False
2024-01-27,16:45:00,Grilled Asparagus,Side,2.0,8,16.0,Cash,Takeaway,101,Sarah,16,Saturday,1,January,5,True,False
2024-08-03,13:30:00,Cabernet Sauvignon,Beverage,8.0,16,128.0,Cash,Takeaway,101,Sarah,13,Saturday,8,August,5,True,True
2024-05-31,18:15:00,Grilled Asparagus,Side,8.0,8,64.0,Cash,Dine-In,102,Jake,18,Friday,5,May,4,False,True
2024-06-29,12:30:00,Cabernet Sauvignon,Beverage,6.0,16,96.0,Cash,Dine-In,103,Emily,12,Saturday,6,June,5,True,True
2024-04-11,21:00:00,Filet Mignon,Entree,7.0,42,294.0,Cash,Delivery,101,Sarah,21,Thursday,4,April,3,False,True
2024-08-04,18:00:00,Mashed Potatoes,Side,8.0,7,56.0,Cash,Takeaway,105,Nina,18,Sunday,8,August,6,True,False
2024-08-13,20:00:00,Mashed Potatoes,Side,4.0,7,28.0,Cash,Takeaway,103,Emily,20,Tuesday,8,August,1,False,False
2024-02-08,14:15:00,Chocolate Lava Cake,Dessert,3.0,9,27.0,Credit Card,Takeaway,105,Nina,14,Thursday,2,February,3,False,False
2024-05-15,11:45:00,Shrimp Cocktail,Appetizer,2.0,14,28.0,Cash,Dine-In,103,Emily,11,Wednesday,5,May,2,False,False
2024-12-21,18:00:00,Mashed Potatoes,Side,10.0,7,70.0,Cash,Delivery,101,Sarah,18,Saturday,12,December,5,True,True
2024-11-25,19:45:00,Grilled Asparagus,Side,5.0,8,40.0,Mobile Payment,Takeaway,105,Nina,19,Monday,11,November,0,False,False
2024-04-19,17:30:00,Grilled Asparagus,Side,2.0,8,16.0,Mobile Payment,Dine-In,102,Jake,17,Friday,4,April,4,False,False
2024-06-14,22:45:00,Shrimp Cocktail,Appetizer,8.0,14,112.0,Credit Card,Takeaway,105,Nina,22,Friday,6,June,4,False,True
2024-01-04,16:45:00,Ribeye Steak,Entree,2.0,35,70.0,Cash,Delivery,104,Carlos,16,Thursday,1,January,3,False,True
2024-08-30,22:00:00,Cabernet Sauvignon,Beverage,5.0,16,80.0,Cash,Dine-In,101,Sarah,22,Friday,8,August,4,False,True
2024-10-15,13:15:00,Ribeye Steak,Entree,5.0,35,175.0,Credit Card,Takeaway,104,Carlos,13,Tuesday,10,October,1,False,True
2024-05-03,14:15:00,New York Strip,Entree,8.0,38,304.0,Mobile Payment,Takeaway,102,Jake,14,Friday,5,May,4,False,True
2024-12-15,13:15:00,Chocolate Lava Cake,Dessert,4.0,9,36.0,Credit Card,Takeaway,101,Sarah,13,Sunday,12,December,6,True,False
2024-04-05,19:15:00,Mashed Potatoes,Side,4.0,7,28.0,Cash,Takeaway,104,Carlos,19,Friday,4,April,4,False,False
2024-07-11,20:15:00,Shrimp Cocktail,Appetizer,4.0,14,56.0,Credit Card,Takeaway,102,Jake,20,Thursday,7,July,3,False,False
2024-11-14,22:15:00,Caesar Salad,Appetizer,10.0,10,100.0,Credit Card,Delivery,102,Jake,22,Thursday,11,November,3,False,True
2024-01-24,13:15:00,Bourbon BBQ Burger,Entree,2.0,22,44.0,Cash,Delivery,101,Sarah,13,Wednesday,1,January,2,False,False
2024-05-08,22:00:00,Filet Mignon,Entree,9.0,42,378.0,Mobile Payment,Dine-In,102,Jake,22,Wednesday,5,May,2,False,True
2024-03-30,19:30:00,Shrimp Cocktail,Appetizer,3.0,14,42.0,Cash,Takeaway,104,Carlos,19,Saturday,3,March,5,True,False
2024-12-03,12:15:00,Chocolate Lava Cake,Dessert,1.0,9,9.0,Mobile Payment,Takeaway,103,Emily,12,Tuesday,12,December,1,False,False
2024-06-13,12:30:00,Shrimp Cocktail,Appetizer,3.0,14,42.0,Cash,Takeaway,101,Sarah,12,Thursday,6,June,3,False,False
2024-08-14,16:45:00,Chocolate Lava Cake,Dessert,5.0,9,45.0,Mobile Payment,Dine-In,102,Jake,16,Wednesday,8,August,2,False,False
2024-10-09,14:00:00,Ribeye Steak,Entree,1.0,35,35.0,Mobile Payment,Takeaway,103,Emily,14,Wednesday,10,October,2,False,False
2024-05-05,14:15:00,New York Strip,Entree,4.0,38,152.0,Mobile Payment,Delivery,102,Jake,14,Sunday,5,May,6,True,True
2024-03-06,18:45:00,Old Fashioned,Beverage,9.0,12,108.0,Cash,Dine-In,101,Sarah,18,Wednesday,3,March,2,False,True
2024-07-31,22:00:00,Grilled Asparagus,Side,7.0,8,56.0,Credit Card,Delivery,104,Carlos,22,Wednesday,7,July,2,False,False
2024-01-15,18:00:00,Caesar Salad,Appetizer,9.0,10,90.0,Credit Card,Dine-In,102,Jake,18,Monday,1,January,0,False,True
2024-07-12,11:30:00,Chocolate Lava Cake,Dessert,4.0,9,36.0,Cash,Delivery,105,Nina,11,Friday,7,July,4,False,False
2024-06-04,13:30:00,Filet Mignon,Entree,1.0,42,42.0,Mobile Payment,Takeaway,103,Emily,13,Tuesday,6,June,1,False,False
2024-01-28,13:45:00,Shrimp Cocktail,Appetizer,1.0,14,14.0,Mobile Payment,Delivery,104,Carlos,13,Sunday,1,January,6,True,False
2024-08-30,16:15:00,Grilled Asparagus,Side,6.0,8,48.0,Credit Card,Dine-In,103,Emily,16,Friday,8,August,4,False,False
2024-10-18,11:45:00,New York Strip,Entree,1.0,38,38.0,Cash,Dine-In,104,Carlos,11,Friday,10,October,4,False,False
2024-04-07,19:30:00,Bourbon BBQ Burger,Entree,9.0,22,198.0,Credit Card,Takeaway,101,Sarah,19,Sunday,4,April,6,True,True
2024-05-24,20:45:00,Shrimp Cocktail,Appetizer,7.0,14,98.0,Mobile Payment,Takeaway,105,Nina,20,Friday,5,May,4,False,True
2024-04-16,12:15:00,Chocolate Lava Cake,Dessert,6.0,9,54.0,Mobile Payment,Takeaway,105,Nina,12,Tuesday,4,April,1,False,False
2024-10-04,22:30:00,Chocolate Lava Cake,Dessert,2.0,9,18.0,Credit Card,Delivery,105,Nina,22,Friday,10,October,4,False,False
2024-08-06,11:30:00,Mashed Potatoes,Side,1.0,7,7.0,Credit Card,Delivery,102,Jake,11,Tuesday,8,August,1,False,False
2024-03-14,17:45:00,Shrimp Cocktail,Appetizer,3.0,14,42.0,Cash,Dine-In,102,Jake,17,Thursday,3,March,3,False,False
2024-10-29,15:45:00,Filet Mignon,Entree,2.0,42,84.0,Cash,Dine-In,105,Nina,15,Tuesday,10,October,1,False,True
2024-10-26,22:00:00,Bourbon BBQ Burger,Entree,2.0,22,44.0,Credit Card,Delivery,103,Emily,22,Saturday,10,October,5,True,False
2024-10-14,16:15:00,Shrimp Cocktail,Appetizer,1.0,14,14.0,Cash,Delivery,101,Sarah,16,Monday,10,October,0,False,False
2024-04-03,21:45:00,Grilled Asparagus,Side,4.0,8,32.0,Cash,Dine-In,105,Nina,21,Wednesday,4,April,2,False,False
2024-09-28,22:30:00,Old Fashioned,Beverage,6.0,12,72.0,Cash,Delivery,102,Jake,22,Saturday,9,September,5,True,True
2024-06-23,17:45:00,Truffle Fries,Side,9.0,8,72.0,Mobile Payment,Takeaway,101,Sarah,17,Sunday,6,June,6,True,True
2024-09-19,19:15:00,New York Strip,Entree,4.0,38,152.0,Credit Card,Delivery,105,Nina,19,Thursday,9,September,3,False,True
2024-11-28,18:00:00,Mashed Potatoes,Side,13.2,7,92.4,Credit Card,Dine-In,104,Carlos,18,Thursday,11,November,3,False,True
2024-09-24,11:45:00,Truffle Fries,Side,1.0,8,8.0,Mobile Payment,Dine-In,103,Emily,11,Tuesday,9,September,1,False,False
2024-10-21,21:30:00,Grilled Asparagus,Side,6.0,8,48.0,Credit Card,Delivery,105,Nina,21,Monday,10,October,0,False,False
2024-11-02,19:30:00,Grilled Asparagus,Side,2.0,8,16.0,Mobile Payment,Takeaway,105,Nina,19,Saturday,11,November,5,True,False
2024-08-07,21:45:00,Chocolate Lava Cake,Dessert,6.0,9,54.0,Mobile Payment,Takeaway,102,Jake,21,Wednesday,8,August,2,False,False
2024-12-13,19:15:00,Ribeye Steak,Entree,11.0,35,385.0,Credit Card,Dine-In,102,Jake,19,Friday,12,December,4,False,True
2024-07-21,12:00:00,Cabernet Sauvignon,Beverage,1.0,16,16.0,Mobile Payment,Dine-In,104,Carlos,12,Sunday,7,July,6,True,False
2024-02-12,17:45:00,New York Strip,Entree,2.0,38,76.0,Cash,Takeaway,103,Emily,17,Monday,2,February,0,False,True
2024-07-01,16:45:00,Bourbon BBQ Burger,Entree,4.0,22,88.0,Credit Card,Takeaway,103,Emily,16,Monday,7,July,0,False,True
2024-09-12,21:45:00,Mashed Potatoes,Side,7.0,7,49.0,Credit Card,Takeaway,103,Emily,21,Thursday,9,September,3,False,False
2024-02-21,13:30:00,Old Fashioned,Beverage,4.0,12,48.0,Credit Card,Dine-In,101,Sarah,13,Wednesday,2,February,2,False,False
2024-01-27,17:45:00,Mashed Potatoes,Side,9.0,7,63.0,Credit Card,Delivery,102,Jake,17,Saturday,1,January,5,True,True
2024-05-29,21:00:00,Mashed Potatoes,Side,2.0,7,14.0,Credit Card,Takeaway,103,Emily,21,Wednesday,5,May,2,False,False
2024-05-10,16:00:00,New York Strip,Entree,3.0,38,114.0,Credit Card,Takeaway,103,Emily,16,Friday,5,May,4,False,True
2024-02-05,19:45:00,Shrimp Cocktail,Appetizer,2.0,14,28.0,Cash,Dine-In,102,Jake,19,Monday,2,February,0,False,False
2024-09-27,17:45:00,Ribeye Steak,Entree,10.0,35,350.0,Cash,Takeaway,104,Carlos,17,Friday,9,September,4,False,True
2024-01-22,22:00:00,Old Fashioned,Beverage,2.0,12,24.0,Cash,Takeaway,102,Jake,22,Monday,1,January,0,False,False
2024-01-24,20:30:00,Shrimp Cocktail,Appetizer,4.0,14,56.0,Cash,Delivery,104,Carlos,20,Wednesday,1,January,2,False,False
2024-02-01,13:00:00,Truffle Fries,Side,3.0,8,24.0,Mobile Payment,Dine-In,105,Nina,13,Thursday,2,February,3,False,False
2024-11-09,22:15:00,Ribeye Steak,Entree,9.0,35,315.0,Credit Card,Delivery,101,Sarah,22,Saturday,11,November,5,True,True
2024-04-18,15:00:00,Chocolate Lava Cake,Dessert,4.0,9,36.0,Mobile Payment,Dine-In,105,Nina,15,Thursday,4,April,3,False,False
2024-08-31,20:45:00,Chocolate Lava Cake,Dessert,8.0,9,72.0,Cash,Takeaway,103,Emily,20,Saturday,8,August,5,True,True
2024-03-19,19:30:00,Filet Mignon,Entree,4.0,42,168.0,Credit Card,Takeaway,105,Nina,19,Tuesday,3,March,1,False,True
2024-05-18,19:00:00,Shrimp Cocktail,Appetizer,7.0,14,98.0,Cash,Takeaway,102,Jake,19,Saturday,5,May,5,True,True
2024-06-30,17:45:00,Shrimp Cocktail,Appetizer,9.0,14,126.0,Cash,Delivery,103,Emily,17,Sunday,6,June,6,True,True
2024-09-12,21:15:00,Chocolate Lava Cake,Dessert,7.0,9,63.0,Mobile Payment,Dine-In,103,Emily,21,Thursday,9,September,3,False,True
2024-10-26,21:00:00,New York Strip,Entree,8.0,38,304.0,Cash,Dine-In,105,Nina,21,Saturday,10,October,5,True,True
2024-05-08,15:15:00,Bourbon BBQ Burger,Entree,1.0,22,22.0,Cash,Dine-In,103,Emily,15,Wednesday,5,May,2,False,False
2024-09-28,20:15:00,Mashed Potatoes,Side,8.0,7,56.0,Credit Card,Delivery,101,Sarah,20,Saturday,9,September,5,True,False
2024-08-27,14:30:00,New York Strip,Entree,1.0,38,38.0,Cash,Dine-In,105,Nina,14,Tuesday,8,August,1,False,False
2024-08-13,21:45:00,Old Fashioned,Beverage,6.0,12,72.0,Mobile Payment,Takeaway,104,Carlos,21,Tuesday,8,August,1,False,True
2024-07-04,20:30:00,Filet Mignon,Entree,7.0,42,294.0,Cash,Delivery,104,Carlos,20,Thursday,7,July,3,False,True
2024-05-16,21:15:00,Caesar Salad,Appetizer,2.0,10,20.0,Mobile Payment,Delivery,102,Jake,21,Thursday,5,May,3,False,False
2024-11-06,16:45:00,Truffle Fries,Side,5.0,8,40.0,Credit Card,Dine-In,105,Nina,16,Wednesday,11,November,2,False,False
2024-08-03,13:15:00,Bourbon BBQ Burger,Entree,4.0,22,88.0,Cash,Takeaway,101,Sarah,13,Saturday,8,August,5,True,True
2024-11-25,16:45:00,Truffle Fries,Side,4.0,8,32.0,Credit Card,Dine-In,104,Carlos,16,Monday,11,November,0,False,False
2024-08-03,18:30:00,Cabernet Sauvignon,Beverage,4.0,16,64.0,Cash,Takeaway,102,Jake,18,Saturday,8,August,5,True,True
2024-12-24,11:45:00,Grilled Asparagus,Side,2.0,8,16.0,Mobile Payment,Dine-In,101,Sarah,11,Tuesday,12,December,1,False,False
2024-07-09,12:00:00,Old Fashioned,Beverage,5.0,12,60.0,Mobile Payment,Dine-In,103,Emily,12,Tuesday,7,July,1,False,False
2024-03-16,17:30:00,Mashed Potatoes,Side,10.0,7,70.0,Credit Card,Takeaway,105,Nina,17,Saturday,3,March,5,True,True
2024-10-07,20:00:00,Grilled Asparagus,Side,4.0,8,32.0,Cash,Dine-In,104,Carlos,20,Monday,10,October,0,False,False
2024-03-14,14:45:00,Filet Mignon,Entree,4.0,42,168.0,Mobile Payment,Delivery,105,Nina,14,Thursday,3,March,3,False,True
2024-01-14,13:15:00,Caesar Salad,Appetizer,4.0,10,40.0,Mobile Payment,Delivery,101,Sarah,13,Sunday,1,January,6,True,False
2024-01-19,22:45:00,Mashed Potatoes,Side,5.0,7,35.0,Mobile Payment,Delivery,104,Carlos,22,Friday,1,January,4,False,False
2024-01-29,21:30:00,Old Fashioned,Beverage,8.0,12,96.0,Mobile Payment,Takeaway,103,Emily,21,Monday,1,January,0,False,True
2024-02-06,21:45:00,Grilled Asparagus,Side,9.0,8,72.0,Credit Card,Takeaway,102,Jake,21,Tuesday,2,February,1,False,True
2024-10-30,19:00:00,Cabernet Sauvignon,Beverage,10.0,16,160.0,Mobile Payment,Delivery,101,Sarah,19,Wednesday,10,October,2,False,True
2024-08-19,22:15:00,Old Fashioned,Beverage,12.0,12,144.0,Cash,Takeaway,105,Nina,22,Monday,8,August,0,False,True
2024-02-03,16:45:00,Chocolate Lava Cake,Dessert,1.0,9,9.0,Mobile Payment,Delivery,103,Emily,16,Saturday,2,February,5,True,False
2024-07-08,19:45:00,New York Strip,Entree,7.0,38,266.0,Mobile Payment,Dine-In,105,Nina,19,Monday,7,July,0,False,True
2024-05-14,19:45:00,Grilled Asparagus,Side,4.0,8,32.0,Mobile Payment,Dine-In,102,Jake,19,Tuesday,5,May,1,False,False
2024-01-09,21:45:00,Grilled Asparagus,Side,2.0,8,16.0,Cash,Dine-In,105,Nina,21,Tuesday,1,January,1,False,False
2024-07-23,21:00:00,New York Strip,Entree,2.0,38,76.0,Mobile Payment,Delivery,105,Nina,21,Tuesday,7,July,1,False,True
2024-01-15,21:30:00,Truffle Fries,Side,2.0,8,16.0,Mobile Payment,Delivery,101,Sarah,21,Monday,1,January,0,False,False
2024-03-20,20:45:00,Bourbon BBQ Burger,Entree,2.0,22,44.0,Mobile Payment,Dine-In,101,Sarah,20,Wednesday,3,March,2,False,False
2024-11-28,18:00:00,Grilled Asparagus,Side,9.6,8,76.8,Mobile Payment,Delivery,101,Sarah,18,Thursday,11,November,3,False,True
2024-03-01,11:45:00,Chocolate Lava Cake,Dessert,3.0,9,27.0,Cash,Takeaway,102,Jake,11,Friday,3,March,4,False,False
2024-10-28,19:15:00,Grilled Asparagus,Side,11.0,8,88.0,Mobile Payment,Dine-In,102,Jake,19,Monday,10,October,0,False,True
2024-05-20,22:45:00,Bourbon BBQ Burger,Entree,5.0,22,110.0,Mobile Payment,Takeaway,101,Sarah,22,Monday,5,May,0,False,True
2024-05-04,22:30:00,Ribeye Steak,Entree,9.0,35,315.0,Credit Card,Takeaway,104,Carlos,22,Saturday,5,May,5,True,True
2024-09-18,20:45:00,Cabernet Sauvignon,Beverage,5.0,16,80.0,Cash,Takeaway,103,Emily,20,Wednesday,9,September,2,False,True
2024-12-19,18:00:00,Old Fashioned,Beverage,9.0,12,108.0,Cash,Delivery,101,Sarah,18,Thursday,12,December,3,False,True
2024-03-28,21:15:00,Filet Mignon,Entree,5.0,42,210.0,Credit Card,Takeaway,101,Sarah,21,Thursday,3,March,3,False,True
2024-12-14,16:45:00,Bourbon BBQ Burger,Entree,2.0,22,44.0,Credit Card,Dine-In,101,Sarah,16,Saturday,12,December,5,True,False
2024-09-25,18:15:00,Cabernet Sauvignon,Beverage,5.0,16,80.0,Mobile Payment,Takeaway,103,Emily,18,Wednesday,9,September,2,False,True
2024-01-23,15:30:00,Cabernet Sauvignon,Beverage,6.0,16,96.0,Cash,Dine-In,101,Sarah,15,Tuesday,1,January,1,False,True
2024-06-08,12:30:00,Old Fashioned,Beverage,2.0,12,24.0,Mobile Payment,Delivery,101,Sarah,12,Saturday,6,June,5,True,False
2024-03-19,14:30:00,Ribeye Steak,Entree,2.0,35,70.0,Credit Card,Delivery,104,Carlos,14,Tuesday,3,March,1,False,True
2024-02-28,16:45:00,Cabernet Sauvignon,Beverage,4.0,16,64.0,Cash,Delivery,101,Sarah,16,Wednesday,2,February,2,False,True
2024-10-25,21:45:00,Old Fashioned,Beverage,10.0,12,120.0,Credit Card,Delivery,101,Sarah,21,Friday,10,October,4,False,True
2024-03-13,14:30:00,Bourbon BBQ Burger,Entree,3.0,22,66.0,Credit Card,Takeaway,105,Nina,14,Wednesday,3,March,2,False,True
2024-05-29,15:45:00,Old Fashioned,Beverage,5.0,12,60.0,Credit Card,Dine-In,102,Jake,15,Wednesday,5,May,2,False,False
2024-08-04,22:45:00,Shrimp Cocktail,Appetizer,2.0,14,28.0,Cash,Takeaway,102,Jake,22,Sunday,8,August,6,True,False
2024-03-09,20:30:00,Old Fashioned,Beverage,4.0,12,48.0,Credit Card,Delivery,102,Jake,20,Saturday,3,March,5,True,False
2024-03-01,16:45:00,Mashed Potatoes,Side,6.0,7,42.0,Mobile Payment,Dine-In,105,Nina,16,Friday,3,March,4,False,False
2024-12-26,21:15:00,Bourbon BBQ Burger,Entree,9.0,22,198.0,Cash,Dine-In,105,Nina,21,Thursday,12,December,3,False,True
2024-07-20,19:15:00,Truffle Fries,Side,2.0,8,16.0,Cash,Delivery,101,Sarah,19,Saturday,7,July,5,True,False
2024-06-18,19:30:00,Truffle Fries,Side,5.0,8,40.0,Mobile Payment,Dine-In,102,Jake,19,Tuesday,6,June,1,False,False
2024-04-26,13:30:00,Filet Mignon,Entree,7.0,42,294.0,Mobile Payment,Takeaway,101,Sarah,13,Friday,4,April,4,False,True
2024-10-08,16:30:00,Cabernet Sauvignon,Beverage,2.0,16,32.0,Mobile Payment,Takeaway,104,Carlos,16,Tuesday,10,October,1,False,False
2024-01-13,18:15:00,Shrimp Cocktail,Appetizer,6.0,14,84.0,Credit Card,Takeaway,103,Emily,18,Saturday,1,January,5,True,True
2024-07-18,13:00:00,Mashed Potatoes,Side,5.0,7,35.0,Credit Card,Delivery,103,Emily,13,Thursday,7,July,3,False,False
2024-11-28,12:45:00,Shrimp Cocktail,Appetizer,6.0,14,84.0,Cash,Takeaway,101,Sarah,12,Thursday,11,November,3,False,True
2024-08-14,11:30:00,Ribeye Steak,Entree,2.0,35,70.0,Cash,Dine-In,105,Nina,11,Wednesday,8,August,2,False,True
2024-12-06,12:45:00,Chocolate Lava Cake,Dessert,6.0,9,54.0,Cash,Delivery,103,Emily,12,Friday,12,December,4,False,False
2024-02-20,14:30:00,Shrimp Cocktail,Appetizer,4.0,14,56.0,Credit Card,Delivery,101,Sarah,14,Tuesday,2,February,1,False,False
2024-12-27,20:30:00,Cabernet Sauvignon,Beverage,3.0,16,48.0,Mobile Payment,Takeaway,104,Carlos,20,Friday,12,December,4,False,False
2024-05-27,11:15:00,Chocolate Lava Cake,Dessert,2.0,9,18.0,Mobile Payment,Takeaway,103,Emily,11,Monday,5,May,0,False,False
2024-12-06,21:15:00,Caesar Salad,Appetizer,2.0,10,20.0,Cash,Takeaway,103,Emily,21,Friday,12,December,4,False,False
2024-01-16,20:45:00,Truffle Fries,Side,5.0,8,40.0,Cash,Delivery,102,Jake,20,Tuesday,1,January,1,False,False
2024-07-31,17:45:00,Old Fashioned,Beverage,2.0,12,24.0,Mobile Payment,Delivery,104,Carlos,17,Wednesday,7,July,2,False,False
2024-07-31,17:45:00,Filet Mignon,Entree,2.0,42,84.0,Cash,Takeaway,104,Carlos,17,Wednesday,7,July,2,False,True
2024-05-03,15:15:00,Ribeye Steak,Entree,3.0,35,105.0,Cash,Dine-In,102,Jake,15,Friday,5,May,4,False,True
2024-05-17,20:00:00,Filet Mignon,Entree,4.0,42,168.0,Mobile Payment,Takeaway,104,Carlos,20,Friday,5,May,4,False,True
2024-10-10,14:45:00,Old Fashioned,Beverage,4.0,12,48.0,Mobile Payment,Delivery,101,Sarah,14,Thursday,10,October,3,False,False
2024-02-18,18:45:00,Chocolate Lava Cake,Dessert,2.0,9,18.0,Credit Card,Dine-In,103,Emily,18,Sunday,2,February,6,True,False
2024-05-21,17:00:00,Shrimp Cocktail,Appetizer,5.0,14,70.0,Cash,Delivery,102,Jake,17,Tuesday,5,May,1,False,True
2024-04-18,14:30:00,Filet Mignon,Entree,5.0,42,210.0,Credit Card,Takeaway,103,Emily,14,Thursday,4,April,3,False,True
2024-08-10,15:15:00,Grilled Asparagus,Side,2.0,8,16.0,Cash,Delivery,104,Carlos,15,Saturday,8,August,5,True,False
2024-05-06,18:15:00,Grilled Asparagus,Side,4.0,8,32.0,Cash,Delivery,105,Nina,18,Monday,5,May,0,False,False
2024-07-01,22:45:00,Chocolate Lava Cake,Dessert,7.0,9,63.0,Credit Card,Delivery,102,Jake,22,Monday,7,July,0,False,True
2024-11-23,13:45:00,Bourbon BBQ Burger,Entree,7.0,22,154.0,Credit Card,Takeaway,101,Sarah,13,Saturday,11,November,5,True,True
2024-06-01,20:00:00,Ribeye Steak,Entree,4.0,35,140.0,Mobile Payment,Takeaway,101,Sarah,20,Saturday,6,June,5,True,True
2024-04-01,22:30:00,Mashed Potatoes,Side,2.0,7,14.0,Mobile Payment,Delivery,102,Jake,22,Monday,4,April,0,False,False
2024-05-18,15:30:00,Cabernet Sauvignon,Beverage,7.0,16,112.0,Credit Card,Dine-In,102,Jake,15,Saturday,5,May,5,True,True
2024-09-30,19:15:00,Chocolate Lava Cake,Dessert,2.0,9,18.0,Credit Card,Takeaway,102,Jake,19,Monday,9,September,0,False,False
2024-04-29,12:30:00,Mashed Potatoes,Side,3.0,7,21.0,Credit Card,Delivery,101,Sarah,12,Monday,4,April,0,False,False
2024-07-10,21:45:00,Shrimp Cocktail,Appetizer,8.0,14,112.0,Cash,Dine-In,103,Emily,21,Wednesday,7,July,2,False,True
2024-02-17,12:30:00,Truffle Fries,Side,8.0,8,64.0,Credit Card,Delivery,105,Nina,12,Saturday,2,February,5,True,True
2024-08-26,20:30:00,Caesar Salad,Appetizer,2.0,10,20.0,Cash,Delivery,101,Sarah,20,Monday,8,August,0,False,False
2024-05-28,11:30:00,Shrimp Cocktail,Appetizer,2.0,14,28.0,Credit Card,Takeaway,104,Carlos,11,Tuesday,5,May,1,False,False
2024-08-05,12:15:00,Ribeye Steak,Entree,4.0,35,140.0,Credit Card,Delivery,101,Sarah,12,Monday,8,August,0,False,True
2024-01-31,12:45:00,Caesar Salad,Appetizer,1.0,10,10.0,Credit Card,Dine-In,105,Nina,12,Wednesday,1,January,2,False,False
2024-02-13,16:00:00,Filet Mignon,Entree,3.0,42,126.0,Cash,Takeaway,104,Carlos,16,Tuesday,2,February,1,False,True
2024-09-30,17:15:00,Bourbon BBQ Burger,Entree,2.0,22,44.0,Cash,Takeaway,105,Nina,17,Monday,9,September,0,False,False
2024-02-09,19:45:00,Filet Mignon,Entree,2.0,42,84.0,Mobile Payment,Delivery,104,Carlos,19,Friday,2,February,4,False,True
2024-11-19,19:30:00,Grilled Asparagus,Side,7.0,8,56.0,Cash,Takeaway,104,Carlos,19,Tuesday,11,November,1,False,False
2024-01-28,17:00:00,New York Strip,Entree,8.0,38,304.0,Mobile Payment,Delivery,102,Jake,17,Sunday,1,January,6,True,True
2024-05-05,22:00:00,Mashed Potatoes,Side,6.0,7,42.0,Cash,Delivery,102,Jake,22,Sunday,5,May,6,True,False
2024-01-07,17:00:00,Ribeye Steak,Entree,4.0,35,140.0,Cash,Dine-In,102,Jake,17,Sunday,1,January,6,True,True
2024-09-14,17:30:00,Bourbon BBQ Burger,Entree,7.0,22,154.0,Mobile Payment,Dine-In,103,Emily,17,Saturday,9,September,5,True,True
2024-03-11,13:30:00,Truffle Fries,Side,1.0,8,8.0,Cash,Takeaway,102,Jake,13,Monday,3,March,0,False,False
2024-01-14,17:45:00,Old Fashioned,Beverage,2.0,12,24.0,Cash,Takeaway,101,Sarah,17,Sunday,1,January,6,True,False
2024-05-11,16:15:00,Ribeye Steak,Entree,2.0,35,70.0,Credit Card,Takeaway,102,Jake,16,Saturday,5,May,5,True,True
2024-04-15,22:15:00,New York Strip,Entree,3.0,38,114.0,Cash,Takeaway,101,Sarah,22,Monday,4,April,0,False,True
2024-01-17,16:15:00,Chocolate Lava Cake,Dessert,2.0,9,18.0,Cash,Delivery,102,Jake,16,Wednesday,1,January,2,False,False
2024-01-25,16:45:00,New York Strip,Entree,1.0,38,38.0,Cash,Delivery,105,Nina,16,Thursday,1,January,3,False,False
2024-01-24,12:00:00,Caesar Salad,Appetizer,3.0,10,30.0,Mobile Payment,Takeaway,102,Jake,12,Wednesday,1,January,2,False,False
2024-04-24,20:00:00,Caesar Salad,Appetizer,4.0,10,40.0,Mobile Payment,Dine-In,103,Emily,20,Wednesday,4,April,2,False,False
2024-04-02,19:45:00,Filet Mignon,Entree,4.0,42,168.0,Cash,Dine-In,105,Nina,19,Tuesday,4,April,1,False,True
2024-05-10,16:45:00,Bourbon BBQ Burger,Entree,5.0,22,110.0,Credit Card,Dine-In,102,Jake,16,Friday,5,May,4,False,True
2024-06-04,13:45:00,Shrimp Cocktail,Appetizer,3.0,14,42.0,Mobile Payment,Takeaway,104,Carlos,13,Tuesday,6,June,1,False,False
2024-01-03,13:30:00,Chocolate Lava Cake,Dessert,5.0,9,45.0,Credit Card,Takeaway,102,Jake,13,Wednesday,1,January,2,False,False
2024-05-17,13:00:00,Truffle Fries,Side,7.0,8,56.0,Credit Card,Dine-In,104,Carlos,13,Friday,5,May,4,False,False
2024-08-20,21:45:00,Bourbon BBQ Burger,Entree,5.0,22,110.0,Credit Card,Delivery,105,Nina,21,Tuesday,8,August,1,False,True
2024-10-08,21:30:00,New York Strip,Entree,11.0,38,418.0,Credit Card,Dine-In,103,Emily,21,Tuesday,10,October,1,False,True
2024-07-26,12:30:00,Truffle Fries,Side,4.0,8,32.0,Credit Card,Takeaway,103,Emily,12,Friday,7,July,4,False,False
2024-06-19,20:00:00,Shrimp Cocktail,Appetizer,10.0,14,140.0,Credit Card,Dine-In,103,Emily,20,Wednesday,6,June,2,False,True
2024-05-06,21:00:00,Chocolate Lava Cake,Dessert,9.0,9,81.0,Credit Card,Takeaway,101,Sarah,21,Monday,5,May,0,False,True
2024-05-16,18:30:00,Caesar Salad,Appetizer,4.0,10,40.0,Credit Card,Delivery,103,Emily,18,Thursday,5,May,3,False,False
2024-03-22,15:45:00,Shrimp Cocktail,Appetizer,5.0,14,70.0,Credit Card,Delivery,103,Emily,15,Friday,3,March,4,False,True
2024-12-07,14:30:00,Caesar Salad,Appetizer,7.0,10,70.0,Mobile Payment,Delivery,104,Carlos,14,Saturday,12,December,5,True,True
2024-03-06,21:30:00,Truffle Fries,Side,4.0,8,32.0,Cash,Takeaway,102,Jake,21,Wednesday,3,March,2,False,False
2024-12-28,17:45:00,Chocolate Lava Cake,Dessert,5.0,9,45.0,Credit Card,Dine-In,103,Emily,17,Saturday,12,December,5,True,False
2024-08-31,12:15:00,Bourbon BBQ Burger,Entree,7.0,22,154.0,Mobile Payment,Delivery,104,Carlos,12,Saturday,8,August,5,True,True
2024-04-10,22:15:00,Mashed Potatoes,Side,6.0,7,42.0,Cash,Delivery,103,Emily,22,Wednesday,4,April,2,False,False
2024-07-29,19:30:00,Cabernet Sauvignon,Beverage,7.0,16,112.0,Cash,Delivery,105,Nina,19,Monday,7,July,0,False,True
2024-01-14,17:00:00,Grilled Asparagus,Side,12.0,8,96.0,Cash,Takeaway,105,Nina,17,Sunday,1,January,6,True,True
2024-08-28,20:15:00,Chocolate Lava Cake,Dessert,8.0,9,72.0,Mobile Payment,Delivery,101,Sarah,20,Wednesday,8,August,2,False,True
2024-07-31,12:30:00,Caesar Salad,Appetizer,6.0,10,60.0,Cash,Dine-In,104,Carlos,12,Wednesday,7,July,2,False,False
2024-09-20,21:15:00,Truffle Fries,Side,9.0,8,72.0,Cash,Dine-In,102,Jake,21,Friday,9,September,4,False,True
2024-01-12,18:15:00,Old Fashioned,Beverage,4.0,12,48.0,Credit Card,Dine-In,104,Carlos,18,Friday,1,January,4,False,False
2024-12-19,13:00:00,Filet Mignon,Entree,2.0,42,84.0,Mobile Payment,Delivery,104,Carlos,13,Thursday,12,December,3,False,True
2024-09-03,19:00:00,Cabernet Sauvignon,Beverage,4.0,16,64.0,Credit Card,Delivery,103,Emily,19,Tuesday,9,September,1,False,True
2024-10-20,14:00:00,New York Strip,Entree,1.0,38,38.0,Credit Card,Takeaway,102,Jake,14,Sunday,10,October,6,True,False
2024-10-30,15:45:00,Grilled Asparagus,Side,2.0,8,16.0,Credit Card,Delivery,103,Emily,15,Wednesday,10,October,2,False,False
2024-03-14,22:15:00,Grilled Asparagus,Side,7.0,8,56.0,Credit Card,Takeaway,102,Jake,22,Thursday,3,March,3,False,False
2024-04-07,20:00:00,Old Fashioned,Beverage,4.0,12,48.0,Mobile Payment,Delivery,105,Nina,20,Sunday,4,April,6,True,False
2024-11-18,15:00:00,Caesar Salad,Appetizer,4.0,10,40.0,Mobile Payment,Takeaway,105,Nina,15,Monday,11,November,0,False,False
2024-12-06,12:00:00,New York Strip,Entree,7.0,38,266.0,Mobile Payment,Takeaway,103,Emily,12,Friday,12,December,4,False,True
2024-10-17,18:00:00,Chocolate Lava Cake,Dessert,7.0,9,63.0,Credit Card,Delivery,101,Sarah,18,Thursday,10,October,3,False,True
2024-07-29,21:15:00,Caesar Salad,Appetizer,6.0,10,60.0,Cash,Delivery,101,Sarah,21,Monday,7,July,0,False,False
2024-01-17,12:45:00,Filet Mignon,Entree,2.0,42,84.0,Credit Card,Delivery,101,Sarah,12,Wednesday,1,January,2,False,True
2024-02-28,17:15:00,Chocolate Lava Cake,Dessert,12.0,9,108.0,Credit Card,Delivery,105,Nina,17,Wednesday,2,February,2,False,True
2024-01-18,12:15:00,Caesar Salad,Appetizer,2.0,10,20.0,Credit Card,Takeaway,102,Jake,12,Thursday,1,January,3,False,False
2024-08-31,21:45:00,Old Fashioned,Beverage,3.0,12,36.0,Mobile Payment,Takeaway,105,Nina,21,Saturday,8,August,5,True,False
2024-02-21,15:00:00,Chocolate Lava Cake,Dessert,5.0,9,45.0,Mobile Payment,Takeaway,101,Sarah,15,Wednesday,2,February,2,False,False
2024-02-01,12:45:00,Old Fashioned,Beverage,5.0,12,60.0,Cash,Dine-In,101,Sarah,12,Thursday,2,February,3,False,False
2024-05-08,19:00:00,Filet Mignon,Entree,7.0,42,294.0,Cash,Takeaway,105,Nina,19,Wednesday,5,May,2,False,True
2024-12-01,22:00:00,Ribeye Steak,Entree,2.0,35,70.0,Credit Card,Delivery,102,Jake,22,Sunday,12,December,6,True,True
2024-01-20,13:45:00,Grilled Asparagus,Side,2.0,8,16.0,Credit Card,Delivery,101,Sarah,13,Saturday,1,January,5,True,False
2024-02-07,20:00:00,Caesar Salad,Appetizer,6.0,10,60.0,Cash,Dine-In,102,Jake,20,Wednesday,2,February,2,False,False
2024-05-12,19:30:00,Shrimp Cocktail,Appetizer,16.5,14,231.0,Credit Card,Dine-In,101,Sarah,19,Sunday,5,May,6,True,True
2024-04-17,16:15:00,Filet Mignon,Entree,4.0,42,168.0,Cash,Delivery,104,Carlos,16,Wednesday,4,April,2,False,True
2024-10-16,21:00:00,Old Fashioned,Beverage,10.0,12,120.0,Cash,Dine-In,105,Nina,21,Wednesday,10,October,2,False,True
2024-07-14,11:00:00,Mashed Potatoes,Side,5.0,7,35.0,Cash,Delivery,101,Sarah,11,Sunday,7,July,6,True,False
2024-09-10,12:15:00,New York Strip,Entree,1.0,38,38.0,Mobile Payment,Delivery,103,Emily,12,Tuesday,9,September,1,False,False
2024-01-09,13:30:00,Old Fashioned,Beverage,1.0,12,12.0,Cash,Delivery,105,Nina,13,Tuesday,1,January,1,False,False
2024-12-01,12:30:00,Filet Mignon,Entree,1.0,42,42.0,Cash,Delivery,104,Carlos,12,Sunday,12,December,6,True,False
2024-11-19,15:30:00,New York Strip,Entree,3.0,38,114.0,Mobile Payment,Dine-In,105,Nina,15,Tuesday,11,November,1,False,True
2024-04-19,17:45:00,Cabernet Sauvignon,Beverage,5.0,16,80.0,Credit Card,Takeaway,103,Emily,17,Friday,4,April,4,False,True
2024-08-07,14:00:00,Caesar Salad,Appetizer,4.0,10,40.0,Cash,Dine-In,104,Carlos,14,Wednesday,8,August,2,False,False
2024-06-03,20:00:00,Bourbon BBQ Burger,Entree,7.0,22,154.0,Cash,Delivery,103,Emily,20,Monday,6,June,0,False,True
2024-03-27,14:15:00,Filet Mignon,Entree,3.0,42,126.0,Credit Card,Dine-In,101,Sarah,14,Wednesday,3,March,2,False,True
2024-12-29,14:00:00,Mashed Potatoes,Side,2.0,7,14.0,Credit Card,Dine-In,104,Carlos,14,Sunday,12,December,6,True,False
2024-11-01,21:45:00,Bourbon BBQ Burger,Entree,3.0,22,66.0,Credit Card,Dine-In,104,Carlos,21,Friday,11,November,4,False,True
2024-10-07,15:30:00,Mashed Potatoes,Side,2.0,7,14.0,Credit Card,Dine-In,104,Carlos,15,Monday,10,October,0,False,False
2024-06-08,12:00:00,New York Strip,Entree,6.0,38,228.0,Credit Card,Takeaway,101,Sarah,12,Saturday,6,June,5,True,True
2024-12-28,18:30:00,Cabernet Sauvignon,Beverage,10.0,16,160.0,Credit Card,Takeaway,104,Carlos,18,Saturday,12,December,5,True,True
2024-11-05,15:15:00,Ribeye Steak,Entree,1.0,35,35.0,Credit Card,Dine-In,105,Nina,15,Tuesday,11,November,1,False,False
2024-11-17,22:30:00,Grilled Asparagus,Side,8.0,8,64.0,Credit Card,Delivery,104,Carlos,22,Sunday,11,November,6,True,True
2024-04-16,16:30:00,Cabernet Sauvignon,Beverage,3.0,16,48.0,Cash,Dine-In,104,Carlos,16,Tuesday,4,April,1,False,False
2024-11-22,22:00:00,Old Fashioned,Beverage,3.0,12,36.0,Credit Card,Takeaway,102,Jake,22,Friday,11,November,4,False,False
2024-11-30,16:45:00,Mashed Potatoes,Side,2.0,7,14.0,Credit Card,Takeaway,101,Sarah,16,Saturday,11,November,5,True,False
2024-08-31,11:00:00,Filet Mignon,Entree,4.0,42,168.0,Mobile Payment,Takeaway,101,Sarah,11,Saturday,8,August,5,True,True
2024-04-23,11:45:00,Cabernet Sauvignon,Beverage,5.0,16,80.0,Cash,Takeaway,101,Sarah,11,Tuesday,4,April,1,False,True
2024-12-24,19:45:00,Filet Mignon,Entree,2.0,42,84.0,Cash,Delivery,104,Carlos,19,Tuesday,12,December,1,False,True
2024-07-28,19:00:00,Bourbon BBQ Burger,Entree,6.0,22,132.0,Cash,Takeaway,102,Jake,19,Sunday,7,July,6,True,True
2024-10-01,13:00:00,Old Fashioned,Beverage,3.0,12,36.0,Cash,Dine-In,105,Nina,13,Tuesday,10,October,1,False,False
2024-02-26,12:30:00,Bourbon BBQ Burger,Entree,2.0,22,44.0,Cash,Dine-In,102,Jake,12,Monday,2,February,0,False,False
2024-10-09,13:15:00,New York Strip,Entree,4.0,38,152.0,Cash,Takeaway,101,Sarah,13,Wednesday,10,October,2,False,True
2024-10-01,15:45:00,Mashed Potatoes,Side,2.0,7,14.0,Mobile Payment,Dine-In,103,Emily,15,Tuesday,10,October,1,False,False
2024-11-06,20:30:00,Ribeye Steak,Entree,2.0,35,70.0,Credit Card,Dine-In,101,Sarah,20,Wednesday,11,November,2,False,True
2024-10-10,15:45:00,Chocolate Lava Cake,Dessert,1.0,9,9.0,Cash,Takeaway,101,Sarah,15,Thursday,10,October,3,False,False
2024-12-26,12:15:00,Mashed Potatoes,Side,1.0,7,7.0,Credit Card,Dine-In,103,Emily,12,Thursday,12,December,3,False,False
2024-08-14,13:15:00,Bourbon BBQ Burger,Entree,5.0,22,110.0,Mobile Payment,Dine-In,101,Sarah,13,Wednesday,8,August,2,False,True
2024-08-11,15:00:00,Bourbon BBQ Burger,Entree,4.0,22,88.0,Credit Card,Delivery,101,Sarah,15,Sunday,8,August,6,True,True
2024-11-02,18:15:00,Ribeye Steak,Entree,3.0,35,105.0,Mobile Payment,Dine-In,101,Sarah,18,Saturday,11,November,5,True,True
2024-01-13,15:00:00,Chocolate Lava Cake,Dessert,6.0,9,54.0,Mobile Payment,Takeaway,102,Jake,15,Saturday,1,January,5,True,False
2024-06-03,12:30:00,New York Strip,Entree,5.0,38,190.0,Cash,Delivery,103,Emily,12,Monday,6,June,0,False,True
2024-05-27,18:45:00,Old Fashioned,Beverage,7.0,12,84.0,Mobile Payment,Delivery,102,Jake,18,Monday,5,May,0,False,True
2024-10-08,11:15:00,Filet Mignon,Entree,6.0,42,252.0,Mobile Payment,Delivery,105,Nina,11,Tuesday,10,October,1,False,True
2024-04-24,11:45:00,Caesar Salad,Appetizer,3.0,10,30.0,Credit Card,Delivery,101,Sarah,11,Wednesday,4,April,2,False,False
2024-12-10,14:45:00,Cabernet Sauvignon,Beverage,4.0,16,64.0,Cash,Delivery,102,Jake,14,Tuesday,12,December,1,False,True
2024-02-19,14:45:00,Shrimp Cocktail,Appetizer,2.0,14,28.0,Mobile Payment,Takeaway,105,Nina,14,Monday,2,February,0,False,False
2024-10-21,11:30:00,Mashed Potatoes,Side,6.0,7,42.0,Credit Card,Takeaway,104,Carlos,11,Monday,10,October,0,False,False
2024-07-09,20:30:00,Truffle Fries,Side,2.0,8,16.0,Mobile Payment,Takeaway,102,Jake,20,Tuesday,7,July,1,False,False
2024-10-21,22:00:00,Grilled Asparagus,Side,10.0,8,80.0,Credit Card,Delivery,101,Sarah,22,Monday,10,October,0,False,True
2024-12-19,15:30:00,New York Strip,Entree,4.0,38,152.0,Mobile Payment,Delivery,104,Carlos,15,Thursday,12,December,3,False,True
2024-01-08,17:00:00,Truffle Fries,Side,2.0,8,16.0,Credit Card,Takeaway,104,Carlos,17,Monday,1,January,0,False,False
2024-08-23,14:15:00,Old Fashioned,Beverage,5.0,12,60.0,Credit Card,Takeaway,101,Sarah,14,Friday,8,August,4,False,False
2024-02-12,17:30:00,New York Strip,Entree,8.0,38,304.0,Credit Card,Dine-In,102,Jake,17,Monday,2,February,0,False,True
2024-08-02,21:00:00,Shrimp Cocktail,Appetizer,11.0,14,154.0,Mobile Payment,Dine-In,102,Jake,21,Friday,8,August,4,False,True
2024-07-02,14:00:00,Cabernet Sauvignon,Beverage,3.0,16,48.0,Cash,Takeaway,104,Carlos,14,Tuesday,7,July,1,False,False
2024-11-11,20:15:00,Bourbon BBQ Burger,Entree,11.0,22,242.0,Credit Card,Takeaway,103,Emily,20,Monday,11,November,0,False,True
2024-06-03,18:45:00,New York Strip,Entree,6.0,38,228.0,Cash,Delivery,103,Emily,18,Monday,6,June,0,False,True
2024-12-11,13:15:00,Truffle Fries,Side,2.0,8,16.0,Credit Card,Dine-In,102,Jake,13,Wednesday,12,December,2,False,False
2024-06-03,19:00:00,Ribeye Steak,Entree,6.0,35,210.0,Cash,Takeaway,102,Jake,19,Monday,6,June,0,False,True
2024-06-06,12:30:00,Mashed Potatoes,Side,2.0,7,14.0,Credit Card,Delivery,101,Sarah,12,Thursday,6,June,3,False,False
2024-06-16,19:30:00,Mashed Potatoes,Side,7.0,7,49.0,Credit Card,Delivery,101,Sarah,19,Sunday,6,June,6,True,False
2024-07-15,13:45:00,Chocolate Lava Cake,Dessert,4.0,9,36.0,Cash,Dine-In,103,Emily,13,Monday,7,July,0,False,False
2024-03-25,16:45:00,Ribeye Steak,Entree,2.0,35,70.0,Cash,Dine-In,102,Jake,16,Monday,3,March,0,False,True
2024-11-13,16:30:00,Mashed Potatoes,Side,2.0,7,14.0,Cash,Dine-In,103,Emily,16,Wednesday,11,November,2,False,False
2024-11-23,19:15:00,Cabernet Sauvignon,Beverage,7.0,16,112.0,Cash,Dine-In,103,Emily,19,Saturday,11,November,5,True,True
2024-01-11,13:45:00,Grilled Asparagus,Side,2.0,8,16.0,Mobile Payment,Delivery,105,Nina,13,Thursday,1,January,3,False,False
2024-02-16,18:15:00,Filet Mignon,Entree,7.0,42,294.0,Credit Card,Dine-In,105,Nina,18,Friday,2,February,4,False,True
2024-03-12,13:00:00,Shrimp Cocktail,Appetizer,1.0,14,14.0,Credit Card,Takeaway,105,Nina,13,Tuesday,3,March,1,False,False
2024-03-31,12:30:00,Bourbon BBQ Burger,Entree,2.0,22,44.0,Mobile Payment,Dine-In,104,Carlos,12,Sunday,3,March,6,True,False
2024-07-14,20:15:00,Old Fashioned,Beverage,2.0,12,24.0,Credit Card,Dine-In,102,Jake,20,Sunday,7,July,6,True,False
2024-06-30,11:15:00,Filet Mignon,Entree,2.0,42,84.0,Mobile Payment,Dine-In,105,Nina,11,Sunday,6,June,6,True,True
2024-01-24,15:30:00,Ribeye Steak,Entree,2.0,35,70.0,Cash,Dine-In,104,Carlos,15,Wednesday,1,January,2,False,True
2024-02-18,21:00:00,Filet Mignon,Entree,10.0,42,420.0,Cash,Delivery,102,Jake,21,Sunday,2,February,6,True,True
2024-04-18,16:15:00,Old Fashioned,Beverage,5.0,12,60.0,Credit Card,Dine-In,105,Nina,16,Thursday,4,April,3,False,False
2024-02-01,11:00:00,Bourbon BBQ Burger,Entree,1.0,22,22.0,Cash,Delivery,105,Nina,11,Thursday,2,February,3,False,False
2024-11-27,16:45:00,Filet Mignon,Entree,4.0,42,168.0,Cash,Dine-In,103,Emily,16,Wednesday,11,November,2,False,True
2024-07-11,22:30:00,Truffle Fries,Side,9.0,8,72.0,Cash,Delivery,103,Emily,22,Thursday,7,July,3,False,True
2024-06-30,20:30:00,Ribeye Steak,Entree,7.0,35,245.0,Mobile Payment,Delivery,102,Jake,20,Sunday,6,June,6,True,True
2024-04-26,11:30:00,Mashed Potatoes,Side,3.0,7,21.0,Cash,Delivery,102,Jake,11,Friday,4,April,4,False,False
2024-02-12,17:45:00,Old Fashioned,Beverage,11.0,12,132.0,Cash,Takeaway,103,Emily,17,Monday,2,February,0,False,True
2024-07-11,15:45:00,Truffle Fries,Side,3.0,8,24.0,Cash,Takeaway,101,Sarah,15,Thursday,7,July,3,False,False
2024-03-01,20:30:00,Mashed Potatoes,Side,3.0,7,21.0,Mobile Payment,Delivery,101,Sarah,20,Friday,3,March,4,False,False
2024-02-11,21:45:00,Old Fashioned,Beverage,7.0,12,84.0,Credit Card,Delivery,104,Carlos,21,Sunday,2,February,6,True,True
2024-06-23,11:30:00,New York Strip,Entree,5.0,38,190.0,Mobile Payment,Takeaway,101,Sarah,11,Sunday,6,June,6,True,True
2024-03-05,11:15:00,Cabernet Sauvignon,Beverage,1.0,16,16.0,Mobile Payment,Delivery,103,Emily,11,Tuesday,3,March,1,False,False
2024-09-01,19:00:00,Grilled Asparagus,Side,2.0,8,16.0,Mobile Payment,Delivery,101,Sarah,19,Sunday,9,September,6,True,False
2024-03-20,13:15:00,Filet Mignon,Entree,1.0,42,42.0,Credit Card,Takeaway,105,Nina,13,Wednesday,3,March,2,False,False
2024-12-14,18:00:00,Grilled Asparagus,Side,7.0,8,56.0,Mobile Payment,Takeaway,102,Jake,18,Saturday,12,December,5,True,False
2024-06-20,14:15:00,New York Strip,Entree,2.0,38,76.0,Mobile Payment,Takeaway,101,Sarah,14,Thursday,6,June,3,False,True
2024-10-03,16:15:00,Filet Mignon,Entree,2.0,42,84.0,Credit Card,Delivery,105,Nina,16,Thursday,10,October,3,False,True
2024-05-25,21:30:00,Grilled Asparagus,Side,5.0,8,40.0,Credit Card,Dine-In,101,Sarah,21,Saturday,5,May,5,True,False
2024-05-26,13:30:00,Caesar Salad,Appetizer,1.0,10,10.0,Cash,Dine-In,102,Jake,13,Sunday,5,May,6,True,False
2024-08-20,16:15:00,Chocolate Lava Cake,Dessert,6.0,9,54.0,Mobile Payment,Delivery,102,Jake,16,Tuesday,8,August,1,False,False
2024-05-04,22:00:00,Caesar Salad,Appetizer,4.0,10,40.0,Credit Card,Takeaway,103,Emily,22,Saturday,5,May,5,True,False
2024-11-02,21:45:00,Grilled Asparagus,Side,8.0,8,64.0,Cash,Dine-In,104,Carlos,21,Saturday,11,November,5,True,True
2024-10-01,22:30:00,Filet Mignon,Entree,7.0,42,294.0,Mobile Payment,Delivery,102,Jake,22,Tuesday,10,October,1,False,True
2024-12-15,18:45:00,Mashed Potatoes,Side,11.0,7,77.0,Cash,Takeaway,102,Jake,18,Sunday,12,December,6,True,True
2024-09-25,13:00:00,Filet Mignon,Entree,1.0,42,42.0,Credit Card,Delivery,101,Sarah,13,Wednesday,9,September,2,False,False
2024-07-17,16:15:00,Truffle Fries,Side,5.0,8,40.0,Credit Card,Takeaway,102,Jake,16,Wednesday,7,July,2,False,False
2024-08-08,18:15:00,Mashed Potatoes,Side,2.0,7,14.0,Cash,Takeaway,102,Jake,18,Thursday,8,August,3,False,False
2024-05-23,16:30:00,Caesar Salad,Appetizer,2.0,10,20.0,Credit Card,Takeaway,104,Carlos,16,Thursday,5,May,3,False,False
2024-06-09,17:45:00,Grilled Asparagus,Side,6.0,8,48.0,Mobile Payment,Takeaway,105,Nina,17,Sunday,6,June,6,True,False
2024-05-30,20:45:00,New York Strip,Entree,4.0,38,152.0,Credit Card,Delivery,103,Emily,20,Thursday,5,May,3,False,True
2024-12-28,16:00:00,Ribeye Steak,Entree,5.0,35,175.0,Credit Card,Delivery,102,Jake,16,Saturday,12,December,5,True,True
2024-06-10,11:45:00,Chocolate Lava Cake,Dessert,2.0,9,18.0,Mobile Payment,Takeaway,103,Emily,11,Monday,6,June,0,False,False
2024-07-15,19:30:00,Filet Mignon,Entree,4.0,42,168.0,Mobile Payment,Dine-In,104,Carlos,19,Monday,7,July,0,False,True
2024-03-05,18:45:00,Truffle Fries,Side,8.0,8,64.0,Cash,Delivery,102,Jake,18,Tuesday,3,March,1,False,True
2024-06-12,22:00:00,Chocolate Lava Cake,Dessert,9.0,9,81.0,Mobile Payment,Dine-In,103,Emily,22,Wednesday,6,June,2,False,True
2024-12-16,15:15:00,Filet Mignon,Entree,2.0,42,84.0,Mobile Payment,Dine-In,103,Emily,15,Monday,12,December,0,False,True
2024-08-11,21:30:00,Ribeye Steak,Entree,4.0,35,140.0,Cash,Dine-In,103,Emily,21,Sunday,8,August,6,True,True
2024-09-09,18:00:00,Shrimp Cocktail,Appetizer,5.0,14,70.0,Credit Card,Delivery,105,Nina,18,Monday,9,September,0,False,True
2024-08-25,13:30:00,Filet Mignon,Entree,6.0,42,252.0,Credit Card,Delivery,101,Sarah,13,Sunday,8,August,6,True,True
2024-08-22,11:15:00,Caesar Salad,Appetizer,4.0,10,40.0,Mobile Payment,Dine-In,101,Sarah,11,Thursday,8,August,3,False,False
2024-05-29,18:15:00,Caesar Salad,Appetizer,4.0,10,40.0,Credit Card,Delivery,102,Jake,18,Wednesday,5,May,2,False,False
2024-12-21,11:30:00,Mashed Potatoes,Side,2.0,7,14.0,Mobile Payment,Takeaway,104,Carlos,11,Saturday,12,December,5,True,False
2024-07-23,22:45:00,Ribeye Steak,Entree,7.0,35,245.0,Cash,Takeaway,102,Jake,22,Tuesday,7,July,1,False,True
2024-12-09,13:45:00,Caesar Salad,Appetizer,1.0,10,10.0,Cash,Dine-In,102,Jake,13,Monday,12,December,0,False,False
2024-03-18,11:00:00,Truffle Fries,Side,5.0,8,40.0,Credit Card,Delivery,103,Emily,11,Monday,3,March,0,False,False
2024-03-05,17:30:00,Cabernet Sauvignon,Beverage,3.0,16,48.0,Cash,Dine-In,104,Carlos,17,Tuesday,3,March,1,False,False
2024-08-19,21:45:00,Ribeye Steak,Entree,10.0,35,350.0,Cash,Delivery,105,Nina,21,Monday,8,August,0,False,True
2024-11-05,17:45:00,Truffle Fries,Side,2.0,8,16.0,Mobile Payment,Dine-In,104,Carlos,17,Tuesday,11,November,1,False,False
2024-01-05,16:30:00,Chocolate Lava Cake,Dessert,5.0,9,45.0,Credit Card,Delivery,102,Jake,16,Friday,1,January,4,False,False
2024-01-13,19:30:00,Grilled Asparagus,Side,6.0,8,48.0,Mobile Payment,Delivery,101,Sarah,19,Saturday,1,January,5,True,False
2024-02-28,14:15:00,Shrimp Cocktail,Appetizer,5.0,14,70.0,Credit Card,Dine-In,105,Nina,14,Wednesday,2,February,2,False,True
2024-04-20,16:00:00,Bourbon BBQ Burger,Entree,2.0,22,44.0,Cash,Dine-In,103,Emily,16,Saturday,4,April,5,True,False
2024-05-29,17:00:00,Old Fashioned,Beverage,6.0,12,72.0,Mobile Payment,Delivery,101,Sarah,17,Wednesday,5,May,2,False,True
2024-10-03,11:15:00,Cabernet Sauvignon,Beverage,5.0,16,80.0,Mobile Payment,Delivery,101,Sarah,11,Thursday,10,October,3,False,True
2024-05-26,15:00:00,Ribeye Steak,Entree,3.0,35,105.0,Cash,Takeaway,102,Jake,15,Sunday,5,May,6,True,True
2024-02-02,16:45:00,Grilled Asparagus,Side,7.0,8,56.0,Credit Card,Dine-In,102,Jake,16,Friday,2,February,4,False,False
2024-06-18,14:00:00,Shrimp Cocktail,Appetizer,6.0,14,84.0,Mobile Payment,Dine-In,104,Carlos,14,Tuesday,6,June,1,False,True
2024-06-07,18:30:00,Mashed Potatoes,Side,10.0,7,70.0,Cash,Dine-In,101,Sarah,18,Friday,6,June,4,False,True
2024-11-15,21:00:00,Filet Mignon,Entree,9.0,42,378.0,Mobile Payment,Takeaway,104,Carlos,21,Friday,11,November,4,False,True
2024-05-24,18:00:00,Old Fashioned,Beverage,9.0,12,108.0,Mobile Payment,Takeaway,101,Sarah,18,Friday,5,May,4,False,True
2024-02-16,20:00:00,New York Strip,Entree,8.0,38,304.0,Mobile Payment,Dine-In,104,Carlos,20,Friday,2,February,4,False,True
2024-11-06,19:15:00,Old Fashioned,Beverage,2.0,12,24.0,Credit Card,Dine-In,101,Sarah,19,Wednesday,11,November,2,False,False
2024-07-06,19:45:00,Grilled Asparagus,Side,11.0,8,88.0,Credit Card,Dine-In,101,Sarah,19,Saturday,7,July,5,True,True
2024-10-18,20:45:00,Grilled Asparagus,Side,7.0,8,56.0,Credit Card,Delivery,105,Nina,20,Friday,10,October,4,False,False
2024-04-13,21:15:00,New York Strip,Entree,8.0,38,304.0,Cash,Takeaway,101,Sarah,21,Saturday,4,April,5,True,True
2024-06-13,11:30:00,Cabernet Sauvignon,Beverage,2.0,16,32.0,Credit Card,Dine-In,103,Emily,11,Thursday,6,June,3,False,False
2024-07-01,21:00:00,Chocolate Lava Cake,Dessert,5.0,9,45.0,Credit Card,Takeaway,104,Carlos,21,Monday,7,July,0,False,False
2024-12-27,13:30:00,Caesar Salad,Appetizer,4.0,10,40.0,Cash,Dine-In,105,Nina,13,Friday,12,December,4,False,False
2024-12-01,20:15:00,Shrimp Cocktail,Appetizer,3.0,14,42.0,Credit Card,Takeaway,102,Jake,20,Sunday,12,December,6,True,False
2024-02-18,18:45:00,Mashed Potatoes,Side,11.0,7,77.0,Cash,Dine-In,103,Emily,18,Sunday,2,February,6,True,True
2024-10-03,15:45:00,Grilled Asparagus,Side,5.0,8,40.0,Credit Card,Delivery,102,Jake,15,Thursday,10,October,3,False,False
2024-01-03,14:00:00,New York Strip,Entree,6.0,38,228.0,Credit Card,Dine-In,102,Jake,14,Wednesday,1,January,2,False,True
2024-08-24,13:45:00,Grilled Asparagus,Side,7.0,8,56.0,Mobile Payment,Delivery,102,Jake,13,Saturday,8,August,5,True,False
2024-05-10,16:00:00,Bourbon BBQ Burger,Entree,4.0,22,88.0,Mobile Payment,Delivery,101,Sarah,16,Friday,5,May,4,False,True
2024-03-25,16:15:00,Cabernet Sauvignon,Beverage,2.0,16,32.0,Credit Card,Takeaway,101,Sarah,16,Monday,3,March,0,False,False
2024-05-02,11:45:00,Caesar Salad,Appetizer,1.0,10,10.0,Mobile Payment,Delivery,104,Carlos,11,Thursday,5,May,3,False,False
2024-03-05,22:00:00,Bourbon BBQ Burger,Entree,9.0,22,198.0,Cash,Delivery,102,Jake,22,Tuesday,3,March,1,False,True
2024-09-04,18:45:00,Old Fashioned,Beverage,2.0,12,24.0,Cash,Delivery,103,Emily,18,Wednesday,9,September,2,False,False
2024-03-12,16:15:00,Truffle Fries,Side,5.0,8,40.0,Mobile Payment,Delivery,104,Carlos,16,Tuesday,3,March,1,False,False
2024-04-11,11:00:00,Ribeye Steak,Entree,5.0,35,175.0,Cash,Dine-In,101,Sarah,11,Thursday,4,April,3,False,True
2024-01-25,13:30:00,New York Strip,Entree,2.0,38,76.0,Credit Card,Delivery,103,Emily,13,Thursday,1,January,3,False,True
2024-09-07,14:00:00,Mashed Potatoes,Side,8.0,7,56.0,Mobile Payment,Delivery,104,Carlos,14,Saturday,9,September,5,True,False
2024-08-28,12:45:00,Filet Mignon,Entree,4.0,42,168.0,Mobile Payment,Delivery,104,Carlos,12,Wednesday,8,August,2,False,True
2024-02-25,17:30:00,Truffle Fries,Side,11.0,8,88.0,Credit Card,Takeaway,104,Carlos,17,Sunday,2,February,6,True,True
2024-07-25,18:45:00,Shrimp Cocktail,Appetizer,2.0,14,28.0,Mobile Payment,Delivery,104,Carlos,18,Thursday,7,July,3,False,False
2024-09-25,14:15:00,Shrimp Cocktail,Appetizer,3.0,14,42.0,Cash,Dine-In,105,Nina,14,Wednesday,9,September,2,False,False
2024-12-31,16:15:00,New York Strip,Entree,3.9,38,148.2,Cash,Delivery,104,Carlos,16,Tuesday,12,December,1,False,True
2024-12-15,22:30:00,Caesar Salad,Appetizer,8.0,10,80.0,Mobile Payment,Dine-In,102,Jake,22,Sunday,12,December,6,True,True
2024-03-06,12:00:00,Shrimp Cocktail,Appetizer,2.0,14,28.0,Mobile Payment,Delivery,101,Sarah,12,Wednesday,3,March,2,False,False
2024-08-22,11:30:00,Truffle Fries,Side,4.0,8,32.0,Credit Card,Delivery,102,Jake,11,Thursday,8,August,3,False,False
2024-08-03,11:00:00,Mashed Potatoes,Side,8.0,7,56.0,Mobile Payment,Delivery,101,Sarah,11,Saturday,8,August,5,True,False
2024-02-12,16:00:00,Truffle Fries,Side,1.0,8,8.0,Cash,Dine-In,104,Carlos,16,Monday,2,February,0,False,False
2024-12-28,13:45:00,Ribeye Steak,Entree,2.0,35,70.0,Mobile Payment,Dine-In,102,Jake,13,Saturday,12,December,5,True,True
2024-07-24,16:15:00,Bourbon BBQ Burger,Entree,2.0,22,44.0,Credit Card,Takeaway,105,Nina,16,Wednesday,7,July,2,False,False
2024-08-21,19:15:00,Caesar Salad,Appetizer,5.0,10,50.0,Credit Card,Delivery,105,Nina,19,Wednesday,8,August,2,False,False
2024-12-31,14:30:00,Old Fashioned,Beverage,1.3,12,15.6,Mobile Payment,Dine-In,101,Sarah,14,Tuesday,12,December,1,False,False
2024-05-25,20:45:00,Old Fashioned,Beverage,12.0,12,144.0,Cash,Takeaway,104,Carlos,20,Saturday,5,May,5,True,True
2024-05-04,22:45:00,Bourbon BBQ Burger,Entree,7.0,22,154.0,Credit Card,Delivery,102,Jake,22,Saturday,5,May,5,True,True
2024-03-20,11:15:00,Filet Mignon,Entree,4.0,42,168.0,Mobile Payment,Dine-In,104,Carlos,11,Wednesday,3,March,2,False,True
2024-08-04,16:15:00,Cabernet Sauvignon,Beverage,2.0,16,32.0,Credit Card,Takeaway,105,Nina,16,Sunday,8,August,6,True,False
2024-06-19,15:15:00,Truffle Fries,Side,4.0,8,32.0,Mobile Payment,Dine-In,103,Emily,15,Wednesday,6,June,2,False,False
2024-01-02,11:00:00,Truffle Fries,Side,2.0,8,16.0,Cash,Delivery,104,Carlos,11,Tuesday,1,January,1,False,False
2024-12-06,11:00:00,Shrimp Cocktail,Appetizer,5.0,14,70.0,Cash,Takeaway,101,Sarah,11,Friday,12,December,4,False,True
2024-10-28,11:30:00,Shrimp Cocktail,Appetizer,2.0,14,28.0,Cash,Takeaway,101,Sarah,11,Monday,10,October,0,False,False
2024-07-24,21:15:00,Truffle Fries,Side,2.0,8,16.0,Mobile Payment,Delivery,102,Jake,21,Wednesday,7,July,2,False,False
2024-04-30,16:45:00,Bourbon BBQ Burger,Entree,2.0,22,44.0,Credit Card,Delivery,102,Jake,16,Tuesday,4,April,1,False,False
2024-01-07,12:00:00,Ribeye Steak,Entree,1.0,35,35.0,Mobile Payment,Dine-In,105,Nina,12,Sunday,1,January,6,True,False
2024-10-31,20:15:00,Filet Mignon,Entree,9.0,42,378.0,Credit Card,Delivery,101,Sarah,20,Thursday,10,October,3,False,True
2024-01-02,15:00:00,New York Strip,Entree,4.0,38,152.0,Mobile Payment,Dine-In,103,Emily,15,Tuesday,1,January,1,False,True
2024-12-23,15:00:00,Mashed Potatoes,Side,5.0,7,35.0,Mobile Payment,Dine-In,105,Nina,15,Monday,12,December,0,False,False
2024-12-15,11:15:00,Ribeye Steak,Entree,4.0,35,140.0,Mobile Payment,Dine-In,104,Carlos,11,Sunday,12,December,6,True,True
2024-08-01,17:00:00,Caesar Salad,Appetizer,7.0,10,70.0,Credit Card,Dine-In,105,Nina,17,Thursday,8,August,3,False,True
2024-11-25,11:00:00,New York Strip,Entree,2.0,38,76.0,Mobile Payment,Delivery,104,Carlos,11,Monday,11,November,0,False,True
2024-09-23,12:30:00,Chocolate Lava Cake,Dessert,3.0,9,27.0,Credit Card,Delivery,103,Emily,12,Monday,9,September,0,False,False
2024-08-22,11:30:00,Truffle Fries,Side,2.0,8,16.0,Cash,Dine-In,101,Sarah,11,Thursday,8,August,3,False,False
2024-06-27,21:15:00,Bourbon BBQ Burger,Entree,3.0,22,66.0,Cash,Delivery,104,Carlos,21,Thursday,6,June,3,False,True
2024-09-11,14:45:00,Chocolate Lava Cake,Dessert,5.0,9,45.0,Credit Card,Dine-In,101,Sarah,14,Wednesday,9,September,2,False,False
2024-10-12,20:00:00,Truffle Fries,Side,5.0,8,40.0,Cash,Delivery,104,Carlos,20,Saturday,10,October,5,True,False
2024-11-06,14:45:00,Grilled Asparagus,Side,3.0,8,24.0,Mobile Payment,Dine-In,101,Sarah,14,Wednesday,11,November,2,False,False
2024-07-26,18:45:00,Old Fashioned,Beverage,2.0,12,24.0,Mobile Payment,Takeaway,104,Carlos,18,Friday,7,July,4,False,False
2024-07-22,13:15:00,Grilled Asparagus,Side,2.0,8,16.0,Credit Card,Delivery,105,Nina,13,Monday,7,July,0,False,False
2024-12-06,21:30:00,Ribeye Steak,Entree,2.0,35,70.0,Mobile Payment,Delivery,104,Carlos,21,Friday,12,December,4,False,True
2024-11-23,13:45:00,Grilled Asparagus,Side,3.0,8,24.0,Mobile Payment,Dine-In,102,Jake,13,Saturday,11,November,5,True,False
2024-08-05,17:45:00,Old Fashioned,Beverage,10.0,12,120.0,Mobile Payment,Delivery,101,Sarah,17,Monday,8,August,0,False,True
2024-10-18,22:15:00,Old Fashioned,Beverage,7.0,12,84.0,Cash,Takeaway,103,Emily,22,Friday,10,October,4,False,True
2024-03-27,13:00:00,Old Fashioned,Beverage,4.0,12,48.0,Mobile Payment,Delivery,102,Jake,13,Wednesday,3,March,2,False,False
2024-06-11,20:00:00,New York Strip,Entree,6.0,38,228.0,Credit Card,Delivery,104,Carlos,20,Tuesday,6,June,1,False,True
2024-09-02,18:15:00,Grilled Asparagus,Side,5.0,8,40.0,Mobile Payment,Takeaway,104,Carlos,18,Monday,9,September,0,False,False
2024-05-31,11:15:00,Cabernet Sauvignon,Beverage,5.0,16,80.0,Mobile Payment,Delivery,101,Sarah,11,Friday,5,May,4,False,True
2024-06-11,11:00:00,Truffle Fries,Side,3.0,8,24.0,Cash,Takeaway,101,Sarah,11,Tuesday,6,June,1,False,False
2024-07-17,16:45:00,Cabernet Sauvignon,Beverage,5.0,16,80.0,Cash,Delivery,101,Sarah,16,Wednesday,7,July,2,False,True
2024-03-12,20:30:00,Grilled Asparagus,Side,7.0,8,56.0,Cash,Delivery,105,Nina,20,Tuesday,3,March,1,False,False
2024-08-13,12:00:00,Shrimp Cocktail,Appetizer,5.0,14,70.0,Credit Card,Dine-In,101,Sarah,12,Tuesday,8,August,1,False,True
2024-11-29,16:00:00,Ribeye Steak,Entree,8.0,35,280.0,Cash,Takeaway,103,Emily,16,Friday,11,November,4,False,True
2024-10-31,22:15:00,Cabernet Sauvignon,Beverage,9.0,16,144.0,Mobile Payment,Takeaway,103,Emily,22,Thursday,10,October,3,False,True
2024-11-23,18:00:00,Bourbon BBQ Burger,Entree,4.0,22,88.0,Mobile Payment,Dine-In,102,Jake,18,Saturday,11,November,5,True,True
2024-10-28,14:00:00,Filet Mignon,Entree,1.0,42,42.0,Mobile Payment,Dine-In,103,Emily,14,Monday,10,October,0,False,False
2024-11-20,11:00:00,Bourbon BBQ Burger,Entree,4.0,22,88.0,Credit Card,Delivery,101,Sarah,11,Wednesday,11,November,2,False,True
2024-09-09,15:15:00,Chocolate Lava Cake,Dessert,1.0,9,9.0,Credit Card,Delivery,105,Nina,15,Monday,9,September,0,False,False
2024-06-25,13:15:00,New York Strip,Entree,2.0,38,76.0,Cash,Takeaway,105,Nina,13,Tuesday,6,June,1,False,True
2024-04-17,12:00:00,Grilled Asparagus,Side,2.0,8,16.0,Cash,Dine-In,104,Carlos,12,Wednesday,4,April,2,False,False
2024-11-23,14:00:00,New York Strip,Entree,6.0,38,228.0,Cash,Takeaway,104,Carlos,14,Saturday,11,November,5,True,True
2024-03-12,15:45:00,Mashed Potatoes,Side,2.0,7,14.0,Credit Card,Delivery,103,Emily,15,Tuesday,3,March,1,False,False
2024-01-13,22:30:00,Old Fashioned,Beverage,2.0,12,24.0,Mobile Payment,Takeaway,103,Emily,22,Saturday,1,January,5,True,False
2024-07-19,21:30:00,Grilled Asparagus,Side,7.0,8,56.0,Credit Card,Dine-In,104,Carlos,21,Friday,7,July,4,False,False
2024-10-04,18:15:00,Mashed Potatoes,Side,5.0,7,35.0,Credit Card,Takeaway,102,Jake,18,Friday,10,October,4,False,False
2024-05-10,16:00:00,Shrimp Cocktail,Appetizer,6.0,14,84.0,Mobile Payment,Takeaway,105,Nina,16,Friday,5,May,4,False,True
2024-10-01,21:45:00,Mashed Potatoes,Side,11.0,7,77.0,Cash,Delivery,103,Emily,21,Tuesday,10,October,1,False,True
2024-09-16,14:30:00,Cabernet Sauvignon,Beverage,2.0,16,32.0,Mobile Payment,Takeaway,105,Nina,14,Monday,9,September,0,False,False
2024-08-07,21:15:00,Grilled Asparagus,Side,8.0,8,64.0,Cash,Takeaway,104,Carlos,21,Wednesday,8,August,2,False,True
2024-06-02,19:30:00,Caesar Salad,Appetizer,4.0,10,40.0,Cash,Delivery,104,Carlos,19,Sunday,6,June,6,True,False
2024-08-30,16:45:00,Ribeye Steak,Entree,8.0,35,280.0,Mobile Payment,Takeaway,102,Jake,16,Friday,8,August,4,False,True
2024-03-22,21:45:00,Chocolate Lava Cake,Dessert,11.0,9,99.0,Cash,Delivery,103,Emily,21,Friday,3,March,4,False,True
2024-06-02,14:45:00,Chocolate Lava Cake,Dessert,3.0,9,27.0,Mobile Payment,Dine-In,103,Emily,14,Sunday,6,June,6,True,False
2024-01-13,22:30:00,Mashed Potatoes,Side,2.0,7,14.0,Credit Card,Delivery,101,Sarah,22,Saturday,1,January,5,True,False
2024-11-01,13:30:00,Grilled Asparagus,Side,7.0,8,56.0,Cash,Delivery,101,Sarah,13,Friday,11,November,4,False,False
2024-01-27,18:15:00,Shrimp Cocktail,Appetizer,3.0,14,42.0,Mobile Payment,Dine-In,105,Nina,18,Saturday,1,January,5,True,False
2024-01-24,22:45:00,Old Fashioned,Beverage,3.0,12,36.0,Mobile Payment,Takeaway,102,Jake,22,Wednesday,1,January,2,False,False
2024-10-29,16:30:00,Bourbon BBQ Burger,Entree,3.0,22,66.0,Mobile Payment,Delivery,101,Sarah,16,Tuesday,10,October,1,False,True
2024-05-03,19:00:00,Filet Mignon,Entree,6.0,42,252.0,Cash,Takeaway,105,Nina,19,Friday,5,May,4,False,True
2024-06-28,12:30:00,Ribeye Steak,Entree,3.0,35,105.0,Mobile Payment,Delivery,101,Sarah,12,Friday,6,June,4,False,True
2024-06-02,16:00:00,Bourbon BBQ Burger,Entree,2.0,22,44.0,Mobile Payment,Dine-In,103,Emily,16,Sunday,6,June,6,True,False
2024-04-17,16:15:00,Filet Mignon,Entree,2.0,42,84.0,Credit Card,Delivery,103,Emily,16,Wednesday,4,April,2,False,True
2024-12-16,21:15:00,Caesar Salad,Appetizer,8.0,10,80.0,Mobile Payment,Takeaway,102,Jake,21,Monday,12,December,0,False,True
2024-02-10,22:00:00,Filet Mignon,Entree,4.0,42,168.0,Cash,Delivery,103,Emily,22,Saturday,2,February,5,True,True
2024-10-21,11:30:00,New York Strip,Entree,5.0,38,190.0,Credit Card,Dine-In,104,Carlos,11,Monday,10,October,0,False,True
2024-05-15,13:45:00,Bourbon BBQ Burger,Entree,4.0,22,88.0,Cash,Delivery,103,Emily,13,Wednesday,5,May,2,False,True
2024-02-26,22:00:00,Cabernet Sauvignon,Beverage,7.0,16,112.0,Credit Card,Dine-In,105,Nina,22,Monday,2,February,0,False,True
2024-04-08,19:30:00,Mashed Potatoes,Side,7.0,7,49.0,Credit Card,Dine-In,103,Emily,19,Monday,4,April,0,False,False
2024-11-19,17:00:00,Chocolate Lava Cake,Dessert,2.0,9,18.0,Mobile Payment,Dine-In,103,Emily,17,Tuesday,11,November,1,False,False
2024-02-18,12:45:00,Bourbon BBQ Burger,Entree,3.0,22,66.0,Credit Card,Takeaway,103,Emily,12,Sunday,2,February,6,True,True
2024-12-16,14:45:00,Truffle Fries,Side,1.0,8,8.0,Credit Card,Dine-In,104,Carlos,14,Monday,12,December,0,False,False
2024-04-05,19:00:00,Grilled Asparagus,Side,9.0,8,72.0,Cash,Dine-In,104,Carlos,19,Friday,4,April,4,False,True
2024-05-08,17:00:00,New York Strip,Entree,2.0,38,76.0,Mobile Payment,Takeaway,104,Carlos,17,Wednesday,5,May,2,False,True
2024-07-10,17:15:00,Grilled Asparagus,Side,7.0,8,56.0,Cash,Dine-In,104,Carlos,17,Wednesday,7,July,2,False,False
2024-01-15,19:30:00,Cabernet Sauvignon,Beverage,2.0,16,32.0,Mobile Payment,Delivery,104,Carlos,19,Monday,1,January,0,False,False
2024-07-19,13:00:00,Chocolate Lava Cake,Dessert,7.0,9,63.0,Cash,Takeaway,105,Nina,13,Friday,7,July,4,False,True
2024-04-29,12:45:00,Caesar Salad,Appetizer,1.0,10,10.0,Cash,Delivery,105,Nina,12,Monday,4,April,0,False,False
2024-06-21,12:45:00,Truffle Fries,Side,7.0,8,56.0,Cash,Takeaway,103,Emily,12,Friday,6,June,4,False,False
2024-01-17,22:30:00,Truffle Fries,Side,8.0,8,64.0,Mobile Payment,Delivery,102,Jake,22,Wednesday,1,January,2,False,True
2024-03-05,21:45:00,Old Fashioned,Beverage,4.0,12,48.0,Mobile Payment,Dine-In,102,Jake,21,Tuesday,3,March,1,False,False
2024-04-20,15:15:00,Cabernet Sauvignon,Beverage,10.0,16,160.0,Mobile Payment,Dine-In,103,Emily,15,Saturday,4,April,5,True,True
2024-09-14,16:00:00,Bourbon BBQ Burger,Entree,5.0,22,110.0,Mobile Payment,Dine-In,101,Sarah,16,Saturday,9,September,5,True,True
2024-03-15,16:15:00,Grilled Asparagus,Side,5.0,8,40.0,Credit Card,Dine-In,102,Jake,16,Friday,3,March,4,False,False
2024-10-10,13:15:00,Filet Mignon,Entree,2.0,42,84.0,Credit Card,Dine-In,104,Carlos,13,Thursday,10,October,3,False,True
2024-07-04,16:45:00,Grilled Asparagus,Side,4.0,8,32.0,Cash,Delivery,105,Nina,16,Thursday,7,July,3,False,False
2024-02-02,12:30:00,Shrimp Cocktail,Appetizer,6.0,14,84.0,Cash,Delivery,103,Emily,12,Friday,2,February,4,False,True
2024-11-17,15:15:00,Filet Mignon,Entree,5.0,42,210.0,Mobile Payment,Dine-In,103,Emily,15,Sunday,11,November,6,True,True
2024-05-07,17:30:00,Caesar Salad,Appetizer,2.0,10,20.0,Cash,Delivery,102,Jake,17,Tuesday,5,May,1,False,False
2024-12-06,20:45:00,Old Fashioned,Beverage,2.0,12,24.0,Mobile Payment,Delivery,101,Sarah,20,Friday,12,December,4,False,False
2024-06-13,11:45:00,New York Strip,Entree,4.0,38,152.0,Cash,Delivery,104,Carlos,11,Thursday,6,June,3,False,True
2024-11-05,13:45:00,Mashed Potatoes,Side,1.0,7,7.0,Credit Card,Dine-In,102,Jake,13,Tuesday,11,November,1,False,False
2024-09-17,12:45:00,New York Strip,Entree,6.0,38,228.0,Cash,Delivery,101,Sarah,12,Tuesday,9,September,1,False,True
2024-09-14,18:15:00,Chocolate Lava Cake,Dessert,4.0,9,36.0,Cash,Dine-In,105,Nina,18,Saturday,9,September,5,True,False
2024-10-08,14:45:00,Chocolate Lava Cake,Dessert,1.0,9,9.0,Credit Card,Takeaway,102,Jake,14,Tuesday,10,October,1,False,False
2024-12-13,18:45:00,Old Fashioned,Beverage,2.0,12,24.0,Cash,Takeaway,102,Jake,18,Friday,12,December,4,False,False
2024-10-16,19:45:00,Old Fashioned,Beverage,2.0,12,24.0,Credit Card,Delivery,103,Emily,19,Wednesday,10,October,2,False,False
2024-06-26,20:00:00,Mashed Potatoes,Side,4.0,7,28.0,Cash,Takeaway,103,Emily,20,Wednesday,6,June,2,False,False
2024-06-11,11:00:00,New York Strip,Entree,1.0,38,38.0,Cash,Delivery,104,Carlos,11,Tuesday,6,June,1,False,False
2024-09-23,14:45:00,Cabernet Sauvignon,Beverage,4.0,16,64.0,Cash,Dine-In,103,Emily,14,Monday,9,September,0,False,True
2024-11-22,16:00:00,New York Strip,Entree,7.0,38,266.0,Credit Card,Delivery,104,Carlos,16,Friday,11,November,4,False,True
2024-08-19,17:00:00,Caesar Salad,Appetizer,2.0,10,20.0,Credit Card,Dine-In,105,Nina,17,Monday,8,August,0,False,False
2024-04-15,15:45:00,Bourbon BBQ Burger,Entree,4.0,22,88.0,Mobile Payment,Takeaway,103,Emily,15,Monday,4,April,0,False,True
2024-11-16,12:15:00,Caesar Salad,Appetizer,8.0,10,80.0,Mobile Payment,Delivery,101,Sarah,12,Saturday,11,November,5,True,True
2024-01-23,12:15:00,Cabernet Sauvignon,Beverage,2.0,16,32.0,Credit Card,Dine-In,101,Sarah,12,Tuesday,1,January,1,False,False
2024-01-25,16:00:00,Caesar Salad,Appetizer,2.0,10,20.0,Credit Card,Takeaway,101,Sarah,16,Thursday,1,January,3,False,False
2024-02-21,19:30:00,New York Strip,Entree,4.0,38,152.0,Cash,Dine-In,102,Jake,19,Wednesday,2,February,2,False,True
2024-10-01,21:15:00,Mashed Potatoes,Side,4.0,7,28.0,Cash,Dine-In,105,Nina,21,Tuesday,10,October,1,False,False
2024-04-10,21:00:00,Bourbon BBQ Burger,Entree,7.0,22,154.0,Mobile Payment,Dine-In,104,Carlos,21,Wednesday,4,April,2,False,True
2024-04-23,17:00:00,Caesar Salad,Appetizer,11.0,10,110.0,Mobile Payment,Delivery,101,Sarah,17,Tuesday,4,April,1,False,True
2024-11-28,22:45:00,Caesar Salad,Appetizer,12.0,10,120.0,Mobile Payment,Dine-In,104,Carlos,22,Thursday,11,November,3,False,True
2024-09-18,20:30:00,Bourbon BBQ Burger,Entree,9.0,22,198.0,Credit Card,Takeaway,102,Jake,20,Wednesday,9,September,2,False,True
2024-01-24,11:00:00,Mashed Potatoes,Side,2.0,7,14.0,Cash,Takeaway,101,Sarah,11,Wednesday,1,January,2,False,False
2024-01-26,18:00:00,Old Fashioned,Beverage,2.0,12,24.0,Credit Card,Dine-In,103,Emily,18,Friday,1,January,4,False,False
2024-10-14,16:00:00,Bourbon BBQ Burger,Entree,5.0,22,110.0,Mobile Payment,Takeaway,101,Sarah,16,Monday,10,October,0,False,True
2024-04-02,14:45:00,Ribeye Steak,Entree,4.0,35,140.0,Credit Card,Dine-In,101,Sarah,14,Tuesday,4,April,1,False,True
2024-10-26,12:30:00,Bourbon BBQ Burger,Entree,6.0,22,132.0,Credit Card,Takeaway,103,Emily,12,Saturday,10,October,5,True,True
2024-08-03,20:45:00,New York Strip,Entree,10.0,38,380.0,Credit Card,Takeaway,103,Emily,20,Saturday,8,August,5,True,True
2024-07-18,12:15:00,Old Fashioned,Beverage,4.0,12,48.0,Credit Card,Dine-In,102,Jake,12,Thursday,7,July,3,False,False
2024-08-12,18:00:00,Truffle Fries,Side,10.0,8,80.0,Mobile Payment,Takeaway,102,Jake,18,Monday,8,August,0,False,True
2024-08-05,14:30:00,Grilled Asparagus,Side,1.0,8,8.0,Cash,Delivery,104,Carlos,14,Monday,8,August,0,False,False
2024-07-14,18:15:00,Ribeye Steak,Entree,6.0,35,210.0,Credit Card,Takeaway,102,Jake,18,Sunday,7,July,6,True,True
2024-08-22,12:15:00,Cabernet Sauvignon,Beverage,5.0,16,80.0,Credit Card,Delivery,103,Emily,12,Thursday,8,August,3,False,True
2024-01-24,13:15:00,Caesar Salad,Appetizer,3.0,10,30.0,Mobile Payment,Takeaway,101,Sarah,13,Wednesday,1,January,2,False,False
2024-06-03,15:45:00,Grilled Asparagus,Side,2.0,8,16.0,Credit Card,Takeaway,102,Jake,15,Monday,6,June,0,False,False
2024-04-21,11:30:00,Bourbon BBQ Burger,Entree,1.0,22,22.0,Cash,Takeaway,104,Carlos,11,Sunday,4,April,6,True,False
2024-02-19,21:30:00,New York Strip,Entree,2.0,38,76.0,Credit Card,Dine-In,103,Emily,21,Monday,2,February,0,False,True
2024-09-18,14:00:00,Chocolate Lava Cake,Dessert,4.0,9,36.0,Mobile Payment,Delivery,104,Carlos,14,Wednesday,9,September,2,False,False
2024-04-16,17:30:00,Old Fashioned,Beverage,2.0,12,24.0,Credit Card,Takeaway,103,Emily,17,Tuesday,4,April,1,False,False
2024-07-12,19:45:00,Chocolate Lava Cake,Dessert,12.0,9,108.0,Credit Card,Dine-In,102,Jake,19,Friday,7,July,4,False,True
2024-07-12,19:15:00,Ribeye Steak,Entree,2.0,35,70.0,Credit Card,Delivery,102,Jake,19,Friday,7,July,4,False,True
2024-09-06,21:15:00,Grilled Asparagus,Side,3.0,8,24.0,Mobile Payment,Dine-In,103,Emily,21,Friday,9,September,4,False,False
2024-10-22,13:15:00,Truffle Fries,Side,5.0,8,40.0,Cash,Delivery,102,Jake,13,Tuesday,10,October,1,False,False
2024-09-04,11:45:00,Mashed Potatoes,Side,5.0,7,35.0,Cash,Takeaway,101,Sarah,11,Wednesday,9,September,2,False,False
2024-01-23,15:00:00,Grilled Asparagus,Side,2.0,8,16.0,Mobile Payment,Dine-In,101,Sarah,15,Tuesday,1,January,1,False,False
2024-10-05,18:15:00,New York Strip,Entree,10.0,38,380.0,Cash,Takeaway,104,Carlos,18,Saturday,10,October,5,True,True
2024-03-04,19:15:00,Ribeye Steak,Entree,2.0,35,70.0,Mobile Payment,Dine-In,104,Carlos,19,Monday,3,March,0,False,True
2024-12-22,20:45:00,Bourbon BBQ Burger,Entree,2.0,22,44.0,Credit Card,Takeaway,104,Carlos,20,Sunday,12,December,6,True,False
2024-09-26,20:30:00,Chocolate Lava Cake,Dessert,7.0,9,63.0,Credit Card,Delivery,105,Nina,20,Thursday,9,September,3,False,True
2024-08-17,20:00:00,Mashed Potatoes,Side,4.0,7,28.0,Cash,Dine-In,104,Carlos,20,Saturday,8,August,5,True,False
2024-03-04,12:30:00,Cabernet Sauvignon,Beverage,4.0,16,64.0,Credit Card,Takeaway,103,Emily,12,Monday,3,March,0,False,True
2024-09-21,22:00:00,Cabernet Sauvignon,Beverage,12.0,16,192.0,Mobile Payment,Delivery,101,Sarah,22,Saturday,9,September,5,True,True
2024-01-05,17:00:00,Old Fashioned,Beverage,5.0,12,60.0,Mobile Payment,Delivery,103,Emily,17,Friday,1,January,4,False,False
2024-07-27,14:00:00,Grilled Asparagus,Side,3.0,8,24.0,Cash,Dine-In,105,Nina,14,Saturday,7,July,5,True,False
2024-08-24,16:30:00,Old Fashioned,Beverage,4.0,12,48.0,Mobile Payment,Takeaway,101,Sarah,16,Saturday,8,August,5,True,False
2024-08-02,20:30:00,Chocolate Lava Cake,Dessert,8.0,9,72.0,Cash,Takeaway,105,Nina,20,Friday,8,August,4,False,True
2024-09-16,12:00:00,Chocolate Lava Cake,Dessert,2.0,9,18.0,Mobile Payment,Delivery,105,Nina,12,Monday,9,September,0,False,False
2024-11-27,20:00:00,Grilled Asparagus,Side,9.0,8,72.0,Cash,Delivery,101,Sarah,20,Wednesday,11,November,2,False,True
2024-02-28,14:00:00,Old Fashioned,Beverage,1.0,12,12.0,Credit Card,Takeaway,103,Emily,14,Wednesday,2,February,2,False,False
2024-04-06,21:15:00,Filet Mignon,Entree,7.0,42,294.0,Cash,Delivery,102,Jake,21,Saturday,4,April,5,True,True
2024-08-03,12:15:00,Filet Mignon,Entree,7.0,42,294.0,Mobile Payment,Delivery,103,Emily,12,Saturday,8,August,5,True,True
2024-05-17,20:00:00,Ribeye Steak,Entree,6.0,35,210.0,Mobile Payment,Delivery,101,Sarah,20,Friday,5,May,4,False,True
2024-05-04,18:15:00,Chocolate Lava Cake,Dessert,6.0,9,54.0,Mobile Payment,Takeaway,103,Emily,18,Saturday,5,May,5,True,False
2024-09-21,16:15:00,Mashed Potatoes,Side,8.0,7,56.0,Cash,Delivery,105,Nina,16,Saturday,9,September,5,True,False
2024-10-27,19:00:00,New York Strip,Entree,9.0,38,342.0,Credit Card,Delivery,102,Jake,19,Sunday,10,October,6,True,True
2024-11-05,21:15:00,New York Strip,Entree,6.0,38,228.0,Credit Card,Dine-In,104,Carlos,21,Tuesday,11,November,1,False,True
2024-05-19,12:15:00,Mashed Potatoes,Side,5.0,7,35.0,Cash,Delivery,103,Emily,12,Sunday,5,May,6,True,False
2024-09-09,17:15:00,Filet Mignon,Entree,4.0,42,168.0,Mobile Payment,Dine-In,104,Carlos,17,Monday,9,September,0,False,True
2024-01-20,12:45:00,Caesar Salad,Appetizer,10.0,10,100.0,Mobile Payment,Takeaway,103,Emily,12,Saturday,1,January,5,True,True
2024-05-12,12:15:00,Truffle Fries,Side,7.5,8,60.0,Credit Card,Takeaway,102,Jake,12,Sunday,5,May,6,True,False
2024-02-18,16:45:00,Caesar Salad,Appetizer,1.0,10,10.0,Mobile Payment,Dine-In,101,Sarah,16,Sunday,2,February,6,True,False
2024-08-28,20:45:00,Cabernet Sauvignon,Beverage,7.0,16,112.0,Mobile Payment,Dine-In,105,Nina,20,Wednesday,8,August,2,False,True
2024-08-07,22:30:00,Mashed Potatoes,Side,12.0,7,84.0,Mobile Payment,Takeaway,102,Jake,22,Wednesday,8,August,2,False,True
2024-11-18,15:00:00,Cabernet Sauvignon,Beverage,5.0,16,80.0,Mobile Payment,Dine-In,101,Sarah,15,Monday,11,November,0,False,True
2024-08-23,18:15:00,Mashed Potatoes,Side,2.0,7,14.0,Credit Card,Takeaway,105,Nina,18,Friday,8,August,4,False,False
2024-02-02,12:15:00,Caesar Salad,Appetizer,6.0,10,60.0,Credit Card,Dine-In,104,Carlos,12,Friday,2,February,4,False,False
2024-08-19,11:45:00,Truffle Fries,Side,2.0,8,16.0,Cash,Takeaway,102,Jake,11,Monday,8,August,0,False,False
2024-12-27,15:00:00,Truffle Fries,Side,3.0,8,24.0,Credit Card,Dine-In,102,Jake,15,Friday,12,December,4,False,False
2024-11-26,13:30:00,Filet Mignon,Entree,6.0,42,252.0,Mobile Payment,Delivery,102,Jake,13,Tuesday,11,November,1,False,True
2024-02-01,17:15:00,New York Strip,Entree,4.0,38,152.0,Credit Card,Takeaway,103,Emily,17,Thursday,2,February,3,False,True
2024-01-08,12:00:00,Bourbon BBQ Burger,Entree,3.0,22,66.0,Credit Card,Takeaway,102,Jake,12,Monday,1,January,0,False,True
2024-05-31,19:30:00,New York Strip,Entree,2.0,38,76.0,Cash,Delivery,103,Emily,19,Friday,5,May,4,False,True
2024-05-05,16:00:00,Truffle Fries,Side,5.0,8,40.0,Credit Card,Takeaway,104,Carlos,16,Sunday,5,May,6,True,False
2024-06-28,22:00:00,Filet Mignon,Entree,10.0,42,420.0,Credit Card,Delivery,101,Sarah,22,Friday,6,June,4,False,True
2024-06-21,17:30:00,Ribeye Steak,Entree,10.0,35,350.0,Mobile Payment,Takeaway,101,Sarah,17,Friday,6,June,4,False,True
2024-06-07,18:30:00,Caesar Salad,Appetizer,11.0,10,110.0,Mobile Payment,Delivery,101,Sarah,18,Friday,6,June,4,False,True
2024-04-08,18:00:00,Mashed Potatoes,Side,6.0,7,42.0,Mobile Payment,Dine-In,103,Emily,18,Monday,4,April,0,False,False
2024-06-15,12:00:00,Cabernet Sauvignon,Beverage,4.0,16,64.0,Credit Card,Dine-In,101,Sarah,12,Saturday,6,June,5,True,True
2024-01-14,21:15:00,Mashed Potatoes,Side,8.0,7,56.0,Credit Card,Delivery,103,Emily,21,Sunday,1,January,6,True,False
2024-04-02,22:15:00,Ribeye Steak,Entree,4.0,35,140.0,Cash,Takeaway,104,Carlos,22,Tuesday,4,April,1,False,True
2024-12-30,17:45:00,Chocolate Lava Cake,Dessert,7.0,9,63.0,Mobile Payment,Dine-In,102,Jake,17,Monday,12,December,0,False,True
2024-10-18,16:15:00,Caesar Salad,Appetizer,9.0,10,90.0,Credit Card,Dine-In,105,Nina,16,Friday,10,October,4,False,True
2024-05-08,12:00:00,Bourbon BBQ Burger,Entree,4.0,22,88.0,Cash,Delivery,101,Sarah,12,Wednesday,5,May,2,False,True
2024-11-14,14:30:00,New York Strip,Entree,3.0,38,114.0,Mobile Payment,Delivery,102,Jake,14,Thursday,11,November,3,False,True
2024-05-30,11:45:00,Grilled Asparagus,Side,2.0,8,16.0,Mobile Payment,Delivery,102,Jake,11,Thursday,5,May,3,False,False
2024-05-18,17:15:00,Caesar Salad,Appetizer,5.0,10,50.0,Mobile Payment,Delivery,105,Nina,17,Saturday,5,May,5,True,False
2024-11-05,14:15:00,Shrimp Cocktail,Appetizer,2.0,14,28.0,Credit Card,Takeaway,101,Sarah,14,Tuesday,11,November,1,False,False
2024-09-26,17:45:00,Chocolate Lava Cake,Dessert,6.0,9,54.0,Mobile Payment,Dine-In,105,Nina,17,Thursday,9,September,3,False,False
2024-08-10,16:30:00,New York Strip,Entree,5.0,38,190.0,Cash,Delivery,105,Nina,16,Saturday,8,August,5,True,True
2024-03-31,17:15:00,Cabernet Sauvignon,Beverage,6.0,16,96.0,Credit Card,Dine-In,104,Carlos,17,Sunday,3,March,6,True,True
2024-05-17,14:30:00,Ribeye Steak,Entree,8.0,35,280.0,Credit Card,Dine-In,105,Nina,14,Friday,5,May,4,False,True
2024-11-20,19:30:00,Chocolate Lava Cake,Dessert,6.0,9,54.0,Credit Card,Delivery,101,Sarah,19,Wednesday,11,November,2,False,False
2024-05-07,20:45:00,Chocolate Lava Cake,Dessert,8.0,9,72.0,Credit Card,Takeaway,102,Jake,20,Tuesday,5,May,1,False,True
2024-06-14,20:00:00,Old Fashioned,Beverage,8.0,12,96.0,Credit Card,Dine-In,103,Emily,20,Friday,6,June,4,False,True
2024-08-22,12:15:00,Ribeye Steak,Entree,1.0,35,35.0,Mobile Payment,Delivery,103,Emily,12,Thursday,8,August,3,False,False
2024-05-20,13:45:00,Caesar Salad,Appetizer,4.0,10,40.0,Credit Card,Delivery,105,Nina,13,Monday,5,May,0,False,False
2024-11-26,17:45:00,Cabernet Sauvignon,Beverage,8.0,16,128.0,Credit Card,Takeaway,105,Nina,17,Tuesday,11,November,1,False,True
2024-10-02,20:30:00,Old Fashioned,Beverage,2.0,12,24.0,Credit Card,Delivery,101,Sarah,20,Wednesday,10,October,2,False,False
2024-08-22,22:00:00,Grilled Asparagus,Side,11.0,8,88.0,Cash,Dine-In,103,Emily,22,Thursday,8,August,3,False,True
2024-11-14,18:00:00,Filet Mignon,Entree,2.0,42,84.0,Cash,Delivery,103,Emily,18,Thursday,11,November,3,False,True
2024-08-17,12:30:00,Grilled Asparagus,Side,7.0,8,56.0,Credit Card,Takeaway,104,Carlos,12,Saturday,8,August,5,True,False
2024-06-15,11:30:00,Filet Mignon,Entree,9.0,42,378.0,Mobile Payment,Delivery,104,Carlos,11,Saturday,6,June,5,True,True
2024-01-11,21:00:00,Grilled Asparagus,Side,7.0,8,56.0,Mobile Payment,Takeaway,103,Emily,21,Thursday,1,January,3,False,False
2024-10-15,22:15:00,Caesar Salad,Appetizer,6.0,10,60.0,Mobile Payment,Dine-In,103,Emily,22,Tuesday,10,October,1,False,False
2024-11-08,21:45:00,Chocolate Lava Cake,Dessert,10.0,9,90.0,Credit Card,Dine-In,103,Emily,21,Friday,11,November,4,False,True
2024-06-14,11:30:00,Grilled Asparagus,Side,6.0,8,48.0,Mobile Payment,Delivery,102,Jake,11,Friday,6,June,4,False,False
2024-09-05,16:30:00,Ribeye Steak,Entree,2.0,35,70.0,Mobile Payment,Delivery,103,Emily,16,Thursday,9,September,3,False,True
2024-04-01,19:45:00,Filet Mignon,Entree,9.0,42,378.0,Mobile Payment,Delivery,105,Nina,19,Monday,4,April,0,False,True
2024-03-26,16:45:00,Filet Mignon,Entree,3.0,42,126.0,Cash,Dine-In,103,Emily,16,Tuesday,3,March,1,False,True
2024-01-29,21:15:00,Cabernet Sauvignon,Beverage,6.0,16,96.0,Mobile Payment,Takeaway,104,Carlos,21,Monday,1,January,0,False,True
2024-03-29,17:30:00,Cabernet Sauvignon,Beverage,2.0,16,32.0,Mobile Payment,Takeaway,102,Jake,17,Friday,3,March,4,False,False
2024-09-21,21:30:00,Chocolate Lava Cake,Dessert,5.0,9,45.0,Mobile Payment,Takeaway,105,Nina,21,Saturday,9,September,5,True,False
2024-01-27,21:45:00,Caesar Salad,Appetizer,5.0,10,50.0,Mobile Payment,Takeaway,102,Jake,21,Saturday,1,January,5,True,False
2024-01-10,22:00:00,Ribeye Steak,Entree,2.0,35,70.0,Cash,Takeaway,105,Nina,22,Wednesday,1,January,2,False,True
2024-10-22,17:30:00,Filet Mignon,Entree,9.0,42,378.0,Mobile Payment,Dine-In,101,Sarah,17,Tuesday,10,October,1,False,True
2024-05-30,21:30:00,New York Strip,Entree,9.0,38,342.0,Credit Card,Takeaway,105,Nina,21,Thursday,5,May,3,False,True
2024-07-11,18:00:00,Caesar Salad,Appetizer,7.0,10,70.0,Credit Card,Takeaway,102,Jake,18,Thursday,7,July,3,False,True
2024-01-27,14:45:00,Caesar Salad,Appetizer,5.0,10,50.0,Credit Card,Delivery,103,Emily,14,Saturday,1,January,5,True,False
2024-04-18,21:30:00,Grilled Asparagus,Side,12.0,8,96.0,Mobile Payment,Takeaway,102,Jake,21,Thursday,4,April,3,False,True
2024-04-29,12:00:00,Bourbon BBQ Burger,Entree,2.0,22,44.0,Cash,Dine-In,103,Emily,12,Monday,4,April,0,False,False
2024-08-13,21:45:00,Filet Mignon,Entree,7.0,42,294.0,Mobile Payment,Delivery,101,Sarah,21,Tuesday,8,August,1,False,True
2024-08-17,14:00:00,Old Fashioned,Beverage,5.0,12,60.0,Credit Card,Takeaway,104,Carlos,14,Saturday,8,August,5,True,False
2024-08-24,17:15:00,Bourbon BBQ Burger,Entree,8.0,22,176.0,Cash,Takeaway,102,Jake,17,Saturday,8,August,5,True,True
2024-07-19,18:30:00,Truffle Fries,Side,2.0,8,16.0,Mobile Payment,Delivery,105,Nina,18,Friday,7,July,4,False,False
2024-11-05,18:45:00,Shrimp Cocktail,Appetizer,9.0,14,126.0,Credit Card,Delivery,103,Emily,18,Tuesday,11,November,1,False,True
2024-12-16,15:15:00,Shrimp Cocktail,Appetizer,5.0,14,70.0,Mobile Payment,Takeaway,102,Jake,15,Monday,12,December,0,False,True
2024-10-27,16:15:00,Old Fashioned,Beverage,4.0,12,48.0,Credit Card,Dine-In,102,Jake,16,Sunday,10,October,6,True,False
2024-08-31,17:45:00,Grilled Asparagus,Side,12.0,8,96.0,Credit Card,Takeaway,101,Sarah,17,Saturday,8,August,5,True,True
2024-05-15,13:00:00,Old Fashioned,Beverage,4.0,12,48.0,Credit Card,Takeaway,101,Sarah,13,Wednesday,5,May,2,False,False
2024-06-06,20:45:00,Mashed Potatoes,Side,3.0,7,21.0,Credit Card,Dine-In,101,Sarah,20,Thursday,6,June,3,False,False
2024-06-11,18:15:00,Bourbon BBQ Burger,Entree,4.0,22,88.0,Cash,Delivery,105,Nina,18,Tuesday,6,June,1,False,True
2024-01-30,11:00:00,Chocolate Lava Cake,Dessert,3.0,9,27.0,Mobile Payment,Dine-In,104,Carlos,11,Tuesday,1,January,1,False,False
2024-07-09,17:30:00,Truffle Fries,Side,8.0,8,64.0,Cash,Dine-In,103,Emily,17,Tuesday,7,July,1,False,True
2024-05-14,16:15:00,Cabernet Sauvignon,Beverage,3.0,16,48.0,Mobile Payment,Delivery,104,Carlos,16,Tuesday,5,May,1,False,False
2024-07-06,14:30:00,New York Strip,Entree,3.0,38,114.0,Mobile Payment,Dine-In,104,Carlos,14,Saturday,7,July,5,True,True
2024-08-08,11:00:00,Ribeye Steak,Entree,3.0,35,105.0,Credit Card,Dine-In,105,Nina,11,Thursday,8,August,3,False,True
2024-02-10,12:00:00,Truffle Fries,Side,4.0,8,32.0,Credit Card,Delivery,103,Emily,12,Saturday,2,February,5,True,False
2024-08-03,12:00:00,Chocolate Lava Cake,Dessert,8.0,9,72.0,Mobile Payment,Delivery,105,Nina,12,Saturday,8,August,5,True,True
2024-07-23,16:00:00,Filet Mignon,Entree,5.0,42,210.0,Cash,Delivery,103,Emily,16,Tuesday,7,July,1,False,True
2024-09-14,14:45:00,Shrimp Cocktail,Appetizer,6.0,14,84.0,Credit Card,Dine-In,103,Emily,14,Saturday,9,September,5,True,True
2024-06-05,18:45:00,Grilled Asparagus,Side,2.0,8,16.0,Mobile Payment,Delivery,104,Carlos,18,Wednesday,6,June,2,False,False
2024-09-18,18:00:00,Shrimp Cocktail,Appetizer,7.0,14,98.0,Mobile Payment,Delivery,104,Carlos,18,Wednesday,9,September,2,False,True
2024-07-23,21:45:00,Cabernet Sauvignon,Beverage,4.0,16,64.0,Mobile Payment,Delivery,101,Sarah,21,Tuesday,7,July,1,False,True
2024-07-09,22:15:00,Mashed Potatoes,Side,7.0,7,49.0,Credit Card,Delivery,105,Nina,22,Tuesday,7,July,1,False,False
2024-07-10,11:00:00,Shrimp Cocktail,Appetizer,2.0,14,28.0,Mobile Payment,Dine-In,102,Jake,11,Wednesday,7,July,2,False,False
2024-01-02,22:15:00,Chocolate Lava Cake,Dessert,4.0,9,36.0,Credit Card,Takeaway,103,Emily,22,Tuesday,1,January,1,False,False
2024-01-09,16:30:00,Old Fashioned,Beverage,2.0,12,24.0,Mobile Payment,Delivery,104,Carlos,16,Tuesday,1,January,1,False,False
2024-03-30,13:00:00,Shrimp Cocktail,Appetizer,2.0,14,28.0,Credit Card,Dine-In,102,Jake,13,Saturday,3,March,5,True,False
2024-02-15,19:45:00,Grilled Asparagus,Side,2.0,8,16.0,Credit Card,Takeaway,103,Emily,19,Thursday,2,February,3,False,False
2024-08-18,14:15:00,Cabernet Sauvignon,Beverage,6.0,16,96.0,Cash,Takeaway,104,Carlos,14,Sunday,8,August,6,True,True
2024-09-13,16:15:00,Shrimp Cocktail,Appetizer,6.0,14,84.0,Credit Card,Takeaway,102,Jake,16,Friday,9,September,4,False,True
2024-01-02,14:30:00,Chocolate Lava Cake,Dessert,3.0,9,27.0,Credit Card,Dine-In,101,Sarah,14,Tuesday,1,January,1,False,False
2024-12-10,13:15:00,Cabernet Sauvignon,Beverage,5.0,16,80.0,Mobile Payment,Dine-In,103,Emily,13,Tuesday,12,December,1,False,True
2024-02-12,19:45:00,Grilled Asparagus,Side,7.0,8,56.0,Credit Card,Takeaway,103,Emily,19,Monday,2,February,0,False,False
2024-02-18,14:00:00,Caesar Salad,Appetizer,3.0,10,30.0,Cash,Delivery,102,Jake,14,Sunday,2,February,6,True,False
2024-01-05,13:30:00,Cabernet Sauvignon,Beverage,5.0,16,80.0,Cash,Takeaway,104,Carlos,13,Friday,1,January,4,False,True
2024-06-11,19:00:00,Mashed Potatoes,Side,3.0,7,21.0,Mobile Payment,Delivery,105,Nina,19,Tuesday,6,June,1,False,False
2024-07-05,21:15:00,Truffle Fries,Side,2.0,8,16.0,Credit Card,Delivery,105,Nina,21,Friday,7,July,4,False,False
2024-06-16,16:00:00,Chocolate Lava Cake,Dessert,5.0,9,45.0,Credit Card,Delivery,101,Sarah,16,Sunday,6,June,6,True,False
2024-03-28,19:45:00,Mashed Potatoes,Side,5.0,7,35.0,Mobile Payment,Dine-In,104,Carlos,19,Thursday,3,March,3,False,False
2024-08-23,16:15:00,Caesar Salad,Appetizer,7.0,10,70.0,Cash,Dine-In,105,Nina,16,Friday,8,August,4,False,True
2024-04-22,15:00:00,Cabernet Sauvignon,Beverage,1.0,16,16.0,Mobile Payment,Dine-In,102,Jake,15,Monday,4,April,0,False,False
2024-09-29,12:30:00,Grilled Asparagus,Side,2.0,8,16.0,Credit Card,Dine-In,105,Nina,12,Sunday,9,September,6,True,False
2024-03-29,15:15:00,Filet Mignon,Entree,7.0,42,294.0,Credit Card,Delivery,104,Carlos,15,Friday,3,March,4,False,True
2024-05-03,11:00:00,New York Strip,Entree,2.0,38,76.0,Mobile Payment,Takeaway,102,Jake,11,Friday,5,May,4,False,True
2024-08-29,14:30:00,Filet Mignon,Entree,1.0,42,42.0,Credit Card,Delivery,104,Carlos,14,Thursday,8,August,3,False,False
2024-02-15,14:15:00,Filet Mignon,Entree,2.0,42,84.0,Mobile Payment,Takeaway,103,Emily,14,Thursday,2,February,3,False,True
2024-04-10,11:00:00,Mashed Potatoes,Side,2.0,7,14.0,Cash,Dine-In,101,Sarah,11,Wednesday,4,April,2,False,False
2024-06-06,15:00:00,Old Fashioned,Beverage,5.0,12,60.0,Mobile Payment,Dine-In,101,Sarah,15,Thursday,6,June,3,False,False
2024-01-25,20:45:00,Mashed Potatoes,Side,11.0,7,77.0,Mobile Payment,Takeaway,103,Emily,20,Thursday,1,January,3,False,True
2024-06-12,18:45:00,Truffle Fries,Side,7.0,8,56.0,Cash,Delivery,103,Emily,18,Wednesday,6,June,2,False,False
2024-06-15,15:00:00,Cabernet Sauvignon,Beverage,4.0,16,64.0,Mobile Payment,Delivery,101,Sarah,15,Saturday,6,June,5,True,True
2024-03-13,17:30:00,Mashed Potatoes,Side,3.0,7,21.0,Cash,Takeaway,103,Emily,17,Wednesday,3,March,2,False,False
2024-12-16,12:00:00,Ribeye Steak,Entree,4.0,35,140.0,Cash,Delivery,104,Carlos,12,Monday,12,December,0,False,True
2024-11-24,17:00:00,Ribeye Steak,Entree,2.0,35,70.0,Mobile Payment,Delivery,105,Nina,17,Sunday,11,November,6,True,True
2024-11-21,13:15:00,Bourbon BBQ Burger,Entree,3.0,22,66.0,Cash,Delivery,101,Sarah,13,Thursday,11,November,3,False,True
2024-07-26,19:15:00,Grilled Asparagus,Side,10.0,8,80.0,Cash,Dine-In,101,Sarah,19,Friday,7,July,4,False,True
2024-11-20,18:30:00,Bourbon BBQ Burger,Entree,8.0,22,176.0,Cash,Delivery,104,Carlos,18,Wednesday,11,November,2,False,True
2024-11-12,20:45:00,New York Strip,Entree,2.0,38,76.0,Mobile Payment,Dine-In,103,Emily,20,Tuesday,11,November,1,False,True
2024-09-11,20:00:00,Truffle Fries,Side,2.0,8,16.0,Cash,Takeaway,105,Nina,20,Wednesday,9,September,2,False,False
2024-04-27,13:30:00,Old Fashioned,Beverage,3.0,12,36.0,Cash,Delivery,104,Carlos,13,Saturday,4,April,5,True,False
2024-01-26,22:15:00,New York Strip,Entree,3.0,38,114.0,Cash,Dine-In,104,Carlos,22,Friday,1,January,4,False,True
2024-05-16,19:30:00,Chocolate Lava Cake,Dessert,8.0,9,72.0,Mobile Payment,Dine-In,103,Emily,19,Thursday,5,May,3,False,True
2024-04-07,19:45:00,Filet Mignon,Entree,5.0,42,210.0,Mobile Payment,Takeaway,101,Sarah,19,Sunday,4,April,6,True,True
2024-05-31,16:15:00,Truffle Fries,Side,1.0,8,8.0,Credit Card,Delivery,105,Nina,16,Friday,5,May,4,False,False
2024-11-24,11:15:00,Bourbon BBQ Burger,Entree,5.0,22,110.0,Credit Card,Dine-In,104,Carlos,11,Sunday,11,November,6,True,True
2024-01-23,15:00:00,New York Strip,Entree,2.0,38,76.0,Credit Card,Dine-In,104,Carlos,15,Tuesday,1,January,1,False,True
2024-07-02,15:45:00,Shrimp Cocktail,Appetizer,3.0,14,42.0,Credit Card,Delivery,105,Nina,15,Tuesday,7,July,1,False,False
2024-06-23,11:00:00,Shrimp Cocktail,Appetizer,1.0,14,14.0,Mobile Payment,Delivery,105,Nina,11,Sunday,6,June,6,True,False
2024-09-15,16:45:00,Grilled Asparagus,Side,3.0,8,24.0,Cash,Dine-In,101,Sarah,16,Sunday,9,September,6,True,False
2024-07-18,16:30:00,Grilled Asparagus,Side,2.0,8,16.0,Cash,Delivery,105,Nina,16,Thursday,7,July,3,False,False
2024-09-08,19:45:00,Truffle Fries,Side,8.0,8,64.0,Credit Card,Takeaway,105,Nina,19,Sunday,9,September,6,True,True
2024-11-15,14:00:00,Caesar Salad,Appetizer,5.0,10,50.0,Mobile Payment,Dine-In,104,Carlos,14,Friday,11,November,4,False,False
2024-11-27,13:15:00,Chocolate Lava Cake,Dessert,1.0,9,9.0,Cash,Dine-In,102,Jake,13,Wednesday,11,November,2,False,False
2024-10-11,17:00:00,Shrimp Cocktail,Appetizer,9.0,14,126.0,Mobile Payment,Takeaway,104,Carlos,17,Friday,10,October,4,False,True
2024-02-10,20:00:00,Caesar Salad,Appetizer,12.0,10,120.0,Cash,Dine-In,103,Emily,20,Saturday,2,February,5,True,True
2024-03-03,22:30:00,Cabernet Sauvignon,Beverage,11.0,16,176.0,Credit Card,Delivery,102,Jake,22,Sunday,3,March,6,True,True
2024-10-13,13:30:00,Shrimp Cocktail,Appetizer,1.0,14,14.0,Mobile Payment,Delivery,101,Sarah,13,Sunday,10,October,6,True,False
2024-05-12,18:00:00,Mashed Potatoes,Side,6.0,7,42.0,Credit Card,Takeaway,102,Jake,18,Sunday,5,May,6,True,False
2024-10-14,14:30:00,Filet Mignon,Entree,5.0,42,210.0,Credit Card,Dine-In,101,Sarah,14,Monday,10,October,0,False,True
2024-10-15,16:15:00,New York Strip,Entree,4.0,38,152.0,Credit Card,Dine-In,105,Nina,16,Tuesday,10,October,1,False,True
2024-05-10,19:45:00,Bourbon BBQ Burger,Entree,10.0,22,220.0,Mobile Payment,Takeaway,103,Emily,19,Friday,5,May,4,False,True
2024-07-13,22:15:00,Chocolate Lava Cake,Dessert,4.0,9,36.0,Credit Card,Delivery,105,Nina,22,Saturday,7,July,5,True,False
2024-12-05,13:15:00,Cabernet Sauvignon,Beverage,2.0,16,32.0,Mobile Payment,Delivery,101,Sarah,13,Thursday,12,December,3,False,False
2024-02-26,19:15:00,New York Strip,Entree,5.0,38,190.0,Credit Card,Dine-In,101,Sarah,19,Monday,2,February,0,False,True
2024-08-11,19:30:00,Grilled Asparagus,Side,9.0,8,72.0,Mobile Payment,Takeaway,104,Carlos,19,Sunday,8,August,6,True,True
2024-09-05,17:45:00,Cabernet Sauvignon,Beverage,2.0,16,32.0,Mobile Payment,Takeaway,103,Emily,17,Thursday,9,September,3,False,False
2024-06-14,19:15:00,Old Fashioned,Beverage,7.0,12,84.0,Mobile Payment,Takeaway,105,Nina,19,Friday,6,June,4,False,True
2024-06-15,20:45:00,Mashed Potatoes,Side,4.0,7,28.0,Cash,Dine-In,103,Emily,20,Saturday,6,June,5,True,False
2024-11-21,14:00:00,Old Fashioned,Beverage,3.0,12,36.0,Credit Card,Delivery,103,Emily,14,Thursday,11,November,3,False,False
2024-11-03,21:15:00,Cabernet Sauvignon,Beverage,8.0,16,128.0,Credit Card,Takeaway,105,Nina,21,Sunday,11,November,6,True,True
2024-12-28,18:30:00,Filet Mignon,Entree,2.0,42,84.0,Mobile Payment,Delivery,103,Emily,18,Saturday,12,December,5,True,True
2024-09-26,17:15:00,Grilled Asparagus,Side,9.0,8,72.0,Credit Card,Dine-In,101,Sarah,17,Thursday,9,September,3,False,True
2024-11-11,20:45:00,Grilled Asparagus,Side,7.0,8,56.0,Credit Card,Dine-In,103,Emily,20,Monday,11,November,0,False,False
2024-11-09,17:30:00,Mashed Potatoes,Side,2.0,7,14.0,Credit Card,Delivery,104,Carlos,17,Saturday,11,November,5,True,False
2024-06-08,12:45:00,Old Fashioned,Beverage,8.0,12,96.0,Mobile Payment,Takeaway,102,Jake,12,Saturday,6,June,5,True,True
2024-01-05,11:15:00,Mashed Potatoes,Side,7.0,7,49.0,Cash,Dine-In,101,Sarah,11,Friday,1,January,4,False,False
2024-07-21,14:00:00,Filet Mignon,Entree,3.0,42,126.0,Mobile Payment,Takeaway,102,Jake,14,Sunday,7,July,6,True,True
2024-03-29,15:15:00,New York Strip,Entree,6.0,38,228.0,Credit Card,Delivery,102,Jake,15,Friday,3,March,4,False,True
2024-06-05,21:15:00,Old Fashioned,Beverage,7.0,12,84.0,Credit Card,Delivery,101,Sarah,21,Wednesday,6,June,2,False,True
2024-10-17,21:30:00,Grilled Asparagus,Side,2.0,8,16.0,Cash,Delivery,105,Nina,21,Thursday,10,October,3,False,False
2024-01-18,15:00:00,Caesar Salad,Appetizer,2.0,10,20.0,Credit Card,Delivery,101,Sarah,15,Thursday,1,January,3,False,False
2024-02-06,16:15:00,Old Fashioned,Beverage,2.0,12,24.0,Credit Card,Delivery,104,Carlos,16,Tuesday,2,February,1,False,False
2024-07-23,22:45:00,Filet Mignon,Entree,7.0,42,294.0,Credit Card,Takeaway,103,Emily,22,Tuesday,7,July,1,False,True
2024-08-01,11:30:00,Caesar Salad,Appetizer,5.0,10,50.0,Cash,Takeaway,101,Sarah,11,Thursday,8,August,3,False,False
2024-11-10,17:45:00,Shrimp Cocktail,Appetizer,9.0,14,126.0,Mobile Payment,Delivery,102,Jake,17,Sunday,11,November,6,True,True
2024-09-10,13:00:00,Bourbon BBQ Burger,Entree,3.0,22,66.0,Mobile Payment,Dine-In,104,Carlos,13,Tuesday,9,September,1,False,True
2024-12-22,15:00:00,Filet Mignon,Entree,5.0,42,210.0,Mobile Payment,Dine-In,105,Nina,15,Sunday,12,December,6,True,True
2024-06-27,17:45:00,Truffle Fries,Side,5.0,8,40.0,Mobile Payment,Takeaway,101,Sarah,17,Thursday,6,June,3,False,False
2024-03-28,12:30:00,Mashed Potatoes,Side,2.0,7,14.0,Mobile Payment,Dine-In,101,Sarah,12,Thursday,3,March,3,False,False
2024-12-10,18:45:00,Mashed Potatoes,Side,7.0,7,49.0,Mobile Payment,Dine-In,101,Sarah,18,Tuesday,12,December,1,False,False
2024-03-22,17:15:00,Grilled Asparagus,Side,5.0,8,40.0,Cash,Delivery,103,Emily,17,Friday,3,March,4,False,False
2024-07-22,18:30:00,Shrimp Cocktail,Appetizer,9.0,14,126.0,Cash,Takeaway,105,Nina,18,Monday,7,July,0,False,True
2024-11-08,11:45:00,Mashed Potatoes,Side,1.0,7,7.0,Mobile Payment,Delivery,105,Nina,11,Friday,11,November,4,False,False
2024-02-21,20:00:00,Old Fashioned,Beverage,7.0,12,84.0,Credit Card,Takeaway,101,Sarah,20,Wednesday,2,February,2,False,True
2024-03-19,20:30:00,Shrimp Cocktail,Appetizer,2.0,14,28.0,Credit Card,Delivery,102,Jake,20,Tuesday,3,March,1,False,False
2024-06-22,14:00:00,Grilled Asparagus,Side,6.0,8,48.0,Mobile Payment,Delivery,102,Jake,14,Saturday,6,June,5,True,False
2024-09-23,21:15:00,Cabernet Sauvignon,Beverage,6.0,16,96.0,Mobile Payment,Delivery,104,Carlos,21,Monday,9,September,0,False,True
2024-05-19,18:45:00,Grilled Asparagus,Side,7.0,8,56.0,Credit Card,Takeaway,105,Nina,18,Sunday,5,May,6,True,False
2024-01-19,18:00:00,Mashed Potatoes,Side,6.0,7,42.0,Credit Card,Delivery,105,Nina,18,Friday,1,January,4,False,False
2024-05-14,21:15:00,Bourbon BBQ Burger,Entree,7.0,22,154.0,Cash,Takeaway,105,Nina,21,Tuesday,5,May,1,False,True
2024-08-29,21:45:00,Filet Mignon,Entree,5.0,42,210.0,Credit Card,Delivery,102,Jake,21,Thursday,8,August,3,False,True
2024-03-13,22:00:00,Chocolate Lava Cake,Dessert,6.0,9,54.0,Mobile Payment,Dine-In,104,Carlos,22,Wednesday,3,March,2,False,False
2024-07-26,22:15:00,Shrimp Cocktail,Appetizer,2.0,14,28.0,Credit Card,Dine-In,103,Emily,22,Friday,7,July,4,False,False
2024-10-30,18:45:00,Filet Mignon,Entree,2.0,42,84.0,Mobile Payment,Dine-In,101,Sarah,18,Wednesday,10,October,2,False,True
2024-03-04,16:30:00,Old Fashioned,Beverage,4.0,12,48.0,Cash,Takeaway,105,Nina,16,Monday,3,March,0,False,False
2024-05-14,14:00:00,Bourbon BBQ Burger,Entree,3.0,22,66.0,Mobile Payment,Delivery,104,Carlos,14,Tuesday,5,May,1,False,True
2024-03-09,13:30:00,Mashed Potatoes,Side,8.0,7,56.0,Mobile Payment,Takeaway,104,Carlos,13,Saturday,3,March,5,True,False
2024-05-10,12:15:00,Mashed Potatoes,Side,4.0,7,28.0,Mobile Payment,Delivery,104,Carlos,12,Friday,5,May,4,False,False
2024-06-07,12:45:00,Cabernet Sauvignon,Beverage,4.0,16,64.0,Mobile Payment,Takeaway,104,Carlos,12,Friday,6,June,4,False,True
2024-04-19,20:30:00,New York Strip,Entree,3.0,38,114.0,Cash,Delivery,103,Emily,20,Friday,4,April,4,False,True
2024-07-09,16:00:00,Bourbon BBQ Burger,Entree,6.0,22,132.0,Credit Card,Takeaway,105,Nina,16,Tuesday,7,July,1,False,True
2024-06-03,18:30:00,Cabernet Sauvignon,Beverage,2.0,16,32.0,Mobile Payment,Takeaway,104,Carlos,18,Monday,6,June,0,False,False
2024-01-23,13:30:00,Bourbon BBQ Burger,Entree,1.0,22,22.0,Cash,Takeaway,102,Jake,13,Tuesday,1,January,1,False,False
2024-05-02,14:30:00,Old Fashioned,Beverage,1.0,12,12.0,Credit Card,Dine-In,104,Carlos,14,Thursday,5,May,3,False,False
2024-02-22,15:45:00,Chocolate Lava Cake,Dessert,4.0,9,36.0,Mobile Payment,Delivery,101,Sarah,15,Thursday,2,February,3,False,False
2024-05-10,22:45:00,Bourbon BBQ Burger,Entree,12.0,22,264.0,Credit Card,Delivery,102,Jake,22,Friday,5,May,4,False,True
2024-05-28,12:30:00,Truffle Fries,Side,3.0,8,24.0,Mobile Payment,Takeaway,101,Sarah,12,Tuesday,5,May,1,False,False
2024-09-22,22:15:00,Old Fashioned,Beverage,6.0,12,72.0,Credit Card,Delivery,104,Carlos,22,Sunday,9,September,6,True,True
2024-01-19,12:45:00,Ribeye Steak,Entree,3.0,35,105.0,Mobile Payment,Takeaway,101,Sarah,12,Friday,1,January,4,False,True
2024-01-10,12:45:00,Mashed Potatoes,Side,5.0,7,35.0,Mobile Payment,Dine-In,101,Sarah,12,Wednesday,1,January,2,False,False
2024-02-23,18:00:00,Grilled Asparagus,Side,8.0,8,64.0,Mobile Payment,Delivery,103,Emily,18,Friday,2,February,4,False,True
2024-10-21,11:45:00,Cabernet Sauvignon,Beverage,4.0,16,64.0,Mobile Payment,Delivery,102,Jake,11,Monday,10,October,0,False,True
2024-09-27,16:30:00,Bourbon BBQ Burger,Entree,2.0,22,44.0,Credit Card,Delivery,102,Jake,16,Friday,9,September,4,False,False
2024-02-26,22:30:00,Chocolate Lava Cake,Dessert,4.0,9,36.0,Mobile Payment,Delivery,105,Nina,22,Monday,2,February,0,False,False
2024-08-05,18:45:00,Bourbon BBQ Burger,Entree,5.0,22,110.0,Credit Card,Dine-In,104,Carlos,18,Monday,8,August,0,False,True
2024-09-06,14:30:00,Bourbon BBQ Burger,Entree,4.0,22,88.0,Mobile Payment,Delivery,105,Nina,14,Friday,9,September,4,False,True
2024-07-27,11:45:00,Ribeye Steak,Entree,6.0,35,210.0,Cash,Dine-In,105,Nina,11,Saturday,7,July,5,True,True
2024-10-02,14:30:00,Filet Mignon,Entree,2.0,42,84.0,Cash,Takeaway,101,Sarah,14,Wednesday,10,October,2,False,True
2024-04-09,20:00:00,Filet Mignon,Entree,5.0,42,210.0,Cash,Dine-In,105,Nina,20,Tuesday,4,April,1,False,True
2024-08-27,15:15:00,Old Fashioned,Beverage,3.0,12,36.0,Mobile Payment,Dine-In,104,Carlos,15,Tuesday,8,August,1,False,False
2024-07-26,21:15:00,Mashed Potatoes,Side,8.0,7,56.0,Mobile Payment,Delivery,105,Nina,21,Friday,7,July,4,False,False
2024-07-30,18:00:00,Truffle Fries,Side,5.0,8,40.0,Mobile Payment,Dine-In,102,Jake,18,Tuesday,7,July,1,False,False
2024-12-26,21:00:00,Bourbon BBQ Burger,Entree,2.0,22,44.0,Credit Card,Delivery,102,Jake,21,Thursday,12,December,3,False,False
2024-07-05,21:45:00,Mashed Potatoes,Side,10.0,7,70.0,Cash,Takeaway,101,Sarah,21,Friday,7,July,4,False,True
2024-09-19,13:30:00,New York Strip,Entree,4.0,38,152.0,Cash,Delivery,104,Carlos,13,Thursday,9,September,3,False,True
2024-10-29,15:00:00,New York Strip,Entree,5.0,38,190.0,Mobile Payment,Takeaway,104,Carlos,15,Tuesday,10,October,1,False,True
2024-10-25,12:00:00,New York Strip,Entree,3.0,38,114.0,Cash,Dine-In,101,Sarah,12,Friday,10,October,4,False,True
2024-05-15,21:15:00,Mashed Potatoes,Side,4.0,7,28.0,Credit Card,Dine-In,101,Sarah,21,Wednesday,5,May,2,False,False
2024-10-26,18:15:00,Mashed Potatoes,Side,10.0,7,70.0,Credit Card,Takeaway,103,Emily,18,Saturday,10,October,5,True,True
2024-08-19,15:30:00,Grilled Asparagus,Side,3.0,8,24.0,Mobile Payment,Dine-In,102,Jake,15,Monday,8,August,0,False,False
2024-07-10,21:30:00,Shrimp Cocktail,Appetizer,5.0,14,70.0,Cash,Dine-In,105,Nina,21,Wednesday,7,July,2,False,True
2024-02-19,22:30:00,Filet Mignon,Entree,5.0,42,210.0,Credit Card,Takeaway,102,Jake,22,Monday,2,February,0,False,True
2024-09-18,11:30:00,New York Strip,Entree,1.0,38,38.0,Cash,Delivery,105,Nina,11,Wednesday,9,September,2,False,False
2024-02-21,22:15:00,Old Fashioned,Beverage,9.0,12,108.0,Mobile Payment,Takeaway,101,Sarah,22,Wednesday,2,February,2,False,True
2024-10-01,15:45:00,Filet Mignon,Entree,4.0,42,168.0,Credit Card,Delivery,102,Jake,15,Tuesday,10,October,1,False,True
2024-03-25,11:00:00,Shrimp Cocktail,Appetizer,4.0,14,56.0,Cash,Dine-In,102,Jake,11,Monday,3,March,0,False,False
2024-06-14,15:00:00,Filet Mignon,Entree,1.0,42,42.0,Cash,Takeaway,102,Jake,15,Friday,6,June,4,False,False
2024-10-04,14:45:00,Ribeye Steak,Entree,3.0,35,105.0,Cash,Delivery,104,Carlos,14,Friday,10,October,4,False,True
2024-07-21,15:45:00,Old Fashioned,Beverage,1.0,12,12.0,Mobile Payment,Delivery,101,Sarah,15,Sunday,7,July,6,True,False
2024-08-03,21:45:00,Grilled Asparagus,Side,2.0,8,16.0,Mobile Payment,Dine-In,104,Carlos,21,Saturday,8,August,5,True,False
2024-07-12,13:30:00,Ribeye Steak,Entree,6.0,35,210.0,Credit Card,Delivery,104,Carlos,13,Friday,7,July,4,False,True
2024-12-18,12:45:00,New York Strip,Entree,1.0,38,38.0,Credit Card,Dine-In,101,Sarah,12,Wednesday,12,December,2,False,False
2024-05-24,19:45:00,Cabernet Sauvignon,Beverage,2.0,16,32.0,Mobile Payment,Takeaway,101,Sarah,19,Friday,5,May,4,False,False
2024-09-13,17:15:00,Ribeye Steak,Entree,4.0,35,140.0,Mobile Payment,Dine-In,104,Carlos,17,Friday,9,September,4,False,True
2024-06-01,21:30:00,Grilled Asparagus,Side,6.0,8,48.0,Mobile Payment,Takeaway,104,Carlos,21,Saturday,6,June,5,True,False
2024-06-01,12:00:00,Grilled Asparagus,Side,2.0,8,16.0,Credit Card,Delivery,102,Jake,12,Saturday,6,June,5,True,False
2024-11-07,21:00:00,Grilled Asparagus,Side,6.0,8,48.0,Mobile Payment,Dine-In,105,Nina,21,Thursday,11,November,3,False,False
2024-12-29,18:00:00,Caesar Salad,Appetizer,7.0,10,70.0,Cash,Takeaway,101,Sarah,18,Sunday,12,December,6,True,True
2024-12-27,20:45:00,Bourbon BBQ Burger,Entree,2.0,22,44.0,Cash,Delivery,101,Sarah,20,Friday,12,December,4,False,False
2024-07-10,19:00:00,Caesar Salad,Appetizer,7.0,10,70.0,Mobile Payment,Dine-In,105,Nina,19,Wednesday,7,July,2,False,True
2024-07-19,18:00:00,Old Fashioned,Beverage,6.0,12,72.0,Cash,Dine-In,103,Emily,18,Friday,7,July,4,False,True
2024-05-06,12:15:00,Bourbon BBQ Burger,Entree,4.0,22,88.0,Mobile Payment,Dine-In,103,Emily,12,Monday,5,May,0,False,True
2024-03-28,17:00:00,New York Strip,Entree,3.0,38,114.0,Cash,Takeaway,105,Nina,17,Thursday,3,March,3,False,True
2024-01-13,19:45:00,Mashed Potatoes,Side,7.0,7,49.0,Mobile Payment,Dine-In,102,Jake,19,Saturday,1,January,5,True,False
2024-11-04,14:15:00,Mashed Potatoes,Side,5.0,7,35.0,Cash,Delivery,103,Emily,14,Monday,11,November,0,False,False
2024-04-08,21:00:00,Ribeye Steak,Entree,8.0,35,280.0,Credit Card,Takeaway,102,Jake,21,Monday,4,April,0,False,True
2024-06-16,12:45:00,Shrimp Cocktail,Appetizer,3.0,14,42.0,Credit Card,Takeaway,105,Nina,12,Sunday,6,June,6,True,False
2024-04-21,22:30:00,Filet Mignon,Entree,2.0,42,84.0,Cash,Delivery,101,Sarah,22,Sunday,4,April,6,True,True
2024-06-04,11:00:00,New York Strip,Entree,5.0,38,190.0,Cash,Dine-In,101,Sarah,11,Tuesday,6,June,1,False,True
2024-10-19,16:30:00,Cabernet Sauvignon,Beverage,10.0,16,160.0,Mobile Payment,Takeaway,105,Nina,16,Saturday,10,October,5,True,True
2024-10-23,11:15:00,Mashed Potatoes,Side,4.0,7,28.0,Credit Card,Dine-In,104,Carlos,11,Wednesday,10,October,2,False,False
2024-09-09,12:45:00,Truffle Fries,Side,1.0,8,8.0,Cash,Dine-In,103,Emily,12,Monday,9,September,0,False,False
2024-07-29,19:45:00,Ribeye Steak,Entree,9.0,35,315.0,Credit Card,Dine-In,102,Jake,19,Monday,7,July,0,False,True
2024-05-09,22:45:00,Ribeye Steak,Entree,7.0,35,245.0,Cash,Takeaway,103,Emily,22,Thursday,5,May,3,False,True
2024-10-03,14:30:00,Caesar Salad,Appetizer,2.0,10,20.0,Credit Card,Takeaway,105,Nina,14,Thursday,10,October,3,False,False
2024-05-12,12:45:00,Grilled Asparagus,Side,4.5,8,36.0,Credit Card,Delivery,104,Carlos,12,Sunday,5,May,6,True,False
2024-02-01,11:45:00,Shrimp Cocktail,Appetizer,2.0,14,28.0,Credit Card,Takeaway,105,Nina,11,Thursday,2,February,3,False,False
2024-08-20,21:15:00,Filet Mignon,Entree,7.0,42,294.0,Cash,Dine-In,102,Jake,21,Tuesday,8,August,1,False,True
2024-04-25,13:30:00,Chocolate Lava Cake,Dessert,5.0,9,45.0,Mobile Payment,Delivery,104,Carlos,13,Thursday,4,April,3,False,False
2024-06-19,18:30:00,Mashed Potatoes,Side,2.0,7,14.0,Cash,Takeaway,105,Nina,18,Wednesday,6,June,2,False,False
2024-05-23,19:00:00,Chocolate Lava Cake,Dessert,6.0,9,54.0,Mobile Payment,Takeaway,102,Jake,19,Thursday,5,May,3,False,False
2024-02-29,19:00:00,Mashed Potatoes,Side,7.0,7,49.0,Cash,Takeaway,103,Emily,19,Thursday,2,February,3,False,False
2024-03-24,18:00:00,Old Fashioned,Beverage,10.0,12,120.0,Mobile Payment,Takeaway,105,Nina,18,Sunday,3,March,6,True,True
2024-06-02,18:45:00,Filet Mignon,Entree,2.0,42,84.0,Cash,Dine-In,104,Carlos,18,Sunday,6,June,6,True,True
2024-10-21,18:45:00,Shrimp Cocktail,Appetizer,7.0,14,98.0,Credit Card,Takeaway,103,Emily,18,Monday,10,October,0,False,True
2024-08-02,16:45:00,New York Strip,Entree,8.0,38,304.0,Mobile Payment,Takeaway,102,Jake,16,Friday,8,August,4,False,True
2024-03-26,17:15:00,Shrimp Cocktail,Appetizer,11.0,14,154.0,Credit Card,Takeaway,101,Sarah,17,Tuesday,3,March,1,False,True
2024-04-14,20:00:00,Chocolate Lava Cake,Dessert,11.0,9,99.0,Credit Card,Delivery,104,Carlos,20,Sunday,4,April,6,True,True
2024-09-27,16:45:00,Ribeye Steak,Entree,6.0,35,210.0,Credit Card,Delivery,105,Nina,16,Friday,9,September,4,False,True
2024-11-01,13:45:00,Filet Mignon,Entree,3.0,42,126.0,Mobile Payment,Dine-In,104,Carlos,13,Friday,11,November,4,False,True
2024-10-07,18:00:00,Chocolate Lava Cake,Dessert,8.0,9,72.0,Credit Card,Takeaway,104,Carlos,18,Monday,10,October,0,False,True
2024-11-01,16:45:00,Ribeye Steak,Entree,3.0,35,105.0,Mobile Payment,Delivery,104,Carlos,16,Friday,11,November,4,False,True
2024-03-14,17:15:00,Old Fashioned,Beverage,7.0,12,84.0,Mobile Payment,Dine-In,104,Carlos,17,Thursday,3,March,3,False,True
2024-02-05,21:00:00,Ribeye Steak,Entree,9.0,35,315.0,Cash,Takeaway,101,Sarah,21,Monday,2,February,0,False,True
2024-03-07,19:45:00,New York Strip,Entree,5.0,38,190.0,Mobile Payment,Dine-In,104,Carlos,19,Thursday,3,March,3,False,True
2024-10-03,21:15:00,Shrimp Cocktail,Appetizer,5.0,14,70.0,Cash,Dine-In,102,Jake,21,Thursday,10,October,3,False,True
2024-12-16,14:00:00,New York Strip,Entree,2.0,38,76.0,Mobile Payment,Delivery,102,Jake,14,Monday,12,December,0,False,True
2024-05-09,15:45:00,Ribeye Steak,Entree,3.0,35,105.0,Mobile Payment,Dine-In,104,Carlos,15,Thursday,5,May,3,False,True
2024-10-16,15:15:00,Bourbon BBQ Burger,Entree,1.0,22,22.0,Credit Card,Delivery,103,Emily,15,Wednesday,10,October,2,False,False
2024-12-01,13:15:00,Mashed Potatoes,Side,4.0,7,28.0,Mobile Payment,Takeaway,103,Emily,13,Sunday,12,December,6,True,False
2024-03-12,20:30:00,Filet Mignon,Entree,5.0,42,210.0,Mobile Payment,Takeaway,102,Jake,20,Tuesday,3,March,1,False,True
2024-09-03,22:00:00,Ribeye Steak,Entree,7.0,35,245.0,Credit Card,Takeaway,105,Nina,22,Tuesday,9,September,1,False,True
2024-10-11,16:30:00,Cabernet Sauvignon,Beverage,6.0,16,96.0,Credit Card,Dine-In,101,Sarah,16,Friday,10,October,4,False,True
2024-02-29,20:00:00,Shrimp Cocktail,Appetizer,4.0,14,56.0,Credit Card,Takeaway,103,Emily,20,Thursday,2,February,3,False,False
2024-03-14,19:00:00,Mashed Potatoes,Side,4.0,7,28.0,Credit Card,Takeaway,103,Emily,19,Thursday,3,March,3,False,False
2024-03-08,16:30:00,Ribeye Steak,Entree,6.0,35,210.0,Mobile Payment,Takeaway,105,Nina,16,Friday,3,March,4,False,True
2024-09-28,21:45:00,Cabernet Sauvignon,Beverage,8.0,16,128.0,Cash,Delivery,102,Jake,21,Saturday,9,September,5,True,True
2024-01-22,14:15:00,New York Strip,Entree,1.0,38,38.0,Cash,Dine-In,104,Carlos,14,Monday,1,January,0,False,False
2024-01-18,12:30:00,Cabernet Sauvignon,Beverage,4.0,16,64.0,Credit Card,Dine-In,105,Nina,12,Thursday,1,January,3,False,True
2024-10-22,21:15:00,Cabernet Sauvignon,Beverage,9.0,16,144.0,Mobile Payment,Delivery,104,Carlos,21,Tuesday,10,October,1,False,True
2024-03-22,19:45:00,Caesar Salad,Appetizer,2.0,10,20.0,Credit Card,Dine-In,103,Emily,19,Friday,3,March,4,False,False
2024-10-17,16:45:00,New York Strip,Entree,5.0,38,190.0,Cash,Takeaway,105,Nina,16,Thursday,10,October,3,False,True
2024-07-19,15:30:00,Filet Mignon,Entree,5.0,42,210.0,Cash,Dine-In,102,Jake,15,Friday,7,July,4,False,True
2024-04-03,19:00:00,Old Fashioned,Beverage,2.0,12,24.0,Cash,Takeaway,101,Sarah,19,Wednesday,4,April,2,False,False
2024-12-25,11:15:00,Cabernet Sauvignon,Beverage,5.0,16,80.0,Credit Card,Takeaway,101,Sarah,11,Wednesday,12,December,2,False,True
2024-03-17,11:15:00,Bourbon BBQ Burger,Entree,2.0,22,44.0,Mobile Payment,Delivery,101,Sarah,11,Sunday,3,March,6,True,False
2024-02-12,22:45:00,Mashed Potatoes,Side,5.0,7,35.0,Credit Card,Takeaway,101,Sarah,22,Monday,2,February,0,False,False
2024-07-22,15:45:00,Chocolate Lava Cake,Dessert,2.0,9,18.0,Mobile Payment,Delivery,101,Sarah,15,Monday,7,July,0,False,False
2024-01-29,15:45:00,Grilled Asparagus,Side,2.0,8,16.0,Credit Card,Takeaway,101,Sarah,15,Monday,1,January,0,False,False
2024-02-20,16:15:00,Grilled Asparagus,Side,4.0,8,32.0,Credit Card,Takeaway,103,Emily,16,Tuesday,2,February,1,False,False
2024-03-28,11:15:00,Truffle Fries,Side,3.0,8,24.0,Cash,Takeaway,105,Nina,11,Thursday,3,March,3,False,False
2024-06-23,15:15:00,Caesar Salad,Appetizer,1.0,10,10.0,Mobile Payment,Takeaway,105,Nina,15,Sunday,6,June,6,True,False
2024-09-09,13:15:00,Truffle Fries,Side,5.0,8,40.0,Cash,Takeaway,105,Nina,13,Monday,9,September,0,False,False
2024-12-28,21:00:00,Grilled Asparagus,Side,2.0,8,16.0,Cash,Takeaway,103,Emily,21,Saturday,12,December,5,True,False
2024-08-16,20:15:00,Caesar Salad,Appetizer,4.0,10,40.0,Credit Card,Takeaway,101,Sarah,20,Friday,8,August,4,False,False
2024-05-17,22:30:00,Cabernet Sauvignon,Beverage,2.0,16,32.0,Mobile Payment,Delivery,104,Carlos,22,Friday,5,May,4,False,False
2024-01-04,12:30:00,Ribeye Steak,Entree,1.0,35,35.0,Mobile Payment,Takeaway,104,Carlos,12,Thursday,1,January,3,False,False
2024-11-07,18:15:00,Ribeye Steak,Entree,12.0,35,420.0,Cash,Takeaway,101,Sarah,18,Thursday,11,November,3,False,True
2024-10-19,13:00:00,Filet Mignon,Entree,9.0,42,378.0,Cash,Delivery,103,Emily,13,Saturday,10,October,5,True,True
2024-03-05,14:15:00,Truffle Fries,Side,2.0,8,16.0,Mobile Payment,Takeaway,101,Sarah,14,Tuesday,3,March,1,False,False
2024-05-17,20:15:00,Old Fashioned,Beverage,10.0,12,120.0,Credit Card,Delivery,102,Jake,20,Friday,5,May,4,False,True
2024-10-30,12:30:00,Cabernet Sauvignon,Beverage,4.0,16,64.0,Credit Card,Dine-In,101,Sarah,12,Wednesday,10,October,2,False,True
2024-08-07,14:45:00,Filet Mignon,Entree,2.0,42,84.0,Mobile Payment,Dine-In,101,Sarah,14,Wednesday,8,August,2,False,True
2024-08-26,16:45:00,Shrimp Cocktail,Appetizer,1.0,14,14.0,Credit Card,Dine-In,103,Emily,16,Monday,8,August,0,False,False
2024-10-14,18:15:00,Chocolate Lava Cake,Dessert,7.0,9,63.0,Cash,Takeaway,102,Jake,18,Monday,10,October,0,False,True
2024-06-26,20:00:00,Cabernet Sauvignon,Beverage,9.0,16,144.0,Cash,Delivery,101,Sarah,20,Wednesday,6,June,2,False,True
2024-04-01,15:45:00,Truffle Fries,Side,4.0,8,32.0,Cash,Delivery,104,Carlos,15,Monday,4,April,0,False,False
2024-12-28,18:45:00,New York Strip,Entree,6.0,38,228.0,Credit Card,Dine-In,103,Emily,18,Saturday,12,December,5,True,True
2024-04-11,21:30:00,Shrimp Cocktail,Appetizer,10.0,14,140.0,Credit Card,Delivery,104,Carlos,21,Thursday,4,April,3,False,True
2024-03-25,20:45:00,Mashed Potatoes,Side,9.0,7,63.0,Cash,Takeaway,104,Carlos,20,Monday,3,March,0,False,True
2024-12-30,15:15:00,Cabernet Sauvignon,Beverage,1.0,16,16.0,Cash,Delivery,105,Nina,15,Monday,12,December,0,False,False
2024-01-25,14:30:00,Cabernet Sauvignon,Beverage,1.0,16,16.0,Mobile Payment,Takeaway,102,Jake,14,Thursday,1,January,3,False,False
2024-05-30,18:45:00,Ribeye Steak,Entree,2.0,35,70.0,Mobile Payment,Dine-In,105,Nina,18,Thursday,5,May,3,False,True
2024-05-26,11:00:00,Grilled Asparagus,Side,3.0,8,24.0,Credit Card,Dine-In,104,Carlos,11,Sunday,5,May,6,True,False
2024-07-31,13:30:00,New York Strip,Entree,3.0,38,114.0,Credit Card,Delivery,102,Jake,13,Wednesday,7,July,2,False,True
2024-03-05,16:30:00,Chocolate Lava Cake,Dessert,2.0,9,18.0,Cash,Dine-In,104,Carlos,16,Tuesday,3,March,1,False,False
2024-11-02,14:00:00,Chocolate Lava Cake,Dessert,2.0,9,18.0,Mobile Payment,Takeaway,101,Sarah,14,Saturday,11,November,5,True,False
2024-02-21,21:30:00,New York Strip,Entree,9.0,38,342.0,Cash,Dine-In,101,Sarah,21,Wednesday,2,February,2,False,True
2024-08-23,13:15:00,Grilled Asparagus,Side,4.0,8,32.0,Cash,Takeaway,104,Carlos,13,Friday,8,August,4,False,False
2024-06-17,17:00:00,Ribeye Steak,Entree,2.0,35,70.0,Mobile Payment,Takeaway,102,Jake,17,Monday,6,June,0,False,True
2024-11-08,14:15:00,Mashed Potatoes,Side,9.0,7,63.0,Mobile Payment,Delivery,103,Emily,14,Friday,11,November,4,False,True
2024-08-17,15:15:00,New York Strip,Entree,9.0,38,342.0,Mobile Payment,Delivery,102,Jake,15,Saturday,8,August,5,True,True
2024-11-27,16:45:00,Bourbon BBQ Burger,Entree,3.0,22,66.0,Mobile Payment,Takeaway,104,Carlos,16,Wednesday,11,November,2,False,True
2024-02-12,16:15:00,Chocolate Lava Cake,Dessert,1.0,9,9.0,Cash,Dine-In,104,Carlos,16,Monday,2,February,0,False,False
2024-03-24,22:30:00,Old Fashioned,Beverage,4.0,12,48.0,Credit Card,Takeaway,101,Sarah,22,Sunday,3,March,6,True,False
2024-01-22,22:15:00,New York Strip,Entree,9.0,38,342.0,Mobile Payment,Dine-In,105,Nina,22,Monday,1,January,0,False,True
2024-01-20,22:00:00,Grilled Asparagus,Side,6.0,8,48.0,Credit Card,Takeaway,101,Sarah,22,Saturday,1,January,5,True,False
2024-11-26,15:30:00,New York Strip,Entree,4.0,38,152.0,Mobile Payment,Takeaway,102,Jake,15,Tuesday,11,November,1,False,True
2024-12-27,16:30:00,Shrimp Cocktail,Appetizer,1.0,14,14.0,Mobile Payment,Takeaway,102,Jake,16,Friday,12,December,4,False,False
2024-11-24,14:00:00,Grilled Asparagus,Side,4.0,8,32.0,Credit Card,Delivery,102,Jake,14,Sunday,11,November,6,True,False
2024-12-27,22:00:00,Truffle Fries,Side,7.0,8,56.0,Credit Card,Takeaway,103,Emily,22,Friday,12,December,4,False,False
2024-10-19,14:15:00,Shrimp Cocktail,Appetizer,4.0,14,56.0,Mobile Payment,Delivery,104,Carlos,14,Saturday,10,October,5,True,False
2024-10-27,11:30:00,Mashed Potatoes,Side,2.0,7,14.0,Mobile Payment,Delivery,105,Nina,11,Sunday,10,October,6,True,False
2024-04-03,22:30:00,New York Strip,Entree,8.0,38,304.0,Credit Card,Delivery,102,Jake,22,Wednesday,4,April,2,False,True
2024-06-20,18:15:00,Caesar Salad,Appetizer,9.0,10,90.0,Cash,Dine-In,102,Jake,18,Thursday,6,June,3,False,True
2024-01-11,18:15:00,Shrimp Cocktail,Appetizer,6.0,14,84.0,Cash,Delivery,102,Jake,18,Thursday,1,January,3,False,True
2024-01-26,13:15:00,Grilled Asparagus,Side,4.0,8,32.0,Cash,Dine-In,102,Jake,13,Friday,1,January,4,False,False
2024-05-30,18:30:00,Ribeye Steak,Entree,11.0,35,385.0,Mobile Payment,Takeaway,102,Jake,18,Thursday,5,May,3,False,True
2024-12-31,18:15:00,Ribeye Steak,Entree,5.2,35,182.0,Cash,Takeaway,101,Sarah,18,Tuesday,12,December,1,False,True
2024-06-14,12:45:00,Ribeye Steak,Entree,3.0,35,105.0,Cash,Dine-In,103,Emily,12,Friday,6,June,4,False,True
2024-02-19,11:45:00,Truffle Fries,Side,1.0,8,8.0,Credit Card,Takeaway,103,Emily,11,Monday,2,February,0,False,False
2024-09-30,18:00:00,Chocolate Lava Cake,Dessert,5.0,9,45.0,Mobile Payment,Delivery,101,Sarah,18,Monday,9,September,0,False,False
2024-05-19,13:15:00,Bourbon BBQ Burger,Entree,3.0,22,66.0,Credit Card,Takeaway,103,Emily,13,Sunday,5,May,6,True,True
2024-02-06,12:15:00,Mashed Potatoes,Side,2.0,7,14.0,Cash,Dine-In,103,Emily,12,Tuesday,2,February,1,False,False
2024-04-29,19:00:00,Old Fashioned,Beverage,10.0,12,120.0,Cash,Delivery,101,Sarah,19,Monday,4,April,0,False,True
2024-05-07,22:30:00,Ribeye Steak,Entree,5.0,35,175.0,Mobile Payment,Delivery,102,Jake,22,Tuesday,5,May,1,False,True
2024-12-18,15:30:00,Filet Mignon,Entree,5.0,42,210.0,Mobile Payment,Takeaway,101,Sarah,15,Wednesday,12,December,2,False,True
2024-06-19,22:45:00,Mashed Potatoes,Side,6.0,7,42.0,Credit Card,Dine-In,104,Carlos,22,Wednesday,6,June,2,False,False
2024-08-09,14:15:00,Cabernet Sauvignon,Beverage,3.0,16,48.0,Credit Card,Takeaway,102,Jake,14,Friday,8,August,4,False,False
2024-01-09,17:00:00,Truffle Fries,Side,9.0,8,72.0,Cash,Dine-In,105,Nina,17,Tuesday,1,January,1,False,True
2024-12-02,16:45:00,Caesar Salad,Appetizer,3.0,10,30.0,Cash,Dine-In,101,Sarah,16,Monday,12,December,0,False,False
2024-08-22,17:00:00,Mashed Potatoes,Side,2.0,7,14.0,Credit Card,Dine-In,101,Sarah,17,Thursday,8,August,3,False,False
2024-06-09,20:45:00,Cabernet Sauvignon,Beverage,6.0,16,96.0,Mobile Payment,Delivery,104,Carlos,20,Sunday,6,June,6,True,True
2024-10-31,18:45:00,Filet Mignon,Entree,7.0,42,294.0,Cash,Delivery,102,Jake,18,Thursday,10,October,3,False,True
2024-12-20,17:00:00,Cabernet Sauvignon,Beverage,2.0,16,32.0,Mobile Payment,Delivery,101,Sarah,17,Friday,12,December,4,False,False
2024-02-25,11:00:00,Shrimp Cocktail,Appetizer,3.0,14,42.0,Mobile Payment,Dine-In,101,Sarah,11,Sunday,2,February,6,True,False
2024-04-20,20:15:00,Old Fashioned,Beverage,11.0,12,132.0,Mobile Payment,Delivery,105,Nina,20,Saturday,4,April,5,True,True
2024-02-20,19:15:00,Ribeye Steak,Entree,7.0,35,245.0,Credit Card,Delivery,101,Sarah,19,Tuesday,2,February,1,False,True
2024-07-16,14:00:00,Grilled Asparagus,Side,4.0,8,32.0,Credit Card,Delivery,105,Nina,14,Tuesday,7,July,1,False,False
2024-06-29,12:30:00,Grilled Asparagus,Side,9.0,8,72.0,Cash,Takeaway,101,Sarah,12,Saturday,6,June,5,True,True
2024-12-04,20:45:00,Mashed Potatoes,Side,7.0,7,49.0,Mobile Payment,Delivery,102,Jake,20,Wednesday,12,December,2,False,False
2024-07-13,18:15:00,Cabernet Sauvignon,Beverage,2.0,16,32.0,Cash,Takeaway,102,Jake,18,Saturday,7,July,5,True,False
2024-12-31,18:15:00,Ribeye Steak,Entree,11.7,35,409.5,Cash,Delivery,103,Emily,18,Tuesday,12,December,1,False,True
2024-08-17,13:15:00,Old Fashioned,Beverage,4.0,12,48.0,Credit Card,Takeaway,103,Emily,13,Saturday,8,August,5,True,False
2024-01-10,18:15:00,Truffle Fries,Side,2.0,8,16.0,Mobile Payment,Dine-In,101,Sarah,18,Wednesday,1,January,2,False,False
2024-07-23,20:45:00,Cabernet Sauvignon,Beverage,10.0,16,160.0,Mobile Payment,Delivery,105,Nina,20,Tuesday,7,July,1,False,True
2024-07-09,12:30:00,Mashed Potatoes,Side,3.0,7,21.0,Mobile Payment,Delivery,102,Jake,12,Tuesday,7,July,1,False,False
2024-07-29,18:00:00,Shrimp Cocktail,Appetizer,7.0,14,98.0,Credit Card,Takeaway,105,Nina,18,Monday,7,July,0,False,True
2024-01-19,17:45:00,Cabernet Sauvignon,Beverage,11.0,16,176.0,Mobile Payment,Takeaway,104,Carlos,17,Friday,1,January,4,False,True
2024-07-09,12:30:00,Old Fashioned,Beverage,1.0,12,12.0,Cash,Takeaway,103,Emily,12,Tuesday,7,July,1,False,False
2024-06-30,17:00:00,Mashed Potatoes,Side,11.0,7,77.0,Credit Card,Takeaway,102,Jake,17,Sunday,6,June,6,True,True
2024-06-04,14:00:00,Cabernet Sauvignon,Beverage,1.0,16,16.0,Mobile Payment,Delivery,104,Carlos,14,Tuesday,6,June,1,False,False
2024-04-17,20:15:00,Ribeye Steak,Entree,2.0,35,70.0,Cash,Takeaway,105,Nina,20,Wednesday,4,April,2,False,True
2024-06-26,17:30:00,Caesar Salad,Appetizer,4.0,10,40.0,Credit Card,Delivery,104,Carlos,17,Wednesday,6,June,2,False,False
2024-09-03,14:00:00,Bourbon BBQ Burger,Entree,2.0,22,44.0,Cash,Takeaway,104,Carlos,14,Tuesday,9,September,1,False,False
2024-12-18,19:45:00,Filet Mignon,Entree,9.0,42,378.0,Cash,Takeaway,101,Sarah,19,Wednesday,12,December,2,False,True
2024-07-09,15:45:00,Bourbon BBQ Burger,Entree,2.0,22,44.0,Cash,Dine-In,102,Jake,15,Tuesday,7,July,1,False,False
2024-05-14,21:00:00,New York Strip,Entree,5.0,38,190.0,Credit Card,Takeaway,103,Emily,21,Tuesday,5,May,1,False,True
2024-01-13,21:00:00,Mashed Potatoes,Side,6.0,7,42.0,Mobile Payment,Dine-In,105,Nina,21,Saturday,1,January,5,True,False
2024-01-19,21:15:00,Chocolate Lava Cake,Dessert,8.0,9,72.0,Credit Card,Delivery,104,Carlos,21,Friday,1,January,4,False,True
2024-05-01,19:45:00,New York Strip,Entree,6.0,38,228.0,Credit Card,Dine-In,104,Carlos,19,Wednesday,5,May,2,False,True
2024-04-19,11:15:00,Shrimp Cocktail,Appetizer,3.0,14,42.0,Mobile Payment,Dine-In,101,Sarah,11,Friday,4,April,4,False,False
2024-01-15,11:00:00,Shrimp Cocktail,Appetizer,2.0,14,28.0,Credit Card,Dine-In,105,Nina,11,Monday,1,January,0,False,False
2024-06-06,20:15:00,Ribeye Steak,Entree,10.0,35,350.0,Mobile Payment,Delivery,103,Emily,20,Thursday,6,June,3,False,True
2024-02-24,18:45:00,Mashed Potatoes,Side,6.0,7,42.0,Credit Card,Takeaway,102,Jake,18,Saturday,2,February,5,True,False
2024-09-19,20:45:00,Truffle Fries,Side,4.0,8,32.0,Credit Card,Dine-In,105,Nina,20,Thursday,9,September,3,False,False
2024-11-06,17:15:00,New York Strip,Entree,6.0,38,228.0,Cash,Takeaway,103,Emily,17,Wednesday,11,November,2,False,True
2024-11-19,17:00:00,Ribeye Steak,Entree,4.0,35,140.0,Cash,Dine-In,101,Sarah,17,Tuesday,11,November,1,False,True
2024-03-07,14:30:00,Ribeye Steak,Entree,3.0,35,105.0,Credit Card,Delivery,104,Carlos,14,Thursday,3,March,3,False,True
2024-08-19,12:15:00,Mashed Potatoes,Side,1.0,7,7.0,Mobile Payment,Takeaway,105,Nina,12,Monday,8,August,0,False,False
2024-10-15,22:00:00,Shrimp Cocktail,Appetizer,2.0,14,28.0,Mobile Payment,Delivery,102,Jake,22,Tuesday,10,October,1,False,False
2024-09-16,11:30:00,Filet Mignon,Entree,4.0,42,168.0,Credit Card,Takeaway,101,Sarah,11,Monday,9,September,0,False,True
2024-12-29,19:00:00,New York Strip,Entree,5.0,38,190.0,Mobile Payment,Dine-In,104,Carlos,19,Sunday,12,December,6,True,True
2024-09-26,19:30:00,Shrimp Cocktail,Appetizer,8.0,14,112.0,Mobile Payment,Delivery,101,Sarah,19,Thursday,9,September,3,False,True
2024-10-25,19:45:00,Caesar Salad,Appetizer,7.0,10,70.0,Cash,Takeaway,102,Jake,19,Friday,10,October,4,False,True
2024-08-30,17:30:00,Cabernet Sauvignon,Beverage,5.0,16,80.0,Credit Card,Takeaway,102,Jake,17,Friday,8,August,4,False,True
2024-01-08,13:15:00,Shrimp Cocktail,Appetizer,6.0,14,84.0,Cash,Takeaway,105,Nina,13,Monday,1,January,0,False,True
2024-10-05,17:15:00,Truffle Fries,Side,2.0,8,16.0,Cash,Takeaway,102,Jake,17,Saturday,10,October,5,True,False
2024-08-24,12:30:00,Mashed Potatoes,Side,2.0,7,14.0,Cash,Dine-In,101,Sarah,12,Saturday,8,August,5,True,False
2024-09-29,11:15:00,Grilled Asparagus,Side,4.0,8,32.0,Mobile Payment,Delivery,101,Sarah,11,Sunday,9,September,6,True,False
2024-05-14,12:15:00,Bourbon BBQ Burger,Entree,4.0,22,88.0,Credit Card,Dine-In,104,Carlos,12,Tuesday,5,May,1,False,True
2024-02-13,11:30:00,Old Fashioned,Beverage,1.0,12,12.0,Mobile Payment,Delivery,101,Sarah,11,Tuesday,2,February,1,False,False
2024-02-22,20:15:00,Truffle Fries,Side,6.0,8,48.0,Credit Card,Delivery,105,Nina,20,Thursday,2,February,3,False,False
2024-03-14,15:45:00,Grilled Asparagus,Side,6.0,8,48.0,Mobile Payment,Delivery,102,Jake,15,Thursday,3,March,3,False,False
2024-05-28,12:00:00,Caesar Salad,Appetizer,3.0,10,30.0,Cash,Takeaway,101,Sarah,12,Tuesday,5,May,1,False,False
2024-04-11,12:00:00,Filet Mignon,Entree,5.0,42,210.0,Mobile Payment,Dine-In,103,Emily,12,Thursday,4,April,3,False,True
2024-01-05,16:00:00,Truffle Fries,Side,3.0,8,24.0,Cash,Takeaway,101,Sarah,16,Friday,1,January,4,False,False
2024-08-15,20:00:00,Shrimp Cocktail,Appetizer,6.0,14,84.0,Credit Card,Dine-In,105,Nina,20,Thursday,8,August,3,False,True
2024-07-03,17:00:00,Chocolate Lava Cake,Dessert,6.0,9,54.0,Cash,Takeaway,104,Carlos,17,Wednesday,7,July,2,False,False
2024-02-21,15:45:00,Cabernet Sauvignon,Beverage,2.0,16,32.0,Cash,Dine-In,102,Jake,15,Wednesday,2,February,2,False,False
2024-02-23,15:30:00,Grilled Asparagus,Side,4.0,8,32.0,Credit Card,Takeaway,102,Jake,15,Friday,2,February,4,False,False
2024-03-19,18:30:00,Bourbon BBQ Burger,Entree,7.0,22,154.0,Mobile Payment,Takeaway,101,Sarah,18,Tuesday,3,March,1,False,True
2024-08-20,22:30:00,Ribeye Steak,Entree,3.0,35,105.0,Cash,Takeaway,103,Emily,22,Tuesday,8,August,1,False,True
2024-05-12,20:45:00,Ribeye Steak,Entree,18.0,35,630.0,Cash,Dine-In,105,Nina,20,Sunday,5,May,6,True,True
2024-02-24,22:15:00,Grilled Asparagus,Side,11.0,8,88.0,Credit Card,Dine-In,102,Jake,22,Saturday,2,February,5,True,True
2024-11-18,17:30:00,Filet Mignon,Entree,2.0,42,84.0,Credit Card,Dine-In,102,Jake,17,Monday,11,November,0,False,True
2024-03-26,17:45:00,Mashed Potatoes,Side,4.0,7,28.0,Cash,Delivery,105,Nina,17,Tuesday,3,March,1,False,False
2024-01-24,16:45:00,Grilled Asparagus,Side,2.0,8,16.0,Cash,Delivery,101,Sarah,16,Wednesday,1,January,2,False,False
2024-02-11,11:45:00,Bourbon BBQ Burger,Entree,3.0,22,66.0,Credit Card,Takeaway,101,Sarah,11,Sunday,2,February,6,True,True
2024-03-25,16:15:00,Grilled Asparagus,Side,1.0,8,8.0,Credit Card,Takeaway,101,Sarah,16,Monday,3,March,0,False,False
2024-02-01,15:45:00,Shrimp Cocktail,Appetizer,4.0,14,56.0,Credit Card,Takeaway,105,Nina,15,Thursday,2,February,3,False,False
2024-06-02,19:45:00,Bourbon BBQ Burger,Entree,9.0,22,198.0,Mobile Payment,Delivery,103,Emily,19,Sunday,6,June,6,True,True
2024-09-17,15:00:00,Old Fashioned,Beverage,1.0,12,12.0,Mobile Payment,Dine-In,104,Carlos,15,Tuesday,9,September,1,False,False
2024-02-24,11:00:00,Old Fashioned,Beverage,7.0,12,84.0,Cash,Dine-In,104,Carlos,11,Saturday,2,February,5,True,True
2024-09-05,14:45:00,Mashed Potatoes,Side,5.0,7,35.0,Credit Card,Delivery,102,Jake,14,Thursday,9,September,3,False,False
2024-04-13,11:45:00,Cabernet Sauvignon,Beverage,2.0,16,32.0,Cash,Dine-In,104,Carlos,11,Saturday,4,April,5,True,False
2024-02-24,20:45:00,Ribeye Steak,Entree,2.0,35,70.0,Credit Card,Delivery,101,Sarah,20,Saturday,2,February,5,True,True
2024-03-28,12:30:00,Shrimp Cocktail,Appetizer,3.0,14,42.0,Cash,Takeaway,103,Emily,12,Thursday,3,March,3,False,False
2024-10-30,17:45:00,Shrimp Cocktail,Appetizer,4.0,14,56.0,Cash,Dine-In,105,Nina,17,Wednesday,10,October,2,False,False
2024-06-04,21:45:00,Truffle Fries,Side,6.0,8,48.0,Credit Card,Dine-In,102,Jake,21,Tuesday,6,June,1,False,False
2024-10-17,12:45:00,Bourbon BBQ Burger,Entree,1.0,22,22.0,Cash,Delivery,102,Jake,12,Thursday,10,October,3,False,False
2024-07-03,14:00:00,Ribeye Steak,Entree,4.0,35,140.0,Mobile Payment,Delivery,105,Nina,14,Wednesday,7,July,2,False,True
2024-10-25,13:45:00,Bourbon BBQ Burger,Entree,7.0,22,154.0,Credit Card,Dine-In,104,Carlos,13,Friday,10,October,4,False,True
2024-02-27,22:45:00,Bourbon BBQ Burger,Entree,7.0,22,154.0,Cash,Dine-In,104,Carlos,22,Tuesday,2,February,1,False,True
2024-04-20,20:30:00,Grilled Asparagus,Side,4.0,8,32.0,Credit Card,Delivery,104,Carlos,20,Saturday,4,April,5,True,False
2024-03-18,14:30:00,Cabernet Sauvignon,Beverage,4.0,16,64.0,Credit Card,Delivery,102,Jake,14,Monday,3,March,0,False,True
2024-11-14,13:45:00,Bourbon BBQ Burger,Entree,3.0,22,66.0,Mobile Payment,Takeaway,101,Sarah,13,Thursday,11,November,3,False,True
2024-05-13,22:00:00,Caesar Salad,Appetizer,5.0,10,50.0,Mobile Payment,Dine-In,101,Sarah,22,Monday,5,May,0,False,False
2024-09-03,20:45:00,Old Fashioned,Beverage,2.0,12,24.0,Credit Card,Dine-In,103,Emily,20,Tuesday,9,September,1,False,False
2024-07-05,19:00:00,Old Fashioned,Beverage,3.0,12,36.0,Credit Card,Takeaway,105,Nina,19,Friday,7,July,4,False,False
2024-03-05,12:00:00,Grilled Asparagus,Side,2.0,8,16.0,Credit Card,Dine-In,104,Carlos,12,Tuesday,3,March,1,False,False
2024-12-23,20:15:00,Mashed Potatoes,Side,6.0,7,42.0,Credit Card,Takeaway,104,Carlos,20,Monday,12,December,0,False,False
2024-04-16,20:45:00,Ribeye Steak,Entree,2.0,35,70.0,Credit Card,Delivery,103,Emily,20,Tuesday,4,April,1,False,True
2024-07-03,18:00:00,Caesar Salad,Appetizer,8.0,10,80.0,Mobile Payment,Dine-In,103,Emily,18,Wednesday,7,July,2,False,True
2024-12-04,13:45:00,Truffle Fries,Side,1.0,8,8.0,Mobile Payment,Delivery,104,Carlos,13,Wednesday,12,December,2,False,False
2024-07-22,22:15:00,Mashed Potatoes,Side,7.0,7,49.0,Cash,Delivery,101,Sarah,22,Monday,7,July,0,False,False
2024-06-17,11:15:00,Grilled Asparagus,Side,1.0,8,8.0,Cash,Dine-In,101,Sarah,11,Monday,6,June,0,False,False
2024-02-26,21:00:00,Filet Mignon,Entree,7.0,42,294.0,Credit Card,Dine-In,104,Carlos,21,Monday,2,February,0,False,True
2024-02-06,20:45:00,Caesar Salad,Appetizer,10.0,10,100.0,Credit Card,Takeaway,105,Nina,20,Tuesday,2,February,1,False,True
2024-11-16,19:00:00,New York Strip,Entree,2.0,38,76.0,Cash,Dine-In,101,Sarah,19,Saturday,11,November,5,True,True
2024-12-10,22:15:00,Bourbon BBQ Burger,Entree,4.0,22,88.0,Mobile Payment,Takeaway,104,Carlos,22,Tuesday,12,December,1,False,True
2024-10-20,20:00:00,Bourbon BBQ Burger,Entree,10.0,22,220.0,Credit Card,Takeaway,102,Jake,20,Sunday,10,October,6,True,True
2024-04-10,21:15:00,Filet Mignon,Entree,2.0,42,84.0,Credit Card,Delivery,103,Emily,21,Wednesday,4,April,2,False,True
2024-09-27,12:45:00,Bourbon BBQ Burger,Entree,7.0,22,154.0,Mobile Payment,Dine-In,104,Carlos,12,Friday,9,September,4,False,True
2024-07-04,16:45:00,Filet Mignon,Entree,6.0,42,252.0,Cash,Dine-In,101,Sarah,16,Thursday,7,July,3,False,True
2024-09-28,19:15:00,New York Strip,Entree,2.0,38,76.0,Credit Card,Dine-In,101,Sarah,19,Saturday,9,September,5,True,True
2024-09-26,22:45:00,Shrimp Cocktail,Appetizer,2.0,14,28.0,Credit Card,Takeaway,101,Sarah,22,Thursday,9,September,3,False,False
2024-11-22,21:15:00,Ribeye Steak,Entree,4.0,35,140.0,Cash,Takeaway,103,Emily,21,Friday,11,November,4,False,True
2024-02-29,22:45:00,Chocolate Lava Cake,Dessert,5.0,9,45.0,Credit Card,Delivery,102,Jake,22,Thursday,2,February,3,False,False
2024-06-11,21:00:00,Grilled Asparagus,Side,8.0,8,64.0,Credit Card,Takeaway,101,Sarah,21,Tuesday,6,June,1,False,True
2024-05-04,13:15:00,Chocolate Lava Cake,Dessert,2.0,9,18.0,Mobile Payment,Delivery,102,Jake,13,Saturday,5,May,5,True,False
2024-12-03,13:30:00,New York Strip,Entree,5.0,38,190.0,Cash,Delivery,104,Carlos,13,Tuesday,12,December,1,False,True
2024-08-20,12:15:00,Grilled Asparagus,Side,5.0,8,40.0,Cash,Takeaway,105,Nina,12,Tuesday,8,August,1,False,False
2024-05-13,20:30:00,New York Strip,Entree,3.0,38,114.0,Credit Card,Dine-In,105,Nina,20,Monday,5,May,0,False,True
2024-07-31,15:30:00,Shrimp Cocktail,Appetizer,5.0,14,70.0,Credit Card,Dine-In,104,Carlos,15,Wednesday,7,July,2,False,True
2024-12-26,22:45:00,Cabernet Sauvignon,Beverage,2.0,16,32.0,Cash,Dine-In,103,Emily,22,Thursday,12,December,3,False,False
2024-04-23,14:00:00,Grilled Asparagus,Side,3.0,8,24.0,Cash,Delivery,105,Nina,14,Tuesday,4,April,1,False,False
2024-01-13,16:45:00,Old Fashioned,Beverage,2.0,12,24.0,Credit Card,Takeaway,103,Emily,16,Saturday,1,January,5,True,False
2024-10-31,21:00:00,Bourbon BBQ Burger,Entree,7.0,22,154.0,Mobile Payment,Dine-In,104,Carlos,21,Thursday,10,October,3,False,True
2024-09-28,18:00:00,New York Strip,Entree,7.0,38,266.0,Mobile Payment,Dine-In,102,Jake,18,Saturday,9,September,5,True,True
2024-01-09,22:30:00,Grilled Asparagus,Side,3.0,8,24.0,Credit Card,Dine-In,101,Sarah,22,Tuesday,1,January,1,False,False
2024-07-30,13:45:00,Grilled Asparagus,Side,1.0,8,8.0,Cash,Dine-In,102,Jake,13,Tuesday,7,July,1,False,False
2024-06-14,19:30:00,Filet Mignon,Entree,9.0,42,378.0,Cash,Dine-In,105,Nina,19,Friday,6,June,4,False,True
2024-06-12,16:45:00,Old Fashioned,Beverage,2.0,12,24.0,Mobile Payment,Takeaway,105,Nina,16,Wednesday,6,June,2,False,False
2024-04-10,20:30:00,Old Fashioned,Beverage,10.0,12,120.0,Credit Card,Takeaway,101,Sarah,20,Wednesday,4,April,2,False,True
2024-10-15,21:15:00,Shrimp Cocktail,Appetizer,8.0,14,112.0,Credit Card,Delivery,101,Sarah,21,Tuesday,10,October,1,False,True
2024-02-07,12:45:00,Bourbon BBQ Burger,Entree,2.0,22,44.0,Credit Card,Takeaway,101,Sarah,12,Wednesday,2,February,2,False,False
2024-04-21,22:45:00,New York Strip,Entree,6.0,38,228.0,Credit Card,Delivery,104,Carlos,22,Sunday,4,April,6,True,True
2024-08-08,12:00:00,New York Strip,Entree,3.0,38,114.0,Mobile Payment,Takeaway,102,Jake,12,Thursday,8,August,3,False,True
2024-04-15,14:00:00,Ribeye Steak,Entree,6.0,35,210.0,Cash,Takeaway,104,Carlos,14,Monday,4,April,0,False,True
2024-05-07,11:15:00,Chocolate Lava Cake,Dessert,2.0,9,18.0,Mobile Payment,Takeaway,105,Nina,11,Tuesday,5,May,1,False,False
2024-03-12,19:45:00,Caesar Salad,Appetizer,4.0,10,40.0,Cash,Dine-In,104,Carlos,19,Tuesday,3,March,1,False,False
2024-12-15,22:15:00,Filet Mignon,Entree,4.0,42,168.0,Mobile Payment,Takeaway,102,Jake,22,Sunday,12,December,6,True,True
2024-08-06,16:30:00,Cabernet Sauvignon,Beverage,4.0,16,64.0,Cash,Dine-In,101,Sarah,16,Tuesday,8,August,1,False,True
2024-08-29,13:00:00,Filet Mignon,Entree,5.0,42,210.0,Credit Card,Dine-In,105,Nina,13,Thursday,8,August,3,False,True
2024-05-31,13:45:00,Shrimp Cocktail,Appetizer,1.0,14,14.0,Credit Card,Delivery,102,Jake,13,Friday,5,May,4,False,False
2024-09-07,20:45:00,Caesar Salad,Appetizer,9.0,10,90.0,Credit Card,Dine-In,102,Jake,20,Saturday,9,September,5,True,True
2024-11-15,22:30:00,Mashed Potatoes,Side,7.0,7,49.0,Cash,Delivery,101,Sarah,22,Friday,11,November,4,False,False
2024-01-10,16:00:00,Ribeye Steak,Entree,6.0,35,210.0,Cash,Delivery,103,Emily,16,Wednesday,1,January,2,False,True
2024-12-18,19:30:00,Truffle Fries,Side,3.0,8,24.0,Cash,Takeaway,102,Jake,19,Wednesday,12,December,2,False,False
2024-04-16,22:00:00,Ribeye Steak,Entree,3.0,35,105.0,Credit Card,Dine-In,104,Carlos,22,Tuesday,4,April,1,False,True
2024-03-09,13:15:00,Mashed Potatoes,Side,2.0,7,14.0,Cash,Delivery,105,Nina,13,Saturday,3,March,5,True,False
2024-04-28,11:15:00,Bourbon BBQ Burger,Entree,3.0,22,66.0,Mobile Payment,Dine-In,103,Emily,11,Sunday,4,April,6,True,True
2024-04-11,18:30:00,Caesar Salad,Appetizer,10.0,10,100.0,Cash,Takeaway,105,Nina,18,Thursday,4,April,3,False,True
2024-03-13,19:00:00,Chocolate Lava Cake,Dessert,2.0,9,18.0,Credit Card,Delivery,104,Carlos,19,Wednesday,3,March,2,False,False
2024-04-23,12:45:00,Grilled Asparagus,Side,5.0,8,40.0,Credit Card,Delivery,104,Carlos,12,Tuesday,4,April,1,False,False
2024-12-12,15:00:00,Caesar Salad,Appetizer,2.0,10,20.0,Cash,Takeaway,103,Emily,15,Thursday,12,December,3,False,False
2024-05-22,15:00:00,Ribeye Steak,Entree,4.0,35,140.0,Cash,Takeaway,104,Carlos,15,Wednesday,5,May,2,False,True
2024-05-15,20:45:00,Ribeye Steak,Entree,2.0,35,70.0,Mobile Payment,Delivery,103,Emily,20,Wednesday,5,May,2,False,True
2024-05-28,22:30:00,Cabernet Sauvignon,Beverage,2.0,16,32.0,Cash,Takeaway,101,Sarah,22,Tuesday,5,May,1,False,False
2024-09-07,17:30:00,New York Strip,Entree,11.0,38,418.0,Credit Card,Delivery,102,Jake,17,Saturday,9,September,5,True,True
2024-09-21,11:15:00,Shrimp Cocktail,Appetizer,2.0,14,28.0,Cash,Takeaway,101,Sarah,11,Saturday,9,September,5,True,False
2024-06-11,11:45:00,Chocolate Lava Cake,Dessert,6.0,9,54.0,Mobile Payment,Takeaway,101,Sarah,11,Tuesday,6,June,1,False,False
2024-04-09,12:30:00,New York Strip,Entree,3.0,38,114.0,Credit Card,Dine-In,102,Jake,12,Tuesday,4,April,1,False,True
2024-12-22,13:15:00,Bourbon BBQ Burger,Entree,5.0,22,110.0,Cash,Takeaway,105,Nina,13,Sunday,12,December,6,True,True
2024-10-07,14:45:00,Bourbon BBQ Burger,Entree,3.0,22,66.0,Mobile Payment,Takeaway,102,Jake,14,Monday,10,October,0,False,True
2024-06-28,15:00:00,Truffle Fries,Side,5.0,8,40.0,Credit Card,Takeaway,102,Jake,15,Friday,6,June,4,False,False
2024-06-23,22:15:00,Chocolate Lava Cake,Dessert,5.0,9,45.0,Cash,Dine-In,101,Sarah,22,Sunday,6,June,6,True,False
2024-02-29,16:15:00,Mashed Potatoes,Side,3.0,7,21.0,Mobile Payment,Delivery,104,Carlos,16,Thursday,2,February,3,False,False
2024-04-02,18:45:00,Truffle Fries,Side,9.0,8,72.0,Mobile Payment,Delivery,102,Jake,18,Tuesday,4,April,1,False,True
2024-07-24,11:15:00,Filet Mignon,Entree,4.0,42,168.0,Credit Card,Delivery,105,Nina,11,Wednesday,7,July,2,False,True
2024-01-10,14:00:00,Shrimp Cocktail,Appetizer,3.0,14,42.0,Mobile Payment,Delivery,101,Sarah,14,Wednesday,1,January,2,False,False
2024-12-27,20:45:00,Filet Mignon,Entree,10.0,42,420.0,Credit Card,Dine-In,103,Emily,20,Friday,12,December,4,False,True
2024-03-08,13:15:00,Mashed Potatoes,Side,5.0,7,35.0,Mobile Payment,Takeaway,103,Emily,13,Friday,3,March,4,False,False
2024-11-01,13:00:00,Mashed Potatoes,Side,4.0,7,28.0,Mobile Payment,Takeaway,104,Carlos,13,Friday,11,November,4,False,False
2024-06-13,18:45:00,Chocolate Lava Cake,Dessert,11.0,9,99.0,Cash,Dine-In,102,Jake,18,Thursday,6,June,3,False,True
2024-08-17,20:15:00,Ribeye Steak,Entree,7.0,35,245.0,Credit Card,Takeaway,104,Carlos,20,Saturday,8,August,5,True,True
2024-03-14,18:30:00,Mashed Potatoes,Side,2.0,7,14.0,Cash,Takeaway,101,Sarah,18,Thursday,3,March,3,False,False
2024-10-08,20:30:00,Cabernet Sauvignon,Beverage,8.0,16,128.0,Credit Card,Dine-In,101,Sarah,20,Tuesday,10,October,1,False,True
2024-06-27,21:15:00,New York Strip,Entree,2.0,38,76.0,Cash,Dine-In,104,Carlos,21,Thursday,6,June,3,False,True
2024-12-29,19:45:00,Ribeye Steak,Entree,2.0,35,70.0,Mobile Payment,Dine-In,103,Emily,19,Sunday,12,December,6,True,True
2024-08-22,17:00:00,New York Strip,Entree,11.0,38,418.0,Mobile Payment,Delivery,105,Nina,17,Thursday,8,August,3,False,True
2024-10-27,20:15:00,Ribeye Steak,Entree,7.0,35,245.0,Credit Card,Takeaway,101,Sarah,20,Sunday,10,October,6,True,True
2024-02-29,22:15:00,Truffle Fries,Side,9.0,8,72.0,Mobile Payment,Delivery,104,Carlos,22,Thursday,2,February,3,False,True
2024-10-22,20:15:00,Old Fashioned,Beverage,2.0,12,24.0,Mobile Payment,Takeaway,104,Carlos,20,Tuesday,10,October,1,False,False
2024-01-25,14:15:00,Cabernet Sauvignon,Beverage,4.0,16,64.0,Mobile Payment,Delivery,105,Nina,14,Thursday,1,January,3,False,True
2024-12-12,16:15:00,Cabernet Sauvignon,Beverage,3.0,16,48.0,Mobile Payment,Delivery,105,Nina,16,Thursday,12,December,3,False,False
2024-11-10,19:45:00,Cabernet Sauvignon,Beverage,2.0,16,32.0,Mobile Payment,Takeaway,102,Jake,19,Sunday,11,November,6,True,False
2024-10-21,18:45:00,Truffle Fries,Side,3.0,8,24.0,Cash,Delivery,105,Nina,18,Monday,10,October,0,False,False
2024-01-05,21:00:00,Old Fashioned,Beverage,4.0,12,48.0,Credit Card,Delivery,103,Emily,21,Friday,1,January,4,False,False
2024-11-11,20:30:00,Shrimp Cocktail,Appetizer,6.0,14,84.0,Credit Card,Delivery,103,Emily,20,Monday,11,November,0,False,True
2024-06-07,15:00:00,Ribeye Steak,Entree,6.0,35,210.0,Credit Card,Delivery,102,Jake,15,Friday,6,June,4,False,True
2024-08-06,13:45:00,Bourbon BBQ Burger,Entree,3.0,22,66.0,Credit Card,Delivery,102,Jake,13,Tuesday,8,August,1,False,True
2024-06-01,18:30:00,Chocolate Lava Cake,Dessert,2.0,9,18.0,Mobile Payment,Takeaway,101,Sarah,18,Saturday,6,June,5,True,False
2024-05-12,14:30:00,Chocolate Lava Cake,Dessert,7.5,9,67.5,Cash,Delivery,105,Nina,14,Sunday,5,May,6,True,True
2024-06-17,21:00:00,Old Fashioned,Beverage,8.0,12,96.0,Mobile Payment,Delivery,104,Carlos,21,Monday,6,June,0,False,True
2024-07-05,19:30:00,Old Fashioned,Beverage,11.0,12,132.0,Cash,Delivery,104,Carlos,19,Friday,7,July,4,False,True
2024-06-17,17:00:00,Grilled Asparagus,Side,6.0,8,48.0,Mobile Payment,Takeaway,102,Jake,17,Monday,6,June,0,False,False
2024-06-05,21:00:00,Old Fashioned,Beverage,4.0,12,48.0,Cash,Takeaway,101,Sarah,21,Wednesday,6,June,2,False,False
2024-12-17,18:45:00,Grilled Asparagus,Side,2.0,8,16.0,Mobile Payment,Delivery,102,Jake,18,Tuesday,12,December,1,False,False
2024-06-10,21:00:00,Bourbon BBQ Burger,Entree,2.0,22,44.0,Credit Card,Delivery,105,Nina,21,Monday,6,June,0,False,False
2024-04-21,17:15:00,New York Strip,Entree,4.0,38,152.0,Cash,Delivery,105,Nina,17,Sunday,4,April,6,True,True
2024-06-13,15:00:00,Caesar Salad,Appetizer,2.0,10,20.0,Credit Card,Delivery,105,Nina,15,Thursday,6,June,3,False,False
2024-11-05,16:15:00,Cabernet Sauvignon,Beverage,4.0,16,64.0,Mobile Payment,Dine-In,102,Jake,16,Tuesday,11,November,1,False,True
2024-04-24,12:15:00,Bourbon BBQ Burger,Entree,4.0,22,88.0,Credit Card,Dine-In,102,Jake,12,Wednesday,4,April,2,False,True
2024-08-22,14:30:00,Truffle Fries,Side,3.0,8,24.0,Cash,Takeaway,105,Nina,14,Thursday,8,August,3,False,False
2024-08-18,13:30:00,Chocolate Lava Cake,Dessert,1.0,9,9.0,Cash,Dine-In,102,Jake,13,Sunday,8,August,6,True,False
2024-05-05,15:45:00,Old Fashioned,Beverage,1.0,12,12.0,Credit Card,Takeaway,105,Nina,15,Sunday,5,May,6,True,False
2024-06-17,11:15:00,Truffle Fries,Side,3.0,8,24.0,Credit Card,Takeaway,103,Emily,11,Monday,6,June,0,False,False
2024-12-21,18:00:00,New York Strip,Entree,2.0,38,76.0,Cash,Takeaway,101,Sarah,18,Saturday,12,December,5,True,True
2024-08-28,15:00:00,Caesar Salad,Appetizer,4.0,10,40.0,Credit Card,Takeaway,103,Emily,15,Wednesday,8,August,2,False,False
2024-10-15,15:45:00,Grilled Asparagus,Side,1.0,8,8.0,Cash,Dine-In,105,Nina,15,Tuesday,10,October,1,False,False
2024-10-15,14:00:00,Bourbon BBQ Burger,Entree,2.0,22,44.0,Credit Card,Delivery,101,Sarah,14,Tuesday,10,October,1,False,False
2024-08-02,16:00:00,Old Fashioned,Beverage,5.0,12,60.0,Cash,Dine-In,102,Jake,16,Friday,8,August,4,False,False
2024-03-17,19:15:00,Bourbon BBQ Burger,Entree,2.0,22,44.0,Credit Card,Takeaway,103,Emily,19,Sunday,3,March,6,True,False
2024-05-25,17:30:00,Caesar Salad,Appetizer,2.0,10,20.0,Credit Card,Takeaway,103,Emily,17,Saturday,5,May,5,True,False
2024-06-14,16:30:00,Ribeye Steak,Entree,3.0,35,105.0,Credit Card,Dine-In,103,Emily,16,Friday,6,June,4,False,True
2024-08-07,11:45:00,Old Fashioned,Beverage,5.0,12,60.0,Mobile Payment,Delivery,103,Emily,11,Wednesday,8,August,2,False,False
2024-04-20,14:15:00,Old Fashioned,Beverage,8.0,12,96.0,Cash,Delivery,105,Nina,14,Saturday,4,April,5,True,True
2024-02-01,15:45:00,Ribeye Steak,Entree,1.0,35,35.0,Mobile Payment,Dine-In,102,Jake,15,Thursday,2,February,3,False,False
2024-07-23,20:45:00,Truffle Fries,Side,3.0,8,24.0,Credit Card,Delivery,101,Sarah,20,Tuesday,7,July,1,False,False
2024-04-04,21:15:00,New York Strip,Entree,2.0,38,76.0,Mobile Payment,Takeaway,103,Emily,21,Thursday,4,April,3,False,True
2024-06-21,21:00:00,Grilled Asparagus,Side,2.0,8,16.0,Credit Card,Delivery,101,Sarah,21,Friday,6,June,4,False,False
2024-08-09,21:45:00,Ribeye Steak,Entree,2.0,35,70.0,Credit Card,Delivery,101,Sarah,21,Friday,8,August,4,False,True
2024-03-29,11:00:00,Caesar Salad,Appetizer,7.0,10,70.0,Cash,Takeaway,103,Emily,11,Friday,3,March,4,False,True
2024-11-09,11:45:00,Grilled Asparagus,Side,10.0,8,80.0,Credit Card,Dine-In,101,Sarah,11,Saturday,11,November,5,True,True
2024-07-14,13:00:00,Cabernet Sauvignon,Beverage,2.0,16,32.0,Mobile Payment,Dine-In,102,Jake,13,Sunday,7,July,6,True,False
2024-10-28,22:00:00,Truffle Fries,Side,9.0,8,72.0,Cash,Delivery,104,Carlos,22,Monday,10,October,0,False,True
2024-11-28,20:15:00,Filet Mignon,Entree,2.4,42,100.8,Credit Card,Dine-In,101,Sarah,20,Thursday,11,November,3,False,True
2024-09-02,12:15:00,New York Strip,Entree,4.0,38,152.0,Cash,Dine-In,105,Nina,12,Monday,9,September,0,False,True
2024-03-05,13:15:00,Bourbon BBQ Burger,Entree,5.0,22,110.0,Credit Card,Delivery,103,Emily,13,Tuesday,3,March,1,False,True
2024-04-03,18:00:00,Mashed Potatoes,Side,6.0,7,42.0,Mobile Payment,Delivery,103,Emily,18,Wednesday,4,April,2,False,False
2024-09-08,22:45:00,New York Strip,Entree,11.0,38,418.0,Cash,Dine-In,104,Carlos,22,Sunday,9,September,6,True,True
2024-04-09,13:15:00,Truffle Fries,Side,5.0,8,40.0,Mobile Payment,Delivery,101,Sarah,13,Tuesday,4,April,1,False,False
2024-02-10,13:45:00,Chocolate Lava Cake,Dessert,11.0,9,99.0,Cash,Takeaway,103,Emily,13,Saturday,2,February,5,True,True
2024-07-31,22:45:00,Mashed Potatoes,Side,12.0,7,84.0,Mobile Payment,Takeaway,102,Jake,22,Wednesday,7,July,2,False,True
2024-05-18,18:45:00,Ribeye Steak,Entree,9.0,35,315.0,Credit Card,Delivery,101,Sarah,18,Saturday,5,May,5,True,True
2024-11-27,17:30:00,Old Fashioned,Beverage,3.0,12,36.0,Mobile Payment,Delivery,103,Emily,17,Wednesday,11,November,2,False,False
2024-06-24,13:30:00,Old Fashioned,Beverage,2.0,12,24.0,Credit Card,Delivery,104,Carlos,13,Monday,6,June,0,False,False
2024-12-21,15:45:00,Old Fashioned,Beverage,8.0,12,96.0,Mobile Payment,Takeaway,101,Sarah,15,Saturday,12,December,5,True,True
2024-08-14,11:30:00,Grilled Asparagus,Side,4.0,8,32.0,Credit Card,Takeaway,104,Carlos,11,Wednesday,8,August,2,False,False
2024-01-28,17:00:00,New York Strip,Entree,10.0,38,380.0,Mobile Payment,Delivery,105,Nina,17,Sunday,1,January,6,True,True
2024-08-20,13:30:00,New York Strip,Entree,4.0,38,152.0,Mobile Payment,Dine-In,105,Nina,13,Tuesday,8,August,1,False,True
2024-03-10,19:15:00,Grilled Asparagus,Side,2.0,8,16.0,Mobile Payment,Delivery,104,Carlos,19,Sunday,3,March,6,True,False
2024-05-11,12:45:00,Ribeye Steak,Entree,2.0,35,70.0,Credit Card,Dine-In,104,Carlos,12,Saturday,5,May,5,True,True
2024-02-08,21:45:00,Ribeye Steak,Entree,7.0,35,245.0,Credit Card,Delivery,104,Carlos,21,Thursday,2,February,3,False,True
2024-10-04,19:00:00,Caesar Salad,Appetizer,2.0,10,20.0,Mobile Payment,Delivery,104,Carlos,19,Friday,10,October,4,False,False
2024-07-12,15:45:00,Chocolate Lava Cake,Dessert,4.0,9,36.0,Mobile Payment,Dine-In,102,Jake,15,Friday,7,July,4,False,False
2024-08-26,20:15:00,Filet Mignon,Entree,4.0,42,168.0,Credit Card,Dine-In,105,Nina,20,Monday,8,August,0,False,True
2024-12-16,16:15:00,Mashed Potatoes,Side,3.0,7,21.0,Cash,Takeaway,101,Sarah,16,Monday,12,December,0,False,False
2024-02-13,20:00:00,Chocolate Lava Cake,Dessert,11.0,9,99.0,Mobile Payment,Takeaway,105,Nina,20,Tuesday,2,February,1,False,True
2024-01-11,19:45:00,Ribeye Steak,Entree,2.0,35,70.0,Credit Card,Dine-In,105,Nina,19,Thursday,1,January,3,False,True
2024-12-16,17:45:00,Filet Mignon,Entree,5.0,42,210.0,Cash,Dine-In,104,Carlos,17,Monday,12,December,0,False,True
2024-08-27,21:00:00,Truffle Fries,Side,2.0,8,16.0,Credit Card,Takeaway,101,Sarah,21,Tuesday,8,August,1,False,False
2024-05-25,14:15:00,Grilled Asparagus,Side,8.0,8,64.0,Mobile Payment,Takeaway,104,Carlos,14,Saturday,5,May,5,True,True
2024-11-01,17:45:00,Truffle Fries,Side,3.0,8,24.0,Mobile Payment,Takeaway,104,Carlos,17,Friday,11,November,4,False,False
2024-02-12,21:00:00,Mashed Potatoes,Side,2.0,7,14.0,Cash,Dine-In,105,Nina,21,Monday,2,February,0,False,False
2024-01-01,11:45:00,Ribeye Steak,Entree,1.2,35,42.0,Credit Card,Delivery,103,Emily,11,Monday,1,January,0,False,False
2024-01-15,22:15:00,Ribeye Steak,Entree,5.0,35,175.0,Cash,Dine-In,103,Emily,22,Monday,1,January,0,False,True
2024-12-06,15:45:00,New York Strip,Entree,3.0,38,114.0,Mobile Payment,Delivery,105,Nina,15,Friday,12,December,4,False,True
2024-03-30,11:00:00,Ribeye Steak,Entree,3.0,35,105.0,Mobile Payment,Takeaway,103,Emily,11,Saturday,3,March,5,True,True
2024-11-15,20:45:00,Shrimp Cocktail,Appetizer,8.0,14,112.0,Mobile Payment,Delivery,103,Emily,20,Friday,11,November,4,False,True
2024-11-23,14:45:00,Mashed Potatoes,Side,7.0,7,49.0,Mobile Payment,Takeaway,103,Emily,14,Saturday,11,November,5,True,False
2024-05-10,13:30:00,New York Strip,Entree,5.0,38,190.0,Mobile Payment,Delivery,105,Nina,13,Friday,5,May,4,False,True
2024-05-12,21:15:00,Ribeye Steak,Entree,10.5,35,367.5,Cash,Takeaway,103,Emily,21,Sunday,5,May,6,True,True
2024-02-27,16:15:00,Old Fashioned,Beverage,3.0,12,36.0,Cash,Delivery,103,Emily,16,Tuesday,2,February,1,False,False
2024-02-17,14:15:00,Old Fashioned,Beverage,9.0,12,108.0,Cash,Takeaway,104,Carlos,14,Saturday,2,February,5,True,True
2024-07-21,22:45:00,Grilled Asparagus,Side,9.0,8,72.0,Cash,Delivery,104,Carlos,22,Sunday,7,July,6,True,True
2024-01-03,19:30:00,Mashed Potatoes,Side,8.0,7,56.0,Cash,Takeaway,103,Emily,19,Wednesday,1,January,2,False,False
2024-11-02,21:00:00,Mashed Potatoes,Side,9.0,7,63.0,Credit Card,Delivery,104,Carlos,21,Saturday,11,November,5,True,True
2024-09-21,19:00:00,Shrimp Cocktail,Appetizer,7.0,14,98.0,Mobile Payment,Delivery,101,Sarah,19,Saturday,9,September,5,True,True
2024-09-20,11:15:00,Mashed Potatoes,Side,9.0,7,63.0,Credit Card,Dine-In,103,Emily,11,Friday,9,September,4,False,True
2024-01-24,21:30:00,Old Fashioned,Beverage,6.0,12,72.0,Credit Card,Takeaway,101,Sarah,21,Wednesday,1,January,2,False,True
2024-10-16,20:45:00,Caesar Salad,Appetizer,3.0,10,30.0,Credit Card,Takeaway,102,Jake,20,Wednesday,10,October,2,False,False
2024-06-11,13:45:00,Truffle Fries,Side,5.0,8,40.0,Cash,Dine-In,101,Sarah,13,Tuesday,6,June,1,False,False
2024-02-16,22:00:00,Truffle Fries,Side,9.0,8,72.0,Credit Card,Delivery,101,Sarah,22,Friday,2,February,4,False,True
2024-09-30,15:45:00,Bourbon BBQ Burger,Entree,5.0,22,110.0,Mobile Payment,Delivery,105,Nina,15,Monday,9,September,0,False,True
2024-12-08,22:30:00,Chocolate Lava Cake,Dessert,4.0,9,36.0,Cash,Dine-In,102,Jake,22,Sunday,12,December,6,True,False
2024-07-01,20:45:00,Filet Mignon,Entree,9.0,42,378.0,Mobile Payment,Dine-In,101,Sarah,20,Monday,7,July,0,False,True
2024-12-03,18:15:00,Bourbon BBQ Burger,Entree,6.0,22,132.0,Mobile Payment,Delivery,101,Sarah,18,Tuesday,12,December,1,False,True
2024-01-21,13:15:00,Bourbon BBQ Burger,Entree,4.0,22,88.0,Credit Card,Dine-In,103,Emily,13,Sunday,1,January,6,True,True
2024-11-11,18:15:00,Ribeye Steak,Entree,5.0,35,175.0,Credit Card,Takeaway,105,Nina,18,Monday,11,November,0,False,True
2024-03-24,20:45:00,Cabernet Sauvignon,Beverage,2.0,16,32.0,Mobile Payment,Delivery,102,Jake,20,Sunday,3,March,6,True,False
2024-02-02,15:45:00,Bourbon BBQ Burger,Entree,4.0,22,88.0,Mobile Payment,Delivery,105,Nina,15,Friday,2,February,4,False,True
2024-05-23,18:30:00,Grilled Asparagus,Side,2.0,8,16.0,Credit Card,Dine-In,105,Nina,18,Thursday,5,May,3,False,False
2024-05-06,18:00:00,Old Fashioned,Beverage,10.0,12,120.0,Credit Card,Delivery,104,Carlos,18,Monday,5,May,0,False,True
2024-04-02,12:30:00,Grilled Asparagus,Side,1.0,8,8.0,Credit Card,Dine-In,104,Carlos,12,Tuesday,4,April,1,False,False
2024-06-21,19:00:00,Shrimp Cocktail,Appetizer,7.0,14,98.0,Cash,Delivery,102,Jake,19,Friday,6,June,4,False,True
2024-08-04,18:45:00,Chocolate Lava Cake,Dessert,8.0,9,72.0,Mobile Payment,Delivery,105,Nina,18,Sunday,8,August,6,True,True
2024-08-20,20:45:00,Old Fashioned,Beverage,7.0,12,84.0,Credit Card,Takeaway,103,Emily,20,Tuesday,8,August,1,False,True
2024-09-19,15:45:00,Shrimp Cocktail,Appetizer,1.0,14,14.0,Cash,Takeaway,101,Sarah,15,Thursday,9,September,3,False,False
2024-02-29,20:15:00,Truffle Fries,Side,12.0,8,96.0,Mobile Payment,Dine-In,104,Carlos,20,Thursday,2,February,3,False,True
2024-01-02,22:30:00,Chocolate Lava Cake,Dessert,7.0,9,63.0,Cash,Delivery,104,Carlos,22,Tuesday,1,January,1,False,True
2024-06-19,21:00:00,Truffle Fries,Side,8.0,8,64.0,Cash,Takeaway,104,Carlos,21,Wednesday,6,June,2,False,True
2024-05-07,19:00:00,Filet Mignon,Entree,5.0,42,210.0,Credit Card,Delivery,103,Emily,19,Tuesday,5,May,1,False,True
2024-05-30,18:15:00,Grilled Asparagus,Side,5.0,8,40.0,Credit Card,Dine-In,101,Sarah,18,Thursday,5,May,3,False,False
2024-07-03,17:45:00,New York Strip,Entree,4.0,38,152.0,Mobile Payment,Dine-In,101,Sarah,17,Wednesday,7,July,2,False,True
2024-08-26,11:45:00,Mashed Potatoes,Side,5.0,7,35.0,Credit Card,Delivery,101,Sarah,11,Monday,8,August,0,False,False
2024-06-10,14:00:00,Grilled Asparagus,Side,1.0,8,8.0,Cash,Delivery,102,Jake,14,Monday,6,June,0,False,False
2024-08-18,21:30:00,Caesar Salad,Appetizer,4.0,10,40.0,Cash,Dine-In,104,Carlos,21,Sunday,8,August,6,True,False
2024-12-11,13:45:00,Filet Mignon,Entree,4.0,42,168.0,Credit Card,Delivery,102,Jake,13,Wednesday,12,December,2,False,True
2024-05-25,15:45:00,Mashed Potatoes,Side,8.0,7,56.0,Cash,Dine-In,101,Sarah,15,Saturday,5,May,5,True,False
2024-03-07,21:00:00,Caesar Salad,Appetizer,10.0,10,100.0,Mobile Payment,Dine-In,104,Carlos,21,Thursday,3,March,3,False,True
2024-10-05,13:45:00,Cabernet Sauvignon,Beverage,2.0,16,32.0,Credit Card,Takeaway,101,Sarah,13,Saturday,10,October,5,True,False
2024-06-12,22:30:00,Mashed Potatoes,Side,11.0,7,77.0,Mobile Payment,Takeaway,105,Nina,22,Wednesday,6,June,2,False,True
2024-07-24,17:15:00,Mashed Potatoes,Side,8.0,7,56.0,Credit Card,Delivery,103,Emily,17,Wednesday,7,July,2,False,False
2024-02-10,19:00:00,New York Strip,Entree,9.0,38,342.0,Mobile Payment,Delivery,102,Jake,19,Saturday,2,February,5,True,True
2024-06-22,13:00:00,New York Strip,Entree,10.0,38,380.0,Mobile Payment,Delivery,104,Carlos,13,Saturday,6,June,5,True,True
2024-08-09,20:00:00,Mashed Potatoes,Side,8.0,7,56.0,Credit Card,Takeaway,105,Nina,20,Friday,8,August,4,False,False
2024-12-31,20:30:00,New York Strip,Entree,11.7,38,444.6,Mobile Payment,Dine-In,105,Nina,20,Tuesday,12,December,1,False,True
2024-05-26,18:00:00,Mashed Potatoes,Side,5.0,7,35.0,Cash,Dine-In,101,Sarah,18,Sunday,5,May,6,True,False
2024-12-08,14:15:00,Chocolate Lava Cake,Dessert,5.0,9,45.0,Mobile Payment,Takeaway,101,Sarah,14,Sunday,12,December,6,True,False
2024-03-26,14:15:00,Ribeye Steak,Entree,2.0,35,70.0,Credit Card,Takeaway,105,Nina,14,Tuesday,3,March,1,False,True
2024-08-11,15:15:00,Old Fashioned,Beverage,4.0,12,48.0,Mobile Payment,Takeaway,102,Jake,15,Sunday,8,August,6,True,False
2024-08-06,19:30:00,New York Strip,Entree,9.0,38,342.0,Cash,Delivery,104,Carlos,19,Tuesday,8,August,1,False,True
2024-07-12,11:15:00,New York Strip,Entree,1.0,38,38.0,Mobile Payment,Takeaway,104,Carlos,11,Friday,7,July,4,False,False
2024-10-14,14:30:00,Old Fashioned,Beverage,1.0,12,12.0,Mobile Payment,Dine-In,104,Carlos,14,Monday,10,October,0,False,False
2024-04-03,21:15:00,Caesar Salad,Appetizer,6.0,10,60.0,Mobile Payment,Delivery,103,Emily,21,Wednesday,4,April,2,False,False
2024-11-21,22:30:00,Old Fashioned,Beverage,4.0,12,48.0,Credit Card,Takeaway,102,Jake,22,Thursday,11,November,3,False,False
2024-04-08,21:15:00,Old Fashioned,Beverage,7.0,12,84.0,Mobile Payment,Delivery,101,Sarah,21,Monday,4,April,0,False,True
2024-01-29,15:30:00,Caesar Salad,Appetizer,3.0,10,30.0,Mobile Payment,Takeaway,105,Nina,15,Monday,1,January,0,False,False
2024-08-28,14:00:00,New York Strip,Entree,3.0,38,114.0,Cash,Delivery,102,Jake,14,Wednesday,8,August,2,False,True
2024-03-28,19:30:00,Old Fashioned,Beverage,2.0,12,24.0,Credit Card,Delivery,102,Jake,19,Thursday,3,March,3,False,False
2024-05-10,11:15:00,Mashed Potatoes,Side,5.0,7,35.0,Credit Card,Takeaway,104,Carlos,11,Friday,5,May,4,False,False
2024-09-23,20:15:00,Chocolate Lava Cake,Dessert,7.0,9,63.0,Credit Card,Delivery,101,Sarah,20,Monday,9,September,0,False,True
2024-05-30,12:00:00,Grilled Asparagus,Side,5.0,8,40.0,Mobile Payment,Delivery,101,Sarah,12,Thursday,5,May,3,False,False
2024-07-03,20:45:00,Bourbon BBQ Burger,Entree,6.0,22,132.0,Credit Card,Delivery,104,Carlos,20,Wednesday,7,July,2,False,True
2024-04-29,19:45:00,Mashed Potatoes,Side,7.0,7,49.0,Mobile Payment,Dine-In,103,Emily,19,Monday,4,April,0,False,False
2024-05-22,19:30:00,Truffle Fries,Side,7.0,8,56.0,Credit Card,Delivery,102,Jake,19,Wednesday,5,May,2,False,False
2024-04-16,13:15:00,Chocolate Lava Cake,Dessert,1.0,9,9.0,Mobile Payment,Dine-In,103,Emily,13,Tuesday,4,April,1,False,False
2024-10-05,20:30:00,Mashed Potatoes,Side,11.0,7,77.0,Credit Card,Delivery,104,Carlos,20,Saturday,10,October,5,True,True
2024-01-15,11:45:00,New York Strip,Entree,2.0,38,76.0,Mobile Payment,Delivery,103,Emily,11,Monday,1,January,0,False,True
2024-06-09,20:30:00,New York Strip,Entree,8.0,38,304.0,Credit Card,Dine-In,104,Carlos,20,Sunday,6,June,6,True,True
2024-07-30,11:30:00,Caesar Salad,Appetizer,1.0,10,10.0,Cash,Dine-In,101,Sarah,11,Tuesday,7,July,1,False,False
2024-04-25,14:00:00,Truffle Fries,Side,1.0,8,8.0,Cash,Delivery,105,Nina,14,Thursday,4,April,3,False,False
2024-09-12,12:45:00,New York Strip,Entree,5.0,38,190.0,Cash,Dine-In,103,Emily,12,Thursday,9,September,3,False,True
2024-08-05,19:00:00,Mashed Potatoes,Side,11.0,7,77.0,Cash,Dine-In,105,Nina,19,Monday,8,August,0,False,True
2024-12-10,11:00:00,Mashed Potatoes,Side,2.0,7,14.0,Cash,Takeaway,103,Emily,11,Tuesday,12,December,1,False,False
2024-04-11,16:45:00,Old Fashioned,Beverage,1.0,12,12.0,Cash,Delivery,104,Carlos,16,Thursday,4,April,3,False,False
2024-09-08,13:45:00,Filet Mignon,Entree,3.0,42,126.0,Credit Card,Takeaway,105,Nina,13,Sunday,9,September,6,True,True
2024-08-08,21:30:00,Old Fashioned,Beverage,12.0,12,144.0,Mobile Payment,Takeaway,103,Emily,21,Thursday,8,August,3,False,True
2024-09-10,16:30:00,Chocolate Lava Cake,Dessert,6.0,9,54.0,Credit Card,Takeaway,101,Sarah,16,Tuesday,9,September,1,False,False
2024-06-24,16:15:00,Truffle Fries,Side,3.0,8,24.0,Cash,Delivery,101,Sarah,16,Monday,6,June,0,False,False
2024-08-14,12:30:00,Cabernet Sauvignon,Beverage,3.0,16,48.0,Credit Card,Dine-In,105,Nina,12,Wednesday,8,August,2,False,False
2024-04-24,20:30:00,New York Strip,Entree,5.0,38,190.0,Cash,Delivery,103,Emily,20,Wednesday,4,April,2,False,True
2024-03-14,11:45:00,Bourbon BBQ Burger,Entree,6.0,22,132.0,Mobile Payment,Delivery,102,Jake,11,Thursday,3,March,3,False,True
2024-02-08,17:30:00,Filet Mignon,Entree,2.0,42,84.0,Mobile Payment,Delivery,102,Jake,17,Thursday,2,February,3,False,True
2024-02-17,15:30:00,Old Fashioned,Beverage,6.0,12,72.0,Mobile Payment,Takeaway,103,Emily,15,Saturday,2,February,5,True,True
2024-03-17,11:15:00,Ribeye Steak,Entree,2.0,35,70.0,Credit Card,Delivery,104,Carlos,11,Sunday,3,March,6,True,True
2024-11-14,15:45:00,Caesar Salad,Appetizer,1.0,10,10.0,Mobile Payment,Delivery,105,Nina,15,Thursday,11,November,3,False,False
2024-03-13,15:00:00,Caesar Salad,Appetizer,4.0,10,40.0,Mobile Payment,Dine-In,102,Jake,15,Wednesday,3,March,2,False,False
2024-02-16,13:30:00,Shrimp Cocktail,Appetizer,1.0,14,14.0,Mobile Payment,Delivery,102,Jake,13,Friday,2,February,4,False,False
2024-10-25,14:45:00,Caesar Salad,Appetizer,4.0,10,40.0,Mobile Payment,Dine-In,105,Nina,14,Friday,10,October,4,False,False
2024-05-08,12:15:00,Truffle Fries,Side,1.0,8,8.0,Mobile Payment,Dine-In,103,Emily,12,Wednesday,5,May,2,False,False
2024-12-03,13:30:00,Old Fashioned,Beverage,4.0,12,48.0,Credit Card,Delivery,105,Nina,13,Tuesday,12,December,1,False,False
2024-02-01,22:00:00,Shrimp Cocktail,Appetizer,8.0,14,112.0,Mobile Payment,Takeaway,101,Sarah,22,Thursday,2,February,3,False,True
2024-03-10,21:15:00,New York Strip,Entree,6.0,38,228.0,Credit Card,Takeaway,101,Sarah,21,Sunday,3,March,6,True,True
2024-02-14,19:00:00,Filet Mignon,Entree,3.6,42,151.2,Credit Card,Delivery,102,Jake,19,Wednesday,2,February,2,False,True
2024-05-14,19:30:00,Old Fashioned,Beverage,2.0,12,24.0,Cash,Dine-In,105,Nina,19,Tuesday,5,May,1,False,False
2024-12-17,20:45:00,Truffle Fries,Side,4.0,8,32.0,Credit Card,Takeaway,105,Nina,20,Tuesday,12,December,1,False,False
2024-07-31,12:15:00,Old Fashioned,Beverage,2.0,12,24.0,Credit Card,Dine-In,101,Sarah,12,Wednesday,7,July,2,False,False
2024-02-29,13:00:00,New York Strip,Entree,5.0,38,190.0,Cash,Delivery,102,Jake,13,Thursday,2,February,3,False,True
2024-09-14,12:15:00,Ribeye Steak,Entree,2.0,35,70.0,Credit Card,Delivery,103,Emily,12,Saturday,9,September,5,True,True
2024-10-13,11:15:00,Chocolate Lava Cake,Dessert,6.0,9,54.0,Mobile Payment,Dine-In,105,Nina,11,Sunday,10,October,6,True,False
2024-10-06,21:00:00,Chocolate Lava Cake,Dessert,9.0,9,81.0,Mobile Payment,Takeaway,103,Emily,21,Sunday,10,October,6,True,True
2024-07-03,13:15:00,Filet Mignon,Entree,6.0,42,252.0,Cash,Delivery,105,Nina,13,Wednesday,7,July,2,False,True
2024-10-29,11:15:00,Filet Mignon,Entree,2.0,42,84.0,Cash,Takeaway,104,Carlos,11,Tuesday,10,October,1,False,True
2024-10-14,22:15:00,Filet Mignon,Entree,8.0,42,336.0,Cash,Dine-In,104,Carlos,22,Monday,10,October,0,False,True
2024-11-16,17:45:00,Ribeye Steak,Entree,6.0,35,210.0,Mobile Payment,Delivery,101,Sarah,17,Saturday,11,November,5,True,True
2024-09-04,12:00:00,Bourbon BBQ Burger,Entree,2.0,22,44.0,Mobile Payment,Delivery,105,Nina,12,Wednesday,9,September,2,False,False
2024-02-17,20:00:00,Cabernet Sauvignon,Beverage,9.0,16,144.0,Credit Card,Dine-In,103,Emily,20,Saturday,2,February,5,True,True
2024-01-16,12:15:00,Truffle Fries,Side,2.0,8,16.0,Cash,Dine-In,102,Jake,12,Tuesday,1,January,1,False,False
2024-05-19,15:30:00,Grilled Asparagus,Side,1.0,8,8.0,Credit Card,Dine-In,103,Emily,15,Sunday,5,May,6,True,False
2024-09-22,18:45:00,Mashed Potatoes,Side,2.0,7,14.0,Mobile Payment,Takeaway,104,Carlos,18,Sunday,9,September,6,True,False
2024-06-26,22:15:00,Mashed Potatoes,Side,8.0,7,56.0,Cash,Dine-In,101,Sarah,22,Wednesday,6,June,2,False,False
2024-07-12,22:15:00,Filet Mignon,Entree,8.0,42,336.0,Cash,Dine-In,104,Carlos,22,Friday,7,July,4,False,True
2024-11-24,19:00:00,Filet Mignon,Entree,2.0,42,84.0,Credit Card,Delivery,104,Carlos,19,Sunday,11,November,6,True,True
2024-01-16,14:45:00,Caesar Salad,Appetizer,1.0,10,10.0,Credit Card,Takeaway,104,Carlos,14,Tuesday,1,January,1,False,False
2024-01-12,11:30:00,Chocolate Lava Cake,Dessert,8.0,9,72.0,Credit Card,Takeaway,105,Nina,11,Friday,1,January,4,False,True
2024-07-22,17:15:00,Truffle Fries,Side,4.0,8,32.0,Cash,Dine-In,104,Carlos,17,Monday,7,July,0,False,False
2024-01-31,11:45:00,Filet Mignon,Entree,3.0,42,126.0,Mobile Payment,Dine-In,101,Sarah,11,Wednesday,1,January,2,False,True
2024-10-23,18:00:00,Shrimp Cocktail,Appetizer,2.0,14,28.0,Mobile Payment,Takeaway,102,Jake,18,Wednesday,10,October,2,False,False
2024-05-07,13:15:00,Shrimp Cocktail,Appetizer,2.0,14,28.0,Cash,Takeaway,103,Emily,13,Tuesday,5,May,1,False,False
2024-09-30,18:30:00,Shrimp Cocktail,Appetizer,12.0,14,168.0,Mobile Payment,Delivery,105,Nina,18,Monday,9,September,0,False,True
2024-04-08,20:15:00,Caesar Salad,Appetizer,7.0,10,70.0,Credit Card,Delivery,101,Sarah,20,Monday,4,April,0,False,True
2024-10-22,18:15:00,New York Strip,Entree,12.0,38,456.0,Credit Card,Delivery,102,Jake,18,Tuesday,10,October,1,False,True
2024-12-17,16:30:00,Truffle Fries,Side,3.0,8,24.0,Credit Card,Takeaway,101,Sarah,16,Tuesday,12,December,1,False,False
2024-04-18,20:00:00,Chocolate Lava Cake,Dessert,9.0,9,81.0,Cash,Dine-In,103,Emily,20,Thursday,4,April,3,False,True
2024-09-22,13:15:00,Grilled Asparagus,Side,4.0,8,32.0,Mobile Payment,Delivery,102,Jake,13,Sunday,9,September,6,True,False
2024-10-07,22:45:00,Caesar Salad,Appetizer,8.0,10,80.0,Mobile Payment,Delivery,102,Jake,22,Monday,10,October,0,False,True
2024-03-15,14:00:00,Ribeye Steak,Entree,4.0,35,140.0,Mobile Payment,Dine-In,104,Carlos,14,Friday,3,March,4,False,True
2024-05-10,18:30:00,Cabernet Sauvignon,Beverage,7.0,16,112.0,Credit Card,Takeaway,103,Emily,18,Friday,5,May,4,False,True
2024-09-21,17:45:00,Truffle Fries,Side,6.0,8,48.0,Cash,Takeaway,102,Jake,17,Saturday,9,September,5,True,False
2024-09-08,12:15:00,Ribeye Steak,Entree,4.0,35,140.0,Cash,Dine-In,104,Carlos,12,Sunday,9,September,6,True,True
2024-06-19,16:15:00,Chocolate Lava Cake,Dessert,4.0,9,36.0,Credit Card,Takeaway,101,Sarah,16,Wednesday,6,June,2,False,False
2024-03-03,15:30:00,Cabernet Sauvignon,Beverage,3.0,16,48.0,Cash,Delivery,101,Sarah,15,Sunday,3,March,6,True,False
2024-02-26,22:30:00,Shrimp Cocktail,Appetizer,2.0,14,28.0,Credit Card,Takeaway,102,Jake,22,Monday,2,February,0,False,False
2024-10-05,12:30:00,Truffle Fries,Side,4.0,8,32.0,Mobile Payment,Takeaway,101,Sarah,12,Saturday,10,October,5,True,False
2024-02-07,17:45:00,Filet Mignon,Entree,2.0,42,84.0,Credit Card,Takeaway,101,Sarah,17,Wednesday,2,February,2,False,True
2024-04-11,17:00:00,Filet Mignon,Entree,8.0,42,336.0,Mobile Payment,Dine-In,104,Carlos,17,Thursday,4,April,3,False,True
2024-01-12,16:30:00,Mashed Potatoes,Side,5.0,7,35.0,Credit Card,Takeaway,103,Emily,16,Friday,1,January,4,False,False
2024-03-30,22:45:00,Cabernet Sauvignon,Beverage,4.0,16,64.0,Credit Card,Delivery,103,Emily,22,Saturday,3,March,5,True,True
2024-04-28,18:45:00,Filet Mignon,Entree,7.0,42,294.0,Cash,Dine-In,103,Emily,18,Sunday,4,April,6,True,True
2024-12-12,15:30:00,Shrimp Cocktail,Appetizer,3.0,14,42.0,Mobile Payment,Takeaway,104,Carlos,15,Thursday,12,December,3,False,False
2024-08-05,11:00:00,Caesar Salad,Appetizer,1.0,10,10.0,Cash,Dine-In,105,Nina,11,Monday,8,August,0,False,False
2024-07-30,21:15:00,New York Strip,Entree,7.0,38,266.0,Cash,Dine-In,105,Nina,21,Tuesday,7,July,1,False,True
2024-07-11,20:45:00,Shrimp Cocktail,Appetizer,4.0,14,56.0,Mobile Payment,Dine-In,104,Carlos,20,Thursday,7,July,3,False,False
2024-04-16,17:15:00,Cabernet Sauvignon,Beverage,6.0,16,96.0,Mobile Payment,Dine-In,105,Nina,17,Tuesday,4,April,1,False,True
2024-06-15,21:45:00,Ribeye Steak,Entree,9.0,35,315.0,Cash,Takeaway,101,Sarah,21,Saturday,6,June,5,True,True
2024-11-05,20:00:00,Grilled Asparagus,Side,6.0,8,48.0,Cash,Delivery,101,Sarah,20,Tuesday,11,November,1,False,False
2024-02-05,14:45:00,Truffle Fries,Side,3.0,8,24.0,Cash,Dine-In,103,Emily,14,Monday,2,February,0,False,False
2024-09-27,21:30:00,Cabernet Sauvignon,Beverage,6.0,16,96.0,Cash,Delivery,104,Carlos,21,Friday,9,September,4,False,True
2024-08-25,11:00:00,Truffle Fries,Side,5.0,8,40.0,Cash,Takeaway,105,Nina,11,Sunday,8,August,6,True,False
2024-06-18,22:30:00,Truffle Fries,Side,2.0,8,16.0,Credit Card,Dine-In,105,Nina,22,Tuesday,6,June,1,False,False
2024-06-30,15:30:00,Chocolate Lava Cake,Dessert,4.0,9,36.0,Credit Card,Delivery,103,Emily,15,Sunday,6,June,6,True,False
2024-05-30,13:00:00,Truffle Fries,Side,4.0,8,32.0,Mobile Payment,Delivery,103,Emily,13,Thursday,5,May,3,False,False
2024-08-10,13:45:00,Mashed Potatoes,Side,4.0,7,28.0,Mobile Payment,Dine-In,101,Sarah,13,Saturday,8,August,5,True,False
2024-02-27,17:00:00,Bourbon BBQ Burger,Entree,9.0,22,198.0,Cash,Takeaway,103,Emily,17,Tuesday,2,February,1,False,True
2024-08-24,20:30:00,Truffle Fries,Side,7.0,8,56.0,Mobile Payment,Dine-In,102,Jake,20,Saturday,8,August,5,True,False
2024-06-09,21:00:00,Grilled Asparagus,Side,4.0,8,32.0,Mobile Payment,Dine-In,102,Jake,21,Sunday,6,June,6,True,False
2024-08-04,15:45:00,Truffle Fries,Side,1.0,8,8.0,Mobile Payment,Delivery,101,Sarah,15,Sunday,8,August,6,True,False
2024-01-28,12:45:00,Ribeye Steak,Entree,5.0,35,175.0,Mobile Payment,Dine-In,102,Jake,12,Sunday,1,January,6,True,True
2024-12-15,22:30:00,Bourbon BBQ Burger,Entree,7.0,22,154.0,Credit Card,Takeaway,101,Sarah,22,Sunday,12,December,6,True,True
2024-05-02,11:30:00,Chocolate Lava Cake,Dessert,2.0,9,18.0,Mobile Payment,Takeaway,101,Sarah,11,Thursday,5,May,3,False,False
2024-12-23,15:15:00,Bourbon BBQ Burger,Entree,2.0,22,44.0,Credit Card,Delivery,103,Emily,15,Monday,12,December,0,False,False
2024-03-17,19:15:00,Bourbon BBQ Burger,Entree,4.0,22,88.0,Credit Card,Dine-In,105,Nina,19,Sunday,3,March,6,True,True
2024-08-29,22:30:00,Grilled Asparagus,Side,8.0,8,64.0,Mobile Payment,Delivery,101,Sarah,22,Thursday,8,August,3,False,True
2024-12-03,14:00:00,New York Strip,Entree,3.0,38,114.0,Credit Card,Takeaway,103,Emily,14,Tuesday,12,December,1,False,True
2024-11-22,18:45:00,Filet Mignon,Entree,2.0,42,84.0,Credit Card,Delivery,105,Nina,18,Friday,11,November,4,False,True
2024-03-07,22:00:00,Cabernet Sauvignon,Beverage,7.0,16,112.0,Cash,Delivery,105,Nina,22,Thursday,3,March,3,False,True
2024-10-31,15:00:00,Truffle Fries,Side,1.0,8,8.0,Credit Card,Delivery,105,Nina,15,Thursday,10,October,3,False,False
2024-03-02,12:45:00,Filet Mignon,Entree,2.0,42,84.0,Credit Card,Takeaway,103,Emily,12,Saturday,3,March,5,True,True
2024-05-10,17:00:00,Filet Mignon,Entree,10.0,42,420.0,Mobile Payment,Dine-In,101,Sarah,17,Friday,5,May,4,False,True
2024-10-22,18:30:00,Shrimp Cocktail,Appetizer,4.0,14,56.0,Mobile Payment,Takeaway,104,Carlos,18,Tuesday,10,October,1,False,False
2024-04-18,22:30:00,Truffle Fries,Side,4.0,8,32.0,Cash,Takeaway,104,Carlos,22,Thursday,4,April,3,False,False
2024-05-29,19:45:00,Old Fashioned,Beverage,2.0,12,24.0,Cash,Takeaway,105,Nina,19,Wednesday,5,May,2,False,False
2024-10-13,12:15:00,Mashed Potatoes,Side,2.0,7,14.0,Cash,Takeaway,101,Sarah,12,Sunday,10,October,6,True,False
2024-03-21,12:00:00,Cabernet Sauvignon,Beverage,2.0,16,32.0,Cash,Takeaway,104,Carlos,12,Thursday,3,March,3,False,False
2024-10-19,20:00:00,Chocolate Lava Cake,Dessert,6.0,9,54.0,Mobile Payment,Takeaway,104,Carlos,20,Saturday,10,October,5,True,False
2024-01-10,13:45:00,Mashed Potatoes,Side,2.0,7,14.0,Mobile Payment,Dine-In,105,Nina,13,Wednesday,1,January,2,False,False
2024-11-27,16:45:00,Filet Mignon,Entree,3.0,42,126.0,Credit Card,Takeaway,105,Nina,16,Wednesday,11,November,2,False,True
2024-03-09,12:00:00,Ribeye Steak,Entree,3.0,35,105.0,Mobile Payment,Delivery,104,Carlos,12,Saturday,3,March,5,True,True
2024-01-05,22:00:00,Old Fashioned,Beverage,2.0,12,24.0,Cash,Takeaway,105,Nina,22,Friday,1,January,4,False,False
2024-02-01,19:45:00,Truffle Fries,Side,7.0,8,56.0,Mobile Payment,Dine-In,102,Jake,19,Thursday,2,February,3,False,False
2024-01-19,18:00:00,Chocolate Lava Cake,Dessert,9.0,9,81.0,Cash,Takeaway,105,Nina,18,Friday,1,January,4,False,True
2024-05-18,20:15:00,Bourbon BBQ Burger,Entree,7.0,22,154.0,Credit Card,Delivery,103,Emily,20,Saturday,5,May,5,True,True
2024-10-03,18:45:00,Bourbon BBQ Burger,Entree,4.0,22,88.0,Mobile Payment,Takeaway,103,Emily,18,Thursday,10,October,3,False,True
2024-01-31,18:30:00,Bourbon BBQ Burger,Entree,5.0,22,110.0,Credit Card,Takeaway,103,Emily,18,Wednesday,1,January,2,False,True
2024-08-14,13:45:00,Old Fashioned,Beverage,4.0,12,48.0,Credit Card,Delivery,103,Emily,13,Wednesday,8,August,2,False,False
2024-02-15,20:15:00,Cabernet Sauvignon,Beverage,2.0,16,32.0,Credit Card,Delivery,103,Emily,20,Thursday,2,February,3,False,False
2024-09-12,18:30:00,Ribeye Steak,Entree,2.0,35,70.0,Cash,Takeaway,103,Emily,18,Thursday,9,September,3,False,True
2024-03-08,13:00:00,New York Strip,Entree,5.0,38,190.0,Cash,Takeaway,105,Nina,13,Friday,3,March,4,False,True
2024-04-25,11:15:00,New York Strip,Entree,5.0,38,190.0,Mobile Payment,Takeaway,103,Emily,11,Thursday,4,April,3,False,True
2024-03-28,16:45:00,Caesar Salad,Appetizer,2.0,10,20.0,Cash,Delivery,101,Sarah,16,Thursday,3,March,3,False,False
2024-08-24,15:00:00,Truffle Fries,Side,8.0,8,64.0,Cash,Takeaway,101,Sarah,15,Saturday,8,August,5,True,True
2024-08-09,19:30:00,New York Strip,Entree,3.0,38,114.0,Credit Card,Takeaway,104,Carlos,19,Friday,8,August,4,False,True
2024-09-02,16:00:00,New York Strip,Entree,3.0,38,114.0,Mobile Payment,Delivery,102,Jake,16,Monday,9,September,0,False,True
2024-09-03,21:00:00,Ribeye Steak,Entree,5.0,35,175.0,Cash,Takeaway,104,Carlos,21,Tuesday,9,September,1,False,True
2024-11-03,14:15:00,New York Strip,Entree,4.0,38,152.0,Credit Card,Dine-In,102,Jake,14,Sunday,11,November,6,True,True
2024-05-12,13:15:00,Cabernet Sauvignon,Beverage,4.5,16,72.0,Mobile Payment,Takeaway,102,Jake,13,Sunday,5,May,6,True,True
2024-09-23,14:45:00,New York Strip,Entree,2.0,38,76.0,Credit Card,Delivery,102,Jake,14,Monday,9,September,0,False,True
2024-04-05,16:15:00,Filet Mignon,Entree,1.0,42,42.0,Cash,Dine-In,104,Carlos,16,Friday,4,April,4,False,False
2024-12-23,22:00:00,Ribeye Steak,Entree,10.0,35,350.0,Mobile Payment,Delivery,103,Emily,22,Monday,12,December,0,False,True
2024-03-13,21:15:00,Shrimp Cocktail,Appetizer,2.0,14,28.0,Cash,Delivery,104,Carlos,21,Wednesday,3,March,2,False,False
2024-01-06,15:15:00,Caesar Salad,Appetizer,3.0,10,30.0,Cash,Delivery,101,Sarah,15,Saturday,1,January,5,True,False
2024-11-19,21:15:00,Cabernet Sauvignon,Beverage,6.0,16,96.0,Credit Card,Takeaway,101,Sarah,21,Tuesday,11,November,1,False,True
2024-03-06,16:45:00,Cabernet Sauvignon,Beverage,1.0,16,16.0,Credit Card,Takeaway,102,Jake,16,Wednesday,3,March,2,False,False
2024-08-13,12:30:00,Bourbon BBQ Burger,Entree,1.0,22,22.0,Credit Card,Takeaway,105,Nina,12,Tuesday,8,August,1,False,False
2024-12-03,17:00:00,Bourbon BBQ Burger,Entree,10.0,22,220.0,Credit Card,Takeaway,103,Emily,17,Tuesday,12,December,1,False,True
2024-06-06,15:15:00,Filet Mignon,Entree,3.0,42,126.0,Credit Card,Delivery,105,Nina,15,Thursday,6,June,3,False,True
2024-04-23,18:15:00,Grilled Asparagus,Side,7.0,8,56.0,Cash,Takeaway,102,Jake,18,Tuesday,4,April,1,False,False
2024-12-31,13:45:00,Caesar Salad,Appetizer,6.5,10,65.0,Credit Card,Delivery,105,Nina,13,Tuesday,12,December,1,False,True
2024-07-04,20:15:00,Shrimp Cocktail,Appetizer,3.0,14,42.0,Mobile Payment,Delivery,102,Jake,20,Thursday,7,July,3,False,False
2024-11-21,20:00:00,Caesar Salad,Appetizer,8.0,10,80.0,Credit Card,Delivery,105,Nina,20,Thursday,11,November,3,False,True
2024-08-27,21:15:00,Bourbon BBQ Burger,Entree,5.0,22,110.0,Cash,Delivery,103,Emily,21,Tuesday,8,August,1,False,True
2024-01-12,14:15:00,Filet Mignon,Entree,7.0,42,294.0,Mobile Payment,Takeaway,105,Nina,14,Friday,1,January,4,False,True
2024-12-11,17:30:00,Mashed Potatoes,Side,2.0,7,14.0,Mobile Payment,Delivery,101,Sarah,17,Wednesday,12,December,2,False,False
2024-03-06,16:00:00,Grilled Asparagus,Side,4.0,8,32.0,Credit Card,Delivery,105,Nina,16,Wednesday,3,March,2,False,False
2024-07-26,21:00:00,Grilled Asparagus,Side,8.0,8,64.0,Cash,Takeaway,104,Carlos,21,Friday,7,July,4,False,True
2024-08-01,18:00:00,Shrimp Cocktail,Appetizer,10.0,14,140.0,Mobile Payment,Delivery,105,Nina,18,Thursday,8,August,3,False,True
2024-08-07,14:15:00,Cabernet Sauvignon,Beverage,5.0,16,80.0,Credit Card,Delivery,105,Nina,14,Wednesday,8,August,2,False,True
2024-02-15,22:00:00,Caesar Salad,Appetizer,9.0,10,90.0,Credit Card,Dine-In,103,Emily,22,Thursday,2,February,3,False,True
2024-03-16,18:45:00,New York Strip,Entree,4.0,38,152.0,Cash,Takeaway,103,Emily,18,Saturday,3,March,5,True,True
2024-10-16,17:15:00,Bourbon BBQ Burger,Entree,8.0,22,176.0,Credit Card,Dine-In,105,Nina,17,Wednesday,10,October,2,False,True
2024-12-12,17:15:00,Chocolate Lava Cake,Dessert,10.0,9,90.0,Credit Card,Delivery,103,Emily,17,Thursday,12,December,3,False,True
2024-11-01,15:00:00,Caesar Salad,Appetizer,8.0,10,80.0,Mobile Payment,Takeaway,103,Emily,15,Friday,11,November,4,False,True
2024-05-26,17:30:00,Grilled Asparagus,Side,5.0,8,40.0,Cash,Dine-In,104,Carlos,17,Sunday,5,May,6,True,False
2024-01-30,19:45:00,Caesar Salad,Appetizer,2.0,10,20.0,Cash,Dine-In,101,Sarah,19,Tuesday,1,January,1,False,False
2024-01-09,21:15:00,Truffle Fries,Side,7.0,8,56.0,Cash,Takeaway,104,Carlos,21,Tuesday,1,January,1,False,False
2024-04-23,21:15:00,Mashed Potatoes,Side,9.0,7,63.0,Mobile Payment,Takeaway,102,Jake,21,Tuesday,4,April,1,False,True
2024-12-26,13:15:00,Truffle Fries,Side,2.0,8,16.0,Credit Card,Delivery,104,Carlos,13,Thursday,12,December,3,False,False
2024-05-17,20:15:00,Chocolate Lava Cake,Dessert,2.0,9,18.0,Credit Card,Delivery,104,Carlos,20,Friday,5,May,4,False,False
2024-01-03,12:00:00,Ribeye Steak,Entree,4.0,35,140.0,Cash,Takeaway,105,Nina,12,Wednesday,1,January,2,False,True
2024-09-22,17:45:00,Truffle Fries,Side,2.0,8,16.0,Mobile Payment,Takeaway,102,Jake,17,Sunday,9,September,6,True,False
2024-03-19,17:30:00,Shrimp Cocktail,Appetizer,6.0,14,84.0,Mobile Payment,Delivery,102,Jake,17,Tuesday,3,March,1,False,True
2024-12-06,18:30:00,Chocolate Lava Cake,Dessert,7.0,9,63.0,Mobile Payment,Takeaway,101,Sarah,18,Friday,12,December,4,False,True
2024-09-04,17:00:00,Chocolate Lava Cake,Dessert,2.0,9,18.0,Mobile Payment,Dine-In,104,Carlos,17,Wednesday,9,September,2,False,False
2024-02-19,17:30:00,Truffle Fries,Side,5.0,8,40.0,Mobile Payment,Delivery,101,Sarah,17,Monday,2,February,0,False,False
2024-01-08,15:30:00,Old Fashioned,Beverage,2.0,12,24.0,Mobile Payment,Takeaway,104,Carlos,15,Monday,1,January,0,False,False
2024-08-10,20:30:00,Shrimp Cocktail,Appetizer,7.0,14,98.0,Cash,Delivery,102,Jake,20,Saturday,8,August,5,True,True
2024-10-03,18:00:00,Truffle Fries,Side,5.0,8,40.0,Cash,Delivery,105,Nina,18,Thursday,10,October,3,False,False
2024-01-16,21:30:00,Grilled Asparagus,Side,8.0,8,64.0,Credit Card,Dine-In,105,Nina,21,Tuesday,1,January,1,False,True
2024-04-07,18:30:00,Truffle Fries,Side,8.0,8,64.0,Credit Card,Dine-In,105,Nina,18,Sunday,4,April,6,True,True
2024-09-27,19:15:00,Old Fashioned,Beverage,6.0,12,72.0,Cash,Takeaway,103,Emily,19,Friday,9,September,4,False,True
2024-01-23,20:45:00,Cabernet Sauvignon,Beverage,6.0,16,96.0,Mobile Payment,Dine-In,105,Nina,20,Tuesday,1,January,1,False,True
2024-01-21,17:15:00,Truffle Fries,Side,6.0,8,48.0,Cash,Dine-In,102,Jake,17,Sunday,1,January,6,True,False
2024-01-24,19:45:00,Shrimp Cocktail,Appetizer,8.0,14,112.0,Mobile Payment,Delivery,102,Jake,19,Wednesday,1,January,2,False,True
2024-05-15,14:30:00,Caesar Salad,Appetizer,3.0,10,30.0,Credit Card,Delivery,104,Carlos,14,Wednesday,5,May,2,False,False
2024-10-31,16:15:00,Filet Mignon,Entree,2.0,42,84.0,Cash,Delivery,103,Emily,16,Thursday,10,October,3,False,True
2024-07-18,11:15:00,Cabernet Sauvignon,Beverage,3.0,16,48.0,Cash,Dine-In,105,Nina,11,Thursday,7,July,3,False,False
2024-10-06,11:15:00,Mashed Potatoes,Side,2.0,7,14.0,Credit Card,Delivery,103,Emily,11,Sunday,10,October,6,True,False
2024-07-14,17:00:00,Shrimp Cocktail,Appetizer,12.0,14,168.0,Cash,Dine-In,104,Carlos,17,Sunday,7,July,6,True,True
2024-07-25,15:45:00,Shrimp Cocktail,Appetizer,3.0,14,42.0,Credit Card,Delivery,105,Nina,15,Thursday,7,July,3,False,False
2024-03-03,21:00:00,Grilled Asparagus,Side,2.0,8,16.0,Cash,Dine-In,101,Sarah,21,Sunday,3,March,6,True,False
